Led1,Led2,Led3,Led4,Led5,Led6,Led7,Class
0,1,1,0,1,1,1,negative
1,1,1,0,0,1,1,negative
1,1,1,0,1,1,1,negative
1,1,1,0,1,1,1,negative
1,1,1,0,1,1,1,negative
1,1,1,0,1,1,1,negative
1,1,1,0,1,1,1,negative
1,1,1,0,1,1,1,negative
1,1,1,1,1,1,1,negative
1,1,1,0,0,1,1,negative
1,1,1,0,1,1,1,negative
1,1,1,0,1,1,1,negative
1,1,1,0,1,1,1,negative
1,0,0,0,1,1,1,negative
1,1,1,0,1,1,1,negative
1,1,1,0,1,1,1,negative
1,1,1,0,1,1,1,negative
1,1,1,1,1,1,1,negative
1,0,1,0,0,1,1,negative
1,1,0,0,1,1,1,negative
1,1,1,0,1,1,1,negative
1,1,1,0,1,1,1,negative
1,0,1,1,1,1,0,negative
1,1,1,0,1,0,1,negative
1,1,1,0,1,1,1,negative
1,1,1,0,1,1,1,negative
1,1,1,1,1,1,1,negative
0,0,1,0,1,1,1,negative
1,1,1,0,1,1,0,negative
1,1,1,0,1,1,1,negative
1,1,1,0,1,1,1,negative
0,1,1,0,1,1,1,negative
1,1,1,0,1,0,1,negative
1,1,1,0,1,1,1,negative
1,1,1,0,1,1,1,negative
0,1,1,1,1,1,1,negative
1,1,1,0,0,1,1,negative
1,1,1,0,1,1,1,negative
1,1,1,0,1,1,1,negative
1,1,1,1,1,1,1,negative
1,0,1,0,1,1,1,negative
1,1,1,0,1,1,0,negative
0,1,1,0,1,1,0,negative
1,1,1,0,1,1,0,negative
1,0,1,0,1,1,1,negative
0,0,1,0,1,0,1,negative
1,0,1,1,0,0,0,negative
1,0,1,1,1,0,1,negative
1,0,1,1,1,0,1,negative
1,1,1,1,1,1,1,negative
1,0,0,0,1,0,1,negative
1,0,1,0,0,0,1,negative
1,0,1,1,1,0,1,negative
1,0,1,1,1,0,1,negative
0,0,0,1,1,0,1,negative
1,0,1,1,0,0,1,negative
1,0,1,1,1,0,1,negative
1,0,1,1,1,0,1,negative
1,0,1,1,1,1,1,negative
0,0,1,0,1,0,1,negative
1,0,1,0,1,0,0,negative
1,0,1,1,1,0,1,negative
1,1,1,1,1,0,1,negative
0,0,0,1,1,0,0,negative
1,0,1,1,0,0,1,negative
1,0,1,1,1,0,1,negative
1,0,1,1,1,0,1,negative
1,0,1,1,1,0,1,negative
0,0,1,1,1,0,1,negative
1,0,1,1,0,0,1,negative
1,0,1,1,1,0,1,negative
1,0,1,1,1,0,1,negative
1,1,0,0,1,0,1,negative
1,0,1,1,0,0,1,negative
1,0,1,1,1,0,0,negative
1,0,1,1,1,0,1,negative
1,1,0,1,1,0,1,negative
1,0,0,1,1,0,1,negative
1,0,1,1,1,0,1,negative
1,0,1,1,1,0,1,negative
1,1,1,1,1,0,1,negative
1,0,0,1,1,0,1,negative
1,0,1,0,1,0,1,negative
1,0,1,1,1,0,0,negative
1,0,1,1,1,0,1,negative
1,1,1,1,0,0,1,negative
0,0,1,1,1,0,0,negative
1,0,1,1,0,0,1,negative
1,0,1,1,1,0,1,negative
1,0,1,1,1,0,1,negative
1,1,1,1,1,0,1,negative
1,1,1,1,1,0,0,negative
1,1,1,1,1,0,1,negative
1,0,1,1,1,0,0,negative
0,0,1,1,1,0,1,negative
0,0,1,1,1,0,1,negative
0,1,0,1,0,1,0,negative
0,1,1,1,0,1,0,negative
0,1,1,1,0,1,0,negative
0,1,1,1,0,1,0,negative
0,1,1,1,0,1,1,negative
0,1,0,1,0,1,1,negative
0,1,1,1,0,1,0,negative
0,1,1,1,0,1,0,negative
0,1,1,1,1,1,0,negative
0,0,1,1,0,1,0,negative
0,1,0,1,0,1,0,negative
0,1,1,1,0,1,0,negative
0,1,1,1,0,1,0,negative
0,1,1,1,0,1,0,negative
0,1,1,0,0,1,0,negative
0,1,1,1,0,1,0,negative
0,1,1,1,0,1,0,negative
0,1,1,1,0,1,1,negative
0,1,0,1,0,1,0,negative
0,1,1,1,0,1,0,negative
0,1,1,1,0,1,0,negative
0,1,1,1,0,1,0,negative
0,1,1,1,0,1,1,negative
0,1,0,1,0,0,0,negative
0,1,1,1,0,1,0,negative
0,1,1,1,0,1,0,negative
0,1,1,1,0,1,0,negative
0,1,0,1,0,1,0,negative
0,1,1,1,0,1,0,negative
0,1,1,1,0,1,0,negative
0,1,1,1,1,1,0,negative
0,0,1,1,0,1,0,negative
0,1,1,0,0,1,0,negative
0,1,1,1,0,1,0,negative
0,1,1,1,0,1,0,negative
0,1,1,1,1,1,0,negative
0,1,0,1,0,1,0,negative
0,1,0,1,0,1,1,negative
0,1,1,1,0,1,0,negative
0,1,1,1,1,1,0,negative
1,1,1,1,0,1,0,negative
0,0,1,1,0,0,0,negative
0,1,1,1,0,1,0,negative
0,1,1,1,0,1,0,negative
0,1,1,1,0,1,0,negative
0,1,1,1,0,1,1,negative
0,0,0,1,0,1,0,negative
0,1,0,1,0,1,0,negative
0,1,1,1,1,1,0,negative
0,1,1,0,0,1,0,negative
0,1,1,1,0,1,0,negative
1,1,1,0,0,1,0,negative
0,0,0,1,0,1,1,negative
1,1,0,1,0,1,0,negative
1,1,0,1,0,1,1,negative
1,1,0,1,0,1,1,negative
1,1,0,1,0,1,1,negative
1,0,0,0,0,1,1,negative
1,1,0,1,0,0,1,negative
1,1,0,1,0,1,1,negative
1,1,0,1,1,1,0,negative
1,0,0,1,0,0,1,negative
1,1,0,1,0,0,1,negative
1,1,0,1,0,1,1,negative
1,1,0,1,0,1,1,negative
1,1,0,0,0,1,0,negative
1,1,0,1,0,1,0,negative
1,1,0,1,0,1,1,negative
1,1,0,1,0,1,1,negative
1,1,0,1,0,1,1,negative
0,1,0,1,0,1,1,negative
1,1,0,1,0,1,1,negative
1,1,1,1,0,1,1,negative
1,1,0,0,0,1,1,negative
1,1,0,0,0,1,1,negative
1,1,0,1,0,1,1,negative
1,1,0,1,0,1,1,negative
1,1,0,1,0,1,1,negative
1,1,1,1,0,1,1,negative
0,1,0,1,0,1,1,negative
1,1,0,1,0,0,1,negative
1,1,0,1,0,1,1,negative
1,1,0,1,0,1,1,negative
1,1,0,1,0,1,1,negative
1,1,1,1,0,1,1,negative
0,0,0,1,0,1,1,negative
1,1,0,1,0,0,1,negative
1,1,0,1,0,1,1,negative
1,1,0,1,0,1,1,negative
1,1,0,1,0,1,1,negative
1,1,0,0,0,1,1,negative
1,1,0,1,0,1,1,negative
1,1,0,1,0,1,1,negative
1,1,0,1,0,1,1,negative
1,0,0,0,1,1,1,negative
1,1,0,1,0,0,1,negative
1,1,0,1,0,1,1,negative
1,1,0,1,0,1,1,negative
1,1,0,1,0,1,1,negative
1,1,0,1,0,1,1,negative
1,1,0,1,0,1,1,negative
1,1,0,1,0,1,0,negative
1,1,0,1,0,1,1,negative
1,1,0,1,0,1,1,negative
0,1,0,1,1,1,1,negative
1,1,0,0,1,1,1,negative
1,1,0,1,1,1,1,negative
1,0,0,1,1,1,1,negative
1,1,0,1,0,1,1,negative
1,1,0,1,1,1,1,negative
1,1,0,1,1,1,1,negative
1,1,1,1,1,1,1,negative
1,1,0,0,1,1,1,negative
1,1,0,1,1,1,1,negative
1,1,0,1,1,1,1,negative
1,1,0,1,1,1,1,negative
0,1,0,1,1,1,1,negative
1,1,0,0,1,1,0,negative
1,1,0,1,1,1,1,negative
1,1,0,1,1,1,1,negative
1,0,0,0,1,1,1,negative
1,1,0,1,1,0,1,negative
1,1,0,1,1,1,1,negative
1,0,0,1,0,1,1,negative
1,1,0,1,1,1,1,negative
1,1,0,1,1,1,1,negative
1,1,0,0,0,1,0,negative
1,1,0,1,1,1,0,negative
1,1,0,1,1,1,1,negative
1,1,0,1,1,1,1,negative
1,1,1,1,0,0,1,negative
0,1,0,1,1,1,1,negative
1,1,0,1,0,1,1,negative
1,1,0,1,1,1,1,negative
1,1,0,1,1,1,1,negative
1,1,0,1,1,1,1,negative
0,1,0,1,1,1,1,negative
1,1,0,0,1,1,1,negative
1,1,0,1,1,1,1,negative
1,1,0,1,1,1,1,negative
1,1,1,0,1,1,1,negative
0,1,0,1,1,1,0,negative
1,1,0,1,1,0,1,negative
1,1,0,1,1,1,1,negative
1,1,0,1,1,1,1,negative
1,1,1,1,1,1,1,negative
1,1,0,1,1,1,1,negative
1,1,0,1,1,1,1,negative
0,1,1,1,1,1,1,negative
1,1,0,1,1,1,1,negative
1,1,0,1,1,1,0,negative
1,0,0,0,0,0,0,negative
1,0,1,0,0,1,0,negative
1,0,1,0,0,1,0,negative
1,0,1,0,1,1,0,negative
1,1,1,0,0,1,0,negative
0,0,1,0,0,1,0,negative
1,0,1,0,0,1,0,negative
1,0,1,0,0,1,0,negative
1,0,1,0,0,1,1,negative
1,0,1,1,0,1,0,negative
0,0,1,0,0,1,0,negative
1,0,1,0,0,0,0,negative
1,0,1,0,0,1,0,negative
1,0,1,0,0,1,0,negative
1,0,1,0,0,1,1,negative
1,0,1,1,0,1,0,negative
0,0,1,0,0,1,0,negative
1,0,0,0,0,1,0,negative
1,0,1,0,0,1,0,negative
1,0,1,0,0,1,0,negative
1,0,1,0,0,1,0,negative
1,0,1,0,1,1,1,negative
0,0,1,1,0,0,1,negative
1,0,1,0,0,1,0,negative
1,0,1,0,0,1,0,negative
1,0,1,0,0,1,0,negative
1,0,1,1,0,1,0,negative
0,0,1,0,0,1,0,negative
1,0,1,0,0,0,0,negative
1,0,1,0,0,1,0,negative
1,0,1,0,1,1,0,negative
1,0,0,0,0,0,0,negative
1,0,0,0,0,1,1,negative
1,0,1,0,0,1,0,negative
1,0,1,0,0,1,0,negative
1,0,1,0,1,0,0,negative
1,1,1,0,0,1,0,negative
0,0,1,0,0,1,0,negative
1,0,1,0,0,1,0,negative
1,0,1,0,0,1,0,negative
1,0,1,0,0,1,0,negative
1,0,1,0,0,1,0,negative
1,1,1,1,0,1,0,negative
0,0,1,0,0,1,0,negative
1,0,1,0,0,0,0,negative
1,0,1,0,0,1,0,negative
1,0,1,0,0,1,0,negative
1,0,1,0,0,1,0,negative
0,0,1,0,0,1,0,negative
1,0,1,0,0,1,0,negative
1,0,1,0,0,1,0,negative
1,0,1,0,0,1,0,negative
1,0,1,0,1,1,0,negative
1,0,1,0,0,1,0,negative
1,0,0,0,1,0,0,negative
1,0,1,0,0,1,0,negative
1,0,1,0,0,1,0,negative
0,1,1,1,1,1,1,negative
1,1,0,1,1,1,0,negative
1,1,1,1,1,0,1,negative
1,1,1,1,1,1,1,negative
1,1,1,1,1,1,1,negative
0,1,0,1,1,1,1,negative
1,0,1,1,1,1,1,negative
1,1,1,1,1,1,0,negative
1,1,1,1,1,1,1,negative
1,1,1,1,1,1,1,negative
0,1,1,1,1,0,1,negative
1,1,0,1,1,1,1,negative
1,1,1,1,1,0,1,negative
1,1,1,1,1,1,1,negative
1,1,1,1,1,1,1,negative
1,1,1,1,1,1,1,negative
1,0,1,1,1,1,1,negative
1,1,0,1,0,1,1,negative
1,1,1,1,1,1,1,negative
1,1,1,1,1,1,1,negative
1,1,1,1,1,1,1,negative
1,0,1,1,0,1,1,negative
1,1,1,1,0,1,1,negative
1,1,1,1,1,0,1,negative
1,1,1,1,1,1,1,negative
1,1,1,1,1,1,1,negative
0,1,1,1,1,1,1,negative
1,1,1,1,0,1,1,negative
1,1,1,1,1,1,0,negative
1,1,1,1,1,1,1,negative
1,1,1,1,1,1,1,negative
1,1,1,1,1,1,1,negative
0,1,0,1,1,1,1,negative
1,1,1,0,1,1,1,negative
1,1,1,1,1,0,1,negative
1,1,1,1,1,1,1,negative
1,1,1,1,1,1,1,negative
0,1,1,0,1,1,1,negative
1,1,1,1,1,1,1,negative
1,1,1,1,1,1,1,negative
1,1,1,1,1,1,1,negative
0,1,1,1,1,1,1,negative
1,1,1,1,0,1,1,negative
1,1,1,1,1,0,1,negative
1,1,1,1,1,1,1,negative
1,1,1,1,1,1,1,negative
0,1,1,0,0,1,1,negative
1,1,0,1,1,1,1,negative
1,1,1,1,1,1,1,negative
1,1,1,1,1,1,1,negative
1,1,1,0,1,0,1,negative
1,1,1,1,1,1,1,negative
1,1,1,1,1,1,1,negative
1,1,0,1,0,1,1,negative
1,1,1,1,0,1,1,negative
1,1,1,1,0,1,1,negative
0,1,1,1,1,1,1,negative
1,1,1,1,0,1,1,negative
1,1,1,1,0,1,1,negative
1,1,0,0,0,1,1,negative
1,1,1,0,1,1,1,negative
1,1,1,1,0,1,0,negative
1,1,1,1,0,1,1,negative
1,1,1,1,1,1,1,negative
1,0,1,1,0,1,1,negative
1,1,1,0,0,1,1,negative
1,1,1,1,0,1,1,negative
1,1,1,1,0,1,1,negative
1,1,1,1,1,1,1,negative
0,1,1,1,0,1,1,negative
1,1,1,0,1,1,1,negative
1,1,1,1,0,1,1,negative
1,1,1,1,0,1,1,negative
0,1,1,1,0,1,1,negative
1,1,1,0,0,1,1,negative
1,1,1,1,0,1,1,negative
1,1,1,1,0,1,1,negative
1,1,1,1,0,1,1,negative
0,1,1,1,0,0,1,negative
1,1,1,1,0,1,1,negative
1,1,1,1,0,1,1,negative
0,1,1,1,0,1,1,negative
1,1,1,0,0,1,1,negative
1,1,1,1,0,1,1,negative
1,0,1,1,0,1,1,negative
1,1,1,0,0,1,1,negative
1,1,1,1,0,1,1,negative
1,1,1,1,0,1,1,negative
1,1,1,1,1,1,1,negative
0,1,1,1,0,1,1,negative
1,1,1,1,0,0,1,negative
1,1,1,1,0,1,0,negative
1,1,1,1,0,1,1,negative
1,1,1,1,0,1,1,negative
1,0,1,0,0,1,1,negative
1,1,0,1,0,1,1,negative
1,1,1,1,0,1,1,negative
1,1,1,1,0,1,1,negative
1,1,1,1,0,0,0,negative
1,1,1,1,0,1,1,negative
1,1,1,1,0,1,1,negative
1,1,1,1,0,1,1,negative
0,0,1,0,0,1,0,positive
0,0,1,0,0,1,0,positive
0,0,1,0,0,1,0,positive
0,1,1,0,0,1,0,positive
0,0,1,0,0,1,0,positive
0,0,1,0,0,1,0,positive
0,0,1,0,0,0,0,positive
0,0,1,0,0,1,0,positive
0,0,1,0,0,1,0,positive
1,0,1,1,1,0,0,positive
0,0,0,0,0,1,0,positive
0,0,1,0,0,1,0,positive
0,0,1,0,0,1,0,positive
1,0,0,0,0,1,0,positive
0,0,1,0,0,1,0,positive
0,0,1,0,0,1,0,positive
0,0,0,0,0,1,0,positive
0,0,1,0,0,1,0,positive
0,0,0,0,0,0,0,positive
0,0,1,0,0,1,0,positive
0,0,1,0,1,1,0,positive
0,0,1,0,1,1,0,positive
0,0,0,0,0,1,0,positive
0,0,1,0,0,1,0,positive
0,0,1,0,0,1,0,positive
1,0,1,1,0,1,0,positive
0,0,0,0,0,1,0,positive
0,0,1,0,0,1,0,positive
0,0,1,0,1,1,0,positive
0,0,0,0,0,1,1,positive
0,0,1,0,0,1,0,positive
0,0,1,0,0,1,0,positive
1,0,1,0,0,1,1,positive
0,0,1,0,0,0,0,positive
0,0,1,0,0,1,1,positive
0,0,1,0,0,1,0,positive
1,0,1,0,0,1,0,positive
