,OS,Algorithm,ACC,Precision,recall,F1-Score,AUC,G-Score
0,train_SMOTE_nn_5,DecisionTreeClassifier(random_state=1),0.998,0.95,1.0,0.9714285714285715,0.9989690721649485,
1,train_SMOTE_nn_5,KNeighborsClassifier(),1.0,1.0,1.0,1.0,1.0,
2,train_SMOTE_nn_5,MLPClassifier(random_state=1),0.9960000000000001,0.9,1.0,0.9428571428571428,0.9979381443298969,
3,train_SMOTE_nn_5,"Pipeline(steps=[('standardscaler', StandardScaler()),
                ('svc',
                 SVC(C=1, gamma='auto', kernel='linear', random_state=1))])",1.0,1.0,1.0,1.0,1.0,
4,train_PfS_star,DecisionTreeClassifier(random_state=1),0.998,0.95,1.0,0.9714285714285715,0.9989690721649485,
5,train_PfS_star,KNeighborsClassifier(),1.0,1.0,1.0,1.0,1.0,
6,train_PfS_star,MLPClassifier(random_state=1),0.9960000000000001,0.9,1.0,0.9428571428571428,0.9979381443298969,
7,train_PfS_star,"Pipeline(steps=[('standardscaler', StandardScaler()),
                ('svc',
                 SVC(C=1, gamma='auto', kernel='linear', random_state=1))])",1.0,1.0,1.0,1.0,1.0,
8,train_Lee_nn_5_rj_0.5,DecisionTreeClassifier(random_state=1),0.998,0.95,1.0,0.9714285714285715,0.9989690721649485,
9,train_Lee_nn_5_rj_0.5,KNeighborsClassifier(),0.994039603960396,1.0,0.7999999999999999,0.86,0.9,
10,train_Lee_nn_5_rj_0.5,MLPClassifier(random_state=1),0.9960000000000001,0.9,1.0,0.9428571428571428,0.9979381443298969,
11,train_Lee_nn_5_rj_0.5,"Pipeline(steps=[('standardscaler', StandardScaler()),
                ('svc',
                 SVC(C=1, gamma='auto', kernel='linear', random_state=1))])",1.0,1.0,1.0,1.0,1.0,
12,train_STARM_star_nn_5_rj_0.5,DecisionTreeClassifier(random_state=1),0.998,0.95,1.0,0.9714285714285715,0.9989690721649485,
13,train_STARM_star_nn_5_rj_0.5,KNeighborsClassifier(),0.994039603960396,1.0,0.7999999999999999,0.86,0.9,
14,train_STARM_star_nn_5_rj_0.5,MLPClassifier(random_state=1),0.9960000000000001,0.9,1.0,0.9428571428571428,0.9979381443298969,
15,train_STARM_star_nn_5_rj_0.5,"Pipeline(steps=[('standardscaler', StandardScaler()),
                ('svc',
                 SVC(C=1, gamma='auto', kernel='linear', random_state=1))])",1.0,1.0,1.0,1.0,1.0,
