,OS,Algorithm,ACC,Precision,recall,F1-Score,AUC,G-measure,tm
0,train_STARM_star_nn_5_rj_0.5,DecisionTreeClassifier(random_state=1),0.998,0.95,1,0.971428571,0.998969072,0.973205081,abalone-3_vs_11
1,train_STARM_star_nn_5_rj_0.5,KNeighborsClassifier(),0.994039604,1,0.8,0.86,0.9,0.87876937,abalone-3_vs_11
2,train_STARM_star_nn_5_rj_0.5,MLPClassifier(random_state=1),0.996,0.9,1,0.942857143,0.997938144,0.946410162,abalone-3_vs_11
3,train_STARM_star_nn_5_rj_0.5,"Pipeline(steps=[('standardscaler', StandardScaler()),
                ('svc',
                 SVC(C=1, gamma='auto', kernel='linear', random_state=1))])",1,1,1,1,1,1,abalone-3_vs_11
0,train_STARM_star_nn_5_rj_0.5,DecisionTreeClassifier(random_state=1),0.92205759,0.362727273,0.405555556,0.377944862,0.679557636,0.381027297,abalone9-18
1,train_STARM_star_nn_5_rj_0.5,KNeighborsClassifier(),0.93568167,0.427777778,0.211111111,0.272699849,0.595405339,0.294831166,abalone9-18
2,train_STARM_star_nn_5_rj_0.5,MLPClassifier(random_state=1),0.930220855,0.381538462,0.4,0.376190476,0.681148842,0.383359227,abalone9-18
3,train_STARM_star_nn_5_rj_0.5,"Pipeline(steps=[('standardscaler', StandardScaler()),
                ('svc',
                 SVC(C=1, gamma='auto', kernel='linear', random_state=1))])",0.9493803,0.574242424,0.5,0.509658762,0.738395218,0.523030333,abalone9-18
0,train_STARM_star_nn_5_rj_0.5,DecisionTreeClassifier(random_state=1),0.952931057,0.309774436,0.328787879,0.276964622,0.648823764,0.296812328,abalone-17_vs_7-8-9-10
1,train_STARM_star_nn_5_rj_0.5,KNeighborsClassifier(),0.957209136,0.292592593,0.121212121,0.141512402,0.549860447,0.170757069,abalone-17_vs_7-8-9-10
2,train_STARM_star_nn_5_rj_0.5,MLPClassifier(random_state=1),0.944794927,0.326410256,0.431818182,0.291475371,0.694856459,0.331769396,abalone-17_vs_7-8-9-10
3,train_STARM_star_nn_5_rj_0.5,"Pipeline(steps=[('standardscaler', StandardScaler()),
                ('svc',
                 SVC(C=1, gamma='auto', kernel='linear', random_state=1))])",0.940514102,0.320670406,0.553030303,0.344592123,0.75173445,0.386237099,abalone-17_vs_7-8-9-10
0,train_STARM_star_nn_5_rj_0.5,DecisionTreeClassifier(random_state=1),0.971807006,0.301388889,0.266666667,0.2265575,0.624074074,0.25302411,abalone-20_vs_8-9-10
1,train_STARM_star_nn_5_rj_0.5,KNeighborsClassifier(),0.982775783,0.488888889,0.193333333,0.252380952,0.593492063,0.291877317,abalone-20_vs_8-9-10
2,train_STARM_star_nn_5_rj_0.5,MLPClassifier(random_state=1),0.980162097,0.429084967,0.573333333,0.473881674,0.77952381,0.486757092,abalone-20_vs_8-9-10
3,train_STARM_star_nn_5_rj_0.5,"Pipeline(steps=[('standardscaler', StandardScaler()),
                ('svc',
                 SVC(C=1, gamma='auto', kernel='linear', random_state=1))])",0.979638544,0.452222222,0.613333333,0.493194805,0.798994709,0.511375656,abalone-20_vs_8-9-10
0,train_STARM_star_nn_5_rj_0.5,DecisionTreeClassifier(random_state=1),0.984512231,0.7,0.666666667,0.68,0.829801273,0.681649658,abalone-21_vs_8
1,train_STARM_star_nn_5_rj_0.5,KNeighborsClassifier(),0.984497495,0.8,0.466666667,0.56,0.732448378,0.594239424,abalone-21_vs_8
2,train_STARM_star_nn_5_rj_0.5,MLPClassifier(random_state=1),0.982788093,0.586666667,0.666666667,0.616666667,0.82892408,0.621586001,abalone-21_vs_8
3,train_STARM_star_nn_5_rj_0.5,"Pipeline(steps=[('standardscaler', StandardScaler()),
                ('svc',
                 SVC(C=1, gamma='auto', kernel='linear', random_state=1))])",0.987931034,0.75,0.733333333,0.731428571,0.864011799,0.736504397,abalone-21_vs_8
0,train_STARM_star_nn_5_rj_0.5,DecisionTreeClassifier(random_state=1),0.738679735,0.060186742,0.302197802,0.082107592,0.529460383,0.112924566,car-good
1,train_STARM_star_nn_5_rj_0.5,KNeighborsClassifier(),0.816945631,0.245869607,0.9,0.362036739,0.856811233,0.446170742,car-good
2,train_STARM_star_nn_5_rj_0.5,MLPClassifier(random_state=1),0.840603167,0.556043956,0.853846154,0.565884822,0.846974582,0.616948914,car-good
3,train_STARM_star_nn_5_rj_0.5,"Pipeline(steps=[('standardscaler', StandardScaler()),
                ('svc',
                 SVC(C=1, gamma='auto', kernel='linear', random_state=1))])",0.801899975,0.326514169,0.953846154,0.412885662,0.874681785,0.502862075,car-good
0,train_STARM_star_nn_5_rj_0.5,DecisionTreeClassifier(random_state=1),0.702094329,0.121532714,0.6,0.174127665,0.653023807,0.23380617,car-vgood
1,train_STARM_star_nn_5_rj_0.5,KNeighborsClassifier(),0.890590601,0.266337306,1,0.417853467,0.943156409,0.513495813,car-vgood
2,train_STARM_star_nn_5_rj_0.5,MLPClassifier(random_state=1),0.919477256,0.524761905,0.630769231,0.469782082,0.780755106,0.515447297,car-vgood
3,train_STARM_star_nn_5_rj_0.5,"Pipeline(steps=[('standardscaler', StandardScaler()),
                ('svc',
                 SVC(C=1, gamma='auto', kernel='linear', random_state=1))])",0.908491246,0.120824598,0.4,0.173697479,0.664167481,0.208818153,car-vgood
0,train_STARM_star_nn_5_rj_0.5,DecisionTreeClassifier(random_state=1),0.913277311,0.4,0.6,0.476190476,0.76875,0.487831518,cleveland-0_vs_4
1,train_STARM_star_nn_5_rj_0.5,KNeighborsClassifier(),0.918991597,0.482380952,0.9,0.619047619,0.909375,0.653697936,cleveland-0_vs_4
2,train_STARM_star_nn_5_rj_0.5,MLPClassifier(random_state=1),0.947731092,0.636666667,0.833333333,0.694761905,0.894791667,0.714494745,cleveland-0_vs_4
3,train_STARM_star_nn_5_rj_0.5,"Pipeline(steps=[('standardscaler', StandardScaler()),
                ('svc',
                 SVC(C=1, gamma='auto', kernel='linear', random_state=1))])",0.948067227,0.766666667,0.633333333,0.653333333,0.804166667,0.676108012,cleveland-0_vs_4
0,train_STARM_star_nn_5_rj_0.5,DecisionTreeClassifier(random_state=1),0.997222222,0.96,1,0.977777778,0.998529412,0.978885438,dermatology-6
1,train_STARM_star_nn_5_rj_0.5,KNeighborsClassifier(),1,1,1,1,1,1,dermatology-6
2,train_STARM_star_nn_5_rj_0.5,MLPClassifier(random_state=1),1,1,1,1,1,1,dermatology-6
3,train_STARM_star_nn_5_rj_0.5,"Pipeline(steps=[('standardscaler', StandardScaler()),
                ('svc',
                 SVC(C=1, gamma='auto', kernel='linear', random_state=1))])",1,1,1,1,1,1,dermatology-6
0,train_STARM_star_nn_5_rj_0.5,DecisionTreeClassifier(random_state=1),0.972727273,0.986190476,0.972167488,0.978938718,0.972750411,0.979058841,ecoli-0_vs_1
1,train_STARM_star_nn_5_rj_0.5,KNeighborsClassifier(),0.963636364,0.951372549,1,0.9738655,0.949166667,0.974773875,ecoli-0_vs_1
2,train_STARM_star_nn_5_rj_0.5,MLPClassifier(random_state=1),0.959090909,0.966436782,0.972167488,0.968777657,0.954000411,0.969039822,ecoli-0_vs_1
3,train_STARM_star_nn_5_rj_0.5,"Pipeline(steps=[('standardscaler', StandardScaler()),
                ('svc',
                 SVC(C=1, gamma='auto', kernel='linear', random_state=1))])",0.963636364,0.951372549,1,0.9738655,0.949166667,0.974773875,ecoli-0_vs_1
0,train_STARM_star_nn_5_rj_0.5,DecisionTreeClassifier(random_state=1),0.918112245,0.700396825,0.68,0.597286047,0.812727273,0.63948737,ecoli-0-1_vs_2-3-5
1,train_STARM_star_nn_5_rj_0.5,KNeighborsClassifier(),0.954931973,0.753333333,0.84,0.785050505,0.904090909,0.790818289,ecoli-0-1_vs_2-3-5
2,train_STARM_star_nn_5_rj_0.5,MLPClassifier(random_state=1),0.934268707,0.678174603,0.84,0.721367521,0.892727273,0.739721414,ecoli-0-1_vs_2-3-5
3,train_STARM_star_nn_5_rj_0.5,"Pipeline(steps=[('standardscaler', StandardScaler()),
                ('svc',
                 SVC(C=1, gamma='auto', kernel='linear', random_state=1))])",0.946513605,0.741746032,0.84,0.760854701,0.899545455,0.775413701,ecoli-0-1_vs_2-3-5
0,train_STARM_star_nn_5_rj_0.5,DecisionTreeClassifier(random_state=1),0.945833333,0.808333333,0.7,0.698095238,0.834090909,0.725413127,ecoli-0-1_vs_5
1,train_STARM_star_nn_5_rj_0.5,KNeighborsClassifier(),0.970833333,0.813333333,0.85,0.819047619,0.915909091,0.825331449,ecoli-0-1_vs_5
2,train_STARM_star_nn_5_rj_0.5,MLPClassifier(random_state=1),0.958333333,0.727619048,0.9,0.787994228,0.931818182,0.800739703,ecoli-0-1_vs_5
3,train_STARM_star_nn_5_rj_0.5,"Pipeline(steps=[('standardscaler', StandardScaler()),
                ('svc',
                 SVC(C=1, gamma='auto', kernel='linear', random_state=1))])",0.941666667,0.663333333,0.8,0.703650794,0.877272727,0.717368472,ecoli-0-1_vs_5
0,train_STARM_star_nn_5_rj_0.5,DecisionTreeClassifier(random_state=1),0.925,0.369047619,0.55,0.439090909,0.751923077,0.449163145,ecoli-0-1-4-6_vs_5
1,train_STARM_star_nn_5_rj_0.5,KNeighborsClassifier(),0.946428571,0.744871795,0.85,0.73745098,0.901923077,0.765660712,ecoli-0-1-4-6_vs_5
2,train_STARM_star_nn_5_rj_0.5,MLPClassifier(random_state=1),0.925,0.577619048,0.8,0.624109516,0.867307692,0.654061461,ecoli-0-1-4-6_vs_5
3,train_STARM_star_nn_5_rj_0.5,"Pipeline(steps=[('standardscaler', StandardScaler()),
                ('svc',
                 SVC(C=1, gamma='auto', kernel='linear', random_state=1))])",0.925,0.583333333,0.75,0.611988304,0.844230769,0.637039751,ecoli-0-1-4-6_vs_5
0,train_STARM_star_nn_5_rj_0.5,DecisionTreeClassifier(random_state=1),0.895741879,0.576190476,0.546666667,0.49958486,0.737294201,0.529279625,ecoli-0-1-4-7_vs_2-3-5-6
1,train_STARM_star_nn_5_rj_0.5,KNeighborsClassifier(),0.910579456,0.772807882,0.82,0.73045954,0.869042834,0.759688654,ecoli-0-1-4-7_vs_2-3-5-6
2,train_STARM_star_nn_5_rj_0.5,MLPClassifier(random_state=1),0.883757682,0.672077922,0.753333333,0.639230769,0.824234091,0.671280807,ecoli-0-1-4-7_vs_2-3-5-6
3,train_STARM_star_nn_5_rj_0.5,"Pipeline(steps=[('standardscaler', StandardScaler()),
                ('svc',
                 SVC(C=1, gamma='auto', kernel='linear', random_state=1))])",0.886830553,0.686363636,0.753333333,0.644785215,0.825899877,0.677628545,ecoli-0-1-4-7_vs_2-3-5-6
0,train_STARM_star_nn_5_rj_0.5,DecisionTreeClassifier(random_state=1),0.894120308,0.596086957,0.68,0.597045177,0.795764146,0.615490912,ecoli-0-1-4-7_vs_5-6
1,train_STARM_star_nn_5_rj_0.5,KNeighborsClassifier(),0.909181366,0.792258065,0.88,0.771111111,0.895737705,0.798092809,ecoli-0-1-4-7_vs_5-6
2,train_STARM_star_nn_5_rj_0.5,MLPClassifier(random_state=1),0.897105382,0.678924731,0.84,0.695151515,0.870846113,0.721781557,ecoli-0-1-4-7_vs_5-6
3,train_STARM_star_nn_5_rj_0.5,"Pipeline(steps=[('standardscaler', StandardScaler()),
                ('svc',
                 SVC(C=1, gamma='auto', kernel='linear', random_state=1))])",0.912302126,0.72037037,0.84,0.719065657,0.879069276,0.745175162,ecoli-0-1-4-7_vs_5-6
0,train_STARM_star_nn_5_rj_0.5,DecisionTreeClassifier(random_state=1),0.910487805,0.703333333,0.75,0.673095238,0.839039039,0.698692372,ecoli-0-2-3-4_vs_5
1,train_STARM_star_nn_5_rj_0.5,KNeighborsClassifier(),0.935243902,0.716060606,0.85,0.748730159,0.897297297,0.76496003,ecoli-0-2-3-4_vs_5
2,train_STARM_star_nn_5_rj_0.5,MLPClassifier(random_state=1),0.905243902,0.653333333,0.9,0.723333333,0.902852853,0.747463395,ecoli-0-2-3-4_vs_5
3,train_STARM_star_nn_5_rj_0.5,"Pipeline(steps=[('standardscaler', StandardScaler()),
                ('svc',
                 SVC(C=1, gamma='auto', kernel='linear', random_state=1))])",0.920487805,0.726666667,0.75,0.657777778,0.844594595,0.694355492,ecoli-0-2-3-4_vs_5
0,train_STARM_star_nn_5_rj_0.5,DecisionTreeClassifier(random_state=1),0.906262626,0.610714286,0.69,0.608974359,0.810060976,0.629129553,ecoli-0-2-6-7_vs_3-5
1,train_STARM_star_nn_5_rj_0.5,KNeighborsClassifier(),0.901414141,0.666666667,0.76,0.641736695,0.837560976,0.67564102,ecoli-0-2-6-7_vs_3-5
2,train_STARM_star_nn_5_rj_0.5,MLPClassifier(random_state=1),0.887777778,0.653333333,0.76,0.625947221,0.830060976,0.663450522,ecoli-0-2-6-7_vs_3-5
3,train_STARM_star_nn_5_rj_0.5,"Pipeline(steps=[('standardscaler', StandardScaler()),
                ('svc',
                 SVC(C=1, gamma='auto', kernel='linear', random_state=1))])",0.933131313,0.739393939,0.76,0.707619048,0.855060976,0.728062704,ecoli-0-2-6-7_vs_3-5
0,train_STARM_star_nn_5_rj_0.5,DecisionTreeClassifier(random_state=1),0.905,0.706666667,0.8,0.682305764,0.858333333,0.715369388,ecoli-0-3-4_vs_5
1,train_STARM_star_nn_5_rj_0.5,KNeighborsClassifier(),0.94,0.782727273,0.85,0.767777778,0.9,0.790911332,ecoli-0-3-4_vs_5
2,train_STARM_star_nn_5_rj_0.5,MLPClassifier(random_state=1),0.885,0.668095238,0.9,0.725111111,0.891666667,0.750336673,ecoli-0-3-4_vs_5
3,train_STARM_star_nn_5_rj_0.5,"Pipeline(steps=[('standardscaler', StandardScaler()),
                ('svc',
                 SVC(C=1, gamma='auto', kernel='linear', random_state=1))])",0.82,0.685,0.75,0.602222222,0.788888889,0.649596116,ecoli-0-3-4_vs_5
0,train_STARM_star_nn_5_rj_0.5,DecisionTreeClassifier(random_state=1),0.941463415,0.79,0.8,0.746825397,0.878378378,0.770002982,ecoli-0-3-4-6_vs_5
1,train_STARM_star_nn_5_rj_0.5,KNeighborsClassifier(),0.92195122,0.763333333,0.85,0.745321637,0.889864865,0.77358635,ecoli-0-3-4-6_vs_5
2,train_STARM_star_nn_5_rj_0.5,MLPClassifier(random_state=1),0.912195122,0.733333333,0.85,0.723333333,0.884459459,0.754720672,ecoli-0-3-4-6_vs_5
3,train_STARM_star_nn_5_rj_0.5,"Pipeline(steps=[('standardscaler', StandardScaler()),
                ('svc',
                 SVC(C=1, gamma='auto', kernel='linear', random_state=1))])",0.907317073,0.69047619,0.75,0.628888889,0.837162162,0.670203813,ecoli-0-3-4-6_vs_5
0,train_STARM_star_nn_5_rj_0.5,DecisionTreeClassifier(random_state=1),0.89826546,0.623333333,0.6,0.572222222,0.765217391,0.590902175,ecoli-0-3-4-7_vs_5-6
1,train_STARM_star_nn_5_rj_0.5,KNeighborsClassifier(),0.909954751,0.735746606,0.88,0.735353535,0.896521739,0.769156278,ecoli-0-3-4-7_vs_5-6
2,train_STARM_star_nn_5_rj_0.5,MLPClassifier(random_state=1),0.878657617,0.676883117,0.84,0.66711501,0.861350601,0.708673892,ecoli-0-3-4-7_vs_5-6
3,train_STARM_star_nn_5_rj_0.5,"Pipeline(steps=[('standardscaler', StandardScaler()),
                ('svc',
                 SVC(C=1, gamma='auto', kernel='linear', random_state=1))])",0.851282051,0.629443173,0.84,0.627994228,0.846179463,0.675712437,ecoli-0-3-4-7_vs_5-6
0,train_STARM_star_nn_5_rj_0.5,DecisionTreeClassifier(random_state=1),0.915487805,0.763333333,0.8,0.716750209,0.864039039,0.746791431,ecoli-0-4-6_vs_5
1,train_STARM_star_nn_5_rj_0.5,KNeighborsClassifier(),0.920365854,0.763333333,0.85,0.745321637,0.889039039,0.77358635,ecoli-0-4-6_vs_5
2,train_STARM_star_nn_5_rj_0.5,MLPClassifier(random_state=1),0.895487805,0.727777778,0.8,0.662727273,0.853003003,0.70758022,ecoli-0-4-6_vs_5
3,train_STARM_star_nn_5_rj_0.5,"Pipeline(steps=[('standardscaler', StandardScaler()),
                ('svc',
                 SVC(C=1, gamma='auto', kernel='linear', random_state=1))])",0.900731707,0.686666667,0.75,0.624210526,0.833633634,0.666578872,ecoli-0-4-6_vs_5
0,train_STARM_star_nn_5_rj_0.5,DecisionTreeClassifier(random_state=1),0.914444444,0.620714286,0.74,0.647777778,0.8375,0.663763787,ecoli-0-6-7_vs_3-5
1,train_STARM_star_nn_5_rj_0.5,KNeighborsClassifier(),0.904949495,0.711111111,0.74,0.661538462,0.8325,0.691975388,ecoli-0-6-7_vs_3-5
2,train_STARM_star_nn_5_rj_0.5,MLPClassifier(random_state=1),0.882323232,0.657058824,0.79,0.645238095,0.8425,0.680965992,ecoli-0-6-7_vs_3-5
3,train_STARM_star_nn_5_rj_0.5,"Pipeline(steps=[('standardscaler', StandardScaler()),
                ('svc',
                 SVC(C=1, gamma='auto', kernel='linear', random_state=1))])",0.941313131,0.8,0.79,0.752307692,0.875,0.773137984,ecoli-0-6-7_vs_3-5
0,train_STARM_star_nn_5_rj_0.5,DecisionTreeClassifier(random_state=1),0.931818182,0.65,0.75,0.674761905,0.85,0.687100924,ecoli-0-6-7_vs_5
1,train_STARM_star_nn_5_rj_0.5,KNeighborsClassifier(),0.936363636,0.715555556,0.8,0.723711844,0.875,0.740278591,ecoli-0-6-7_vs_5
2,train_STARM_star_nn_5_rj_0.5,MLPClassifier(random_state=1),0.877272727,0.65,0.85,0.673809524,0.865,0.70751613,ecoli-0-6-7_vs_5
3,train_STARM_star_nn_5_rj_0.5,"Pipeline(steps=[('standardscaler', StandardScaler()),
                ('svc',
                 SVC(C=1, gamma='auto', kernel='linear', random_state=1))])",0.954545455,0.769047619,0.85,0.790519481,0.9075,0.799893739,ecoli-0-6-7_vs_5
0,train_STARM_star_nn_5_rj_0.5,DecisionTreeClassifier(random_state=1),0.864989518,0.755,0.853846154,0.775339278,0.861069418,0.789225763,ecoli1
1,train_STARM_star_nn_5_rj_0.5,KNeighborsClassifier(),0.864919637,0.748571429,0.834615385,0.752535885,0.853893058,0.771455547,ecoli1
2,train_STARM_star_nn_5_rj_0.5,MLPClassifier(random_state=1),0.850384347,0.710376758,0.821794872,0.739198854,0.840339945,0.752283479,ecoli1
3,train_STARM_star_nn_5_rj_0.5,"Pipeline(steps=[('standardscaler', StandardScaler()),
                ('svc',
                 SVC(C=1, gamma='auto', kernel='linear', random_state=1))])",0.857651992,0.734082297,0.806410256,0.738678522,0.83996471,0.753859005,ecoli1
0,train_STARM_star_nn_5_rj_0.5,DecisionTreeClassifier(random_state=1),0.904697103,0.757867133,0.830909091,0.769204338,0.874571087,0.781353426,ecoli2
1,train_STARM_star_nn_5_rj_0.5,KNeighborsClassifier(),0.892581212,0.710300619,0.905454545,0.777299771,0.897683413,0.791974643,ecoli2
2,train_STARM_star_nn_5_rj_0.5,MLPClassifier(random_state=1),0.883845478,0.669047619,0.885454545,0.740598291,0.884237298,0.758308363,ecoli2
3,train_STARM_star_nn_5_rj_0.5,"Pipeline(steps=[('standardscaler', StandardScaler()),
                ('svc',
                 SVC(C=1, gamma='auto', kernel='linear', random_state=1))])",0.868964004,0.63658267,0.867272727,0.716752267,0.868066188,0.733703733,ecoli2
0,train_STARM_star_nn_5_rj_0.5,DecisionTreeClassifier(random_state=1),0.913608428,0.601948052,0.628571429,0.598614719,0.787673692,0.60680817,ecoli3
1,train_STARM_star_nn_5_rj_0.5,KNeighborsClassifier(),0.907594381,0.541398601,0.828571429,0.653333333,0.872701015,0.668924599,ecoli3
2,train_STARM_star_nn_5_rj_0.5,MLPClassifier(random_state=1),0.889727831,0.492222222,0.828571429,0.609808612,0.862701015,0.634337281,ecoli3
3,train_STARM_star_nn_5_rj_0.5,"Pipeline(steps=[('standardscaler', StandardScaler()),
                ('svc',
                 SVC(C=1, gamma='auto', kernel='linear', random_state=1))])",0.910579456,0.547692308,0.885714286,0.673333333,0.899605777,0.694558961,ecoli3
0,train_STARM_star_nn_5_rj_0.5,DecisionTreeClassifier(random_state=1),0.955311677,0.73,0.75,0.689047619,0.859126984,0.713592031,ecoli4
1,train_STARM_star_nn_5_rj_0.5,KNeighborsClassifier(),0.874670764,0.818604651,0.85,0.748328267,0.863095238,0.78061467,ecoli4
2,train_STARM_star_nn_5_rj_0.5,MLPClassifier(random_state=1),0.874714662,0.684285714,0.9,0.703246753,0.886532738,0.737636423,ecoli4
3,train_STARM_star_nn_5_rj_0.5,"Pipeline(steps=[('standardscaler', StandardScaler()),
                ('svc',
                 SVC(C=1, gamma='auto', kernel='linear', random_state=1))])",0.919490781,0.778571429,0.9,0.771428571,0.910342262,0.798797975,ecoli4
0,train_STARM_star_nn_5_rj_0.5,DecisionTreeClassifier(random_state=1),0.941827915,0.191666667,0.091666667,0.119893048,0.534585127,0.130101626,flare-F
1,train_STARM_star_nn_5_rj_0.5,KNeighborsClassifier(),0.930555921,0.274331551,0.272222222,0.246914806,0.615058983,0.259676646,flare-F
2,train_STARM_star_nn_5_rj_0.5,MLPClassifier(random_state=1),0.939019789,0.314835165,0.344444444,0.313504611,0.654123227,0.321410388,flare-F
3,train_STARM_star_nn_5_rj_0.5,"Pipeline(steps=[('standardscaler', StandardScaler()),
                ('svc',
                 SVC(C=1, gamma='auto', kernel='linear', random_state=1))])",0.910868325,0.223176823,0.483333333,0.303387795,0.705966045,0.327224377,flare-F
0,train_STARM_star_nn_5_rj_0.5,DecisionTreeClassifier(random_state=1),0.799114064,0.702903091,0.728571429,0.688146527,0.781403941,0.701765188,glass0
1,train_STARM_star_nn_5_rj_0.5,KNeighborsClassifier(),0.771650055,0.632717949,0.928571429,0.735505279,0.812438424,0.757609004,glass0
2,train_STARM_star_nn_5_rj_0.5,MLPClassifier(random_state=1),0.711295681,0.592792866,0.885714286,0.691492248,0.756527094,0.714648447,glass0
3,train_STARM_star_nn_5_rj_0.5,"Pipeline(steps=[('standardscaler', StandardScaler()),
                ('svc',
                 SVC(C=1, gamma='auto', kernel='linear', random_state=1))])",0.696788483,0.548157952,0.828571429,0.651642962,0.73091133,0.669590342,glass0
0,train_STARM_star_nn_5_rj_0.5,DecisionTreeClassifier(random_state=1),0.920598007,0.895260295,0.781818182,0.817627402,0.872348485,0.827833271,glass-0-1-2-3_vs_4-5-6
1,train_STARM_star_nn_5_rj_0.5,KNeighborsClassifier(),0.930121816,0.858741259,0.881818182,0.863524754,0.913257576,0.866892301,glass-0-1-2-3_vs_4-5-6
2,train_STARM_star_nn_5_rj_0.5,MLPClassifier(random_state=1),0.920708749,0.877056277,0.821818182,0.824747475,0.886382576,0.836826928,glass-0-1-2-3_vs_4-5-6
3,train_STARM_star_nn_5_rj_0.5,"Pipeline(steps=[('standardscaler', StandardScaler()),
                ('svc',
                 SVC(C=1, gamma='auto', kernel='linear', random_state=1))])",0.911295681,0.864235764,0.801818182,0.803770441,0.873257576,0.818110913,glass-0-1-2-3_vs_4-5-6
0,train_STARM_star_nn_5_rj_0.5,DecisionTreeClassifier(random_state=1),0.83902439,0.34,0.433333333,0.277171717,0.655855856,0.326371018,glass-0-1-4-6_vs_2
1,train_STARM_star_nn_5_rj_0.5,KNeighborsClassifier(),0.809756098,0.447435897,0.35,0.29,0.601315789,0.338805951,glass-0-1-4-6_vs_2
2,train_STARM_star_nn_5_rj_0.5,MLPClassifier(random_state=1),0.580487805,0.269469583,0.533333333,0.251924831,0.560336652,0.313222894,glass-0-1-4-6_vs_2
3,train_STARM_star_nn_5_rj_0.5,"Pipeline(steps=[('standardscaler', StandardScaler()),
                ('svc',
                 SVC(C=1, gamma='auto', kernel='linear', random_state=1))])",0.848780488,0.385054945,0.65,0.454444444,0.758926031,0.483346933,glass-0-1-4-6_vs_2
0,train_STARM_star_nn_5_rj_0.5,DecisionTreeClassifier(random_state=1),0.872436975,0.391666667,0.5,0.410519481,0.708064516,0.427329226,glass-0-1-5_vs_2
1,train_STARM_star_nn_5_rj_0.5,KNeighborsClassifier(),0.814117647,0.303333333,0.466666667,0.358388278,0.659139785,0.371011894,glass-0-1-5_vs_2
2,train_STARM_star_nn_5_rj_0.5,MLPClassifier(random_state=1),0.581680672,0.116895849,0.466666667,0.186349206,0.530107527,0.232929371,glass-0-1-5_vs_2
3,train_STARM_star_nn_5_rj_0.5,"Pipeline(steps=[('standardscaler', StandardScaler()),
                ('svc',
                 SVC(C=1, gamma='auto', kernel='linear', random_state=1))])",0.818823529,0.352142857,0.65,0.42969697,0.744354839,0.462276064,glass-0-1-5_vs_2
0,train_STARM_star_nn_5_rj_0.5,DecisionTreeClassifier(random_state=1),0.84925776,0.178571429,0.233333333,0.195093795,0.570952381,0.200406953,glass-0-1-6_vs_2
1,train_STARM_star_nn_5_rj_0.5,KNeighborsClassifier(),0.813090418,0.368571429,0.416666667,0.324275724,0.634047619,0.356306447,glass-0-1-6_vs_2
2,train_STARM_star_nn_5_rj_0.5,MLPClassifier(random_state=1),0.594736842,0.282813987,0.583333333,0.29960981,0.588809524,0.355973015,glass-0-1-6_vs_2
3,train_STARM_star_nn_5_rj_0.5,"Pipeline(steps=[('standardscaler', StandardScaler()),
                ('svc',
                 SVC(C=1, gamma='auto', kernel='linear', random_state=1))])",0.838461538,0.414444444,0.7,0.497435897,0.775714286,0.525626907,glass-0-1-6_vs_2
0,train_STARM_star_nn_5_rj_0.5,DecisionTreeClassifier(random_state=1),0.878678679,0.411764706,0.7,0.462222222,0.795714286,0.493456099,glass-0-1-6_vs_5
1,train_STARM_star_nn_5_rj_0.5,KNeighborsClassifier(),0.850900901,0.589090909,0.9,0.598343685,0.875714286,0.651973962,glass-0-1-6_vs_5
2,train_STARM_star_nn_5_rj_0.5,MLPClassifier(random_state=1),0.83993994,0.508695652,1,0.61,0.917142857,0.661893609,glass-0-1-6_vs_5
3,train_STARM_star_nn_5_rj_0.5,"Pipeline(steps=[('standardscaler', StandardScaler()),
                ('svc',
                 SVC(C=1, gamma='auto', kernel='linear', random_state=1))])",0.867267267,0.576190476,1,0.671515152,0.931428571,0.711663567,glass-0-1-6_vs_5
0,train_STARM_star_nn_5_rj_0.5,DecisionTreeClassifier(random_state=1),0.855555556,0.761904762,1,0.81,0.91875,0.838892211,glass-0-4_vs_5
1,train_STARM_star_nn_5_rj_0.5,KNeighborsClassifier(),0.867251462,0.830769231,0.9,0.786666667,0.88125,0.81986781,glass-0-4_vs_5
2,train_STARM_star_nn_5_rj_0.5,MLPClassifier(random_state=1),0.911695906,0.844444444,0.9,0.806060606,0.90625,0.83570226,glass-0-4_vs_5
3,train_STARM_star_nn_5_rj_0.5,"Pipeline(steps=[('standardscaler', StandardScaler()),
                ('svc',
                 SVC(C=1, gamma='auto', kernel='linear', random_state=1))])",0.878362573,0.76969697,0.9,0.754871795,0.8875,0.790000959,glass-0-4_vs_5
0,train_STARM_star_nn_5_rj_0.5,DecisionTreeClassifier(random_state=1),0.981385281,0.9,0.9,0.866666667,0.945,0.882842712,glass-0-6_vs_5
1,train_STARM_star_nn_5_rj_0.5,KNeighborsClassifier(),0.99047619,0.933333333,1,0.96,0.994736842,0.963299316,glass-0-6_vs_5
2,train_STARM_star_nn_5_rj_0.5,MLPClassifier(random_state=1),0.914718615,0.716666667,0.9,0.713333333,0.908421053,0.75689141,glass-0-6_vs_5
3,train_STARM_star_nn_5_rj_0.5,"Pipeline(steps=[('standardscaler', StandardScaler()),
                ('svc',
                 SVC(C=1, gamma='auto', kernel='linear', random_state=1))])",1,1,1,1,1,1,glass-0-6_vs_5
0,train_STARM_star_nn_5_rj_0.5,DecisionTreeClassifier(random_state=1),0.677851606,0.54547504,0.7225,0.616669581,0.686911376,0.62522074,glass1
1,train_STARM_star_nn_5_rj_0.5,KNeighborsClassifier(),0.706423034,0.59945035,0.723333333,0.646973824,0.709153439,0.654066777,glass1
2,train_STARM_star_nn_5_rj_0.5,MLPClassifier(random_state=1),0.56234773,0.514393939,0.804166667,0.590449338,0.618220899,0.623429024,glass1
3,train_STARM_star_nn_5_rj_0.5,"Pipeline(steps=[('standardscaler', StandardScaler()),
                ('svc',
                 SVC(C=1, gamma='auto', kernel='linear', random_state=1))])",0.539091916,0.494505495,0.750833333,0.5623863,0.587718254,0.591372048,glass1
0,train_STARM_star_nn_5_rj_0.5,DecisionTreeClassifier(random_state=1),0.860022148,0.24952381,0.416666667,0.303838384,0.657628205,0.317911655,glass2
1,train_STARM_star_nn_5_rj_0.5,KNeighborsClassifier(),0.859911406,0.216666667,0.333333333,0.26031746,0.620897436,0.267485985,glass2
2,train_STARM_star_nn_5_rj_0.5,MLPClassifier(random_state=1),0.64496124,0.082325882,0.433333333,0.137035333,0.549871795,0.187214521,glass2
3,train_STARM_star_nn_5_rj_0.5,"Pipeline(steps=[('standardscaler', StandardScaler()),
                ('svc',
                 SVC(C=1, gamma='auto', kernel='linear', random_state=1))])",0.860022148,0.32996337,0.583333333,0.397727273,0.733589744,0.42414031,glass2
0,train_STARM_star_nn_5_rj_0.5,DecisionTreeClassifier(random_state=1),0.833997785,0.726896552,0.6,0.556236559,0.725,0.601371347,glass4
1,train_STARM_star_nn_5_rj_0.5,KNeighborsClassifier(),0.824916944,0.522126437,0.866666667,0.582516408,0.845833333,0.623800447,glass4
2,train_STARM_star_nn_5_rj_0.5,MLPClassifier(random_state=1),0.834440753,0.516333333,0.833333333,0.590572391,0.834166667,0.625513448,glass4
3,train_STARM_star_nn_5_rj_0.5,"Pipeline(steps=[('standardscaler', StandardScaler()),
                ('svc',
                 SVC(C=1, gamma='auto', kernel='linear', random_state=1))])",0.824916944,0.487407407,0.7,0.527126437,0.7675,0.553567123,glass4
0,train_STARM_star_nn_5_rj_0.5,DecisionTreeClassifier(random_state=1),0.91461794,0.545833333,0.8,0.583529412,0.86097561,0.613299316,glass5
1,train_STARM_star_nn_5_rj_0.5,KNeighborsClassifier(),0.848283499,0.554074074,0.9,0.581904762,0.874390244,0.633001113,glass5
2,train_STARM_star_nn_5_rj_0.5,MLPClassifier(random_state=1),0.848172757,0.587142857,0.9,0.628078818,0.874390244,0.664287554,glass5
3,train_STARM_star_nn_5_rj_0.5,"Pipeline(steps=[('standardscaler', StandardScaler()),
                ('svc',
                 SVC(C=1, gamma='auto', kernel='linear', random_state=1))])",0.890808416,0.642857143,1,0.711515152,0.943902439,0.74836425,glass5
0,train_STARM_star_nn_5_rj_0.5,DecisionTreeClassifier(random_state=1),0.943743079,0.811111111,0.833333333,0.797922078,0.897747748,0.809899138,glass6
1,train_STARM_star_nn_5_rj_0.5,KNeighborsClassifier(),0.919822813,0.826666667,0.8,0.760606061,0.87027027,0.785524945,glass6
2,train_STARM_star_nn_5_rj_0.5,MLPClassifier(random_state=1),0.924473976,0.833333333,0.833333333,0.781818182,0.886936937,0.806132263,glass6
3,train_STARM_star_nn_5_rj_0.5,"Pipeline(steps=[('standardscaler', StandardScaler()),
                ('svc',
                 SVC(C=1, gamma='auto', kernel='linear', random_state=1))])",0.92469546,0.836923077,0.766666667,0.738383838,0.859009009,0.768138323,glass6
0,train_STARM_star_nn_5_rj_0.5,DecisionTreeClassifier(random_state=1),0.643945003,0.346842105,0.372058824,0.357056277,0.557140523,0.358250826,haberman
1,train_STARM_star_nn_5_rj_0.5,KNeighborsClassifier(),0.683236383,0.385369532,0.422794118,0.397830405,0.600285948,0.400930759,haberman
2,train_STARM_star_nn_5_rj_0.5,MLPClassifier(random_state=1),0.712638815,0.446153846,0.409558824,0.424732928,0.615890523,0.4262899,haberman
3,train_STARM_star_nn_5_rj_0.5,"Pipeline(steps=[('standardscaler', StandardScaler()),
                ('svc',
                 SVC(C=1, gamma='auto', kernel='linear', random_state=1))])",0.735589635,0.496476856,0.409558824,0.447644708,0.631446078,0.450315752,haberman
0,train_STARM_star_nn_5_rj_0.5,DecisionTreeClassifier(random_state=1),1,1,1,1,1,1,kddcup-buffer_overflow_vs_back
1,train_STARM_star_nn_5_rj_0.5,KNeighborsClassifier(),1,1,1,1,1,1,kddcup-buffer_overflow_vs_back
2,train_STARM_star_nn_5_rj_0.5,MLPClassifier(random_state=1),1,1,1,1,1,1,kddcup-buffer_overflow_vs_back
3,train_STARM_star_nn_5_rj_0.5,"Pipeline(steps=[('standardscaler', StandardScaler()),
                ('svc',
                 SVC(C=1, gamma='auto', kernel='linear', random_state=1))])",1,1,1,1,1,1,kddcup-buffer_overflow_vs_back
0,train_STARM_star_nn_5_rj_0.5,DecisionTreeClassifier(random_state=1),0.998782341,0.983333333,0.98,0.980778032,0.989685535,0.981222081,kddcup-guess_passwd_vs_satan
1,train_STARM_star_nn_5_rj_0.5,KNeighborsClassifier(),1,1,1,1,1,1,kddcup-guess_passwd_vs_satan
2,train_STARM_star_nn_5_rj_0.5,MLPClassifier(random_state=1),1,1,1,1,1,1,kddcup-guess_passwd_vs_satan
3,train_STARM_star_nn_5_rj_0.5,"Pipeline(steps=[('standardscaler', StandardScaler()),
                ('svc',
                 SVC(C=1, gamma='auto', kernel='linear', random_state=1))])",0.998784195,0.983333333,0.981818182,0.981780538,0.990594626,0.982177939,kddcup-guess_passwd_vs_satan
0,train_STARM_star_nn_5_rj_0.5,DecisionTreeClassifier(random_state=1),0.997169811,0.92,0.95,0.933333333,0.974038462,0.934164079,kddcup-land_vs_portsweep
1,train_STARM_star_nn_5_rj_0.5,KNeighborsClassifier(),0.999061033,0.966666667,1,0.981818182,0.999519231,0.982574186,kddcup-land_vs_portsweep
2,train_STARM_star_nn_5_rj_0.5,MLPClassifier(random_state=1),0.998117637,0.926666667,1,0.95959596,0.999038462,0.961459624,kddcup-land_vs_portsweep
3,train_STARM_star_nn_5_rj_0.5,"Pipeline(steps=[('standardscaler', StandardScaler()),
                ('svc',
                 SVC(C=1, gamma='auto', kernel='linear', random_state=1))])",0.999061033,0.966666667,1,0.981818182,0.999519231,0.982574186,kddcup-land_vs_portsweep
0,train_STARM_star_nn_5_rj_0.5,DecisionTreeClassifier(random_state=1),1,1,1,1,1,1,kddcup-land_vs_satan
1,train_STARM_star_nn_5_rj_0.5,KNeighborsClassifier(),1,1,1,1,1,1,kddcup-land_vs_satan
2,train_STARM_star_nn_5_rj_0.5,MLPClassifier(random_state=1),1,1,1,1,1,1,kddcup-land_vs_satan
3,train_STARM_star_nn_5_rj_0.5,"Pipeline(steps=[('standardscaler', StandardScaler()),
                ('svc',
                 SVC(C=1, gamma='auto', kernel='linear', random_state=1))])",1,1,1,1,1,1,kddcup-land_vs_satan
0,train_STARM_star_nn_5_rj_0.5,DecisionTreeClassifier(random_state=1),1,1,1,1,1,1,kddcup-rootkit-imap_vs_back
1,train_STARM_star_nn_5_rj_0.5,KNeighborsClassifier(),1,1,1,1,1,1,kddcup-rootkit-imap_vs_back
2,train_STARM_star_nn_5_rj_0.5,MLPClassifier(random_state=1),1,1,1,1,1,1,kddcup-rootkit-imap_vs_back
3,train_STARM_star_nn_5_rj_0.5,"Pipeline(steps=[('standardscaler', StandardScaler()),
                ('svc',
                 SVC(C=1, gamma='auto', kernel='linear', random_state=1))])",0.999101124,1,0.91,0.949206349,0.955,0.952090519,kddcup-rootkit-imap_vs_back
0,train_STARM_star_nn_5_rj_0.5,DecisionTreeClassifier(random_state=1),0.992427617,0.896969697,1,0.930612245,0.996073903,0.939262125,kr-vs-k-one_vs_fifteen
1,train_STARM_star_nn_5_rj_0.5,KNeighborsClassifier(),0.987515908,0.888235294,0.84,0.793939394,0.916312832,0.824892575,kr-vs-k-one_vs_fifteen
2,train_STARM_star_nn_5_rj_0.5,MLPClassifier(random_state=1),0.994642857,1,0.84,0.866666667,0.92,0.889442719,kr-vs-k-one_vs_fifteen
3,train_STARM_star_nn_5_rj_0.5,"Pipeline(steps=[('standardscaler', StandardScaler()),
                ('svc',
                 SVC(C=1, gamma='auto', kernel='linear', random_state=1))])",1,1,1,1,1,1,kr-vs-k-one_vs_fifteen
0,train_STARM_star_nn_5_rj_0.5,DecisionTreeClassifier(random_state=1),0.965587734,0.659081527,0.9,0.688209953,0.933712785,0.729441984,kr-vs-k-three_vs_eleven
1,train_STARM_star_nn_5_rj_0.5,KNeighborsClassifier(),0.92572402,0.393715446,0.519852941,0.359878824,0.728577652,0.402069118,kr-vs-k-three_vs_eleven
2,train_STARM_star_nn_5_rj_0.5,MLPClassifier(random_state=1),0.989097104,0.756879057,0.9625,0.839200516,0.976170576,0.849230776,kr-vs-k-three_vs_eleven
3,train_STARM_star_nn_5_rj_0.5,"Pipeline(steps=[('standardscaler', StandardScaler()),
                ('svc',
                 SVC(C=1, gamma='auto', kernel='linear', random_state=1))])",0.985349233,0.812121212,0.9375,0.831384016,0.962095009,0.851861866,kr-vs-k-three_vs_eleven
0,train_STARM_star_nn_5_rj_0.5,DecisionTreeClassifier(random_state=1),0.945890411,0.341666667,0.6,0.384615385,0.775877781,0.41584891,kr-vs-k-zero_vs_eight
1,train_STARM_star_nn_5_rj_0.5,KNeighborsClassifier(),0.915753425,0.200336134,0.64,0.266689917,0.780161789,0.325474911,kr-vs-k-zero_vs_eight
2,train_STARM_star_nn_5_rj_0.5,MLPClassifier(random_state=1),0.965068493,0.230142857,0.6,0.320154398,0.785672864,0.362997969,kr-vs-k-zero_vs_eight
3,train_STARM_star_nn_5_rj_0.5,"Pipeline(steps=[('standardscaler', StandardScaler()),
                ('svc',
                 SVC(C=1, gamma='auto', kernel='linear', random_state=1))])",0.96369863,0.213786214,0.56,0.306871345,0.765339051,0.344166576,kr-vs-k-zero_vs_eight
0,train_STARM_star_nn_5_rj_0.5,DecisionTreeClassifier(random_state=1),0.992255125,0.845454545,1,0.874074074,0.996082949,0.895346259,kr-vs-k-zero_vs_fifteen
1,train_STARM_star_nn_5_rj_0.5,KNeighborsClassifier(),0.996347032,0.8,0.68,0.714285714,0.84,0.726491106,kr-vs-k-zero_vs_fifteen
2,train_STARM_star_nn_5_rj_0.5,MLPClassifier(random_state=1),0.998173516,1,0.84,0.892063492,0.92,0.905376545,kr-vs-k-zero_vs_fifteen
3,train_STARM_star_nn_5_rj_0.5,"Pipeline(steps=[('standardscaler', StandardScaler()),
                ('svc',
                 SVC(C=1, gamma='auto', kernel='linear', random_state=1))])",1,1,1,1,1,1,kr-vs-k-zero_vs_fifteen
0,train_STARM_star_nn_5_rj_0.5,DecisionTreeClassifier(random_state=1),0.962771084,0.517307692,0.647619048,0.536148082,0.811108272,0.557187573,kr-vs-k-zero-one_vs_draw
1,train_STARM_star_nn_5_rj_0.5,KNeighborsClassifier(),0.974492848,0.79286134,0.580952381,0.554585162,0.785109464,0.609840862,kr-vs-k-zero-one_vs_draw
2,train_STARM_star_nn_5_rj_0.5,MLPClassifier(random_state=1),0.974832334,0.721669525,0.819047619,0.728243308,0.899863702,0.748518235,kr-vs-k-zero-one_vs_draw
3,train_STARM_star_nn_5_rj_0.5,"Pipeline(steps=[('standardscaler', StandardScaler()),
                ('svc',
                 SVC(C=1, gamma='auto', kernel='linear', random_state=1))])",0.971380497,0.696493334,0.876190476,0.733415763,0.925572877,0.758530764,kr-vs-k-zero-one_vs_draw
0,train_STARM_star_nn_5_rj_0.5,DecisionTreeClassifier(random_state=1),0.877502554,0.692198582,0.807142857,0.68107546,0.845591904,0.709951076,led7digit-0-2-4-5-6-7-8-9_vs_1
1,train_STARM_star_nn_5_rj_0.5,KNeighborsClassifier(),0.841419816,0.612641509,0.660714286,0.564957265,0.760016884,0.594523734,led7digit-0-2-4-5-6-7-8-9_vs_1
2,train_STARM_star_nn_5_rj_0.5,MLPClassifier(random_state=1),0.852604699,0.644871795,0.778571429,0.643638565,0.818960511,0.672455501,led7digit-0-2-4-5-6-7-8-9_vs_1
3,train_STARM_star_nn_5_rj_0.5,"Pipeline(steps=[('standardscaler', StandardScaler()),
                ('svc',
                 SVC(C=1, gamma='auto', kernel='linear', random_state=1))])",0.852604699,0.63034188,0.778571429,0.637588145,0.818960511,0.665822116,led7digit-0-2-4-5-6-7-8-9_vs_1
0,train_STARM_star_nn_5_rj_0.5,DecisionTreeClassifier(random_state=1),0.962790698,0.908333333,0.885714286,0.887948718,0.931746032,0.892463529,new-thyroid1
1,train_STARM_star_nn_5_rj_0.5,KNeighborsClassifier(),0.990697674,0.975,0.971428571,0.971282051,0.982936508,0.972246889,new-thyroid1
2,train_STARM_star_nn_5_rj_0.5,MLPClassifier(random_state=1),0.986046512,0.971428571,0.942857143,0.956043956,0.968650794,0.956592591,new-thyroid1
3,train_STARM_star_nn_5_rj_0.5,"Pipeline(steps=[('standardscaler', StandardScaler()),
                ('svc',
                 SVC(C=1, gamma='auto', kernel='linear', random_state=1))])",0.981395349,0.946428571,0.942857143,0.942710623,0.965873016,0.943675461,new-thyroid1
0,train_STARM_star_nn_5_rj_0.5,DecisionTreeClassifier(random_state=1),0.981395349,0.921428571,0.971428571,0.944761905,0.977380952,0.94559431,newthyroid2
1,train_STARM_star_nn_5_rj_0.5,KNeighborsClassifier(),0.972093023,0.925,0.914285714,0.911282051,0.948809524,0.915443479,newthyroid2
2,train_STARM_star_nn_5_rj_0.5,MLPClassifier(random_state=1),0.986046512,0.975,0.942857143,0.955897436,0.968650794,0.957410909,newthyroid2
3,train_STARM_star_nn_5_rj_0.5,"Pipeline(steps=[('standardscaler', StandardScaler()),
                ('svc',
                 SVC(C=1, gamma='auto', kernel='linear', random_state=1))])",0.981395349,0.95,0.942857143,0.942564103,0.965873016,0.944493779,newthyroid2
0,train_STARM_star_nn_5_rj_0.5,DecisionTreeClassifier(random_state=1),0.972452408,0.858974359,0.833333333,0.789952153,0.907588526,0.81649167,page-blocks-1-3_vs_4
1,train_STARM_star_nn_5_rj_0.5,KNeighborsClassifier(),0.970235162,0.804761905,1,0.866433566,0.984116445,0.88320826,page-blocks-1-3_vs_4
2,train_STARM_star_nn_5_rj_0.5,MLPClassifier(random_state=1),0.949092945,0.592640693,0.8,0.652147852,0.879570991,0.672184799,page-blocks-1-3_vs_4
3,train_STARM_star_nn_5_rj_0.5,"Pipeline(steps=[('standardscaler', StandardScaler()),
                ('svc',
                 SVC(C=1, gamma='auto', kernel='linear', random_state=1))])",0.929944009,0.522331691,0.8,0.601671662,0.869369254,0.627740822,page-blocks-1-3_vs_4
0,train_STARM_star_nn_5_rj_0.5,DecisionTreeClassifier(random_state=1),0.697988286,0.564966448,0.582250175,0.571759975,0.671125087,0.572681359,pima
1,train_STARM_star_nn_5_rj_0.5,KNeighborsClassifier(),0.743536202,0.617426086,0.70174703,0.655734116,0.733873515,0.657655468,pima
2,train_STARM_star_nn_5_rj_0.5,MLPClassifier(random_state=1),0.761819879,0.662723935,0.671837876,0.664369939,0.740918938,0.665819737,pima
3,train_STARM_star_nn_5_rj_0.5,"Pipeline(steps=[('standardscaler', StandardScaler()),
                ('svc',
                 SVC(C=1, gamma='auto', kernel='linear', random_state=1))])",0.751430269,0.635298492,0.686932215,0.659063299,0.736466108,0.66008649,pima
0,train_STARM_star_nn_5_rj_0.5,DecisionTreeClassifier(random_state=1),0.9884929,0.483333333,0.416666667,0.443333333,0.705936073,0.44663265,poker-8_vs_6
1,train_STARM_star_nn_5_rj_0.5,KNeighborsClassifier(),0.99188044,0.642222222,0.883333333,0.727838828,0.938242009,0.744791081,poker-8_vs_6
2,train_STARM_star_nn_5_rj_0.5,MLPClassifier(random_state=1),1,1,1,1,1,1,poker-8_vs_6
3,train_STARM_star_nn_5_rj_0.5,"Pipeline(steps=[('standardscaler', StandardScaler()),
                ('svc',
                 SVC(C=1, gamma='auto', kernel='linear', random_state=1))])",0.607801191,0.004919433,0.25,0.009632535,0.431164384,0.034720243,poker-8_vs_6
0,train_STARM_star_nn_5_rj_0.5,DecisionTreeClassifier(random_state=1),0.973493976,0.036363636,0.08,0.05,0.532195122,0.053935989,poker-8-9_vs_5
1,train_STARM_star_nn_5_rj_0.5,KNeighborsClassifier(),0.98746988,0,0,0,0.499756098,0,poker-8-9_vs_5
2,train_STARM_star_nn_5_rj_0.5,MLPClassifier(random_state=1),0.98746988,0.366666667,0.12,0.173809524,0.55902439,0.20432805,poker-8-9_vs_5
3,train_STARM_star_nn_5_rj_0.5,"Pipeline(steps=[('standardscaler', StandardScaler()),
                ('svc',
                 SVC(C=1, gamma='auto', kernel='linear', random_state=1))])",0.718072289,0.017751219,0.32,0.032400962,0.521463415,0.070553117,poker-8-9_vs_5
0,train_STARM_star_nn_5_rj_0.5,DecisionTreeClassifier(random_state=1),0.975084175,0.329365079,0.44,0.367743368,0.712123288,0.376072409,poker-8-9_vs_6
1,train_STARM_star_nn_5_rj_0.5,KNeighborsClassifier(),0.993939394,0.792857143,0.96,0.852136752,0.977260274,0.864144055,poker-8-9_vs_6
2,train_STARM_star_nn_5_rj_0.5,MLPClassifier(random_state=1),1,1,1,1,1,1,poker-8-9_vs_6
3,train_STARM_star_nn_5_rj_0.5,"Pipeline(steps=[('standardscaler', StandardScaler()),
                ('svc',
                 SVC(C=1, gamma='auto', kernel='linear', random_state=1))])",0.575757576,0.013783303,0.36,0.026501129,0.469726027,0.07004618,poker-8-9_vs_6
0,train_STARM_star_nn_5_rj_0.5,DecisionTreeClassifier(random_state=1),0.963095238,0.333333333,0.4,0.313333333,0.691489362,0.338541068,poker-9_vs_7
1,train_STARM_star_nn_5_rj_0.5,KNeighborsClassifier(),0.983673469,0.7,0.7,0.666666667,0.847916667,0.682842712,poker-9_vs_7
2,train_STARM_star_nn_5_rj_0.5,MLPClassifier(random_state=1),0.963265306,0.45,0.4,0.4,0.691533688,0.412132034,poker-9_vs_7
3,train_STARM_star_nn_5_rj_0.5,"Pipeline(steps=[('standardscaler', StandardScaler()),
                ('svc',
                 SVC(C=1, gamma='auto', kernel='linear', random_state=1))])",0.901360544,0.112222222,0.4,0.163809524,0.659751773,0.200622898,poker-9_vs_7
0,train_STARM_star_nn_5_rj_0.5,DecisionTreeClassifier(random_state=1),0.992632241,0.975568182,0.972587413,0.974066244,0.984272226,0.97407202,segment0
1,train_STARM_star_nn_5_rj_0.5,KNeighborsClassifier(),0.991767379,0.956253475,0.987832168,0.971671648,0.990126287,0.971857205,segment0
2,train_STARM_star_nn_5_rj_0.5,MLPClassifier(random_state=1),0.997832681,0.996923077,0.987832168,0.992342924,0.993663559,0.992360273,segment0
3,train_STARM_star_nn_5_rj_0.5,"Pipeline(steps=[('standardscaler', StandardScaler()),
                ('svc',
                 SVC(C=1, gamma='auto', kernel='linear', random_state=1))])",0.997832681,0.996923077,0.987832168,0.992342924,0.993663559,0.992360273,segment0
0,train_STARM_star_nn_5_rj_0.5,DecisionTreeClassifier(random_state=1),1,1,1,1,1,1,shuttle-2_vs_5
1,train_STARM_star_nn_5_rj_0.5,KNeighborsClassifier(),1,1,1,1,1,1,shuttle-2_vs_5
2,train_STARM_star_nn_5_rj_0.5,MLPClassifier(random_state=1),0.999698341,1,0.98,0.989473684,0.99,0.98973666,shuttle-2_vs_5
3,train_STARM_star_nn_5_rj_0.5,"Pipeline(steps=[('standardscaler', StandardScaler()),
                ('svc',
                 SVC(C=1, gamma='auto', kernel='linear', random_state=1))])",1,1,1,1,1,1,shuttle-2_vs_5
0,train_STARM_star_nn_5_rj_0.5,DecisionTreeClassifier(random_state=1),1,1,1,1,1,1,shuttle-6_vs_2-3
1,train_STARM_star_nn_5_rj_0.5,KNeighborsClassifier(),1,1,1,1,1,1,shuttle-6_vs_2-3
2,train_STARM_star_nn_5_rj_0.5,MLPClassifier(random_state=1),0.991304348,1,0.8,0.866666667,0.9,0.882842712,shuttle-6_vs_2-3
3,train_STARM_star_nn_5_rj_0.5,"Pipeline(steps=[('standardscaler', StandardScaler()),
                ('svc',
                 SVC(C=1, gamma='auto', kernel='linear', random_state=1))])",0.995652174,1,0.9,0.933333333,0.95,0.941421356,shuttle-6_vs_2-3
0,train_STARM_star_nn_5_rj_0.5,DecisionTreeClassifier(random_state=1),1,1,1,1,1,1,shuttle-c0-vs-c4
1,train_STARM_star_nn_5_rj_0.5,KNeighborsClassifier(),0.999453552,1,0.991666667,0.995744681,0.995833333,0.995789002,shuttle-c0-vs-c4
2,train_STARM_star_nn_5_rj_0.5,MLPClassifier(random_state=1),0.999453552,1,0.991666667,0.995744681,0.995833333,0.995789002,shuttle-c0-vs-c4
3,train_STARM_star_nn_5_rj_0.5,"Pipeline(steps=[('standardscaler', StandardScaler()),
                ('svc',
                 SVC(C=1, gamma='auto', kernel='linear', random_state=1))])",1,1,1,1,1,1,shuttle-c0-vs-c4
0,train_STARM_star_nn_5_rj_0.5,DecisionTreeClassifier(random_state=1),1,1,1,1,1,1,shuttle-c2-vs-c4
1,train_STARM_star_nn_5_rj_0.5,KNeighborsClassifier(),0.992307692,1,0.9,0.933333333,0.95,0.941421356,shuttle-c2-vs-c4
2,train_STARM_star_nn_5_rj_0.5,MLPClassifier(random_state=1),0.984615385,0.9,0.9,0.9,0.945833333,0.9,shuttle-c2-vs-c4
3,train_STARM_star_nn_5_rj_0.5,"Pipeline(steps=[('standardscaler', StandardScaler()),
                ('svc',
                 SVC(C=1, gamma='auto', kernel='linear', random_state=1))])",0.992307692,1,0.9,0.933333333,0.95,0.941421356,shuttle-c2-vs-c4
0,train_STARM_star_nn_5_rj_0.5,DecisionTreeClassifier(random_state=1),0.933783502,0.850183899,0.874102564,0.861142997,0.913073942,0.861642901,vehicle0
1,train_STARM_star_nn_5_rj_0.5,KNeighborsClassifier(),0.918440654,0.769110799,0.954871795,0.849490804,0.93104353,0.855691261,vehicle0
2,train_STARM_star_nn_5_rj_0.5,MLPClassifier(random_state=1),0.965708319,0.896108962,0.96974359,0.930657719,0.967072153,0.931790649,vehicle0
3,train_STARM_star_nn_5_rj_0.5,"Pipeline(steps=[('standardscaler', StandardScaler()),
                ('svc',
                 SVC(C=1, gamma='auto', kernel='linear', random_state=1))])",0.969279499,0.907822622,0.96974359,0.937227819,0.969415623,0.938004868,vehicle0
0,train_STARM_star_nn_5_rj_0.5,DecisionTreeClassifier(random_state=1),0.728103028,0.478692654,0.571564482,0.519801682,0.676880654,0.522455146,vehicle1
1,train_STARM_star_nn_5_rj_0.5,KNeighborsClassifier(),0.745798817,0.506930732,0.732346723,0.597323739,0.741373362,0.608356139,vehicle1
2,train_STARM_star_nn_5_rj_0.5,MLPClassifier(random_state=1),0.764747651,0.538389593,0.72346723,0.61085107,0.751206631,0.620753206,vehicle1
3,train_STARM_star_nn_5_rj_0.5,"Pipeline(steps=[('standardscaler', StandardScaler()),
                ('svc',
                 SVC(C=1, gamma='auto', kernel='linear', random_state=1))])",0.771862165,0.537673042,0.806342495,0.644130445,0.783120454,0.657901288,vehicle1
0,train_STARM_star_nn_5_rj_0.5,DecisionTreeClassifier(random_state=1),0.958614688,0.920145022,0.922198732,0.920372348,0.946762858,0.920771891,vehicle2
1,train_STARM_star_nn_5_rj_0.5,KNeighborsClassifier(),0.937389488,0.812517375,0.986363636,0.890701151,0.95340404,0.895058706,vehicle2
2,train_STARM_star_nn_5_rj_0.5,MLPClassifier(random_state=1),0.947998608,0.88518099,0.917124736,0.90047175,0.937863955,0.900812234,vehicle2
3,train_STARM_star_nn_5_rj_0.5,"Pipeline(steps=[('standardscaler', StandardScaler()),
                ('svc',
                 SVC(C=1, gamma='auto', kernel='linear', random_state=1))])",0.963362339,0.915794111,0.945031712,0.929972057,0.957398396,0.930192392,vehicle2
0,train_STARM_star_nn_5_rj_0.5,DecisionTreeClassifier(random_state=1),0.757688827,0.514524772,0.580177187,0.544301741,0.698606279,0.545822949,vehicle3
1,train_STARM_star_nn_5_rj_0.5,KNeighborsClassifier(),0.744671076,0.494106738,0.650941307,0.557932987,0.713447156,0.565161803,vehicle3
2,train_STARM_star_nn_5_rj_0.5,MLPClassifier(random_state=1),0.759993039,0.514269788,0.754152824,0.610295963,0.757966301,0.622119858,vehicle3
3,train_STARM_star_nn_5_rj_0.5,"Pipeline(steps=[('standardscaler', StandardScaler()),
                ('svc',
                 SVC(C=1, gamma='auto', kernel='linear', random_state=1))])",0.78004873,0.546872889,0.806423034,0.649980889,0.788807068,0.663152034,vehicle3
0,train_STARM_star_nn_5_rj_0.5,DecisionTreeClassifier(random_state=1),0.952463724,0.797463768,0.733333333,0.747526132,0.853888889,0.756384268,vowel0
1,train_STARM_star_nn_5_rj_0.5,KNeighborsClassifier(),0.90783982,0.586197635,0.711111111,0.598300947,0.819314091,0.622795544,vowel0
2,train_STARM_star_nn_5_rj_0.5,MLPClassifier(random_state=1),0.935215095,0.682854974,0.766666667,0.666007635,0.85939789,0.69396904,vowel0
3,train_STARM_star_nn_5_rj_0.5,"Pipeline(steps=[('standardscaler', StandardScaler()),
                ('svc',
                 SVC(C=1, gamma='auto', kernel='linear', random_state=1))])",0.883633287,0.607891156,0.666666667,0.522540507,0.786027312,0.576267719,vowel0
0,train_STARM_star_nn_5_rj_0.5,DecisionTreeClassifier(random_state=1),0.918702978,0.127089381,0.190909091,0.146684982,0.567320085,0.152623663,winequality-red-4
1,train_STARM_star_nn_5_rj_0.5,KNeighborsClassifier(),0.919314263,0.097666667,0.130909091,0.106813187,0.538610407,0.110385105,winequality-red-4
2,train_STARM_star_nn_5_rj_0.5,MLPClassifier(random_state=1),0.903048589,0.127531985,0.321818182,0.179119471,0.622417599,0.200114646,winequality-red-4
3,train_STARM_star_nn_5_rj_0.5,"Pipeline(steps=[('standardscaler', StandardScaler()),
                ('svc',
                 SVC(C=1, gamma='auto', kernel='linear', random_state=1))])",0.896812304,0.14409585,0.394545455,0.208831169,0.654252579,0.236815746,winequality-red-4
0,train_STARM_star_nn_5_rj_0.5,DecisionTreeClassifier(random_state=1),0.95271802,0.211904762,0.233333333,0.204617605,0.603336204,0.213382604,winequality-red-8_vs_6
1,train_STARM_star_nn_5_rj_0.5,KNeighborsClassifier(),0.931390238,0.033333333,0.05,0.04,0.50300812,0.040824829,winequality-red-8_vs_6
2,train_STARM_star_nn_5_rj_0.5,MLPClassifier(random_state=1),0.905447606,0.169545455,0.416666667,0.224444444,0.667554544,0.254147033,winequality-red-8_vs_6
3,train_STARM_star_nn_5_rj_0.5,"Pipeline(steps=[('standardscaler', StandardScaler()),
                ('svc',
                 SVC(C=1, gamma='auto', kernel='linear', random_state=1))])",0.897848716,0.138412698,0.416666667,0.195376344,0.663623688,0.230378006,winequality-red-8_vs_6
0,train_STARM_star_nn_5_rj_0.5,DecisionTreeClassifier(random_state=1),0.935672515,0,0,0,0.47787639,0,winequality-red-8_vs_6-7
1,train_STARM_star_nn_5_rj_0.5,KNeighborsClassifier(),0.966081871,0,0,0,0.493423867,0,winequality-red-8_vs_6-7
2,train_STARM_star_nn_5_rj_0.5,MLPClassifier(random_state=1),0.922807018,0.061904762,0.1,0.076363636,0.52010978,0.078621276,winequality-red-8_vs_6-7
3,train_STARM_star_nn_5_rj_0.5,"Pipeline(steps=[('standardscaler', StandardScaler()),
                ('svc',
                 SVC(C=1, gamma='auto', kernel='linear', random_state=1))])",0.912280702,0.036764706,0.1,0.052380952,0.514727687,0.059608902,winequality-red-8_vs_6-7
0,train_STARM_star_nn_5_rj_0.5,DecisionTreeClassifier(random_state=1),0.973682774,0.235238095,0.2,0.212222222,0.593479028,0.214888667,winequality-white-3-9_vs_5
1,train_STARM_star_nn_5_rj_0.5,KNeighborsClassifier(),0.976376376,0.266666667,0.12,0.164285714,0.555536177,0.178130884,winequality-white-3-9_vs_5
2,train_STARM_star_nn_5_rj_0.5,MLPClassifier(random_state=1),0.972322322,0.411111111,0.2,0.230952381,0.592787036,0.26395653,winequality-white-3-9_vs_5
3,train_STARM_star_nn_5_rj_0.5,"Pipeline(steps=[('standardscaler', StandardScaler()),
                ('svc',
                 SVC(C=1, gamma='auto', kernel='linear', random_state=1))])",0.956126581,0.055411255,0.16,0.080769231,0.564893847,0.092971992,winequality-white-3-9_vs_5
0,train_STARM_star_nn_5_rj_0.5,DecisionTreeClassifier(random_state=1),0.948808502,0.932235352,0.920478723,0.925558112,0.942236297,0.925957353,wisconsin
1,train_STARM_star_nn_5_rj_0.5,KNeighborsClassifier(),0.966380421,0.947668718,0.958244681,0.952088274,0.964477294,0.952522323,wisconsin
2,train_STARM_star_nn_5_rj_0.5,MLPClassifier(random_state=1),0.964920567,0.954793002,0.945744681,0.94935736,0.960487254,0.949812833,wisconsin
3,train_STARM_star_nn_5_rj_0.5,"Pipeline(steps=[('standardscaler', StandardScaler()),
                ('svc',
                 SVC(C=1, gamma='auto', kernel='linear', random_state=1))])",0.966358952,0.948162393,0.958156028,0.952265077,0.9644202,0.952711992,wisconsin
0,train_STARM_star_nn_5_rj_0.5,DecisionTreeClassifier(random_state=1),0.85041791,0.406646825,0.474210526,0.400088816,0.682961617,0.41920384,yeast-0-2-5-6_vs_3-7-8-9
1,train_STARM_star_nn_5_rj_0.5,KNeighborsClassifier(),0.869263682,0.607167832,0.574736842,0.517371176,0.73819715,0.551615106,yeast-0-2-5-6_vs_3-7-8-9
2,train_STARM_star_nn_5_rj_0.5,MLPClassifier(random_state=1),0.887258706,0.644285714,0.594736842,0.522267635,0.757036929,0.565956812,yeast-0-2-5-6_vs_3-7-8-9
3,train_STARM_star_nn_5_rj_0.5,"Pipeline(steps=[('standardscaler', StandardScaler()),
                ('svc',
                 SVC(C=1, gamma='auto', kernel='linear', random_state=1))])",0.899268657,0.615795207,0.657368421,0.550360914,0.791667636,0.590360048,yeast-0-2-5-6_vs_3-7-8-9
0,train_STARM_star_nn_5_rj_0.5,DecisionTreeClassifier(random_state=1),0.926218905,0.615933257,0.651052632,0.618466785,0.803426868,0.625911383,yeast-0-2-5-7-9_vs_3-6-8
1,train_STARM_star_nn_5_rj_0.5,KNeighborsClassifier(),0.948134328,0.703947368,0.731052632,0.704450232,0.851161675,0.710900635,yeast-0-2-5-7-9_vs_3-6-8
2,train_STARM_star_nn_5_rj_0.5,MLPClassifier(random_state=1),0.938159204,0.675546847,0.741578947,0.694083703,0.850347485,0.701242474,yeast-0-2-5-7-9_vs_3-6-8
3,train_STARM_star_nn_5_rj_0.5,"Pipeline(steps=[('standardscaler', StandardScaler()),
                ('svc',
                 SVC(C=1, gamma='auto', kernel='linear', random_state=1))])",0.941144279,0.690349673,0.731578947,0.699836257,0.847557429,0.705361242,yeast-0-2-5-7-9_vs_3-6-8
0,train_STARM_star_nn_5_rj_0.5,DecisionTreeClassifier(random_state=1),0.818132401,0.214057135,0.34,0.256283525,0.605260392,0.266370567,yeast-0-3-5-9_vs_7-8
1,train_STARM_star_nn_5_rj_0.5,KNeighborsClassifier(),0.837895554,0.308635976,0.46,0.363962704,0.669644052,0.373891754,yeast-0-3-5-9_vs_7-8
2,train_STARM_star_nn_5_rj_0.5,MLPClassifier(random_state=1),0.812327703,0.277308089,0.48,0.346975502,0.664354993,0.362309463,yeast-0-3-5-9_vs_7-8
3,train_STARM_star_nn_5_rj_0.5,"Pipeline(steps=[('standardscaler', StandardScaler()),
                ('svc',
                 SVC(C=1, gamma='auto', kernel='linear', random_state=1))])",0.792506309,0.263460526,0.54,0.349392447,0.680069279,0.374243581,yeast-0-3-5-9_vs_7-8
0,train_STARM_star_nn_5_rj_0.5,DecisionTreeClassifier(random_state=1),0.849991015,0.431547619,0.563636364,0.461952702,0.721916866,0.478078872,yeast-0-5-6-7-9_vs_4
1,train_STARM_star_nn_5_rj_0.5,KNeighborsClassifier(),0.850062893,0.424090909,0.570909091,0.450735931,0.725575159,0.471241134,yeast-0-5-6-7-9_vs_4
2,train_STARM_star_nn_5_rj_0.5,MLPClassifier(random_state=1),0.844240791,0.466013546,0.703636364,0.530463015,0.78141248,0.553762809,yeast-0-5-6-7-9_vs_4
3,train_STARM_star_nn_5_rj_0.5,"Pipeline(steps=[('standardscaler', StandardScaler()),
                ('svc',
                 SVC(C=1, gamma='auto', kernel='linear', random_state=1))])",0.848086253,0.441712454,0.683636364,0.510416792,0.77458134,0.533285084,yeast-0-5-6-7-9_vs_4
0,train_STARM_star_nn_5_rj_0.5,DecisionTreeClassifier(random_state=1),0.673177723,0.442666233,0.494062927,0.465884398,0.620017246,0.467119508,yeast1
1,train_STARM_star_nn_5_rj_0.5,KNeighborsClassifier(),0.727120302,0.525512353,0.627387141,0.570405327,0.697579826,0.573412464,yeast1
2,train_STARM_star_nn_5_rj_0.5,MLPClassifier(random_state=1),0.748666849,0.558525214,0.67376197,0.609961758,0.726454445,0.613040987,yeast1
3,train_STARM_star_nn_5_rj_0.5,"Pipeline(steps=[('standardscaler', StandardScaler()),
                ('svc',
                 SVC(C=1, gamma='auto', kernel='linear', random_state=1))])",0.725750751,0.520610316,0.692421341,0.594074508,0.715878917,0.600260166,yeast1
0,train_STARM_star_nn_5_rj_0.5,DecisionTreeClassifier(random_state=1),0.895365504,0.301587302,0.433333333,0.352967033,0.680497036,0.360070204,yeast-1_vs_7
1,train_STARM_star_nn_5_rj_0.5,KNeighborsClassifier(),0.904180602,0.343333333,0.433333333,0.363917749,0.685230278,0.375641575,yeast-1_vs_7
2,train_STARM_star_nn_5_rj_0.5,MLPClassifier(random_state=1),0.878021978,0.294444444,0.566666667,0.382222222,0.733223894,0.405270934,yeast-1_vs_7
3,train_STARM_star_nn_5_rj_0.5,"Pipeline(steps=[('standardscaler', StandardScaler()),
                ('svc',
                 SVC(C=1, gamma='auto', kernel='linear', random_state=1))])",0.878045867,0.294415584,0.6,0.392433155,0.74874145,0.418724568,yeast-1_vs_7
0,train_STARM_star_nn_5_rj_0.5,DecisionTreeClassifier(random_state=1),0.929234197,0.128409091,0.266666667,0.172192513,0.608793656,0.184328735,yeast-1-2-8-9_vs_7
1,train_STARM_star_nn_5_rj_0.5,KNeighborsClassifier(),0.959838485,0.389047619,0.3,0.326196581,0.640716322,0.33515729,yeast-1-2-8-9_vs_7
2,train_STARM_star_nn_5_rj_0.5,MLPClassifier(random_state=1),0.894319131,0.128023088,0.333333333,0.175196078,0.622998337,0.199006103,yeast-1-2-8-9_vs_7
3,train_STARM_star_nn_5_rj_0.5,"Pipeline(steps=[('standardscaler', StandardScaler()),
                ('svc',
                 SVC(C=1, gamma='auto', kernel='linear', random_state=1))])",0.895382902,0.144094794,0.366666667,0.200784314,0.639670943,0.225172273,yeast-1-2-8-9_vs_7
0,train_STARM_star_nn_5_rj_0.5,DecisionTreeClassifier(random_state=1),0.881524346,0.080252525,0.166666667,0.106106443,0.540265436,0.114201667,yeast-1-4-5-8_vs_7
1,train_STARM_star_nn_5_rj_0.5,KNeighborsClassifier(),0.916265249,0.196031746,0.233333333,0.208205128,0.59025974,0.21141238,yeast-1-4-5-8_vs_7
2,train_STARM_star_nn_5_rj_0.5,MLPClassifier(random_state=1),0.818069023,0.110488286,0.366666667,0.163322914,0.602574618,0.195467502,yeast-1-4-5-8_vs_7
3,train_STARM_star_nn_5_rj_0.5,"Pipeline(steps=[('standardscaler', StandardScaler()),
                ('svc',
                 SVC(C=1, gamma='auto', kernel='linear', random_state=1))])",0.819570431,0.10976687,0.4,0.168061035,0.619275461,0.205715524,yeast-1-4-5-8_vs_7
0,train_STARM_star_nn_5_rj_0.5,DecisionTreeClassifier(random_state=1),0.945516848,0.711666667,0.789090909,0.739300699,0.876160695,0.74477777,yeast-2_vs_4
1,train_STARM_star_nn_5_rj_0.5,KNeighborsClassifier(),0.94947649,0.77359944,0.809090909,0.760031689,0.887317778,0.775426412,yeast-2_vs_4
2,train_STARM_star_nn_5_rj_0.5,MLPClassifier(random_state=1),0.949419379,0.745299145,0.827272727,0.762054411,0.895298355,0.77404568,yeast-2_vs_4
3,train_STARM_star_nn_5_rj_0.5,"Pipeline(steps=[('standardscaler', StandardScaler()),
                ('svc',
                 SVC(C=1, gamma='auto', kernel='linear', random_state=1))])",0.947458595,0.747222222,0.787272727,0.747679221,0.876361936,0.757350345,yeast-2_vs_4
0,train_STARM_star_nn_5_rj_0.5,DecisionTreeClassifier(random_state=1),0.952276632,0.546031746,0.55,0.475804196,0.759864423,0.508926228,yeast-2_vs_8
1,train_STARM_star_nn_5_rj_0.5,KNeighborsClassifier(),0.9792311,0.96,0.55,0.657777778,0.773924731,0.703149507,yeast-2_vs_8
2,train_STARM_star_nn_5_rj_0.5,MLPClassifier(random_state=1),0.9792311,0.96,0.55,0.657777778,0.773924731,0.703149507,yeast-2_vs_8
3,train_STARM_star_nn_5_rj_0.5,"Pipeline(steps=[('standardscaler', StandardScaler()),
                ('svc',
                 SVC(C=1, gamma='auto', kernel='linear', random_state=1))])",0.9792311,0.96,0.55,0.657777778,0.773924731,0.703149507,yeast-2_vs_8
0,train_STARM_star_nn_5_rj_0.5,DecisionTreeClassifier(random_state=1),0.927905178,0.669839311,0.71875,0.691086414,0.836284663,0.692685603,yeast3
1,train_STARM_star_nn_5_rj_0.5,KNeighborsClassifier(),0.943407043,0.717939061,0.810227273,0.75974045,0.885053602,0.761906441,yeast3
2,train_STARM_star_nn_5_rj_0.5,MLPClassifier(random_state=1),0.948794249,0.740705128,0.828219697,0.781339179,0.895940895,0.782898716,yeast3
3,train_STARM_star_nn_5_rj_0.5,"Pipeline(steps=[('standardscaler', StandardScaler()),
                ('svc',
                 SVC(C=1, gamma='auto', kernel='linear', random_state=1))])",0.937348712,0.685940962,0.816287879,0.743952915,0.884301744,0.747520439,yeast3
0,train_STARM_star_nn_5_rj_0.5,DecisionTreeClassifier(random_state=1),0.941370916,0.289159664,0.436363636,0.339477124,0.69794352,0.350718179,yeast4
1,train_STARM_star_nn_5_rj_0.5,KNeighborsClassifier(),0.945422695,0.328921569,0.534545455,0.403807563,0.747381643,0.417440543,yeast4
2,train_STARM_star_nn_5_rj_0.5,MLPClassifier(random_state=1),0.931272181,0.285136876,0.632727273,0.392606097,0.787396262,0.424430049,yeast4
3,train_STARM_star_nn_5_rj_0.5,"Pipeline(steps=[('standardscaler', StandardScaler()),
                ('svc',
                 SVC(C=1, gamma='auto', kernel='linear', random_state=1))])",0.91038766,0.232577292,0.674545455,0.344812563,0.796794912,0.395249506,yeast4
0,train_STARM_star_nn_5_rj_0.5,DecisionTreeClassifier(random_state=1),0.978428428,0.725714286,0.661111111,0.653821968,0.824652778,0.673065003,yeast5
1,train_STARM_star_nn_5_rj_0.5,KNeighborsClassifier(),0.969671945,0.534369256,0.883333333,0.649744651,0.927777778,0.678314156,yeast5
2,train_STARM_star_nn_5_rj_0.5,MLPClassifier(random_state=1),0.96494904,0.471691673,0.886111111,0.61016611,0.926736111,0.643294087,yeast5
3,train_STARM_star_nn_5_rj_0.5,"Pipeline(steps=[('standardscaler', StandardScaler()),
                ('svc',
                 SVC(C=1, gamma='auto', kernel='linear', random_state=1))])",0.962931113,0.460842491,0.908333333,0.604969697,0.936458333,0.64318886,yeast5
0,train_STARM_star_nn_5_rj_0.5,DecisionTreeClassifier(random_state=1),0.966300391,0.371284271,0.514285714,0.427301587,0.745751615,0.434881983,yeast6
1,train_STARM_star_nn_5_rj_0.5,KNeighborsClassifier(),0.968327418,0.41025641,0.742857143,0.52684492,0.858315578,0.551072836,yeast6
2,train_STARM_star_nn_5_rj_0.5,MLPClassifier(random_state=1),0.960230685,0.353849484,0.742857143,0.475034766,0.854168101,0.509926496,yeast6
3,train_STARM_star_nn_5_rj_0.5,"Pipeline(steps=[('standardscaler', StandardScaler()),
                ('svc',
                 SVC(C=1, gamma='auto', kernel='linear', random_state=1))])",0.944057694,0.262142857,0.714285714,0.381386588,0.83194658,0.431161803,yeast6
0,train_STARM_star_nn_5_rj_0.5,DecisionTreeClassifier(random_state=1),0.92047619,0.2,0.4,0.266666667,0.673947368,0.282842712,zoo-3
1,train_STARM_star_nn_5_rj_0.5,KNeighborsClassifier(),0.91,0.29,0.6,0.346666667,0.763157895,0.389442719,zoo-3
2,train_STARM_star_nn_5_rj_0.5,MLPClassifier(random_state=1),0.95,0.366666667,0.6,0.433333333,0.784210526,0.45689141,zoo-3
3,train_STARM_star_nn_5_rj_0.5,"Pipeline(steps=[('standardscaler', StandardScaler()),
                ('svc',
                 SVC(C=1, gamma='auto', kernel='linear', random_state=1))])",0.95,0.4,0.6,0.466666667,0.784210526,0.482842712,zoo-3
