,OS,Algorithm,ACC,Precision,recall,F1-Score,AUC,G-measure
0,train_STARM_star_nn_5_rj_0.5,DecisionTreeClassifier(random_state=1),0.9262189054726366,0.6159332574612711,0.6510526315789473,0.6184667847071939,0.8034268682756615,0.6259113827172075
1,train_STARM_star_nn_5_rj_0.5,KNeighborsClassifier(),0.948134328358209,0.7039473684210527,0.7310526315789473,0.7044502317605765,0.8511616749054957,0.7109006349784303
2,train_STARM_star_nn_5_rj_0.5,MLPClassifier(random_state=1),0.9381592039800996,0.6755468473734727,0.741578947368421,0.6940837031895276,0.8503474847339343,0.7012424741579638
3,train_STARM_star_nn_5_rj_0.5,"Pipeline(steps=[('standardscaler', StandardScaler()),
                ('svc',
                 SVC(C=1, gamma='auto', kernel='linear', random_state=1))])",0.9411442786069651,0.6903496732026143,0.7315789473684211,0.6998362573099415,0.8475574294853155,0.7053612420994237
