,OS,Algorithm,ACC,Precision,recall,F1-Score,AUC,G-measure
0,train_STARM_star_nn_5_rj_0.5,DecisionTreeClassifier(random_state=1),0.9144444444444446,0.6207142857142858,0.74,0.6477777777777778,0.8375,0.6637637869328429
1,train_STARM_star_nn_5_rj_0.5,KNeighborsClassifier(),0.904949494949495,0.7111111111111111,0.74,0.6615384615384615,0.8325000000000001,0.6919753882011852
2,train_STARM_star_nn_5_rj_0.5,MLPClassifier(random_state=1),0.8823232323232324,0.6570588235294117,0.79,0.6452380952380952,0.8425,0.6809659923178687
3,train_STARM_star_nn_5_rj_0.5,"Pipeline(steps=[('standardscaler', StandardScaler()),
                ('svc',
                 SVC(C=1, gamma='auto', kernel='linear', random_state=1))])",0.9413131313131313,0.8,0.79,0.7523076923076923,0.875,0.7731379838821386
