,OS,Algorithm,ACC,Precision,recall,F1-Score,AUC,G-measure
0,train_STARM_star_nn_5_rj_0.5,DecisionTreeClassifier(random_state=1),0.9529310565713136,0.3097744360902256,0.3287878787878788,0.27696462176702275,0.6488237639553429,0.29681232788160733
1,train_STARM_star_nn_5_rj_0.5,KNeighborsClassifier(),0.957209136331192,0.29259259259259257,0.12121212121212119,0.1415124016938899,0.5498604465709729,0.17075706855113373
2,train_STARM_star_nn_5_rj_0.5,MLPClassifier(random_state=1),0.9447949267007083,0.3264102564102564,0.4318181818181818,0.29147537063605927,0.6948564593301436,0.3317693959027716
3,train_STARM_star_nn_5_rj_0.5,"Pipeline(steps=[('standardscaler', StandardScaler()),
                ('svc',
                 SVC(C=1, gamma='auto', kernel='linear', random_state=1))])",0.9405141016490053,0.32067040563453764,0.553030303030303,0.34459212285299246,0.7517344497607656,0.38623709864408856
