,OS,Algorithm,ACC,Precision,recall,F1-Score,AUC,G-measure
0,"OS_('SMOTE', ""{'proportion': 1.0, 'n_neighbors': 5, 'n_jobs': 1, 'random_state': 1}"")",DecisionTreeClassifier(random_state=1),0.8928007023705005,0.6348717948717949,0.7709090909090908,0.6909952366474105,0.8432552973342448,0.6968880624595635
1,"OS_('SMOTE', ""{'proportion': 1.0, 'n_neighbors': 5, 'n_jobs': 1, 'random_state': 1}"")",KNeighborsClassifier(),0.854126426690079,0.6054656862745098,0.9236363636363636,0.7084634316473855,0.8821502620186831,0.7353539658901126
2,"OS_('SMOTE', ""{'proportion': 1.0, 'n_neighbors': 5, 'n_jobs': 1, 'random_state': 1}"")",MLPClassifier(random_state=1),0.8689201053555751,0.6356302521008403,0.9036363636363637,0.7208736611175636,0.8827392344497607,0.7443728739899315
3,"OS_('SMOTE', ""{'proportion': 1.0, 'n_neighbors': 5, 'n_jobs': 1, 'random_state': 1}"")","Pipeline(steps=[('standardscaler', StandardScaler()),
                ('svc',
                 SVC(C=1, gamma='auto', kernel='linear', random_state=1))])",0.8361281826163302,0.6047222222222223,0.9236363636363636,0.7040937497433707,0.8713733196627933,0.7323118623523166
4,"OS_('SMOTE_TomekLinks', ""{'proportion': 1.0, 'n_neighbors': 5, 'n_jobs': 1, 'random_state': 1}"")",DecisionTreeClassifier(random_state=1),0.9076382791922739,0.6733333333333332,0.789090909090909,0.7237154150197628,0.8593637502848029,0.7274510793420947
5,"OS_('SMOTE_TomekLinks', ""{'proportion': 1.0, 'n_neighbors': 5, 'n_jobs': 1, 'random_state': 1}"")",KNeighborsClassifier(),0.8600965759438104,0.6195833333333333,0.9236363636363636,0.7191300983140522,0.8856590339485078,0.7442696524645765
6,"OS_('SMOTE_TomekLinks', ""{'proportion': 1.0, 'n_neighbors': 5, 'n_jobs': 1, 'random_state': 1}"")",MLPClassifier(random_state=1),0.8689201053555751,0.6410477094063431,0.9036363636363637,0.7244810744810746,0.8827079061289588,0.7474824853608026
7,"OS_('SMOTE_TomekLinks', ""{'proportion': 1.0, 'n_neighbors': 5, 'n_jobs': 1, 'random_state': 1}"")","Pipeline(steps=[('standardscaler', StandardScaler()),
                ('svc',
                 SVC(C=1, gamma='auto', kernel='linear', random_state=1))])",0.8391132572431959,0.6122222222222222,0.9236363636363636,0.7096322112818323,0.8731277056277056,0.7369787522117301
8,"OS_('SMOTE_ENN', ""{'proportion': 1.0, 'n_neighbors': 5, 'n_jobs': 1, 'random_state': 1}"")",DecisionTreeClassifier(random_state=1),0.8568920105355575,0.6199737762237763,0.8290909090909091,0.6972073763782561,0.8453411938938256,0.7101635539557071
9,"OS_('SMOTE_ENN', ""{'proportion': 1.0, 'n_neighbors': 5, 'n_jobs': 1, 'random_state': 1}"")",KNeighborsClassifier(),0.8452151009657595,0.5827030812324929,0.9236363636363636,0.6953461538461538,0.8768244474823422,0.7229084246656623
10,"OS_('SMOTE_ENN', ""{'proportion': 1.0, 'n_neighbors': 5, 'n_jobs': 1, 'random_state': 1}"")",MLPClassifier(random_state=1),0.8719051799824408,0.6356302521008403,0.9236363636363636,0.7325695675503121,0.8927392344497609,0.755224095400051
11,"OS_('SMOTE_ENN', ""{'proportion': 1.0, 'n_neighbors': 5, 'n_jobs': 1, 'random_state': 1}"")","Pipeline(steps=[('standardscaler', StandardScaler()),
                ('svc',
                 SVC(C=1, gamma='auto', kernel='linear', random_state=1))])",0.8391132572431959,0.6122222222222222,0.9236363636363636,0.7096322112818323,0.8731277056277056,0.7369787522117301
12,"OS_('Borderline_SMOTE2', ""{'proportion': 1.0, 'n_neighbors': 5, 'k_neighbors': 5, 'n_jobs': 1, 'random_state': 1}"")",DecisionTreeClassifier(random_state=1),0.883801580333626,0.6434896214896215,0.8254545454545454,0.710135219471604,0.8595944406470721,0.7219276846682698
13,"OS_('Borderline_SMOTE2', ""{'proportion': 1.0, 'n_neighbors': 5, 'k_neighbors': 5, 'n_jobs': 1, 'random_state': 1}"")",KNeighborsClassifier(),0.8955662862159789,0.6892156862745098,0.9054545454545455,0.7655399367985181,0.8995944406470722,0.7810482881229084
14,"OS_('Borderline_SMOTE2', ""{'proportion': 1.0, 'n_neighbors': 5, 'k_neighbors': 5, 'n_jobs': 1, 'random_state': 1}"")",MLPClassifier(random_state=1),0.8897717295873573,0.6487394957983194,0.8309090909090908,0.7148148148148147,0.8659871269081796,0.7271790628004241
15,"OS_('Borderline_SMOTE2', ""{'proportion': 1.0, 'n_neighbors': 5, 'k_neighbors': 5, 'n_jobs': 1, 'random_state': 1}"")","Pipeline(steps=[('standardscaler', StandardScaler()),
                ('svc',
                 SVC(C=1, gamma='auto', kernel='linear', random_state=1))])",0.8182616330114134,0.549233918128655,0.8290909090909091,0.6328770644560119,0.8226594896331738,0.6600004507666059
16,"OS_('ADASYN', ""{'n_neighbors': 5, 'd_th': 0.9, 'beta': 1.0, 'n_jobs': 1, 'random_state': 1}"")",DecisionTreeClassifier(random_state=1),0.8394644424934153,0.5596428571428571,0.8109090909090909,0.6473749906007971,0.8276349965823651,0.6656597011209561
17,"OS_('ADASYN', ""{'n_neighbors': 5, 'd_th': 0.9, 'beta': 1.0, 'n_jobs': 1, 'random_state': 1}"")",KNeighborsClassifier(),0.8154521510096575,0.5132992327365729,0.9236363636363636,0.6433066661007837,0.8593119161540214,0.6791605526333553
18,"OS_('ADASYN', ""{'n_neighbors': 5, 'd_th': 0.9, 'beta': 1.0, 'n_jobs': 1, 'random_state': 1}"")",MLPClassifier(random_state=1),0.7977611940298507,0.5018721045036834,0.9036363636363637,0.6171198140110967,0.8405399863294601,0.6577939919462075
19,"OS_('ADASYN', ""{'n_neighbors': 5, 'd_th': 0.9, 'beta': 1.0, 'n_jobs': 1, 'random_state': 1}"")","Pipeline(steps=[('standardscaler', StandardScaler()),
                ('svc',
                 SVC(C=1, gamma='auto', kernel='linear', random_state=1))])",0.7826602282704126,0.5001697425381636,0.9236363636363636,0.6227767450506552,0.8397317156527683,0.664569916525579
20,"OS_('AHC', ""{'strategy': 'min', 'n_jobs': 1, 'random_state': 1}"")",DecisionTreeClassifier(random_state=1),0.8869183494293239,0.6753333333333333,0.7727272727272727,0.7036363636363636,0.8402483481430849,0.7134653891306502
21,"OS_('AHC', ""{'strategy': 'min', 'n_jobs': 1, 'random_state': 1}"")",KNeighborsClassifier(),0.8837576821773485,0.6756043956043956,0.8854545454545455,0.7455815681902638,0.8842059694691274,0.7624934267440391
22,"OS_('AHC', ""{'strategy': 'min', 'n_jobs': 1, 'random_state': 1}"")",MLPClassifier(random_state=1),0.8986830553116768,0.7117730095990966,0.8290909090909091,0.7491681521093286,0.8702158806106175,0.7595574730929386
23,"OS_('AHC', ""{'strategy': 'min', 'n_jobs': 1, 'random_state': 1}"")","Pipeline(steps=[('standardscaler', StandardScaler()),
                ('svc',
                 SVC(C=1, gamma='auto', kernel='linear', random_state=1))])",0.8599209833187007,0.6615384615384615,0.7890909090909091,0.6912984000475821,0.8306356801093644,0.7074819087735773
24,"OS_('LLE_SMOTE', ""{'proportion': 1.0, 'n_neighbors': 5, 'n_components': 2, 'n_jobs': 1, 'random_state': 1}"")",DecisionTreeClassifier(random_state=1),0.8689640035118525,0.6570784770784771,0.7145454545454546,0.6698110140215403,0.8058002961950331,0.6774773207544629
25,"OS_('LLE_SMOTE', ""{'proportion': 1.0, 'n_neighbors': 5, 'n_components': 2, 'n_jobs': 1, 'random_state': 1}"")",KNeighborsClassifier(),0.9015364354697104,0.7259259259259259,0.9054545454545455,0.7886249219887664,0.9030092276144908,0.8016795811081708
26,"OS_('LLE_SMOTE', ""{'proportion': 1.0, 'n_neighbors': 5, 'n_components': 2, 'n_jobs': 1, 'random_state': 1}"")",MLPClassifier(random_state=1),0.883801580333626,0.6763546798029557,0.8854545454545455,0.7444444444444445,0.8842059694691274,0.7619892997739492
27,"OS_('LLE_SMOTE', ""{'proportion': 1.0, 'n_neighbors': 5, 'n_components': 2, 'n_jobs': 1, 'random_state': 1}"")","Pipeline(steps=[('standardscaler', StandardScaler()),
                ('svc',
                 SVC(C=1, gamma='auto', kernel='linear', random_state=1))])",0.8450834064969271,0.6052970002970003,0.8672727272727272,0.6919765886287625,0.8538118022328549,0.7127139870995018
28,"OS_('distance_SMOTE', ""{'proportion': 1.0, 'n_neighbors': 5, 'n_jobs': 1, 'random_state': 1}"")",DecisionTreeClassifier(random_state=1),0.8809043020193152,0.6517509157509158,0.8309090909090908,0.721145366710584,0.8605046707678288,0.7309422625357923
29,"OS_('distance_SMOTE', ""{'proportion': 1.0, 'n_neighbors': 5, 'n_jobs': 1, 'random_state': 1}"")",KNeighborsClassifier(),0.8659789288849868,0.610727969348659,0.9054545454545455,0.7157241379310345,0.8818939393939393,0.7361986944995869
30,"OS_('distance_SMOTE', ""{'proportion': 1.0, 'n_neighbors': 5, 'n_jobs': 1, 'random_state': 1}"")",MLPClassifier(random_state=1),0.8808604038630378,0.6556022408963585,0.9036363636363637,0.7372283272283273,0.8898194349510138,0.7577569723583042
31,"OS_('distance_SMOTE', ""{'proportion': 1.0, 'n_neighbors': 5, 'n_jobs': 1, 'random_state': 1}"")","Pipeline(steps=[('standardscaler', StandardScaler()),
                ('svc',
                 SVC(C=1, gamma='auto', kernel='linear', random_state=1))])",0.8510535557506586,0.6244422994422995,0.9236363636363636,0.7200439759877147,0.8802392344497608,0.7455481879411587
32,"OS_('SMMO', ""{'proportion': 1.0, 'n_neighbors': 5, 'ensemble': [QuadraticDiscriminantAnalysis(), DecisionTreeClassifier(random_state=2), GaussianNB()], 'n_jobs': 1, 'random_state': 1}"")",DecisionTreeClassifier(random_state=1),0.8839332748024582,0.6607878787878788,0.7727272727272727,0.6960173160173161,0.8384939621781727,0.7060194034099451
33,"OS_('SMMO', ""{'proportion': 1.0, 'n_neighbors': 5, 'ensemble': [QuadraticDiscriminantAnalysis(), DecisionTreeClassifier(random_state=2), GaussianNB()], 'n_jobs': 1, 'random_state': 1}"")",KNeighborsClassifier(),0.9104916593503074,0.746969696969697,0.8854545454545455,0.7919392684610077,0.9001207564365459,0.8037666347844687
34,"OS_('SMMO', ""{'proportion': 1.0, 'n_neighbors': 5, 'ensemble': [QuadraticDiscriminantAnalysis(), DecisionTreeClassifier(random_state=2), GaussianNB()], 'n_jobs': 1, 'random_state': 1}"")",MLPClassifier(random_state=1),0.8987269534679543,0.7930555555555555,0.62,0.6828804036234375,0.7850939849624059,0.694517346525965
35,"OS_('SMMO', ""{'proportion': 1.0, 'n_neighbors': 5, 'ensemble': [QuadraticDiscriminantAnalysis(), DecisionTreeClassifier(random_state=2), GaussianNB()], 'n_jobs': 1, 'random_state': 1}"")","Pipeline(steps=[('standardscaler', StandardScaler()),
                ('svc',
                 SVC(C=1, gamma='auto', kernel='linear', random_state=1))])",0.8629499561018438,0.688949938949939,0.6981818181818181,0.6639639088420889,0.7958014354066986,0.6783618097813343
36,"OS_('polynom_fit_SMOTE', ""{'proportion': 1.0, 'topology': 'star', 'random_state': 1}"")",DecisionTreeClassifier(random_state=1),0.8867866549604917,0.6991349391349391,0.8109090909090909,0.7329628418873271,0.8557365003417635,0.7435439488707858
37,"OS_('polynom_fit_SMOTE', ""{'proportion': 1.0, 'topology': 'star', 'random_state': 1}"")",KNeighborsClassifier(),0.8777875329236172,0.6580645161290322,0.9236363636363636,0.7484187391555812,0.8962166780587832,0.7687505930714724
38,"OS_('polynom_fit_SMOTE', ""{'proportion': 1.0, 'topology': 'star', 'random_state': 1}"")",MLPClassifier(random_state=1),0.8808604038630378,0.6556022408963585,0.9036363636363637,0.7372283272283273,0.8898194349510138,0.7577569723583042
39,"OS_('polynom_fit_SMOTE', ""{'proportion': 1.0, 'topology': 'star', 'random_state': 1}"")","Pipeline(steps=[('standardscaler', StandardScaler()),
                ('svc',
                 SVC(C=1, gamma='auto', kernel='linear', random_state=1))])",0.8778753292361721,0.6615072554220627,0.8854545454545455,0.739660019614253,0.8806658692185009,0.7559402816215387
40,"OS_('Stefanowski', ""{'strategy': 'weak_amp', 'n_jobs': 1}"")",DecisionTreeClassifier(random_state=1),0.9075504828797192,0.7143939393939395,0.8654545454545455,0.7712554112554113,0.890152084757348,0.7802827380932262
41,"OS_('Stefanowski', ""{'strategy': 'weak_amp', 'n_jobs': 1}"")",KNeighborsClassifier(),0.8570237050043898,0.5671338895023105,0.9054545454545455,0.6876232807267291,0.8767247664616086,0.7112800494447953
42,"OS_('Stefanowski', ""{'strategy': 'weak_amp', 'n_jobs': 1}"")",MLPClassifier(random_state=1),0.9046532045654082,0.7709793588054458,0.7709090909090909,0.7502521008403362,0.8498969013442699,0.7603524599664047
43,"OS_('Stefanowski', ""{'strategy': 'weak_amp', 'n_jobs': 1}"")","Pipeline(steps=[('standardscaler', StandardScaler()),
                ('svc',
                 SVC(C=1, gamma='auto', kernel='linear', random_state=1))])",0.8689640035118525,0.6818857005063902,0.7527272727272727,0.6885982218974546,0.8213197767145136,0.702352118707466
44,"OS_('ADOMS', ""{'proportion': 1.0, 'n_neighbors': 5, 'n_jobs': 1, 'random_state': 1}"")",DecisionTreeClassifier(random_state=1),0.8450834064969271,0.5752777777777778,0.8272727272727272,0.6610795197290703,0.8375085440874915,0.6804295296973174
45,"OS_('ADOMS', ""{'proportion': 1.0, 'n_neighbors': 5, 'n_jobs': 1, 'random_state': 1}"")",KNeighborsClassifier(),0.854126426690079,0.5900865800865802,0.9236363636363636,0.705182237117721,0.8821189336978812,0.7298498164374643
46,"OS_('ADOMS', ""{'proportion': 1.0, 'n_neighbors': 5, 'n_jobs': 1, 'random_state': 1}"")",MLPClassifier(random_state=1),0.8719490781387182,0.6378626163108921,0.9036363636363637,0.7233480695549661,0.8845249487354749,0.7462549310257033
47,"OS_('ADOMS', ""{'proportion': 1.0, 'n_neighbors': 5, 'n_jobs': 1, 'random_state': 1}"")","Pipeline(steps=[('standardscaler', StandardScaler()),
                ('svc',
                 SVC(C=1, gamma='auto', kernel='linear', random_state=1))])",0.8480684811237928,0.621947496947497,0.9436363636363636,0.7275702917771883,0.8866678058783322,0.7534936597790145
48,"OS_('Safe_Level_SMOTE', ""{'proportion': 1.0, 'n_neighbors': 5, 'n_jobs': 1, 'random_state': 1}"")",DecisionTreeClassifier(random_state=1),0.8510974539069359,0.5752015810276679,0.8472727272727273,0.6704961704961706,0.8494508999772158,0.6901148030561515
49,"OS_('Safe_Level_SMOTE', ""{'proportion': 1.0, 'n_neighbors': 5, 'n_jobs': 1, 'random_state': 1}"")",KNeighborsClassifier(),0.827348551360843,0.5180471380471381,0.9054545454545455,0.6442105263157895,0.8591495784916837,0.6766072096185902
50,"OS_('Safe_Level_SMOTE', ""{'proportion': 1.0, 'n_neighbors': 5, 'n_jobs': 1, 'random_state': 1}"")",MLPClassifier(random_state=1),0.8751097453906936,0.6533799533799535,0.7909090909090908,0.6982838739360478,0.8405673274094326,0.709915717967886
51,"OS_('Safe_Level_SMOTE', ""{'proportion': 1.0, 'n_neighbors': 5, 'n_jobs': 1, 'random_state': 1}"")","Pipeline(steps=[('standardscaler', StandardScaler()),
                ('svc',
                 SVC(C=1, gamma='auto', kernel='linear', random_state=1))])",0.8452151009657595,0.6082027168234065,0.6745454545454546,0.6144028520499109,0.7752113237639554,0.6272924087295826
52,"OS_('MSMOTE', ""{'proportion': 1.0, 'n_neighbors': 5, 'n_jobs': 1, 'random_state': 1}"")",DecisionTreeClassifier(random_state=1),0.892756804214223,0.716025641025641,0.8309090909090908,0.7389652352581414,0.8675535429482798,0.7557319305877558
53,"OS_('MSMOTE', ""{'proportion': 1.0, 'n_neighbors': 5, 'n_jobs': 1, 'random_state': 1}"")",KNeighborsClassifier(),0.8658472344161545,0.6299092558983667,0.9054545454545455,0.7228423844757782,0.8818939393939393,0.7444742702839219
54,"OS_('MSMOTE', ""{'proportion': 1.0, 'n_neighbors': 5, 'n_jobs': 1, 'random_state': 1}"")",MLPClassifier(random_state=1),0.8808604038630378,0.6668308702791461,0.8854545454545455,0.7382905982905983,0.882451583504215,0.7565244958011779
55,"OS_('MSMOTE', ""{'proportion': 1.0, 'n_neighbors': 5, 'n_jobs': 1, 'random_state': 1}"")","Pipeline(steps=[('standardscaler', StandardScaler()),
                ('svc',
                 SVC(C=1, gamma='auto', kernel='linear', random_state=1))])",0.8480684811237928,0.6312332112332113,0.9236363636363636,0.7238644888082274,0.8784221918432443,0.7489889060422593
56,"OS_('DE_oversampling', ""{'proportion': 1.0, 'n_neighbors': 5, 'crossover_rate': 0.5, 'similarity_threshold': 0.5, 'n_clusters': 30, 'n_jobs': 1, 'random_state': 1}"")",DecisionTreeClassifier(random_state=1),0.7884108867427567,0.48877197465936756,0.8690909090909091,0.6079310344827586,0.8211995898838005,0.641065046264755
57,"OS_('DE_oversampling', ""{'proportion': 1.0, 'n_neighbors': 5, 'crossover_rate': 0.5, 'similarity_threshold': 0.5, 'n_clusters': 30, 'n_jobs': 1, 'random_state': 1}"")",KNeighborsClassifier(),0.7497366110623354,0.4144080557124036,0.9236363636363636,0.5654824745147324,0.8203708133971291,0.6141052137851913
58,"OS_('DE_oversampling', ""{'proportion': 1.0, 'n_neighbors': 5, 'crossover_rate': 0.5, 'similarity_threshold': 0.5, 'n_clusters': 30, 'n_jobs': 1, 'random_state': 1}"")",MLPClassifier(random_state=1),0.6850746268656717,0.4306627680311891,0.9618181818181817,0.563713061786084,0.7970745044429255,0.6232029962092687
59,"OS_('DE_oversampling', ""{'proportion': 1.0, 'n_neighbors': 5, 'crossover_rate': 0.5, 'similarity_threshold': 0.5, 'n_clusters': 30, 'n_jobs': 1, 'random_state': 1}"")","Pipeline(steps=[('standardscaler', StandardScaler()),
                ('svc',
                 SVC(C=1, gamma='auto', kernel='linear', random_state=1))])",0.7407813871817385,0.4622999222999223,0.9436363636363636,0.6015433841520798,0.823008658008658,0.6480345111556527
60,"OS_('SMOBD', ""{'proportion': 1.0, 'eta1': 0.5, 't': 1.8, 'min_samples': 5, 'max_eps': 1.0, 'n_jobs': 1, 'random_state': 1}"")",DecisionTreeClassifier(random_state=1),0.8391132572431959,0.593062493062493,0.8109090909090909,0.6677745473767676,0.8273843700159489,0.6837454649897595
61,"OS_('SMOBD', ""{'proportion': 1.0, 'eta1': 0.5, 't': 1.8, 'min_samples': 5, 'max_eps': 1.0, 'n_jobs': 1, 'random_state': 1}"")",KNeighborsClassifier(),0.8272168568920104,0.5452547143259218,0.9054545454545455,0.6617334194659776,0.8589929368876736,0.6922064416056383
62,"OS_('SMOBD', ""{'proportion': 1.0, 'eta1': 0.5, 't': 1.8, 'min_samples': 5, 'max_eps': 1.0, 'n_jobs': 1, 'random_state': 1}"")",MLPClassifier(random_state=1),0.8689640035118525,0.6305096751344216,0.9036363636363637,0.7176500638569605,0.8827705627705628,0.7415340457867583
63,"OS_('SMOBD', ""{'proportion': 1.0, 'eta1': 0.5, 't': 1.8, 'min_samples': 5, 'max_eps': 1.0, 'n_jobs': 1, 'random_state': 1}"")","Pipeline(steps=[('standardscaler', StandardScaler()),
                ('svc',
                 SVC(C=1, gamma='auto', kernel='linear', random_state=1))])",0.8361281826163299,0.5992584213172448,0.9236363636363636,0.7003773093210479,0.8714046479835954,0.7291562515305109
64,"OS_('SUNDO', ""{'n_jobs': 1, 'random_state': 1}"")",DecisionTreeClassifier(random_state=1),0.8777875329236172,0.682997557997558,0.8309090909090908,0.7245015548905708,0.8586876281613124,0.7401543373168307
65,"OS_('SUNDO', ""{'n_jobs': 1, 'random_state': 1}"")",KNeighborsClassifier(),0.889640035118525,0.6981684981684981,0.8854545454545455,0.7596841322928278,0.8877147413989519,0.775196901230064
66,"OS_('SUNDO', ""{'n_jobs': 1, 'random_state': 1}"")",MLPClassifier(random_state=1),0.892756804214223,0.6919413919413919,0.8854545454545455,0.756427663361302,0.8895317840054682,0.7720359942910167
67,"OS_('SUNDO', ""{'n_jobs': 1, 'random_state': 1}"")","Pipeline(steps=[('standardscaler', StandardScaler()),
                ('svc',
                 SVC(C=1, gamma='auto', kernel='linear', random_state=1))])",0.8690079016681299,0.6411064797271695,0.849090909090909,0.71373232412134,0.8607296650717702,0.7288094053469416
68,"OS_('MSYN', ""{'pressure': 1.5, 'n_neighbors': 5, 'n_jobs': 1, 'random_state': 1}"")",DecisionTreeClassifier(random_state=1),0.9078138718173836,0.6825108225108225,0.7709090909090909,0.7221818181818181,0.8519645705172021,0.7244395581333843
69,"OS_('MSYN', ""{'pressure': 1.5, 'n_neighbors': 5, 'n_jobs': 1, 'random_state': 1}"")",KNeighborsClassifier(),0.8926251097453907,0.6981684981684981,0.9054545454545455,0.7713800387255764,0.8977147413989519,0.7860481226401836
70,"OS_('MSYN', ""{'pressure': 1.5, 'n_neighbors': 5, 'n_jobs': 1, 'random_state': 1}"")",MLPClassifier(random_state=1),0.8897717295873573,0.680952380952381,0.8854545454545455,0.7491812865497076,0.8877773980405559,0.7656552413753142
71,"OS_('MSYN', ""{'pressure': 1.5, 'n_neighbors': 5, 'n_jobs': 1, 'random_state': 1}"")","Pipeline(steps=[('standardscaler', StandardScaler()),
                ('svc',
                 SVC(C=1, gamma='auto', kernel='linear', random_state=1))])",0.8600087796312554,0.6394189144189145,0.8672727272727272,0.7161462065352224,0.8626777170198222,0.733830686906849
72,"OS_('SVM_balance', ""{'proportion': 1.0, 'n_neighbors': 5, 'n_jobs': 1, 'random_state': 1}"")",DecisionTreeClassifier(random_state=1),0.8686567164179104,0.6475213675213676,0.8654545454545455,0.7200363581275565,0.8671257689678742,0.7374775827992195
73,"OS_('SVM_balance', ""{'proportion': 1.0, 'n_neighbors': 5, 'n_jobs': 1, 'random_state': 1}"")",KNeighborsClassifier(),0.8628621597892888,0.6372549019607843,0.9236363636363636,0.7308526015894435,0.8873507632718158,0.7544445938612061
74,"OS_('SVM_balance', ""{'proportion': 1.0, 'n_neighbors': 5, 'n_jobs': 1, 'random_state': 1}"")",MLPClassifier(random_state=1),0.8719051799824408,0.6469047619047619,0.8854545454545455,0.7232749635188659,0.8771570972886762,0.7439136147532122
75,"OS_('SVM_balance', ""{'proportion': 1.0, 'n_neighbors': 5, 'n_jobs': 1, 'random_state': 1}"")","Pipeline(steps=[('standardscaler', StandardScaler()),
                ('svc',
                 SVC(C=1, gamma='auto', kernel='linear', random_state=1))])",0.8420544337137841,0.626647537063606,0.9236363636363636,0.7198473105841526,0.8748507632718159,0.7456439833532496
76,"OS_('TRIM_SMOTE', ""{'proportion': 1.0, 'n_neighbors': 5, 'min_precision': 0.3, 'n_jobs': 1, 'random_state': 1}"")",DecisionTreeClassifier(random_state=1),0.8837137840210711,0.6836182336182336,0.8272727272727272,0.7329727480757229,0.860409546593757,0.7437606220300401
77,"OS_('TRIM_SMOTE', ""{'proportion': 1.0, 'n_neighbors': 5, 'min_precision': 0.3, 'n_jobs': 1, 'random_state': 1}"")",KNeighborsClassifier(),0.8600087796312555,0.6012183235867445,0.9054545454545455,0.703392433337987,0.8784478241057189,0.7276248761421437
78,"OS_('TRIM_SMOTE', ""{'proportion': 1.0, 'n_neighbors': 5, 'min_precision': 0.3, 'n_jobs': 1, 'random_state': 1}"")",MLPClassifier(random_state=1),0.892756804214223,0.6865842490842491,0.9036363636363637,0.7593906263242648,0.896868307131465,0.7767026410037107
79,"OS_('TRIM_SMOTE', ""{'proportion': 1.0, 'n_neighbors': 5, 'min_precision': 0.3, 'n_jobs': 1, 'random_state': 1}"")","Pipeline(steps=[('standardscaler', StandardScaler()),
                ('svc',
                 SVC(C=1, gamma='auto', kernel='linear', random_state=1))])",0.8510535557506584,0.6157142857142857,0.8854545454545454,0.703062189103379,0.8647197539302802,0.7255673901227389
80,"OS_('SMOTE_RSB', ""{'proportion': 2.0, 'n_neighbors': 5, 'n_jobs': 1, 'random_state': 1}"")",DecisionTreeClassifier(random_state=1),0.8720807726075505,0.6305656565656566,0.7363636363636363,0.6649062049062049,0.816772043745728,0.6738581933216502
81,"OS_('SMOTE_RSB', ""{'proportion': 2.0, 'n_neighbors': 5, 'n_jobs': 1, 'random_state': 1}"")",KNeighborsClassifier(),0.9104916593503074,0.746969696969697,0.8854545454545455,0.7919392684610077,0.9001207564365459,0.8037666347844687
82,"OS_('SMOTE_RSB', ""{'proportion': 2.0, 'n_neighbors': 5, 'n_jobs': 1, 'random_state': 1}"")",MLPClassifier(random_state=1),0.90171202809482,0.7816919191919192,0.6599999999999999,0.6987534194964534,0.8033395989974939,0.7096158541651862
83,"OS_('SMOTE_RSB', ""{'proportion': 2.0, 'n_neighbors': 5, 'n_jobs': 1, 'random_state': 1}"")","Pipeline(steps=[('standardscaler', StandardScaler()),
                ('svc',
                 SVC(C=1, gamma='auto', kernel='linear', random_state=1))])",0.865891132572432,0.6925213675213675,0.7163636363636364,0.6779989965613872,0.8048923444976076,0.690849619478696
84,"OS_('ProWSyn', ""{'proportion': 1.0, 'n_neighbors': 5, 'L': 5, 'theta': 1.0, 'n_jobs': 1, 'random_state': 1}"")",DecisionTreeClassifier(random_state=1),0.8990342405618964,0.6611821511821512,0.7563636363636362,0.7031677018633541,0.8411830713146504,0.705954432285179
85,"OS_('ProWSyn', ""{'proportion': 1.0, 'n_neighbors': 5, 'L': 5, 'theta': 1.0, 'n_jobs': 1, 'random_state': 1}"")",KNeighborsClassifier(),0.8451712028094821,0.5859868421052632,0.9236363636363636,0.6931141831946889,0.8768871041239464,0.7227005597402618
86,"OS_('ProWSyn', ""{'proportion': 1.0, 'n_neighbors': 5, 'L': 5, 'theta': 1.0, 'n_jobs': 1, 'random_state': 1}"")",MLPClassifier(random_state=1),0.8689201053555751,0.6410477094063431,0.9036363636363637,0.7244810744810746,0.8827079061289588,0.7474824853608026
87,"OS_('ProWSyn', ""{'proportion': 1.0, 'n_neighbors': 5, 'L': 5, 'theta': 1.0, 'n_jobs': 1, 'random_state': 1}"")","Pipeline(steps=[('standardscaler', StandardScaler()),
                ('svc',
                 SVC(C=1, gamma='auto', kernel='linear', random_state=1))])",0.8480684811237928,0.6229239766081871,0.9236363636363636,0.7186672098966629,0.8784535201640464,0.7443934302047663
88,"OS_('SL_graph_SMOTE', ""{'proportion': 1.0, 'n_neighbors': 5, 'n_jobs': 1, 'random_state': 1}"")",DecisionTreeClassifier(random_state=1),0.8510974539069359,0.5752015810276679,0.8472727272727273,0.6704961704961706,0.8494508999772158,0.6901148030561515
89,"OS_('SL_graph_SMOTE', ""{'proportion': 1.0, 'n_neighbors': 5, 'n_jobs': 1, 'random_state': 1}"")",KNeighborsClassifier(),0.827348551360843,0.5180471380471381,0.9054545454545455,0.6442105263157895,0.8591495784916837,0.6766072096185902
90,"OS_('SL_graph_SMOTE', ""{'proportion': 1.0, 'n_neighbors': 5, 'n_jobs': 1, 'random_state': 1}"")",MLPClassifier(random_state=1),0.8751097453906936,0.6533799533799535,0.7909090909090908,0.6982838739360478,0.8405673274094326,0.709915717967886
91,"OS_('SL_graph_SMOTE', ""{'proportion': 1.0, 'n_neighbors': 5, 'n_jobs': 1, 'random_state': 1}"")","Pipeline(steps=[('standardscaler', StandardScaler()),
                ('svc',
                 SVC(C=1, gamma='auto', kernel='linear', random_state=1))])",0.8452151009657595,0.6082027168234065,0.6745454545454546,0.6144028520499109,0.7752113237639554,0.6272924087295826
92,"OS_('NRSBoundary_SMOTE', ""{'proportion': 1.0, 'n_neighbors': 5, 'w': 0.005, 'n_jobs': 1, 'random_state': 1}"")",DecisionTreeClassifier(random_state=1),0.9076821773485513,0.6830769230769231,0.7909090909090908,0.7312885375494071,0.8601475279106857,0.7341311556643558
93,"OS_('NRSBoundary_SMOTE', ""{'proportion': 1.0, 'n_neighbors': 5, 'w': 0.005, 'n_jobs': 1, 'random_state': 1}"")",KNeighborsClassifier(),0.818393327480246,0.5057152406417113,0.9236363636363636,0.6413387753504033,0.8610976304397358,0.6764274188617417
94,"OS_('NRSBoundary_SMOTE', ""{'proportion': 1.0, 'n_neighbors': 5, 'w': 0.005, 'n_jobs': 1, 'random_state': 1}"")",MLPClassifier(random_state=1),0.8421861281826164,0.5695454545454546,0.9236363636363636,0.686171248106732,0.875101389838232,0.7150774299949857
95,"OS_('NRSBoundary_SMOTE', ""{'proportion': 1.0, 'n_neighbors': 5, 'w': 0.005, 'n_jobs': 1, 'random_state': 1}"")","Pipeline(steps=[('standardscaler', StandardScaler()),
                ('svc',
                 SVC(C=1, gamma='auto', kernel='linear', random_state=1))])",0.8212467076382793,0.552972027972028,0.9236363636363636,0.6733338385752179,0.8626327181590339,0.7039646018510239
96,"OS_('LVQ_SMOTE', ""{'proportion': 1.0, 'n_neighbors': 5, 'n_clusters': 10, 'n_jobs': 1, 'random_state': 1}"")",DecisionTreeClassifier(random_state=1),0.8241878841088675,0.5403641679957468,0.8454545454545455,0.6363184170806675,0.8325017088174983,0.6633310683978539
97,"OS_('LVQ_SMOTE', ""{'proportion': 1.0, 'n_neighbors': 5, 'n_clusters': 10, 'n_jobs': 1, 'random_state': 1}"")",KNeighborsClassifier(),0.8093503072870938,0.4935240274599543,0.9054545454545455,0.6270123957321619,0.8484666210982,0.6617047587689513
98,"OS_('LVQ_SMOTE', ""{'proportion': 1.0, 'n_neighbors': 5, 'n_clusters': 10, 'n_jobs': 1, 'random_state': 1}"")",MLPClassifier(random_state=1),0.8361720807726076,0.5598417612659098,0.9236363636363636,0.6780952380952381,0.8715612895876055,0.7084882433996131
99,"OS_('LVQ_SMOTE', ""{'proportion': 1.0, 'n_neighbors': 5, 'n_clusters': 10, 'n_jobs': 1, 'random_state': 1}"")","Pipeline(steps=[('standardscaler', StandardScaler()),
                ('svc',
                 SVC(C=1, gamma='auto', kernel='linear', random_state=1))])",0.8241439859525899,0.5875070028011204,0.9436363636363636,0.69809964350926,0.8725387331966278,0.7296060086792927
100,"OS_('SOI_CJ', ""{'proportion': 1.0, 'n_neighbors': 5, 'method': 'interpolation', 'n_jobs': 1, 'random_state': 1}"")",DecisionTreeClassifier(random_state=1),0.892756804214223,0.6811355311355312,0.8872727272727273,0.7532927206382584,0.8904722032353612,0.7682698632849438
101,"OS_('SOI_CJ', ""{'proportion': 1.0, 'n_neighbors': 5, 'method': 'interpolation', 'n_jobs': 1, 'random_state': 1}"")",KNeighborsClassifier(),0.8926251097453907,0.6981684981684981,0.9054545454545455,0.7713800387255764,0.8977147413989519,0.7860481226401836
102,"OS_('SOI_CJ', ""{'proportion': 1.0, 'n_neighbors': 5, 'method': 'interpolation', 'n_jobs': 1, 'random_state': 1}"")",MLPClassifier(random_state=1),0.8868305531167691,0.6714285714285715,0.8854545454545455,0.7430274403958614,0.8860230120756436,0.7601904374025427
103,"OS_('SOI_CJ', ""{'proportion': 1.0, 'n_neighbors': 5, 'method': 'interpolation', 'n_jobs': 1, 'random_state': 1}"")","Pipeline(steps=[('standardscaler', StandardScaler()),
                ('svc',
                 SVC(C=1, gamma='auto', kernel='linear', random_state=1))])",0.8748902546093064,0.6541736694677871,0.9054545454545455,0.741331988507855,0.8871257689678742,0.7598523109250166
104,"OS_('ROSE', ""{'proportion': 1.0, 'random_state': 1}"")",DecisionTreeClassifier(random_state=1),0.8154082528533803,0.4961228287841191,0.8872727272727273,0.6283166109253064,0.8446388699020279,0.6588299012078048
105,"OS_('ROSE', ""{'proportion': 1.0, 'random_state': 1}"")",KNeighborsClassifier(),0.8629060579455663,0.6400138260432378,0.9236363636363636,0.731815529161067,0.8873507632718158,0.7555853253022274
106,"OS_('ROSE', ""{'proportion': 1.0, 'random_state': 1}"")",MLPClassifier(random_state=1),0.8689201053555751,0.6356302521008403,0.9036363636363637,0.7208736611175636,0.8827392344497607,0.7443728739899315
107,"OS_('ROSE', ""{'proportion': 1.0, 'random_state': 1}"")","Pipeline(steps=[('standardscaler', StandardScaler()),
                ('svc',
                 SVC(C=1, gamma='auto', kernel='linear', random_state=1))])",0.8420983318700616,0.6207936507936508,0.9236363636363636,0.7156322112818324,0.874882091592618,0.7421371334958724
108,"OS_('SMOTE_OUT', ""{'proportion': 1.0, 'n_neighbors': 5, 'n_jobs': 1, 'random_state': 1}"")",DecisionTreeClassifier(random_state=1),0.8659789288849868,0.6049735449735449,0.8290909090909091,0.6882105263157896,0.8507923217133744,0.7021450817365399
109,"OS_('SMOTE_OUT', ""{'proportion': 1.0, 'n_neighbors': 5, 'n_jobs': 1, 'random_state': 1}"")",KNeighborsClassifier(),0.8778314310798947,0.6444672855879753,0.9054545454545455,0.7394847020933978,0.8889114832535885,0.7565838009315171
110,"OS_('SMOTE_OUT', ""{'proportion': 1.0, 'n_neighbors': 5, 'n_jobs': 1, 'random_state': 1}"")",MLPClassifier(random_state=1),0.8808604038630378,0.6629093016516951,0.9036363636363637,0.7415873015873016,0.8897881066302119,0.7617046402768419
111,"OS_('SMOTE_OUT', ""{'proportion': 1.0, 'n_neighbors': 5, 'n_jobs': 1, 'random_state': 1}"")","Pipeline(steps=[('standardscaler', StandardScaler()),
                ('svc',
                 SVC(C=1, gamma='auto', kernel='linear', random_state=1))])",0.8570237050043898,0.6368049368049369,0.9236363636363636,0.7325212393803099,0.8837480063795853,0.754930013506332
112,"OS_('SMOTE_Cosine', ""{'proportion': 1.0, 'n_neighbors': 5, 'n_jobs': 1, 'random_state': 1}"")",DecisionTreeClassifier(random_state=1),0.9108428446005267,0.6901981351981352,0.8127272727272727,0.7412995699952221,0.8711192754613807,0.7463209780578367
113,"OS_('SMOTE_Cosine', ""{'proportion': 1.0, 'n_neighbors': 5, 'n_jobs': 1, 'random_state': 1}"")",KNeighborsClassifier(),0.8688323090430202,0.6499999999999999,0.9054545454545455,0.7371230580924581,0.8835543403964456,0.7565554146204179
114,"OS_('SMOTE_Cosine', ""{'proportion': 1.0, 'n_neighbors': 5, 'n_jobs': 1, 'random_state': 1}"")",MLPClassifier(random_state=1),0.8808165057067603,0.6614737274220033,0.9036363636363637,0.7407407407407408,0.8897881066302119,0.7609244117264852
115,"OS_('SMOTE_Cosine', ""{'proportion': 1.0, 'n_neighbors': 5, 'n_jobs': 1, 'random_state': 1}"")","Pipeline(steps=[('standardscaler', StandardScaler()),
                ('svc',
                 SVC(C=1, gamma='auto', kernel='linear', random_state=1))])",0.8481123792800702,0.6198671360436067,0.9054545454545455,0.7111769809138231,0.8711483253588517,0.7354554807724707
116,"OS_('Selected_SMOTE', ""{'proportion': 1.0, 'n_neighbors': 5, 'perc_sign_attr': 0.5, 'n_jobs': 1, 'random_state': 1}"")",DecisionTreeClassifier(random_state=1),0.8689201053555751,0.6652813852813854,0.7745454545454545,0.7038761238761239,0.8304431533378903,0.7115135060625791
117,"OS_('Selected_SMOTE', ""{'proportion': 1.0, 'n_neighbors': 5, 'perc_sign_attr': 0.5, 'n_jobs': 1, 'random_state': 1}"")",KNeighborsClassifier(),0.854126426690079,0.583219696969697,0.9236363636363636,0.7010849855320973,0.8821502620186831,0.7261562589186805
118,"OS_('Selected_SMOTE', ""{'proportion': 1.0, 'n_neighbors': 5, 'perc_sign_attr': 0.5, 'n_jobs': 1, 'random_state': 1}"")",MLPClassifier(random_state=1),0.8779192273924495,0.6461959496442254,0.9236363636363636,0.7411978221415609,0.8962793347003875,0.7622915856129491
119,"OS_('Selected_SMOTE', ""{'proportion': 1.0, 'n_neighbors': 5, 'perc_sign_attr': 0.5, 'n_jobs': 1, 'random_state': 1}"")","Pipeline(steps=[('standardscaler', StandardScaler()),
                ('svc',
                 SVC(C=1, gamma='auto', kernel='linear', random_state=1))])",0.8450834064969271,0.6243650793650795,0.9236363636363636,0.7223123732251522,0.8766364775575303,0.7464143567284836
120,"OS_('LN_SMOTE', ""{'proportion': 1.0, 'n_neighbors': 5, 'n_jobs': 1, 'random_state': 1}"")",DecisionTreeClassifier(random_state=1),0.8660228270412643,0.6256446168210874,0.8272727272727272,0.6960962759589762,0.8498519024834815,0.7107238048761245
121,"OS_('LN_SMOTE', ""{'proportion': 1.0, 'n_neighbors': 5, 'n_jobs': 1, 'random_state': 1}"")",KNeighborsClassifier(),0.880684811237928,0.6550641025641025,0.9236363636363636,0.7495997498436522,0.8980023923444975,0.7686617919560548
122,"OS_('LN_SMOTE', ""{'proportion': 1.0, 'n_neighbors': 5, 'n_jobs': 1, 'random_state': 1}"")",MLPClassifier(random_state=1),0.8838454784899034,0.7011904761904761,0.8254545454545456,0.7294871794871794,0.859500455684666,0.7458022701220801
123,"OS_('LN_SMOTE', ""{'proportion': 1.0, 'n_neighbors': 5, 'n_jobs': 1, 'random_state': 1}"")","Pipeline(steps=[('standardscaler', StandardScaler()),
                ('svc',
                 SVC(C=1, gamma='auto', kernel='linear', random_state=1))])",0.8629499561018438,0.6579831932773109,0.9036363636363636,0.7368486496705982,0.8790424925951242,0.7575145293940834
124,"OS_('MWMOTE', ""{'proportion': 1.0, 'k1': 5, 'k2': 5, 'k3': 5, 'M': 10, 'cf_th': 5.0, 'cmax': 10.0, 'n_jobs': 1, 'random_state': 1}"")",DecisionTreeClassifier(random_state=1),0.8422739244951712,0.5888311688311688,0.7890909090909091,0.6536700336700337,0.8201093643198906,0.6703047171823341
125,"OS_('MWMOTE', ""{'proportion': 1.0, 'k1': 5, 'k2': 5, 'k3': 5, 'M': 10, 'cf_th': 5.0, 'cmax': 10.0, 'n_jobs': 1, 'random_state': 1}"")",KNeighborsClassifier(),0.8421422300263389,0.5806721716314247,0.9236363636363636,0.6882007904376326,0.875164046479836,0.7188591649057405
126,"OS_('MWMOTE', ""{'proportion': 1.0, 'k1': 5, 'k2': 5, 'k3': 5, 'M': 10, 'cf_th': 5.0, 'cmax': 10.0, 'n_jobs': 1, 'random_state': 1}"")",MLPClassifier(random_state=1),0.8719051799824408,0.6427450980392156,0.9036363636363637,0.7267255129694153,0.884493620414673,0.7491208111218604
127,"OS_('MWMOTE', ""{'proportion': 1.0, 'k1': 5, 'k2': 5, 'k3': 5, 'M': 10, 'cf_th': 5.0, 'cmax': 10.0, 'n_jobs': 1, 'random_state': 1}"")","Pipeline(steps=[('standardscaler', StandardScaler()),
                ('svc',
                 SVC(C=1, gamma='auto', kernel='linear', random_state=1))])",0.8510096575943811,0.623060413354531,0.9236363636363636,0.7194626951995373,0.8802392344497608,0.744922547970871
128,"OS_('PDFOS', ""{'proportion': 1.0, 'n_jobs': 1, 'random_state': 1}"")",DecisionTreeClassifier(random_state=1),0.800614574187884,0.47956455309396484,0.8872727272727273,0.6097077922077923,0.8358356117566643,0.6448279076860475
129,"OS_('PDFOS', ""{'proportion': 1.0, 'n_jobs': 1, 'random_state': 1}"")",KNeighborsClassifier(),0.8539069359086918,0.6233583959899749,0.9236363636363636,0.7188963574892715,0.882056277056277,0.7448075563734035
130,"OS_('PDFOS', ""{'proportion': 1.0, 'n_jobs': 1, 'random_state': 1}"")",MLPClassifier(random_state=1),0.8629938542581211,0.6234722222222222,0.9236363636363636,0.7227649062202728,0.88741341991342,0.7471074415396515
131,"OS_('PDFOS', ""{'proportion': 1.0, 'n_jobs': 1, 'random_state': 1}"")","Pipeline(steps=[('standardscaler', StandardScaler()),
                ('svc',
                 SVC(C=1, gamma='auto', kernel='linear', random_state=1))])",0.8330992098331871,0.6089192886456909,0.9436363636363636,0.715957671957672,0.8777705627705628,0.7440064038213401
132,"OS_('NEATER', ""{'proportion': 1.0, 'smote_n_neighbors': 5, 'b': 5, 'alpha': 0.1, 'h': 20, 'n_jobs': 1, 'random_state': 1}"")",DecisionTreeClassifier(random_state=1),0.866198419666374,0.5782289055973265,0.7927272727272727,0.6569924812030076,0.8364638869902027,0.6709956309382307
133,"OS_('NEATER', ""{'proportion': 1.0, 'smote_n_neighbors': 5, 'b': 5, 'alpha': 0.1, 'h': 20, 'n_jobs': 1, 'random_state': 1}"")",KNeighborsClassifier(),0.8094820017559263,0.5150241545893721,0.9054545454545455,0.6357784213050971,0.8484666210981999,0.6713527852150968
134,"OS_('NEATER', ""{'proportion': 1.0, 'smote_n_neighbors': 5, 'b': 5, 'alpha': 0.1, 'h': 20, 'n_jobs': 1, 'random_state': 1}"")",MLPClassifier(random_state=1),0.8244073748902545,0.5305420868674726,0.9236363636363636,0.6541122255353754,0.8646377306903623,0.6890712791365334
135,"OS_('NEATER', ""{'proportion': 1.0, 'smote_n_neighbors': 5, 'b': 5, 'alpha': 0.1, 'h': 20, 'n_jobs': 1, 'random_state': 1}"")","Pipeline(steps=[('standardscaler', StandardScaler()),
                ('svc',
                 SVC(C=1, gamma='auto', kernel='linear', random_state=1))])",0.8063213345039509,0.5443646996278575,0.9436363636363636,0.6695924764890282,0.8619497607655502,0.7043448052376248
136,"OS_('Gazzah', ""{'proportion': 1.0, 'n_components': 2, 'n_jobs': 1, 'random_state': 1}"")",DecisionTreeClassifier(random_state=1),0.8151448639157156,0.7118203309692671,0.7345454545454546,0.6656246378676186,0.7818403964456596,0.692109061865598
137,"OS_('Gazzah', ""{'proportion': 1.0, 'n_components': 2, 'n_jobs': 1, 'random_state': 1}"")",KNeighborsClassifier(),0.8299385425812116,0.6247587195413283,0.9054545454545455,0.7067642367951965,0.8604966962861699,0.7339907694816006
138,"OS_('Gazzah', ""{'proportion': 1.0, 'n_components': 2, 'n_jobs': 1, 'random_state': 1}"")",MLPClassifier(random_state=1),0.8092625109745392,0.5672222222222223,0.9036363636363637,0.6583758652886443,0.847338231943495,0.6945047541999267
139,"OS_('Gazzah', ""{'proportion': 1.0, 'n_components': 2, 'n_jobs': 1, 'random_state': 1}"")","Pipeline(steps=[('standardscaler', StandardScaler()),
                ('svc',
                 SVC(C=1, gamma='auto', kernel='linear', random_state=1))])",0.7555311676909571,0.5179178043498729,0.8672727272727272,0.6098711755233494,0.8009609250398724,0.6472508689659944
140,"OS_('MCT', ""{'proportion': 1.0, 'n_jobs': 1, 'random_state': 1}"")",DecisionTreeClassifier(random_state=1),0.8778753292361721,0.6704545454545454,0.7345454545454545,0.6862565504670768,0.8193717247664616,0.6941375093114752
141,"OS_('MCT', ""{'proportion': 1.0, 'n_jobs': 1, 'random_state': 1}"")",KNeighborsClassifier(),0.836215978928885,0.5448863636363637,0.9236363636363636,0.6709311393782511,0.8716239462292095,0.7012806617881421
142,"OS_('MCT', ""{'proportion': 1.0, 'n_jobs': 1, 'random_state': 1}"")",MLPClassifier(random_state=1),0.8689640035118525,0.6305096751344216,0.9036363636363637,0.7176500638569605,0.8827705627705628,0.7415340457867583
143,"OS_('MCT', ""{'proportion': 1.0, 'n_jobs': 1, 'random_state': 1}"")","Pipeline(steps=[('standardscaler', StandardScaler()),
                ('svc',
                 SVC(C=1, gamma='auto', kernel='linear', random_state=1))])",0.8361281826163299,0.5919054801407743,0.9436363636363636,0.705205619412516,0.879650262018683,0.7346987066814632
144,"OS_('ADG', ""{'proportion': 1.0, 'kernel': 'inner', 'lam': 1.0, 'mu': 1.0, 'k': 12, 'gamma': 1.0, 'n_jobs': 1, 'random_state': 1}"")",DecisionTreeClassifier(random_state=1),0.8898595258999122,0.6791794871794872,0.8490909090909092,0.7348212560386473,0.8731670084301664,0.7490726354409329
145,"OS_('ADG', ""{'proportion': 1.0, 'kernel': 'inner', 'lam': 1.0, 'mu': 1.0, 'k': 12, 'gamma': 1.0, 'n_jobs': 1, 'random_state': 1}"")",KNeighborsClassifier(),0.8689640035118524,0.6066520467836257,0.9054545454545455,0.7090189665144293,0.8838049669628617,0.7319547891172626
146,"OS_('ADG', ""{'proportion': 1.0, 'kernel': 'inner', 'lam': 1.0, 'mu': 1.0, 'k': 12, 'gamma': 1.0, 'n_jobs': 1, 'random_state': 1}"")",MLPClassifier(random_state=1),0.8749780509218613,0.6094005847953217,0.8309090909090908,0.6853756613756614,0.8572151970836183,0.7024810394619372
147,"OS_('ADG', ""{'proportion': 1.0, 'kernel': 'inner', 'lam': 1.0, 'mu': 1.0, 'k': 12, 'gamma': 1.0, 'n_jobs': 1, 'random_state': 1}"")","Pipeline(steps=[('standardscaler', StandardScaler()),
                ('svc',
                 SVC(C=1, gamma='auto', kernel='linear', random_state=1))])",0.8450834064969271,0.57781217750258,0.8690909090909091,0.6756200846944949,0.8549401913875598,0.6988638620010251
148,"OS_('SMOTE_IPF', ""{'proportion': 1.0, 'n_neighbors': 5, 'n_folds': 9, 'k': 3, 'p': 0.01, 'voting': 'majority', 'n_jobs': 1, 'classifier': DecisionTreeClassifier(random_state=2), 'random_state': 1}"")",DecisionTreeClassifier(random_state=1),0.8928007023705005,0.6348717948717949,0.7709090909090908,0.6909952366474105,0.8432552973342448,0.6968880624595635
149,"OS_('SMOTE_IPF', ""{'proportion': 1.0, 'n_neighbors': 5, 'n_folds': 9, 'k': 3, 'p': 0.01, 'voting': 'majority', 'n_jobs': 1, 'classifier': DecisionTreeClassifier(random_state=2), 'random_state': 1}"")",KNeighborsClassifier(),0.854126426690079,0.6054656862745098,0.9236363636363636,0.7084634316473855,0.8821502620186831,0.7353539658901126
150,"OS_('SMOTE_IPF', ""{'proportion': 1.0, 'n_neighbors': 5, 'n_folds': 9, 'k': 3, 'p': 0.01, 'voting': 'majority', 'n_jobs': 1, 'classifier': DecisionTreeClassifier(random_state=2), 'random_state': 1}"")",MLPClassifier(random_state=1),0.8689201053555751,0.6356302521008403,0.9036363636363637,0.7208736611175636,0.8827392344497607,0.7443728739899315
151,"OS_('SMOTE_IPF', ""{'proportion': 1.0, 'n_neighbors': 5, 'n_folds': 9, 'k': 3, 'p': 0.01, 'voting': 'majority', 'n_jobs': 1, 'classifier': DecisionTreeClassifier(random_state=2), 'random_state': 1}"")","Pipeline(steps=[('standardscaler', StandardScaler()),
                ('svc',
                 SVC(C=1, gamma='auto', kernel='linear', random_state=1))])",0.8361281826163302,0.6047222222222223,0.9236363636363636,0.7040937497433707,0.8713733196627933,0.7323118623523166
152,"OS_('KernelADASYN', ""{'proportion': 1.0, 'k': 5, 'h': 1.0, 'n_jobs': 1, 'random_state': 1}"")",DecisionTreeClassifier(random_state=1),0.7913081650570677,0.5153766233766234,0.4836363636363637,0.4578478057889822,0.6657216905901115,0.47796840082369885
153,"OS_('KernelADASYN', ""{'proportion': 1.0, 'k': 5, 'h': 1.0, 'n_jobs': 1, 'random_state': 1}"")",KNeighborsClassifier(),0.904609306409131,0.7531986531986532,0.8672727272727272,0.7904543968617196,0.8891814764183185,0.7999022642039193
154,"OS_('KernelADASYN', ""{'proportion': 1.0, 'k': 5, 'h': 1.0, 'n_jobs': 1, 'random_state': 1}"")",MLPClassifier(random_state=1),0.8808165057067603,0.7452991452991453,0.6218181818181818,0.6539003717955264,0.7753827751196172,0.6684667390164303
155,"OS_('KernelADASYN', ""{'proportion': 1.0, 'k': 5, 'h': 1.0, 'n_jobs': 1, 'random_state': 1}"")","Pipeline(steps=[('standardscaler', StandardScaler()),
                ('svc',
                 SVC(C=1, gamma='auto', kernel='linear', random_state=1))])",0.8125109745390693,0.2,0.2309090909090909,0.21422924901185772,0.574853041695147,0.21484075806238767
156,"OS_('MOT2LD', ""{'proportion': 1.0, 'n_components': 2, 'k': 5, 'd_cut': 'auto', 'n_jobs': 1, 'random_state': 1}"")",DecisionTreeClassifier(random_state=1),0.8660228270412642,0.6027039627039626,0.8109090909090909,0.6779598799369966,0.8434871269081796,0.691852483334054
157,"OS_('MOT2LD', ""{'proportion': 1.0, 'n_components': 2, 'k': 5, 'd_cut': 'auto', 'n_jobs': 1, 'random_state': 1}"")",KNeighborsClassifier(),0.8896400351185252,0.6961980548187444,0.9054545454545455,0.7693287566742943,0.8959290271132376,0.78446246322541
158,"OS_('MOT2LD', ""{'proportion': 1.0, 'n_components': 2, 'k': 5, 'd_cut': 'auto', 'n_jobs': 1, 'random_state': 1}"")",MLPClassifier(random_state=1),0.8897717295873573,0.6755952380952381,0.9036363636363637,0.7521442495126707,0.8951139211665528,0.7703218880880082
159,"OS_('MOT2LD', ""{'proportion': 1.0, 'n_components': 2, 'k': 5, 'd_cut': 'auto', 'n_jobs': 1, 'random_state': 1}"")","Pipeline(steps=[('standardscaler', StandardScaler()),
                ('svc',
                 SVC(C=1, gamma='auto', kernel='linear', random_state=1))])",0.8659350307287094,0.6438306791247967,0.9054545454545455,0.7356672313194053,0.8817686261107314,0.7542182883158332
160,"OS_('V_SYNTH', ""{'proportion': 1.0, 'n_components': 3, 'n_jobs': 1, 'random_state': 1}"")",DecisionTreeClassifier(random_state=1),0.8867866549604917,0.6764957264957264,0.8290909090909091,0.7307968671813064,0.8631043517885624,0.741405634790145
161,"OS_('V_SYNTH', ""{'proportion': 1.0, 'n_components': 3, 'n_jobs': 1, 'random_state': 1}"")",KNeighborsClassifier(),0.8360403863037753,0.5462891296869625,0.9236363636363636,0.6735944004909522,0.8715612895876055,0.7028807144882114
162,"OS_('V_SYNTH', ""{'proportion': 1.0, 'n_components': 3, 'n_jobs': 1, 'random_state': 1}"")",MLPClassifier(random_state=1),0.8273046532045655,0.5685628097392803,0.9236363636363636,0.6816481481481481,0.8661414900888584,0.712016574152962
163,"OS_('V_SYNTH', ""{'proportion': 1.0, 'n_components': 3, 'n_jobs': 1, 'random_state': 1}"")","Pipeline(steps=[('standardscaler', StandardScaler()),
                ('svc',
                 SVC(C=1, gamma='auto', kernel='linear', random_state=1))])",0.7297629499561018,0.33401993355481724,0.7236363636363636,0.43740600978336835,0.72569662793347,0.47883845584161844
164,"OS_('OUPS', ""{'proportion': 1.0, 'n_jobs': 1, 'random_state': 1}"")",DecisionTreeClassifier(random_state=1),0.8480684811237928,0.5590142210730445,0.8090909090909092,0.6504904904904906,0.8320203918888129,0.6668177864764427
165,"OS_('OUPS', ""{'proportion': 1.0, 'n_jobs': 1, 'random_state': 1}"")",KNeighborsClassifier(),0.883713784021071,0.6828544320954189,0.9236363636363636,0.7629724817093239,0.8997254499886079,0.7822029417100091
166,"OS_('OUPS', ""{'proportion': 1.0, 'n_jobs': 1, 'random_state': 1}"")",MLPClassifier(random_state=1),0.8867866549604916,0.6714285714285715,0.8854545454545455,0.742514619883041,0.8860230120756437,0.7599237066151561
167,"OS_('OUPS', ""{'proportion': 1.0, 'n_jobs': 1, 'random_state': 1}"")","Pipeline(steps=[('standardscaler', StandardScaler()),
                ('svc',
                 SVC(C=1, gamma='auto', kernel='linear', random_state=1))])",0.8599648814749781,0.6314680417621593,0.9054545454545455,0.7231899679268101,0.8782598541809069,0.74483646275066
168,"OS_('SMOTE_D', ""{'proportion': 1.0, 'k': 3, 'n_jobs': 1, 'random_state': 1}"")",DecisionTreeClassifier(random_state=1),0.8540825285338016,0.607210150960151,0.790909090909091,0.6656084553695111,0.8280673274094326,0.6814222917252448
169,"OS_('SMOTE_D', ""{'proportion': 1.0, 'k': 3, 'n_jobs': 1, 'random_state': 1}"")",KNeighborsClassifier(),0.9104916593503074,0.746969696969697,0.8854545454545455,0.7919392684610077,0.9001207564365459,0.8037666347844687
170,"OS_('SMOTE_D', ""{'proportion': 1.0, 'k': 3, 'n_jobs': 1, 'random_state': 1}"")",MLPClassifier(random_state=1),0.883801580333626,0.7852941176470588,0.5636363636363635,0.6451447245564892,0.7533094098883572,0.6595549853210944
171,"OS_('SMOTE_D', ""{'proportion': 1.0, 'k': 3, 'n_jobs': 1, 'random_state': 1}"")","Pipeline(steps=[('standardscaler', StandardScaler()),
                ('svc',
                 SVC(C=1, gamma='auto', kernel='linear', random_state=1))])",0.8808165057067603,0.7537878787878788,0.6036363636363635,0.6551981712225119,0.7680149236728184,0.6667607104574165
172,"OS_('SMOTE_PSO', ""{'k': 3, 'eps': 0.05, 'n_pop': 10, 'w': 1.0, 'c1': 2.0, 'c2': 2.0, 'num_it': 10, 'n_jobs': 1, 'random_state': 1}"")",DecisionTreeClassifier(random_state=1),0.874846356453029,0.6597474747474747,0.7727272727272727,0.6953074995180258,0.8331994759626339,0.7054872389780831
173,"OS_('SMOTE_PSO', ""{'k': 3, 'eps': 0.05, 'n_pop': 10, 'w': 1.0, 'c1': 2.0, 'c2': 2.0, 'num_it': 10, 'n_jobs': 1, 'random_state': 1}"")",KNeighborsClassifier(),0.8690079016681299,0.6406758373205742,0.9236363636363636,0.73566232217395,0.8909221918432444,0.7578546534831867
174,"OS_('SMOTE_PSO', ""{'k': 3, 'eps': 0.05, 'n_pop': 10, 'w': 1.0, 'c1': 2.0, 'c2': 2.0, 'num_it': 10, 'n_jobs': 1, 'random_state': 1}"")",MLPClassifier(random_state=1),0.8867866549604916,0.6732142857142858,0.9036363636363637,0.7497150997150998,0.8933282068808385,0.7684398133282636
175,"OS_('SMOTE_PSO', ""{'k': 3, 'eps': 0.05, 'n_pop': 10, 'w': 1.0, 'c1': 2.0, 'c2': 2.0, 'num_it': 10, 'n_jobs': 1, 'random_state': 1}"")","Pipeline(steps=[('standardscaler', StandardScaler()),
                ('svc',
                 SVC(C=1, gamma='auto', kernel='linear', random_state=1))])",0.8480684811237928,0.6231620718462824,0.9236363636363636,0.7185133637428167,0.8784535201640467,0.7443663783117824
176,"OS_('CURE_SMOTE', ""{'proportion': 1.0, 'n_clusters': 5, 'noise_th': 2, 'n_jobs': 1, 'random_state': 1}"")",DecisionTreeClassifier(random_state=1),0.8719929762949956,0.6071428571428571,0.7945454545454546,0.6750649350649351,0.8406311232627022,0.6876500295683875
177,"OS_('CURE_SMOTE', ""{'proportion': 1.0, 'n_clusters': 5, 'noise_th': 2, 'n_jobs': 1, 'random_state': 1}"")",KNeighborsClassifier(),0.8779631255487269,0.6496533109963236,0.9236363636363636,0.7426620900076278,0.8962793347003875,0.7638642532935035
178,"OS_('CURE_SMOTE', ""{'proportion': 1.0, 'n_clusters': 5, 'noise_th': 2, 'n_jobs': 1, 'random_state': 1}"")",MLPClassifier(random_state=1),0.8308604038630378,0.5775910364145659,0.9236363636363636,0.6801364522417155,0.8682718159033949,0.7134633086030326
179,"OS_('CURE_SMOTE', ""{'proportion': 1.0, 'n_clusters': 5, 'noise_th': 2, 'n_jobs': 1, 'random_state': 1}"")","Pipeline(steps=[('standardscaler', StandardScaler()),
                ('svc',
                 SVC(C=1, gamma='auto', kernel='linear', random_state=1))])",0.8451273046532044,0.5995518207282913,0.8272727272727272,0.6641832342693175,0.8375085440874914,0.6879554358434705
180,"OS_('SOMO', ""{'proportion': 1.0, 'n_grid': 10, 'sigma': 0.2, 'learning_rate': 0.5, 'n_iter': 100, 'n_jobs': 1, 'random_state': 1}"")",DecisionTreeClassifier(random_state=1),0.9197541703248463,0.7351370851370851,0.7727272727272727,0.748438368648895,0.8598912052859422,0.751178261428832
181,"OS_('SOMO', ""{'proportion': 1.0, 'n_grid': 10, 'sigma': 0.2, 'learning_rate': 0.5, 'n_iter': 100, 'n_jobs': 1, 'random_state': 1}"")",KNeighborsClassifier(),0.9015364354697102,0.7374458874458873,0.9054545454545455,0.7942578855164668,0.9029778992936887,0.8073131245788325
182,"OS_('SOMO', ""{'proportion': 1.0, 'n_grid': 10, 'sigma': 0.2, 'learning_rate': 0.5, 'n_iter': 100, 'n_jobs': 1, 'random_state': 1}"")",MLPClassifier(random_state=1),0.8987269534679545,0.7786324786324786,0.7727272727272727,0.7375330101942027,0.8472345636819322,0.7560160199891476
183,"OS_('SOMO', ""{'proportion': 1.0, 'n_grid': 10, 'sigma': 0.2, 'learning_rate': 0.5, 'n_iter': 100, 'n_jobs': 1, 'random_state': 1}"")","Pipeline(steps=[('standardscaler', StandardScaler()),
                ('svc',
                 SVC(C=1, gamma='auto', kernel='linear', random_state=1))])",0.8689201053555751,0.6999645515774547,0.7745454545454546,0.7003450655624568,0.8304118250170882,0.7180238746739004
184,"OS_('CE_SMOTE', ""{'proportion': 1.0, 'h': 10, 'k': 5, 'alpha': 0.5, 'n_jobs': 1, 'random_state': 1}"")",DecisionTreeClassifier(random_state=1),0.910755048287972,0.7015873015873015,0.7727272727272727,0.7264988558352403,0.8547220323536113,0.7317959080776383
185,"OS_('CE_SMOTE', ""{'proportion': 1.0, 'h': 10, 'k': 5, 'alpha': 0.5, 'n_jobs': 1, 'random_state': 1}"")",KNeighborsClassifier(),0.8539947322212468,0.5791828199098747,0.9236363636363636,0.6984236453201971,0.8821815903394852,0.7238637055708216
186,"OS_('CE_SMOTE', ""{'proportion': 1.0, 'h': 10, 'k': 5, 'alpha': 0.5, 'n_jobs': 1, 'random_state': 1}"")",MLPClassifier(random_state=1),0.8778753292361721,0.6472689075630252,0.9036363636363637,0.7310744810744811,0.8880650489861015,0.752571539181178
187,"OS_('CE_SMOTE', ""{'proportion': 1.0, 'h': 10, 'k': 5, 'alpha': 0.5, 'n_jobs': 1, 'random_state': 1}"")","Pipeline(steps=[('standardscaler', StandardScaler()),
                ('svc',
                 SVC(C=1, gamma='auto', kernel='linear', random_state=1))])",0.8659789288849868,0.6245518207282913,0.9072727272727272,0.7243450767841011,0.8827717019822284,0.7443535371195977
188,"OS_('Edge_Det_SMOTE', ""{'proportion': 1.0, 'k': 5, 'n_jobs': 1, 'random_state': 1}"")",DecisionTreeClassifier(random_state=1),0.8659350307287094,0.6224967730038725,0.8290909090909091,0.6925974025974027,0.8507609933925723,0.7084661757626274
189,"OS_('Edge_Det_SMOTE', ""{'proportion': 1.0, 'k': 5, 'n_jobs': 1, 'random_state': 1}"")",KNeighborsClassifier(),0.8390693590869184,0.5526594728800611,0.9236363636363636,0.6765695392101992,0.8733783321941218,0.7060483201832979
190,"OS_('Edge_Det_SMOTE', ""{'proportion': 1.0, 'k': 5, 'n_jobs': 1, 'random_state': 1}"")",MLPClassifier(random_state=1),0.8719051799824408,0.6376992176180817,0.9036363636363637,0.7230687830687831,0.8845249487354752,0.7460667871006128
191,"OS_('Edge_Det_SMOTE', ""{'proportion': 1.0, 'k': 5, 'n_jobs': 1, 'random_state': 1}"")","Pipeline(steps=[('standardscaler', StandardScaler()),
                ('svc',
                 SVC(C=1, gamma='auto', kernel='linear', random_state=1))])",0.8391132572431956,0.6075917546505781,0.9236363636363636,0.7065311554748941,0.8731590339485077,0.7343416847076372
192,"OS_('DBSMOTE', ""{'proportion': 1.0, 'eps': 0.8, 'min_samples': 3, 'n_jobs': 1, 'random_state': 1}"")",DecisionTreeClassifier(random_state=1),0.872036874451273,0.6487878787878789,0.7527272727272727,0.6781499202551835,0.8231681476418318,0.688954708256826
193,"OS_('DBSMOTE', ""{'proportion': 1.0, 'eps': 0.8, 'min_samples': 3, 'n_jobs': 1, 'random_state': 1}"")",KNeighborsClassifier(),0.9075065847234416,0.7306666666666666,0.9054545454545455,0.7933032845618658,0.9065806561859194,0.8053217948633498
194,"OS_('DBSMOTE', ""{'proportion': 1.0, 'eps': 0.8, 'min_samples': 3, 'n_jobs': 1, 'random_state': 1}"")",MLPClassifier(random_state=1),0.8897717295873573,0.6967032967032967,0.8672727272727274,0.7505202526941657,0.8804095465937571,0.7656592170863242
195,"OS_('DBSMOTE', ""{'proportion': 1.0, 'eps': 0.8, 'min_samples': 3, 'n_jobs': 1, 'random_state': 1}"")","Pipeline(steps=[('standardscaler', StandardScaler()),
                ('svc',
                 SVC(C=1, gamma='auto', kernel='linear', random_state=1))])",0.8540386303775241,0.6298951048951048,0.8309090909090908,0.6943079803491703,0.844495898838004,0.7114201714452412
196,"OS_('ASMOBD', ""{'proportion': 1.0, 'min_samples': 3, 'eps': 0.8, 'eta': 0.5, 'T_1': 1.0, 'T_2': 1.0, 't_1': 4.0, 't_2': 4.0, 'a': 0.05, 'smoothing': 'linear', 'n_jobs': 1, 'random_state': 1}"")",DecisionTreeClassifier(random_state=1),0.8808604038630378,0.6577622377622377,0.8290909090909091,0.7153559617449778,0.8596269081795398,0.7289261039987984
197,"OS_('ASMOBD', ""{'proportion': 1.0, 'min_samples': 3, 'eps': 0.8, 'eta': 0.5, 'T_1': 1.0, 'T_2': 1.0, 't_1': 4.0, 't_2': 4.0, 'a': 0.05, 'smoothing': 'linear', 'n_jobs': 1, 'random_state': 1}"")",KNeighborsClassifier(),0.8986391571553994,0.6956043956043956,0.9236363636363636,0.7767322654462243,0.9086226930963773,0.7926340649299155
198,"OS_('ASMOBD', ""{'proportion': 1.0, 'min_samples': 3, 'eps': 0.8, 'eta': 0.5, 'T_1': 1.0, 'T_2': 1.0, 't_1': 4.0, 't_2': 4.0, 'a': 0.05, 'smoothing': 'linear', 'n_jobs': 1, 'random_state': 1}"")",MLPClassifier(random_state=1),0.8868305531167691,0.6714285714285715,0.8854545454545455,0.7430274403958614,0.8860230120756436,0.7601904374025427
199,"OS_('ASMOBD', ""{'proportion': 1.0, 'min_samples': 3, 'eps': 0.8, 'eta': 0.5, 'T_1': 1.0, 'T_2': 1.0, 't_1': 4.0, 't_2': 4.0, 'a': 0.05, 'smoothing': 'linear', 'n_jobs': 1, 'random_state': 1}"")","Pipeline(steps=[('standardscaler', StandardScaler()),
                ('svc',
                 SVC(C=1, gamma='auto', kernel='linear', random_state=1))])",0.8570237050043898,0.6297619047619047,0.9054545454545455,0.7198827019238918,0.8764741398951926,0.7424975271102932
200,"OS_('Assembled_SMOTE', ""{'proportion': 1.0, 'n_neighbors': 5, 'pop': 2, 'thres': 0.3, 'n_jobs': 1, 'random_state': 1}"")",DecisionTreeClassifier(random_state=1),0.8568920105355575,0.6458969000348311,0.7745454545454546,0.6896937799043064,0.823362952836637,0.6995665750928032
201,"OS_('Assembled_SMOTE', ""{'proportion': 1.0, 'n_neighbors': 5, 'pop': 2, 'thres': 0.3, 'n_jobs': 1, 'random_state': 1}"")",KNeighborsClassifier(),0.8540386303775241,0.5813242721330957,0.9236363636363636,0.7002069729254974,0.8821502620186831,0.7252637945964175
202,"OS_('Assembled_SMOTE', ""{'proportion': 1.0, 'n_neighbors': 5, 'pop': 2, 'thres': 0.3, 'n_jobs': 1, 'random_state': 1}"")",MLPClassifier(random_state=1),0.8719051799824408,0.6376992176180817,0.9036363636363637,0.7230687830687831,0.8845249487354752,0.7460667871006128
203,"OS_('Assembled_SMOTE', ""{'proportion': 1.0, 'n_neighbors': 5, 'pop': 2, 'thres': 0.3, 'n_jobs': 1, 'random_state': 1}"")","Pipeline(steps=[('standardscaler', StandardScaler()),
                ('svc',
                 SVC(C=1, gamma='auto', kernel='linear', random_state=1))])",0.8450834064969271,0.6291269841269841,0.9236363636363636,0.7217860574356785,0.8766364775575303,0.7473225666729986
204,"OS_('SDSMOTE', ""{'proportion': 1.0, 'n_neighbors': 5, 'n_jobs': 1, 'random_state': 1}"")",DecisionTreeClassifier(random_state=1),0.8689640035118525,0.6542346542346542,0.7545454545454546,0.6892994691621693,0.8222601959444067,0.6965570355578127
205,"OS_('SDSMOTE', ""{'proportion': 1.0, 'n_neighbors': 5, 'n_jobs': 1, 'random_state': 1}"")",KNeighborsClassifier(),0.8391132572431956,0.5712698412698413,0.9054545454545455,0.6822717748402617,0.8660104807473228,0.7091385954035274
206,"OS_('SDSMOTE', ""{'proportion': 1.0, 'n_neighbors': 5, 'n_jobs': 1, 'random_state': 1}"")",MLPClassifier(random_state=1),0.8689640035118525,0.6305096751344216,0.9036363636363637,0.7176500638569605,0.8827705627705628,0.7415340457867583
207,"OS_('SDSMOTE', ""{'proportion': 1.0, 'n_neighbors': 5, 'n_jobs': 1, 'random_state': 1}"")","Pipeline(steps=[('standardscaler', StandardScaler()),
                ('svc',
                 SVC(C=1, gamma='auto', kernel='linear', random_state=1))])",0.8391132572431956,0.6130555555555556,0.9236363636363636,0.7102475958972169,0.8731277056277056,0.7374972955294428
208,"OS_('DSMOTE', ""{'proportion': 1.0, 'n_neighbors': 5, 'rate': 0.1, 'n_step': 50, 'n_jobs': 1, 'random_state': 1}"")",DecisionTreeClassifier(random_state=1),0.8837137840210711,0.7519106699751862,0.7890909090909091,0.7327542641770668,0.8447334244702667,0.7507796472460082
209,"OS_('DSMOTE', ""{'proportion': 1.0, 'n_neighbors': 5, 'rate': 0.1, 'n_step': 50, 'n_jobs': 1, 'random_state': 1}"")",KNeighborsClassifier(),0.9075065847234416,0.7411725955204216,0.8672727272727274,0.7828636382089068,0.8910298473456368,0.793310687885673
210,"OS_('DSMOTE', ""{'proportion': 1.0, 'n_neighbors': 5, 'rate': 0.1, 'n_step': 50, 'n_jobs': 1, 'random_state': 1}"")",MLPClassifier(random_state=1),0.892756804214223,0.7253030303030303,0.7145454545454545,0.7010981827520327,0.8200233538391434,0.7103856836493416
211,"OS_('DSMOTE', ""{'proportion': 1.0, 'n_neighbors': 5, 'rate': 0.1, 'n_step': 50, 'n_jobs': 1, 'random_state': 1}"")","Pipeline(steps=[('standardscaler', StandardScaler()),
                ('svc',
                 SVC(C=1, gamma='auto', kernel='linear', random_state=1))])",0.8659350307287094,0.6739521348217,0.6581818181818181,0.641091219096334,0.7811899065846435,0.65334209625732
212,"OS_('G_SMOTE', ""{'proportion': 1.0, 'n_neighbors': 5, 'method': 'linear', 'n_jobs': 1, 'random_state': 1}"")",DecisionTreeClassifier(random_state=1),0.8748902546093064,0.6378021978021977,0.8454545454545455,0.7069212289212289,0.862545568466621,0.7237886771098918
213,"OS_('G_SMOTE', ""{'proportion': 1.0, 'n_neighbors': 5, 'method': 'linear', 'n_jobs': 1, 'random_state': 1}"")",KNeighborsClassifier(),0.8630377524143986,0.6071873231465761,0.9236363636363636,0.7163809523809525,0.8874447482342219,0.7399213477963711
214,"OS_('G_SMOTE', ""{'proportion': 1.0, 'n_neighbors': 5, 'method': 'linear', 'n_jobs': 1, 'random_state': 1}"")",MLPClassifier(random_state=1),0.8748902546093065,0.6450521587945522,0.9036363636363637,0.7287667887667888,0.8862793347003872,0.7507876723395577
215,"OS_('G_SMOTE', ""{'proportion': 1.0, 'n_neighbors': 5, 'method': 'linear', 'n_jobs': 1, 'random_state': 1}"")","Pipeline(steps=[('standardscaler', StandardScaler()),
                ('svc',
                 SVC(C=1, gamma='auto', kernel='linear', random_state=1))])",0.8480684811237928,0.6386507936507937,0.9236363636363636,0.7284527241023452,0.8783908635224424,0.7530541014331567
216,"OS_('NT_SMOTE', ""{'proportion': 1.0, 'n_jobs': 1, 'random_state': 1}"")",DecisionTreeClassifier(random_state=1),0.8602282704126427,0.5774012791175263,0.8109090909090909,0.6679655893978145,0.8400410116199589,0.6807724087754232
217,"OS_('NT_SMOTE', ""{'proportion': 1.0, 'n_jobs': 1, 'random_state': 1}"")",KNeighborsClassifier(),0.8807287093942054,0.6571121351766513,0.9236363636363636,0.7517142857142858,0.8979710640236955,0.7701835991155607
218,"OS_('NT_SMOTE', ""{'proportion': 1.0, 'n_jobs': 1, 'random_state': 1}"")",MLPClassifier(random_state=1),0.8778753292361721,0.6472689075630252,0.9036363636363637,0.7310744810744811,0.8880650489861015,0.752571539181178
219,"OS_('NT_SMOTE', ""{'proportion': 1.0, 'n_jobs': 1, 'random_state': 1}"")","Pipeline(steps=[('standardscaler', StandardScaler()),
                ('svc',
                 SVC(C=1, gamma='auto', kernel='linear', random_state=1))])",0.8570237050043898,0.6341269841269841,0.9236363636363636,0.7277935668224119,0.8837793347003874,0.7519643370142244
220,"OS_('Lee', ""{'proportion': 1.0, 'n_neighbors': 5, 'rejection_level': 0.5, 'n_jobs': 1, 'random_state': 1}"")",DecisionTreeClassifier(random_state=1),0.8987708516242318,0.6551981351981352,0.7909090909090908,0.7116619033140773,0.854884370015949,0.7173130441765044
221,"OS_('Lee', ""{'proportion': 1.0, 'n_neighbors': 5, 'rejection_level': 0.5, 'n_jobs': 1, 'random_state': 1}"")",KNeighborsClassifier(),0.8777436347673397,0.6638095238095237,0.9054545454545455,0.7475224646983312,0.8888801549327866,0.7653635136583312
222,"OS_('Lee', ""{'proportion': 1.0, 'n_neighbors': 5, 'rejection_level': 0.5, 'n_jobs': 1, 'random_state': 1}"")",MLPClassifier(random_state=1),0.8838454784899034,0.6690476190476191,0.8854545454545455,0.7405982905982906,0.8842372977899293,0.7583083626427982
223,"OS_('Lee', ""{'proportion': 1.0, 'n_neighbors': 5, 'rejection_level': 0.5, 'n_jobs': 1, 'random_state': 1}"")","Pipeline(steps=[('standardscaler', StandardScaler()),
                ('svc',
                 SVC(C=1, gamma='auto', kernel='linear', random_state=1))])",0.8480245829675154,0.6418659771600949,0.9054545454545455,0.7272832080200501,0.8710543403964458,0.7490239376485505
224,"OS_('SPY', ""{'n_neighbors': 5, 'threshold': 0.5, 'n_jobs': 1}"")",DecisionTreeClassifier(random_state=1),0.8628621597892889,0.6418981018981018,0.8254545454545454,0.6978392621870884,0.8470317840054682,0.7144621682796775
225,"OS_('SPY', ""{'n_neighbors': 5, 'threshold': 0.5, 'n_jobs': 1}"")",KNeighborsClassifier(),0.8866549604916594,0.697275641025641,0.9236363636363636,0.7730496869068524,0.9014485076327181,0.790819983832498
226,"OS_('SPY', ""{'n_neighbors': 5, 'threshold': 0.5, 'n_jobs': 1}"")",MLPClassifier(random_state=1),0.892756804214223,0.7316666666666667,0.7527272727272727,0.7202111338953444,0.8355115060378218,0.7309158996839265
227,"OS_('SPY', ""{'n_neighbors': 5, 'threshold': 0.5, 'n_jobs': 1}"")","Pipeline(steps=[('standardscaler', StandardScaler()),
                ('svc',
                 SVC(C=1, gamma='auto', kernel='linear', random_state=1))])",0.8599209833187007,0.6644796380090497,0.8072727272727273,0.6968797953964194,0.8379408749145592,0.7152774064304366
228,"OS_('SMOTE_PSOBAT', ""{'maxit': 50, 'c1': 0.3, 'c2': 0.1, 'c3': 0.1, 'alpha': 0.9, 'gamma': 0.9, 'method': 'bat', 'n_jobs': 1, 'random_state': 1}"")",DecisionTreeClassifier(random_state=1),0.8659350307287095,0.6230935730935732,0.8672727272727272,0.7065217391304348,0.8662491455912509,0.7247422982487891
229,"OS_('SMOTE_PSOBAT', ""{'maxit': 50, 'c1': 0.3, 'c2': 0.1, 'c3': 0.1, 'alpha': 0.9, 'gamma': 0.9, 'method': 'bat', 'n_jobs': 1, 'random_state': 1}"")",KNeighborsClassifier(),0.8480684811237928,0.5701787612971823,0.9236363636363636,0.6910115706266469,0.8786414900888586,0.717795821623693
230,"OS_('SMOTE_PSOBAT', ""{'maxit': 50, 'c1': 0.3, 'c2': 0.1, 'c3': 0.1, 'alpha': 0.9, 'gamma': 0.9, 'method': 'bat', 'n_jobs': 1, 'random_state': 1}"")",MLPClassifier(random_state=1),0.8719051799824407,0.6370903361344539,0.9236363636363636,0.737530454042082,0.8926765778081567,0.7579788724648296
231,"OS_('SMOTE_PSOBAT', ""{'maxit': 50, 'c1': 0.3, 'c2': 0.1, 'c3': 0.1, 'alpha': 0.9, 'gamma': 0.9, 'method': 'bat', 'n_jobs': 1, 'random_state': 1}"")","Pipeline(steps=[('standardscaler', StandardScaler()),
                ('svc',
                 SVC(C=1, gamma='auto', kernel='linear', random_state=1))])",0.8480684811237928,0.6204689754689755,0.9436363636363636,0.7294552303680093,0.8866364775575301,0.7540099596721724
232,"OS_('MDO', ""{'proportion': 1.0, 'K2': 5, 'K1_frac': 0.5, 'n_jobs': 1, 'random_state': 1}"")",DecisionTreeClassifier(random_state=1),0.8658472344161545,0.6625534188034188,0.8290909090909091,0.7195715873008195,0.8506043517885624,0.7319944137976455
233,"OS_('MDO', ""{'proportion': 1.0, 'K2': 5, 'K1_frac': 0.5, 'n_jobs': 1, 'random_state': 1}"")",KNeighborsClassifier(),0.8628621597892888,0.6470588235294117,0.9054545454545455,0.7338155645524066,0.879982911825017,0.7540091584773767
234,"OS_('MDO', ""{'proportion': 1.0, 'K2': 5, 'K1_frac': 0.5, 'n_jobs': 1, 'random_state': 1}"")",MLPClassifier(random_state=1),0.8749341527655841,0.6378626163108921,0.9236363636363636,0.7350439759877148,0.8945249487354751,0.7571061524358228
235,"OS_('MDO', ""{'proportion': 1.0, 'K2': 5, 'K1_frac': 0.5, 'n_jobs': 1, 'random_state': 1}"")","Pipeline(steps=[('standardscaler', StandardScaler()),
                ('svc',
                 SVC(C=1, gamma='auto', kernel='linear', random_state=1))])",0.8331431079894644,0.5919579945799458,0.9236363636363636,0.6994164456233422,0.869587605377079,0.7267076925698785
236,"OS_('Random_SMOTE', ""{'proportion': 1.0, 'n_neighbors': 5, 'n_jobs': 1, 'random_state': 1}"")",DecisionTreeClassifier(random_state=1),0.8841527655838455,0.6211829836829837,0.7381818181818182,0.6726478030825858,0.825011961722488,0.6761436137976041
237,"OS_('Random_SMOTE', ""{'proportion': 1.0, 'n_neighbors': 5, 'n_jobs': 1, 'random_state': 1}"")",KNeighborsClassifier(),0.8629499561018438,0.6219607843137255,0.9054545454545455,0.7179986551745217,0.8801082251082251,0.7400467083062522
238,"OS_('Random_SMOTE', ""{'proportion': 1.0, 'n_neighbors': 5, 'n_jobs': 1, 'random_state': 1}"")",MLPClassifier(random_state=1),0.8719051799824408,0.6429831932773109,0.9036363636363637,0.7265716668155693,0.884493620414673,0.7490937592288763
239,"OS_('Random_SMOTE', ""{'proportion': 1.0, 'n_neighbors': 5, 'n_jobs': 1, 'random_state': 1}"")","Pipeline(steps=[('standardscaler', StandardScaler()),
                ('svc',
                 SVC(C=1, gamma='auto', kernel='linear', random_state=1))])",0.8510535557506586,0.6170893582658289,0.9436363636363636,0.7248722860791826,0.8884848484848484,0.7510906430921112
240,"OS_('ISMOTE', ""{'n_neighbors': 5, 'minority_weight': 0.5, 'n_jobs': 1, 'random_state': 1}"")",DecisionTreeClassifier(random_state=1),0.8005706760316068,0.44450669156551503,0.790909090909091,0.564447827020276,0.7966136933242197,0.5902373334765637
241,"OS_('ISMOTE', ""{'n_neighbors': 5, 'minority_weight': 0.5, 'n_jobs': 1, 'random_state': 1}"")",KNeighborsClassifier(),0.8510535557506586,0.5878787878787879,0.9236363636363636,0.7003994626063592,0.8803645477329688,0.7268632736557571
242,"OS_('ISMOTE', ""{'n_neighbors': 5, 'minority_weight': 0.5, 'n_jobs': 1, 'random_state': 1}"")",MLPClassifier(random_state=1),0.8688323090430202,0.6497786935286936,0.9054545454545455,0.732718423966894,0.8835856687172476,0.7541243483226646
243,"OS_('ISMOTE', ""{'n_neighbors': 5, 'minority_weight': 0.5, 'n_jobs': 1, 'random_state': 1}"")","Pipeline(steps=[('standardscaler', StandardScaler()),
                ('svc',
                 SVC(C=1, gamma='auto', kernel='linear', random_state=1))])",0.8539508340649693,0.6195424607189314,0.9254545454545454,0.7236243386243386,0.882902711323764,0.7466005617521914
244,"OS_('GASMOTE', ""{'n_neighbors': 5, 'maxn': 7, 'n_pop': 10, 'popl3': 5, 'pm': 0.3, 'pr': 0.2, 'Ge': 10, 'n_jobs': 1, 'random_state': 1}"")",DecisionTreeClassifier(random_state=1),0.8749780509218613,0.6276695526695526,0.7709090909090909,0.6773388015493278,0.832353041695147,0.6879939071210472
245,"OS_('GASMOTE', ""{'n_neighbors': 5, 'maxn': 7, 'n_pop': 10, 'popl3': 5, 'pm': 0.3, 'pr': 0.2, 'Ge': 10, 'n_jobs': 1, 'random_state': 1}"")",KNeighborsClassifier(),0.8687884108867427,0.6402073732718894,0.9236363636363636,0.7336055523423944,0.8909535201640466,0.7567711383473916
246,"OS_('GASMOTE', ""{'n_neighbors': 5, 'maxn': 7, 'n_pop': 10, 'popl3': 5, 'pm': 0.3, 'pr': 0.2, 'Ge': 10, 'n_jobs': 1, 'random_state': 1}"")",MLPClassifier(random_state=1),0.8868305531167691,0.6851648351648352,0.8672727272727274,0.7439985135637309,0.8786551606288449,0.7595128885274726
247,"OS_('GASMOTE', ""{'n_neighbors': 5, 'maxn': 7, 'n_pop': 10, 'popl3': 5, 'pm': 0.3, 'pr': 0.2, 'Ge': 10, 'n_jobs': 1, 'random_state': 1}"")","Pipeline(steps=[('standardscaler', StandardScaler()),
                ('svc',
                 SVC(C=1, gamma='auto', kernel='linear', random_state=1))])",0.8570237050043896,0.6226190476190475,0.8672727272727272,0.7053737703431706,0.860954659375712,0.7242966153833367
248,"OS_('SMOTE_FRST_2T', ""{'n_neighbors': 5, 'gamma_S': 0.7, 'gamma_M': 0.03, 'n_jobs': 1, 'random_state': 1}"")",DecisionTreeClassifier(random_state=1),0.8808604038630378,0.6373517564307039,0.7745454545454546,0.6888588756780976,0.8377426520847575,0.6972880278436303
249,"OS_('SMOTE_FRST_2T', ""{'n_neighbors': 5, 'gamma_S': 0.7, 'gamma_M': 0.03, 'n_jobs': 1, 'random_state': 1}"")",KNeighborsClassifier(),0.827260755048288,0.5478063241106719,0.9236363636363636,0.6666907286262125,0.8663294600136705,0.69960183655624
250,"OS_('SMOTE_FRST_2T', ""{'n_neighbors': 5, 'gamma_S': 0.7, 'gamma_M': 0.03, 'n_jobs': 1, 'random_state': 1}"")",MLPClassifier(random_state=1),0.8629938542581211,0.6265052257462125,0.9036363636363637,0.7133643495712463,0.8791991341991341,0.7382288588080034
251,"OS_('SMOTE_FRST_2T', ""{'n_neighbors': 5, 'gamma_S': 0.7, 'gamma_M': 0.03, 'n_jobs': 1, 'random_state': 1}"")","Pipeline(steps=[('standardscaler', StandardScaler()),
                ('svc',
                 SVC(C=1, gamma='auto', kernel='linear', random_state=1))])",0.8391132572431956,0.606437908496732,0.9436363636363636,0.7156457065584856,0.8813733196627934,0.7435118392042895
252,"OS_('AND_SMOTE', ""{'proportion': 1.0, 'K': 15, 'n_jobs': 1, 'random_state': 1}"")",DecisionTreeClassifier(random_state=1),0.8718173836698858,0.6660271146478043,0.7909090909090908,0.7027667984189724,0.8386562998405104,0.7150349025350853
253,"OS_('AND_SMOTE', ""{'proportion': 1.0, 'K': 15, 'n_jobs': 1, 'random_state': 1}"")",KNeighborsClassifier(),0.8777436347673397,0.6638095238095237,0.9054545454545455,0.7475224646983312,0.8888801549327866,0.7653635136583312
254,"OS_('AND_SMOTE', ""{'proportion': 1.0, 'K': 15, 'n_jobs': 1, 'random_state': 1}"")",MLPClassifier(random_state=1),0.8808604038630378,0.6668308702791461,0.8854545454545455,0.7382905982905983,0.882451583504215,0.7565244958011779
255,"OS_('AND_SMOTE', ""{'proportion': 1.0, 'K': 15, 'n_jobs': 1, 'random_state': 1}"")","Pipeline(steps=[('standardscaler', StandardScaler()),
                ('svc',
                 SVC(C=1, gamma='auto', kernel='linear', random_state=1))])",0.8480245829675154,0.6403458306399483,0.9036363636363637,0.7230018780967765,0.8701452494873548,0.7457883599850028
256,"OS_('NRAS', ""{'proportion': 1.0, 'n_neighbors': 5, 't': 0.5, 'n_jobs': 1, 'random_state': 1}"")",DecisionTreeClassifier(random_state=1),0.8897278314310799,0.7665319865319865,0.7527272727272727,0.7308771929824561,0.8336631351105035,0.7447564242475647
257,"OS_('NRAS', ""{'proportion': 1.0, 'n_neighbors': 5, 't': 0.5, 'n_jobs': 1, 'random_state': 1}"")",KNeighborsClassifier(),0.8777875329236172,0.6700744416873448,0.9054545454545455,0.7514166687622065,0.8888488266119845,0.7688210447582695
258,"OS_('NRAS', ""{'proportion': 1.0, 'n_neighbors': 5, 't': 0.5, 'n_jobs': 1, 'random_state': 1}"")",MLPClassifier(random_state=1),0.8808604038630378,0.6668308702791461,0.8854545454545455,0.7382905982905983,0.882451583504215,0.7565244958011779
259,"OS_('NRAS', ""{'proportion': 1.0, 'n_neighbors': 5, 't': 0.5, 'n_jobs': 1, 'random_state': 1}"")","Pipeline(steps=[('standardscaler', StandardScaler()),
                ('svc',
                 SVC(C=1, gamma='auto', kernel='linear', random_state=1))])",0.8510974539069359,0.6303785103785104,0.8690909090909091,0.7123437462937925,0.8582296650717703,0.729892969204639
260,"OS_('AMSCO', ""{'n_pop': 5, 'n_iter': 15, 'omega': 0.1, 'r1': 0.1, 'r2': 0.1, 'n_jobs': 1, 'classifier': DecisionTreeClassifier(random_state=2), 'random_state': 1}"")",DecisionTreeClassifier(random_state=1),0.8480684811237928,0.5769696969696969,0.8109090909090909,0.660607786698985,0.8328354978354978,0.6765713295543005
261,"OS_('AMSCO', ""{'n_pop': 5, 'n_iter': 15, 'omega': 0.1, 'r1': 0.1, 'r2': 0.1, 'n_jobs': 1, 'classifier': DecisionTreeClassifier(random_state=2), 'random_state': 1}"")",KNeighborsClassifier(),0.8420544337137841,0.579108734402852,0.9236363636363636,0.6914610389610389,0.875101389838232,0.7200107233315636
262,"OS_('AMSCO', ""{'n_pop': 5, 'n_iter': 15, 'omega': 0.1, 'r1': 0.1, 'r2': 0.1, 'n_jobs': 1, 'classifier': DecisionTreeClassifier(random_state=2), 'random_state': 1}"")",MLPClassifier(random_state=1),0.8452151009657595,0.6005723443223443,0.9236363636363636,0.7007366901794099,0.8768871041239464,0.7300497594043062
263,"OS_('AMSCO', ""{'n_pop': 5, 'n_iter': 15, 'omega': 0.1, 'r1': 0.1, 'r2': 0.1, 'n_jobs': 1, 'classifier': DecisionTreeClassifier(random_state=2), 'random_state': 1}"")","Pipeline(steps=[('standardscaler', StandardScaler()),
                ('svc',
                 SVC(C=1, gamma='auto', kernel='linear', random_state=1))])",0.8242317822651447,0.5925490555657437,0.9236363636363636,0.6920377867746288,0.8643244474823423,0.722982602902563
264,"OS_('SSO', ""{'proportion': 1.0, 'n_neighbors': 5, 'h': 10, 'n_iter': 5, 'n_jobs': 1, 'random_state': 1}"")",DecisionTreeClassifier(random_state=1),0.8660228270412642,0.6201298701298701,0.8109090909090909,0.678982128982129,0.8434557985873774,0.6966036533709387
265,"OS_('SSO', ""{'proportion': 1.0, 'n_neighbors': 5, 'h': 10, 'n_iter': 5, 'n_jobs': 1, 'random_state': 1}"")",KNeighborsClassifier(),0.8806848112379282,0.691025641025641,0.9054545454545455,0.7637473613254571,0.8905718842560948,0.7801599480147174
266,"OS_('SSO', ""{'proportion': 1.0, 'n_neighbors': 5, 'h': 10, 'n_iter': 5, 'n_jobs': 1, 'random_state': 1}"")",MLPClassifier(random_state=1),0.8808604038630378,0.6668308702791461,0.8854545454545455,0.7382905982905983,0.882451583504215,0.7565244958011779
267,"OS_('SSO', ""{'proportion': 1.0, 'n_neighbors': 5, 'h': 10, 'n_iter': 5, 'n_jobs': 1, 'random_state': 1}"")","Pipeline(steps=[('standardscaler', StandardScaler()),
                ('svc',
                 SVC(C=1, gamma='auto', kernel='linear', random_state=1))])",0.8659789288849868,0.6410974646268764,0.9236363636363636,0.7375212393803099,0.8891051492367282,0.7587831102280458
268,"OS_('NDO_sampling', ""{'proportion': 1.0, 'n_neighbors': 5, 'T': 0.5, 'n_jobs': 1, 'random_state': 1}"")",DecisionTreeClassifier(random_state=1),0.90171202809482,0.6893162393162393,0.8109090909090909,0.7381993213919356,0.8647590567327411,0.744099944167239
269,"OS_('NDO_sampling', ""{'proportion': 1.0, 'n_neighbors': 5, 'T': 0.5, 'n_jobs': 1, 'random_state': 1}"")",KNeighborsClassifier(),0.8540386303775241,0.5913351254480286,0.9054545454545455,0.7002223064292029,0.8748137388926864,0.7234084274819316
270,"OS_('NDO_sampling', ""{'proportion': 1.0, 'n_neighbors': 5, 'T': 0.5, 'n_jobs': 1, 'random_state': 1}"")",MLPClassifier(random_state=1),0.8867866549604916,0.6732142857142858,0.9036363636363637,0.7497150997150998,0.8933282068808385,0.7684398133282636
271,"OS_('NDO_sampling', ""{'proportion': 1.0, 'n_neighbors': 5, 'T': 0.5, 'n_jobs': 1, 'random_state': 1}"")","Pipeline(steps=[('standardscaler', StandardScaler()),
                ('svc',
                 SVC(C=1, gamma='auto', kernel='linear', random_state=1))])",0.8510535557506584,0.6250793650793651,0.8854545454545455,0.710763039532865,0.8646884256094782,0.7318829339365032
272,"OS_('DSRBF', ""{'proportion': 1.0, 'n_neighbors': 5, 'm_min': 4, 'm_max': 10, 'Ib': 2, 'Ob': 2, 'n_pop': 500, 'n_init_pop': 5000, 'n_iter': 40, 'n_sampling_epoch': 5, 'n_jobs': 1, 'random_state': 1}"")",DecisionTreeClassifier(random_state=1),0.8777436347673397,0.6821538461538461,0.7709090909090908,0.7052449965493444,0.8340134426976533,0.7155904469242129
273,"OS_('DSRBF', ""{'proportion': 1.0, 'n_neighbors': 5, 'm_min': 4, 'm_max': 10, 'Ib': 2, 'Ob': 2, 'n_pop': 500, 'n_init_pop': 5000, 'n_iter': 40, 'n_sampling_epoch': 5, 'n_jobs': 1, 'random_state': 1}"")",KNeighborsClassifier(),0.8629938542581211,0.6118055555555555,0.9236363636363636,0.7194450681635927,0.88741341991342,0.7425562151066749
274,"OS_('DSRBF', ""{'proportion': 1.0, 'n_neighbors': 5, 'm_min': 4, 'm_max': 10, 'Ib': 2, 'Ob': 2, 'n_pop': 500, 'n_init_pop': 5000, 'n_iter': 40, 'n_sampling_epoch': 5, 'n_jobs': 1, 'random_state': 1}"")",MLPClassifier(random_state=1),0.8778314310798947,0.65314039408867,0.9036363636363637,0.7345868945868946,0.8880337206652996,0.755738978549359
275,"OS_('DSRBF', ""{'proportion': 1.0, 'n_neighbors': 5, 'm_min': 4, 'm_max': 10, 'Ib': 2, 'Ob': 2, 'n_pop': 500, 'n_init_pop': 5000, 'n_iter': 40, 'n_sampling_epoch': 5, 'n_jobs': 1, 'random_state': 1}"")","Pipeline(steps=[('standardscaler', StandardScaler()),
                ('svc',
                 SVC(C=1, gamma='auto', kernel='linear', random_state=1))])",0.8450834064969271,0.6280294231513743,0.9436363636363636,0.7309549071618038,0.8848507632718159,0.7565329637134345
276,"OS_('Gaussian_SMOTE', ""{'proportion': 1.0, 'n_neighbors': 5, 'sigma': 1.0, 'n_jobs': 1, 'random_state': 1}"")",DecisionTreeClassifier(random_state=1),0.8808604038630378,0.6519536019536021,0.8672727272727274,0.7273954116059379,0.8751463886990202,0.7429015059541004
277,"OS_('Gaussian_SMOTE', ""{'proportion': 1.0, 'n_neighbors': 5, 'sigma': 1.0, 'n_jobs': 1, 'random_state': 1}"")",KNeighborsClassifier(),0.8746707638279192,0.704047619047619,0.9054545454545455,0.7678257669104351,0.8869691273638644,0.7851962820513593
278,"OS_('Gaussian_SMOTE', ""{'proportion': 1.0, 'n_neighbors': 5, 'sigma': 1.0, 'n_jobs': 1, 'random_state': 1}"")",MLPClassifier(random_state=1),0.8778753292361721,0.6499422686846622,0.9036363636363636,0.7371382804838182,0.8880337206652996,0.7562370729323813
279,"OS_('Gaussian_SMOTE', ""{'proportion': 1.0, 'n_neighbors': 5, 'sigma': 1.0, 'n_jobs': 1, 'random_state': 1}"")","Pipeline(steps=[('standardscaler', StandardScaler()),
                ('svc',
                 SVC(C=1, gamma='auto', kernel='linear', random_state=1))])",0.8450395083406497,0.595560413354531,0.9236363636363636,0.7044505494505494,0.8767304625199361,0.7305189985013546
280,"OS_('kmeans_SMOTE', ""{'proportion': 1.0, 'n_neighbors': 5, 'n_clusters': 10, 'irt': 2.0, 'n_jobs': 1, 'random_state': 1}"")",DecisionTreeClassifier(random_state=1),0.8867866549604917,0.740925925925926,0.7527272727272727,0.7181030115395439,0.8319087491455912,0.7319881091005034
281,"OS_('kmeans_SMOTE', ""{'proportion': 1.0, 'n_neighbors': 5, 'n_clusters': 10, 'irt': 2.0, 'n_jobs': 1, 'random_state': 1}"")",KNeighborsClassifier(),0.9015803336259877,0.7254597254597254,0.9054545454545455,0.7884461152882205,0.9030092276144908,0.8014739005711201
282,"OS_('kmeans_SMOTE', ""{'proportion': 1.0, 'n_neighbors': 5, 'n_clusters': 10, 'irt': 2.0, 'n_jobs': 1, 'random_state': 1}"")",MLPClassifier(random_state=1),0.8868305531167691,0.6714285714285715,0.8854545454545455,0.7430274403958614,0.8860230120756436,0.7601904374025427
283,"OS_('kmeans_SMOTE', ""{'proportion': 1.0, 'n_neighbors': 5, 'n_clusters': 10, 'irt': 2.0, 'n_jobs': 1, 'random_state': 1}"")","Pipeline(steps=[('standardscaler', StandardScaler()),
                ('svc',
                 SVC(C=1, gamma='auto', kernel='linear', random_state=1))])",0.8600526777875329,0.6335811247575954,0.8672727272727272,0.7125465331681072,0.8627090453406243,0.730631565012601
284,"OS_('Supervised_SMOTE', ""{'proportion': 1.0, 'th_lower': 0.5, 'th_upper': 1.0, 'classifier': RandomForestClassifier(n_estimators=50, n_jobs=1, random_state=5), 'n_jobs': 1, 'random_state': 1}"")",DecisionTreeClassifier(random_state=1),0.8777436347673397,0.6640873015873016,0.8472727272727273,0.726483280259024,0.8651150603782183,0.7405201876248487
285,"OS_('Supervised_SMOTE', ""{'proportion': 1.0, 'th_lower': 0.5, 'th_upper': 1.0, 'classifier': RandomForestClassifier(n_estimators=50, n_jobs=1, random_state=5), 'n_jobs': 1, 'random_state': 1}"")",KNeighborsClassifier(),0.8806848112379282,0.684305210918114,0.9054545454545455,0.7593653867109244,0.8906032125768968,0.7763390860671683
286,"OS_('Supervised_SMOTE', ""{'proportion': 1.0, 'th_lower': 0.5, 'th_upper': 1.0, 'classifier': RandomForestClassifier(n_estimators=50, n_jobs=1, random_state=5), 'n_jobs': 1, 'random_state': 1}"")",MLPClassifier(random_state=1),0.8867866549604916,0.6785714285714286,0.8854545454545455,0.7467521367521368,0.8859916837548416,0.7637731666155696
287,"OS_('Supervised_SMOTE', ""{'proportion': 1.0, 'th_lower': 0.5, 'th_upper': 1.0, 'classifier': RandomForestClassifier(n_estimators=50, n_jobs=1, random_state=5), 'n_jobs': 1, 'random_state': 1}"")","Pipeline(steps=[('standardscaler', StandardScaler()),
                ('svc',
                 SVC(C=1, gamma='auto', kernel='linear', random_state=1))])",0.8539947322212468,0.6286974789915967,0.9054545454545455,0.7200279125908416,0.8746884256094785,0.7424017924076435
288,"OS_('SN_SMOTE', ""{'proportion': 1.0, 'n_neighbors': 5, 'n_jobs': 1, 'random_state': 1}"")",DecisionTreeClassifier(random_state=1),0.8362598770851625,0.5957575757575757,0.7727272727272727,0.6547132867132868,0.8101105035315561,0.6686802273656868
289,"OS_('SN_SMOTE', ""{'proportion': 1.0, 'n_neighbors': 5, 'n_jobs': 1, 'random_state': 1}"")",KNeighborsClassifier(),0.8333187006145742,0.5396232057416268,0.9236363636363636,0.6664669198750994,0.8698695602642971,0.6976845526897619
290,"OS_('SN_SMOTE', ""{'proportion': 1.0, 'n_neighbors': 5, 'n_jobs': 1, 'random_state': 1}"")",MLPClassifier(random_state=1),0.8719051799824408,0.6376992176180817,0.9036363636363637,0.7230687830687831,0.8845249487354752,0.7460667871006128
291,"OS_('SN_SMOTE', ""{'proportion': 1.0, 'n_neighbors': 5, 'n_jobs': 1, 'random_state': 1}"")","Pipeline(steps=[('standardscaler', StandardScaler()),
                ('svc',
                 SVC(C=1, gamma='auto', kernel='linear', random_state=1))])",0.8420983318700614,0.615995115995116,0.9036363636363637,0.7065311554748941,0.8666678058783323,0.7315126674716732
292,"OS_('CCR', ""{'proportion': 1.0, 'energy': 1.0, 'scaling': 0.0, 'n_jobs': 1, 'random_state': 1}"")",DecisionTreeClassifier(random_state=1),0.8570676031606672,0.6055467453439057,0.7927272727272727,0.6678018278018277,0.8307934609250399,0.6828025410744328
293,"OS_('CCR', ""{'proportion': 1.0, 'energy': 1.0, 'scaling': 0.0, 'n_jobs': 1, 'random_state': 1}"")",KNeighborsClassifier(),0.8836259877085162,0.7162296590190328,0.8854545454545455,0.7648493213710605,0.8841119845067213,0.7820319813567527
294,"OS_('CCR', ""{'proportion': 1.0, 'energy': 1.0, 'scaling': 0.0, 'n_jobs': 1, 'random_state': 1}"")",MLPClassifier(random_state=1),0.8629499561018438,0.6427450980392156,0.9236363636363636,0.7348774109186008,0.887319434951014,0.7577801694135223
295,"OS_('CCR', ""{'proportion': 1.0, 'energy': 1.0, 'scaling': 0.0, 'n_jobs': 1, 'random_state': 1}"")","Pipeline(steps=[('standardscaler', StandardScaler()),
                ('svc',
                 SVC(C=1, gamma='auto', kernel='linear', random_state=1))])",0.8629499561018438,0.6253443043884219,0.9236363636363636,0.7231946144430845,0.88741341991342,0.7477558796292151
296,"OS_('ANS', ""{'proportion': 1.0, 'n_jobs': 1, 'random_state': 1}"")",DecisionTreeClassifier(random_state=1),0.8866988586479367,0.7156043956043956,0.809090909090909,0.7394752768208146,0.8547960811118707,0.750398830317285
297,"OS_('ANS', ""{'proportion': 1.0, 'n_jobs': 1, 'random_state': 1}"")",KNeighborsClassifier(),0.8926251097453907,0.7010256410256409,0.9236363636363636,0.7771336347230748,0.9050199362041468,0.7939664003338458
298,"OS_('ANS', ""{'proportion': 1.0, 'n_jobs': 1, 'random_state': 1}"")",MLPClassifier(random_state=1),0.892756804214223,0.6919413919413919,0.8854545454545455,0.756427663361302,0.8895317840054682,0.7720359942910167
299,"OS_('ANS', ""{'proportion': 1.0, 'n_jobs': 1, 'random_state': 1}"")","Pipeline(steps=[('standardscaler', StandardScaler()),
                ('svc',
                 SVC(C=1, gamma='auto', kernel='linear', random_state=1))])",0.8540825285338016,0.635934065934066,0.8672727272727272,0.7103280688021911,0.8591062884483935,0.7296800069673339
300,"OS_('cluster_SMOTE', ""{'proportion': 1.0, 'n_neighbors': 3, 'n_clusters': 3, 'n_jobs': 1, 'random_state': 1}"")",DecisionTreeClassifier(random_state=1),0.9107550482879718,0.6901098901098901,0.7909090909090909,0.7329855072463769,0.8620272271588061,0.7367326225833413
301,"OS_('cluster_SMOTE', ""{'proportion': 1.0, 'n_neighbors': 3, 'n_clusters': 3, 'n_jobs': 1, 'random_state': 1}"")",KNeighborsClassifier(),0.8363037752414397,0.5414377218706591,0.9236363636363636,0.6684602753568271,0.8716552745500115,0.6992196953230361
302,"OS_('cluster_SMOTE', ""{'proportion': 1.0, 'n_neighbors': 3, 'n_clusters': 3, 'n_jobs': 1, 'random_state': 1}"")",MLPClassifier(random_state=1),0.8217295873573309,0.5330158730158729,0.9036363636363637,0.6479790940766551,0.8546690590111643,0.6813917173763911
303,"OS_('cluster_SMOTE', ""{'proportion': 1.0, 'n_neighbors': 3, 'n_clusters': 3, 'n_jobs': 1, 'random_state': 1}"")","Pipeline(steps=[('standardscaler', StandardScaler()),
                ('svc',
                 SVC(C=1, gamma='auto', kernel='linear', random_state=1))])",0.8214661984196663,0.5614502164502164,0.9054545454545455,0.6732289279348103,0.8552648667122351,0.7014268504396333
