,OS,Algorithm,ACC,Precision,recall,F1-Score,AUC,G-measure
0,"OS_('SMOTE', ""{'proportion': 1.0, 'n_neighbors': 5, 'n_jobs': 1, 'random_state': 1}"")",DecisionTreeClassifier(random_state=1),0.9356743986254296,0.31999999999999995,0.55,0.3987301587301587,0.7512038335670874,0.41616144023504875
1,"OS_('SMOTE', ""{'proportion': 1.0, 'n_neighbors': 5, 'n_jobs': 1, 'random_state': 1}"")",KNeighborsClassifier(),0.8838273195876288,0.22522214627477782,0.7,0.33686680469289165,0.7959093034128099,0.3937858283124577
2,"OS_('SMOTE', ""{'proportion': 1.0, 'n_neighbors': 5, 'n_jobs': 1, 'random_state': 1}"")",MLPClassifier(random_state=1),0.9065721649484537,0.24214285714285713,0.6,0.34177489177489184,0.759934548854605,0.3790216442231119
3,"OS_('SMOTE', ""{'proportion': 1.0, 'n_neighbors': 5, 'n_jobs': 1, 'random_state': 1}"")","Pipeline(steps=[('standardscaler', StandardScaler()),
                ('svc',
                 SVC(C=1, gamma='auto', kernel='linear', random_state=1))])",0.9335481099656358,0.4333333333333333,0.55,0.43666666666666665,0.7500935016362786,0.46305222653274053
4,"OS_('SMOTE_TomekLinks', ""{'proportion': 1.0, 'n_neighbors': 5, 'n_jobs': 1, 'random_state': 1}"")",DecisionTreeClassifier(random_state=1),0.9294029209621992,0.31380952380952376,0.6,0.4055050505050505,0.7718443197755962,0.42998780886036714
5,"OS_('SMOTE_TomekLinks', ""{'proportion': 1.0, 'n_neighbors': 5, 'n_jobs': 1, 'random_state': 1}"")",KNeighborsClassifier(),0.887951030927835,0.2301757066462949,0.7,0.3434920634920635,0.7980598410472185,0.39903378477876617
6,"OS_('SMOTE_TomekLinks', ""{'proportion': 1.0, 'n_neighbors': 5, 'n_jobs': 1, 'random_state': 1}"")",MLPClassifier(random_state=1),0.9128006872852235,0.25487012987012986,0.6,0.35558441558441556,0.7631837307152874,0.38966665450069726
7,"OS_('SMOTE_TomekLinks', ""{'proportion': 1.0, 'n_neighbors': 5, 'n_jobs': 1, 'random_state': 1}"")","Pipeline(steps=[('standardscaler', StandardScaler()),
                ('svc',
                 SVC(C=1, gamma='auto', kernel='linear', random_state=1))])",0.9314647766323023,0.43076923076923074,0.55,0.4337254901960784,0.7490065451145395,0.46078721923630084
8,"OS_('SMOTE_ENN', ""{'proportion': 1.0, 'n_neighbors': 5, 'n_jobs': 1, 'random_state': 1}"")",DecisionTreeClassifier(random_state=1),0.93571735395189,0.3488095238095238,0.65,0.44272727272727275,0.7990649836372137,0.46960345275691157
9,"OS_('SMOTE_ENN', ""{'proportion': 1.0, 'n_neighbors': 5, 'n_jobs': 1, 'random_state': 1}"")",KNeighborsClassifier(),0.8547680412371135,0.18255411255411252,0.7,0.28741565452091766,0.7807503506311361,0.35534075539327975
10,"OS_('SMOTE_ENN', ""{'proportion': 1.0, 'n_neighbors': 5, 'n_jobs': 1, 'random_state': 1}"")",MLPClassifier(random_state=1),0.8734321305841923,0.1815924426450742,0.6,0.27456640815100897,0.7426484338475924,0.3266111009314413
11,"OS_('SMOTE_ENN', ""{'proportion': 1.0, 'n_neighbors': 5, 'n_jobs': 1, 'random_state': 1}"")","Pipeline(steps=[('standardscaler', StandardScaler()),
                ('svc',
                 SVC(C=1, gamma='auto', kernel='linear', random_state=1))])",0.8711769759450171,0.19465811965811963,0.6,0.28735186382245204,0.7414679756895746,0.3362213284820156
12,"OS_('Borderline_SMOTE2', ""{'proportion': 1.0, 'n_neighbors': 5, 'k_neighbors': 5, 'n_jobs': 1, 'random_state': 1}"")",DecisionTreeClassifier(random_state=1),0.9439647766323024,0.46904761904761905,0.45,0.39290043290043297,0.707678821879383,0.4234847050331581
13,"OS_('Borderline_SMOTE2', ""{'proportion': 1.0, 'n_neighbors': 5, 'k_neighbors': 5, 'n_jobs': 1, 'random_state': 1}"")",KNeighborsClassifier(),0.9688573883161512,0.7142857142857142,0.6,0.6121212121212121,0.7924263674614307,0.6340285016783099
14,"OS_('Borderline_SMOTE2', ""{'proportion': 1.0, 'n_neighbors': 5, 'k_neighbors': 5, 'n_jobs': 1, 'random_state': 1}"")",MLPClassifier(random_state=1),0.8630154639175258,0.4590909090909091,0.5,0.36490842490842484,0.68937587657784,0.4154000276797595
15,"OS_('Borderline_SMOTE2', ""{'proportion': 1.0, 'n_neighbors': 5, 'k_neighbors': 5, 'n_jobs': 1, 'random_state': 1}"")","Pipeline(steps=[('standardscaler', StandardScaler()),
                ('svc',
                 SVC(C=1, gamma='auto', kernel='linear', random_state=1))])",0.8340420962199312,0.45270562770562767,0.55,0.3579562419562419,0.6981767180925667,0.4181250418545071
16,"OS_('ADASYN', ""{'n_neighbors': 5, 'd_th': 0.9, 'beta': 1.0, 'n_jobs': 1, 'random_state': 1}"")",DecisionTreeClassifier(random_state=1),0.9377577319587628,0.2622222222222222,0.4,0.3046642246642247,0.6805282842449742,0.31743937789506427
17,"OS_('ADASYN', ""{'n_neighbors': 5, 'd_th': 0.9, 'beta': 1.0, 'n_jobs': 1, 'random_state': 1}"")",KNeighborsClassifier(),0.8485180412371134,0.17136778598078906,0.7,0.27467133306411806,0.7774894810659186,0.34570945525855673
18,"OS_('ADASYN', ""{'n_neighbors': 5, 'd_th': 0.9, 'beta': 1.0, 'n_jobs': 1, 'random_state': 1}"")",MLPClassifier(random_state=1),0.7696091065292097,0.10478427452940198,0.6,0.17674578603371174,0.688487611033193,0.24855730064393805
19,"OS_('ADASYN', ""{'n_neighbors': 5, 'd_th': 0.9, 'beta': 1.0, 'n_jobs': 1, 'random_state': 1}"")","Pipeline(steps=[('standardscaler', StandardScaler()),
                ('svc',
                 SVC(C=1, gamma='auto', kernel='linear', random_state=1))])",0.6824742268041237,0.07907938434254223,0.65,0.13966464126024164,0.6669471715755027,0.22423411562612133
20,"OS_('AHC', ""{'strategy': 'min', 'n_jobs': 1, 'random_state': 1}"")",DecisionTreeClassifier(random_state=1),0.9501932989690722,0.4133333333333334,0.5,0.42603174603174604,0.7348644226273959,0.44095943846769103
21,"OS_('AHC', ""{'strategy': 'min', 'n_jobs': 1, 'random_state': 1}"")",KNeighborsClassifier(),0.9688788659793814,0.680952380952381,0.55,0.5740259740259741,0.7685250116877045,0.5942579312355055
22,"OS_('AHC', ""{'strategy': 'min', 'n_jobs': 1, 'random_state': 1}"")",MLPClassifier(random_state=1),0.9792310996563574,0.96,0.55,0.6577777777777778,0.7739247311827957,0.7031495069119117
23,"OS_('AHC', ""{'strategy': 'min', 'n_jobs': 1, 'random_state': 1}"")","Pipeline(steps=[('standardscaler', StandardScaler()),
                ('svc',
                 SVC(C=1, gamma='auto', kernel='linear', random_state=1))])",0.9792310996563574,0.96,0.55,0.6577777777777778,0.7739247311827957,0.7031495069119117
24,"OS_('LLE_SMOTE', ""{'proportion': 1.0, 'n_neighbors': 5, 'n_components': 2, 'n_jobs': 1, 'random_state': 1}"")",DecisionTreeClassifier(random_state=1),0.9439218213058419,0.4095238095238095,0.35,0.318961038961039,0.6598410472183264,0.34671726342357617
25,"OS_('LLE_SMOTE', ""{'proportion': 1.0, 'n_neighbors': 5, 'n_components': 2, 'n_jobs': 1, 'random_state': 1}"")",KNeighborsClassifier(),0.9543599656357389,0.6027272727272728,0.55,0.5122222222222222,0.7609513791491351,0.5428899694057161
26,"OS_('LLE_SMOTE', ""{'proportion': 1.0, 'n_neighbors': 5, 'n_components': 2, 'n_jobs': 1, 'random_state': 1}"")",MLPClassifier(random_state=1),0.9170532646048108,0.43730158730158736,0.65,0.43939393939393934,0.789317438055166,0.486591311087898
27,"OS_('LLE_SMOTE', ""{'proportion': 1.0, 'n_neighbors': 5, 'n_components': 2, 'n_jobs': 1, 'random_state': 1}"")","Pipeline(steps=[('standardscaler', StandardScaler()),
                ('svc',
                 SVC(C=1, gamma='auto', kernel='linear', random_state=1))])",0.8629939862542955,0.4877692307692308,0.7,0.4133423484336263,0.7850280504908836,0.48902341021579676
28,"OS_('distance_SMOTE', ""{'proportion': 1.0, 'n_neighbors': 5, 'n_jobs': 1, 'random_state': 1}"")",DecisionTreeClassifier(random_state=1),0.9398410652920962,0.34047619047619043,0.45,0.3627272727272727,0.705539971949509,0.378549758004196
29,"OS_('distance_SMOTE', ""{'proportion': 1.0, 'n_neighbors': 5, 'n_jobs': 1, 'random_state': 1}"")",KNeighborsClassifier(),0.9065721649484537,0.2548717948717949,0.65,0.36316526610644256,0.7838592800374007,0.4049647522063694
30,"OS_('distance_SMOTE', ""{'proportion': 1.0, 'n_neighbors': 5, 'n_jobs': 1, 'random_state': 1}"")",MLPClassifier(random_state=1),0.8983247422680412,0.22092796092796094,0.6,0.3195640960346843,0.7556334735857877,0.36170596016013346
31,"OS_('distance_SMOTE', ""{'proportion': 1.0, 'n_neighbors': 5, 'n_jobs': 1, 'random_state': 1}"")","Pipeline(steps=[('standardscaler', StandardScaler()),
                ('svc',
                 SVC(C=1, gamma='auto', kernel='linear', random_state=1))])",0.9211984536082476,0.5377272727272727,0.55,0.4171428571428571,0.7436535764375877,0.4752714472717826
32,"OS_('SMMO', ""{'proportion': 1.0, 'n_neighbors': 5, 'ensemble': [QuadraticDiscriminantAnalysis(), DecisionTreeClassifier(random_state=2), GaussianNB()], 'n_jobs': 1, 'random_state': 1}"")",DecisionTreeClassifier(random_state=1),0.9501718213058419,0.4809523809523809,0.4,0.37974025974025977,0.6870149602618045,0.4074806720880023
33,"OS_('SMMO', ""{'proportion': 1.0, 'n_neighbors': 5, 'ensemble': [QuadraticDiscriminantAnalysis(), DecisionTreeClassifier(random_state=2), GaussianNB()], 'n_jobs': 1, 'random_state': 1}"")",KNeighborsClassifier(),0.9606743986254296,0.8571428571428571,0.55,0.5688888888888888,0.764247311827957,0.6311685654768983
34,"OS_('SMMO', ""{'proportion': 1.0, 'n_neighbors': 5, 'ensemble': [QuadraticDiscriminantAnalysis(), DecisionTreeClassifier(random_state=2), GaussianNB()], 'n_jobs': 1, 'random_state': 1}"")",MLPClassifier(random_state=1),0.9400558419243985,0.8333333333333334,0.55,0.5371428571428571,0.753494623655914,0.6059137268047011
35,"OS_('SMMO', ""{'proportion': 1.0, 'n_neighbors': 5, 'ensemble': [QuadraticDiscriminantAnalysis(), DecisionTreeClassifier(random_state=2), GaussianNB()], 'n_jobs': 1, 'random_state': 1}"")","Pipeline(steps=[('standardscaler', StandardScaler()),
                ('svc',
                 SVC(C=1, gamma='auto', kernel='linear', random_state=1))])",0.8658290378006873,0.8133333333333332,0.55,0.505,0.7147849462365592,0.5759038466613607
36,"OS_('polynom_fit_SMOTE', ""{'proportion': 1.0, 'topology': 'star', 'random_state': 1}"")",DecisionTreeClassifier(random_state=1),0.9543599656357389,0.5460317460317461,0.6,0.5291375291375291,0.7848644226273961,0.5503475841724883
37,"OS_('polynom_fit_SMOTE', ""{'proportion': 1.0, 'topology': 'star', 'random_state': 1}"")",KNeighborsClassifier(),0.9543384879725085,0.47555555555555556,0.65,0.5230769230769231,0.8087774661056569,0.542332235333907
38,"OS_('polynom_fit_SMOTE', ""{'proportion': 1.0, 'topology': 'star', 'random_state': 1}"")",MLPClassifier(random_state=1),0.9667955326460481,0.6333333333333333,0.55,0.5599999999999999,0.7674380551659654,0.5754313505415094
39,"OS_('polynom_fit_SMOTE', ""{'proportion': 1.0, 'topology': 'star', 'random_state': 1}"")","Pipeline(steps=[('standardscaler', StandardScaler()),
                ('svc',
                 SVC(C=1, gamma='auto', kernel='linear', random_state=1))])",0.9792310996563574,0.96,0.55,0.6577777777777778,0.7739247311827957,0.7031495069119117
40,"OS_('Stefanowski', ""{'strategy': 'weak_amp', 'n_jobs': 1}"")",DecisionTreeClassifier(random_state=1),0.9397551546391751,0.40698412698412695,0.55,0.45212565212565214,0.7533309957924264,0.46502479007678643
41,"OS_('Stefanowski', ""{'strategy': 'weak_amp', 'n_jobs': 1}"")",KNeighborsClassifier(),0.9460266323024055,0.4023809523809524,0.65,0.4867099567099567,0.8044413277232352,0.5056941850522634
42,"OS_('Stefanowski', ""{'strategy': 'weak_amp', 'n_jobs': 1}"")",MLPClassifier(random_state=1),0.9792310996563574,0.96,0.55,0.6577777777777778,0.7739247311827957,0.7031495069119117
43,"OS_('Stefanowski', ""{'strategy': 'weak_amp', 'n_jobs': 1}"")","Pipeline(steps=[('standardscaler', StandardScaler()),
                ('svc',
                 SVC(C=1, gamma='auto', kernel='linear', random_state=1))])",0.9792310996563574,0.96,0.55,0.6577777777777778,0.7739247311827957,0.7031495069119117
44,"OS_('ADOMS', ""{'proportion': 1.0, 'n_neighbors': 5, 'n_jobs': 1, 'random_state': 1}"")",DecisionTreeClassifier(random_state=1),0.9336340206185566,0.31701298701298697,0.55,0.391010101010101,0.750140252454418,0.4112330461347879
45,"OS_('ADOMS', ""{'proportion': 1.0, 'n_neighbors': 5, 'n_jobs': 1, 'random_state': 1}"")",KNeighborsClassifier(),0.8733676975945016,0.20116138763197586,0.65,0.30501621701312104,0.7665381019167835,0.35977502879526746
46,"OS_('ADOMS', ""{'proportion': 1.0, 'n_neighbors': 5, 'n_jobs': 1, 'random_state': 1}"")",MLPClassifier(random_state=1),0.9127792096219931,0.2752380952380952,0.6,0.3656410256410257,0.7631720430107527,0.3991898503667879
47,"OS_('ADOMS', ""{'proportion': 1.0, 'n_neighbors': 5, 'n_jobs': 1, 'random_state': 1}"")","Pipeline(steps=[('standardscaler', StandardScaler()),
                ('svc',
                 SVC(C=1, gamma='auto', kernel='linear', random_state=1))])",0.9231314432989691,0.4336507936507936,0.55,0.43232323232323233,0.744658719027583,0.46006185167194474
48,"OS_('Safe_Level_SMOTE', ""{'proportion': 1.0, 'n_neighbors': 5, 'n_jobs': 1, 'random_state': 1}"")",DecisionTreeClassifier(random_state=1),0.9191151202749139,0.2785858585858586,0.5,0.34283272283272287,0.7186535764375876,0.36484806820561705
49,"OS_('Safe_Level_SMOTE', ""{'proportion': 1.0, 'n_neighbors': 5, 'n_jobs': 1, 'random_state': 1}"")",KNeighborsClassifier(),0.9397981099656357,0.3426984126984127,0.55,0.41469308469308475,0.7533543712014961,0.430018605127943
50,"OS_('Safe_Level_SMOTE', ""{'proportion': 1.0, 'n_neighbors': 5, 'n_jobs': 1, 'random_state': 1}"")",MLPClassifier(random_state=1),0.966774054982818,0.7266666666666667,0.55,0.571111111111111,0.7674263674614306,0.6019564525300652
51,"OS_('Safe_Level_SMOTE', ""{'proportion': 1.0, 'n_neighbors': 5, 'n_jobs': 1, 'random_state': 1}"")","Pipeline(steps=[('standardscaler', StandardScaler()),
                ('svc',
                 SVC(C=1, gamma='auto', kernel='linear', random_state=1))])",0.9792310996563574,0.96,0.55,0.6577777777777778,0.7739247311827957,0.7031495069119117
52,"OS_('MSMOTE', ""{'proportion': 1.0, 'n_neighbors': 5, 'n_jobs': 1, 'random_state': 1}"")",DecisionTreeClassifier(random_state=1),0.9605884879725085,0.5666666666666667,0.55,0.5238095238095237,0.7642005610098177,0.5405777393935816
53,"OS_('MSMOTE', ""{'proportion': 1.0, 'n_neighbors': 5, 'n_jobs': 1, 'random_state': 1}"")",KNeighborsClassifier(),0.9688573883161512,0.7142857142857142,0.55,0.5835497835497836,0.7685133239831697,0.6072335824351976
54,"OS_('MSMOTE', ""{'proportion': 1.0, 'n_neighbors': 5, 'n_jobs': 1, 'random_state': 1}"")",MLPClassifier(random_state=1),0.9646907216494846,0.6666666666666667,0.5,0.546031746031746,0.7424146797568957,0.5641845371435605
55,"OS_('MSMOTE', ""{'proportion': 1.0, 'n_neighbors': 5, 'n_jobs': 1, 'random_state': 1}"")","Pipeline(steps=[('standardscaler', StandardScaler()),
                ('svc',
                 SVC(C=1, gamma='auto', kernel='linear', random_state=1))])",0.9792310996563574,0.96,0.55,0.6577777777777778,0.7739247311827957,0.7031495069119117
56,"OS_('DE_oversampling', ""{'proportion': 1.0, 'n_neighbors': 5, 'crossover_rate': 0.5, 'similarity_threshold': 0.5, 'n_clusters': 30, 'n_jobs': 1, 'random_state': 1}"")",DecisionTreeClassifier(random_state=1),0.8380584192439862,0.07532467532467532,0.25,0.11555555555555556,0.5567671809256661,0.13705563122274608
57,"OS_('DE_oversampling', ""{'proportion': 1.0, 'n_neighbors': 5, 'crossover_rate': 0.5, 'similarity_threshold': 0.5, 'n_clusters': 30, 'n_jobs': 1, 'random_state': 1}"")",KNeighborsClassifier(),0.8962199312714777,0.2658646616541353,0.75,0.3852186460882113,0.8262856474988312,0.4410587711380865
58,"OS_('DE_oversampling', ""{'proportion': 1.0, 'n_neighbors': 5, 'crossover_rate': 0.5, 'similarity_threshold': 0.5, 'n_clusters': 30, 'n_jobs': 1, 'random_state': 1}"")",MLPClassifier(random_state=1),0.8545532646048108,0.2322222222222222,0.65,0.2992481203007519,0.7567087424029921,0.35769112962783406
59,"OS_('DE_oversampling', ""{'proportion': 1.0, 'n_neighbors': 5, 'crossover_rate': 0.5, 'similarity_threshold': 0.5, 'n_clusters': 30, 'n_jobs': 1, 'random_state': 1}"")","Pipeline(steps=[('standardscaler', StandardScaler()),
                ('svc',
                 SVC(C=1, gamma='auto', kernel='linear', random_state=1))])",0.8752362542955326,0.4123908523908524,0.65,0.3692578169479174,0.7674964936886395,0.4371634400513926
60,"OS_('SMOBD', ""{'proportion': 1.0, 'eta1': 0.5, 't': 1.8, 'min_samples': 5, 'max_eps': 1.0, 'n_jobs': 1, 'random_state': 1}"")",DecisionTreeClassifier(random_state=1),0.9419458762886599,0.34153846153846157,0.5,0.38300653594771245,0.7305633473585789,0.40038275834503745
61,"OS_('SMOBD', ""{'proportion': 1.0, 'eta1': 0.5, 't': 1.8, 'min_samples': 5, 'max_eps': 1.0, 'n_jobs': 1, 'random_state': 1}"")",KNeighborsClassifier(),0.8942225085910653,0.23914751914751914,0.7,0.35144760296463085,0.8013323983169706,0.4055847782838313
62,"OS_('SMOBD', ""{'proportion': 1.0, 'eta1': 0.5, 't': 1.8, 'min_samples': 5, 'max_eps': 1.0, 'n_jobs': 1, 'random_state': 1}"")",MLPClassifier(random_state=1),0.9149484536082475,0.27928571428571425,0.6,0.37209235209235214,0.7643057503506312,0.4035727707686691
63,"OS_('SMOBD', ""{'proportion': 1.0, 'eta1': 0.5, 't': 1.8, 'min_samples': 5, 'max_eps': 1.0, 'n_jobs': 1, 'random_state': 1}"")","Pipeline(steps=[('standardscaler', StandardScaler()),
                ('svc',
                 SVC(C=1, gamma='auto', kernel='linear', random_state=1))])",0.9398195876288659,0.43888888888888894,0.55,0.44307692307692303,0.7533660589060308,0.4679398548284565
64,"OS_('SUNDO', ""{'n_jobs': 1, 'random_state': 1}"")",DecisionTreeClassifier(random_state=1),0.9585051546391753,0.6333333333333333,0.55,0.5399999999999999,0.7631136044880785,0.5650888977583148
65,"OS_('SUNDO', ""{'n_jobs': 1, 'random_state': 1}"")",KNeighborsClassifier(),0.9792310996563574,0.96,0.55,0.6577777777777778,0.7739247311827957,0.7031495069119117
66,"OS_('SUNDO', ""{'n_jobs': 1, 'random_state': 1}"")",MLPClassifier(random_state=1),0.9771692439862543,0.8933333333333333,0.55,0.6387301587301587,0.7728494623655914,0.6771982045125273
67,"OS_('SUNDO', ""{'n_jobs': 1, 'random_state': 1}"")","Pipeline(steps=[('standardscaler', StandardScaler()),
                ('svc',
                 SVC(C=1, gamma='auto', kernel='linear', random_state=1))])",0.9730025773195876,0.7933333333333333,0.55,0.6053968253968254,0.7706755493221131,0.6357768482752177
68,"OS_('MSYN', ""{'pressure': 1.5, 'n_neighbors': 5, 'n_jobs': 1, 'random_state': 1}"")",DecisionTreeClassifier(random_state=1),0.9563573883161511,0.5609523809523809,0.55,0.5219624819624821,0.7619915848527349,0.5383447474253035
69,"OS_('MSYN', ""{'pressure': 1.5, 'n_neighbors': 5, 'n_jobs': 1, 'random_state': 1}"")",KNeighborsClassifier(),0.9377362542955326,0.3465367965367966,0.55,0.40939393939393937,0.7522791023842916,0.4278470905257235
70,"OS_('MSYN', ""{'pressure': 1.5, 'n_neighbors': 5, 'n_jobs': 1, 'random_state': 1}"")",MLPClassifier(random_state=1),0.9688788659793814,0.7333333333333333,0.55,0.5733333333333334,0.7685250116877046,0.6047206724228548
71,"OS_('MSYN', ""{'pressure': 1.5, 'n_neighbors': 5, 'n_jobs': 1, 'random_state': 1}"")","Pipeline(steps=[('standardscaler', StandardScaler()),
                ('svc',
                 SVC(C=1, gamma='auto', kernel='linear', random_state=1))])",0.9667955326460481,0.7133333333333333,0.55,0.5622222222222222,0.7674380551659654,0.5941633915228463
72,"OS_('SVM_balance', ""{'proportion': 1.0, 'n_neighbors': 5, 'n_jobs': 1, 'random_state': 1}"")",DecisionTreeClassifier(random_state=1),0.9190506872852234,0.2770923520923521,0.6,0.3768298368298368,0.7664446002805049,0.40630746106292115
73,"OS_('SVM_balance', ""{'proportion': 1.0, 'n_neighbors': 5, 'n_jobs': 1, 'random_state': 1}"")",KNeighborsClassifier(),0.85893470790378,0.1882867132867133,0.7,0.2941855203619909,0.7829242636746143,0.3605578759769953
74,"OS_('SVM_balance', ""{'proportion': 1.0, 'n_neighbors': 5, 'n_jobs': 1, 'random_state': 1}"")",MLPClassifier(random_state=1),0.8713273195876289,0.184010743298669,0.6,0.27568458821655745,0.7415497896213183,0.32752245944126374
75,"OS_('SVM_balance', ""{'proportion': 1.0, 'n_neighbors': 5, 'n_jobs': 1, 'random_state': 1}"")","Pipeline(steps=[('standardscaler', StandardScaler()),
                ('svc',
                 SVC(C=1, gamma='auto', kernel='linear', random_state=1))])",0.8670317869415808,0.1967216117216117,0.65,0.2903880914407231,0.763218793828892,0.34793896243084843
76,"OS_('TRIM_SMOTE', ""{'proportion': 1.0, 'n_neighbors': 5, 'min_precision': 0.3, 'n_jobs': 1, 'random_state': 1}"")",DecisionTreeClassifier(random_state=1),0.956421821305842,0.5793650793650793,0.6,0.5434232434232434,0.7859396914446003,0.5658176380104134
77,"OS_('TRIM_SMOTE', ""{'proportion': 1.0, 'n_neighbors': 5, 'min_precision': 0.3, 'n_jobs': 1, 'random_state': 1}"")",KNeighborsClassifier(),0.9689218213058419,0.8,0.55,0.5799999999999998,0.7685483870967742,0.6242640687119285
78,"OS_('TRIM_SMOTE', ""{'proportion': 1.0, 'n_neighbors': 5, 'min_precision': 0.3, 'n_jobs': 1, 'random_state': 1}"")",MLPClassifier(random_state=1),0.9792310996563574,0.96,0.55,0.6577777777777778,0.7739247311827957,0.7031495069119117
79,"OS_('TRIM_SMOTE', ""{'proportion': 1.0, 'n_neighbors': 5, 'min_precision': 0.3, 'n_jobs': 1, 'random_state': 1}"")","Pipeline(steps=[('standardscaler', StandardScaler()),
                ('svc',
                 SVC(C=1, gamma='auto', kernel='linear', random_state=1))])",0.9792310996563574,0.96,0.55,0.6577777777777778,0.7739247311827957,0.7031495069119117
80,"OS_('SMOTE_RSB', ""{'proportion': 2.0, 'n_neighbors': 5, 'n_jobs': 1, 'random_state': 1}"")",DecisionTreeClassifier(random_state=1),0.9501718213058419,0.44936507936507936,0.6,0.4934232434232434,0.7826788218793828,0.5085603604230913
81,"OS_('SMOTE_RSB', ""{'proportion': 2.0, 'n_neighbors': 5, 'n_jobs': 1, 'random_state': 1}"")",KNeighborsClassifier(),0.9750859106529208,0.8266666666666668,0.55,0.6196825396825397,0.7717625058438522,0.651246902113143
82,"OS_('SMOTE_RSB', ""{'proportion': 2.0, 'n_neighbors': 5, 'n_jobs': 1, 'random_state': 1}"")",MLPClassifier(random_state=1),0.9730240549828177,0.78,0.6,0.6244444444444444,0.7946002805049088,0.65447087308728
83,"OS_('SMOTE_RSB', ""{'proportion': 2.0, 'n_neighbors': 5, 'n_jobs': 1, 'random_state': 1}"")","Pipeline(steps=[('standardscaler', StandardScaler()),
                ('svc',
                 SVC(C=1, gamma='auto', kernel='linear', random_state=1))])",0.9688573883161513,0.6799999999999999,0.6,0.591111111111111,0.7924263674614306,0.6130495168499706
84,"OS_('ProWSyn', ""{'proportion': 1.0, 'n_neighbors': 5, 'L': 5, 'theta': 1.0, 'n_jobs': 1, 'random_state': 1}"")",DecisionTreeClassifier(random_state=1),0.9210910652920962,0.26411921411921413,0.5,0.3207613954672778,0.7196704067321178,0.3493410414847751
85,"OS_('ProWSyn', ""{'proportion': 1.0, 'n_neighbors': 5, 'L': 5, 'theta': 1.0, 'n_jobs': 1, 'random_state': 1}"")",KNeighborsClassifier(),0.8983247422680412,0.23796791443850268,0.65,0.34285714285714286,0.7795582047685835,0.38919127854072455
86,"OS_('ProWSyn', ""{'proportion': 1.0, 'n_neighbors': 5, 'L': 5, 'theta': 1.0, 'n_jobs': 1, 'random_state': 1}"")",MLPClassifier(random_state=1),0.9150343642611685,0.3185714285714286,0.6,0.3919191919191919,0.7643525011687705,0.42155664226954803
87,"OS_('ProWSyn', ""{'proportion': 1.0, 'n_neighbors': 5, 'L': 5, 'theta': 1.0, 'n_jobs': 1, 'random_state': 1}"")","Pipeline(steps=[('standardscaler', StandardScaler()),
                ('svc',
                 SVC(C=1, gamma='auto', kernel='linear', random_state=1))])",0.9254080756013746,0.4144444444444444,0.55,0.40606060606060607,0.7458508648901356,0.440577017164158
88,"OS_('SL_graph_SMOTE', ""{'proportion': 1.0, 'n_neighbors': 5, 'n_jobs': 1, 'random_state': 1}"")",DecisionTreeClassifier(random_state=1),0.9149484536082475,0.28076923076923077,0.5,0.34705882352941175,0.7164796633941094,0.3676020539784872
89,"OS_('SL_graph_SMOTE', ""{'proportion': 1.0, 'n_neighbors': 5, 'n_jobs': 1, 'random_state': 1}"")",KNeighborsClassifier(),0.9460266323024055,0.38476190476190475,0.55,0.4442135642135643,0.7566035530621786,0.45560608791726304
90,"OS_('SL_graph_SMOTE', ""{'proportion': 1.0, 'n_neighbors': 5, 'n_jobs': 1, 'random_state': 1}"")",MLPClassifier(random_state=1),0.9543599656357389,0.638888888888889,0.55,0.5030769230769231,0.7609513791491351,0.5454653676892975
91,"OS_('SL_graph_SMOTE', ""{'proportion': 1.0, 'n_neighbors': 5, 'n_jobs': 1, 'random_state': 1}"")","Pipeline(steps=[('standardscaler', StandardScaler()),
                ('svc',
                 SVC(C=1, gamma='auto', kernel='linear', random_state=1))])",0.952233676975945,0.7252525252525253,0.55,0.523076923076923,0.7598410472183263,0.5764783147235051
92,"OS_('NRSBoundary_SMOTE', ""{'proportion': 1.0, 'n_neighbors': 5, 'w': 0.005, 'n_jobs': 1, 'random_state': 1}"")",DecisionTreeClassifier(random_state=1),0.9378221649484535,0.35888888888888887,0.55,0.41910866910866906,0.7523258532024311,0.43602160563669246
93,"OS_('NRSBoundary_SMOTE', ""{'proportion': 1.0, 'n_neighbors': 5, 'w': 0.005, 'n_jobs': 1, 'random_state': 1}"")",KNeighborsClassifier(),0.9086554982817869,0.26406926406926406,0.65,0.36797979797979796,0.7849462365591398,0.40930709800641585
94,"OS_('NRSBoundary_SMOTE', ""{'proportion': 1.0, 'n_neighbors': 5, 'w': 0.005, 'n_jobs': 1, 'random_state': 1}"")",MLPClassifier(random_state=1),0.8548109965635738,0.17144444444444445,0.6,0.25837754199823165,0.7329359513791491,0.31334590565443377
95,"OS_('NRSBoundary_SMOTE', ""{'proportion': 1.0, 'n_neighbors': 5, 'w': 0.005, 'n_jobs': 1, 'random_state': 1}"")","Pipeline(steps=[('standardscaler', StandardScaler()),
                ('svc',
                 SVC(C=1, gamma='auto', kernel='linear', random_state=1))])",0.8734536082474227,0.17777777777777776,0.55,0.2644172494172494,0.7187353903693314,0.3093352242230926
96,"OS_('LVQ_SMOTE', ""{'proportion': 1.0, 'n_neighbors': 5, 'n_clusters': 10, 'n_jobs': 1, 'random_state': 1}"")",DecisionTreeClassifier(random_state=1),0.93571735395189,0.3383333333333333,0.6,0.4188888888888889,0.775140252454418,0.4426284482086714
97,"OS_('LVQ_SMOTE', ""{'proportion': 1.0, 'n_neighbors': 5, 'n_clusters': 10, 'n_jobs': 1, 'random_state': 1}"")",KNeighborsClassifier(),0.9357388316151203,0.38058608058608057,0.65,0.4421829151240916,0.7990649836372137,0.47668971735924137
98,"OS_('LVQ_SMOTE', ""{'proportion': 1.0, 'n_neighbors': 5, 'n_clusters': 10, 'n_jobs': 1, 'random_state': 1}"")",MLPClassifier(random_state=1),0.9543384879725085,0.4826190476190476,0.65,0.5375180375180375,0.8087657784011221,0.5516072984195812
99,"OS_('LVQ_SMOTE', ""{'proportion': 1.0, 'n_neighbors': 5, 'n_clusters': 10, 'n_jobs': 1, 'random_state': 1}"")","Pipeline(steps=[('standardscaler', StandardScaler()),
                ('svc',
                 SVC(C=1, gamma='auto', kernel='linear', random_state=1))])",0.9501503436426116,0.45,0.6,0.49142857142857144,0.7826671341748481,0.5078116022520108
100,"OS_('SOI_CJ', ""{'proportion': 1.0, 'n_neighbors': 5, 'method': 'interpolation', 'n_jobs': 1, 'random_state': 1}"")",DecisionTreeClassifier(random_state=1),0.9543599656357389,0.5460317460317461,0.6,0.5291375291375291,0.7848644226273961,0.5503475841724883
101,"OS_('SOI_CJ', ""{'proportion': 1.0, 'n_neighbors': 5, 'method': 'interpolation', 'n_jobs': 1, 'random_state': 1}"")",KNeighborsClassifier(),0.9792310996563574,0.96,0.55,0.6577777777777778,0.7739247311827957,0.7031495069119117
102,"OS_('SOI_CJ', ""{'proportion': 1.0, 'n_neighbors': 5, 'method': 'interpolation', 'n_jobs': 1, 'random_state': 1}"")",MLPClassifier(random_state=1),0.9792310996563574,0.96,0.55,0.6577777777777778,0.7739247311827957,0.7031495069119117
103,"OS_('SOI_CJ', ""{'proportion': 1.0, 'n_neighbors': 5, 'method': 'interpolation', 'n_jobs': 1, 'random_state': 1}"")","Pipeline(steps=[('standardscaler', StandardScaler()),
                ('svc',
                 SVC(C=1, gamma='auto', kernel='linear', random_state=1))])",0.9792310996563574,0.96,0.55,0.6577777777777778,0.7739247311827957,0.7031495069119117
104,"OS_('ROSE', ""{'proportion': 1.0, 'random_state': 1}"")",DecisionTreeClassifier(random_state=1),0.9564003436426116,0.5666666666666667,0.6,0.5409523809523809,0.7859280037400656,0.5616120824980894
105,"OS_('ROSE', ""{'proportion': 1.0, 'random_state': 1}"")",KNeighborsClassifier(),0.9605455326460481,0.5276190476190477,0.55,0.5152958152958153,0.764177185600748,0.5268092402602623
106,"OS_('ROSE', ""{'proportion': 1.0, 'random_state': 1}"")",MLPClassifier(random_state=1),0.9626288659793815,0.55,0.6,0.5566666666666668,0.789177185600748,0.5656596523969726
107,"OS_('ROSE', ""{'proportion': 1.0, 'random_state': 1}"")","Pipeline(steps=[('standardscaler', StandardScaler()),
                ('svc',
                 SVC(C=1, gamma='auto', kernel='linear', random_state=1))])",0.9563788659793815,0.5777777777777777,0.55,0.5215384615384615,0.7620032725572697,0.5420980172081762
108,"OS_('SMOTE_OUT', ""{'proportion': 1.0, 'n_neighbors': 5, 'n_jobs': 1, 'random_state': 1}"")",DecisionTreeClassifier(random_state=1),0.9522981099656358,0.4488888888888889,0.5,0.43418803418803414,0.7359630668536699,0.453640127770626
109,"OS_('SMOTE_OUT', ""{'proportion': 1.0, 'n_neighbors': 5, 'n_jobs': 1, 'random_state': 1}"")",KNeighborsClassifier(),0.873389175257732,0.20403934300993126,0.7,0.31396825396825395,0.7904628330995793,0.3762221706858998
110,"OS_('SMOTE_OUT', ""{'proportion': 1.0, 'n_neighbors': 5, 'n_jobs': 1, 'random_state': 1}"")",MLPClassifier(random_state=1),0.9108032646048111,0.3676190476190476,0.55,0.3710792131844764,0.7382304815334269,0.411542502421427
111,"OS_('SMOTE_OUT', ""{'proportion': 1.0, 'n_neighbors': 5, 'n_jobs': 1, 'random_state': 1}"")","Pipeline(steps=[('standardscaler', StandardScaler()),
                ('svc',
                 SVC(C=1, gamma='auto', kernel='linear', random_state=1))])",0.9272981099656358,0.4288888888888889,0.55,0.42740440845704003,0.7468326320710612,0.456662015666453
112,"OS_('SMOTE_Cosine', ""{'proportion': 1.0, 'n_neighbors': 5, 'n_jobs': 1, 'random_state': 1}"")",DecisionTreeClassifier(random_state=1),0.9294243986254296,0.3061111111111111,0.6,0.40026862026862037,0.7718676951846657,0.4255948078941524
113,"OS_('SMOTE_Cosine', ""{'proportion': 1.0, 'n_neighbors': 5, 'n_jobs': 1, 'random_state': 1}"")",KNeighborsClassifier(),0.860975085910653,0.17883116883116884,0.65,0.2777719298245614,0.7600748013090229,0.3384262234503669
114,"OS_('SMOTE_Cosine', ""{'proportion': 1.0, 'n_neighbors': 5, 'n_jobs': 1, 'random_state': 1}"")",MLPClassifier(random_state=1),0.8982817869415808,0.23177655677655676,0.6,0.32945564239681885,0.7556100981767182,0.3694471646646233
115,"OS_('SMOTE_Cosine', ""{'proportion': 1.0, 'n_neighbors': 5, 'n_jobs': 1, 'random_state': 1}"")","Pipeline(steps=[('standardscaler', StandardScaler()),
                ('svc',
                 SVC(C=1, gamma='auto', kernel='linear', random_state=1))])",0.9086554982817869,0.3825910931174089,0.55,0.382233589087809,0.7371084618980832,0.4207190293956266
116,"OS_('Selected_SMOTE', ""{'proportion': 1.0, 'n_neighbors': 5, 'perc_sign_attr': 0.5, 'n_jobs': 1, 'random_state': 1}"")",DecisionTreeClassifier(random_state=1),0.9522121993127147,0.4647619047619047,0.6,0.5102453102453103,0.7837424029920523,0.5211341758434447
117,"OS_('Selected_SMOTE', ""{'proportion': 1.0, 'n_neighbors': 5, 'perc_sign_attr': 0.5, 'n_jobs': 1, 'random_state': 1}"")",KNeighborsClassifier(),0.8838273195876288,0.2368305378831695,0.75,0.3560264685584379,0.8198223468910706,0.41816023097459665
118,"OS_('Selected_SMOTE', ""{'proportion': 1.0, 'n_neighbors': 5, 'perc_sign_attr': 0.5, 'n_jobs': 1, 'random_state': 1}"")",MLPClassifier(random_state=1),0.9065936426116838,0.24278388278388277,0.6,0.3396180290297937,0.7599462365591397,0.3776961123208519
119,"OS_('Selected_SMOTE', ""{'proportion': 1.0, 'n_neighbors': 5, 'perc_sign_attr': 0.5, 'n_jobs': 1, 'random_state': 1}"")","Pipeline(steps=[('standardscaler', StandardScaler()),
                ('svc',
                 SVC(C=1, gamma='auto', kernel='linear', random_state=1))])",0.9231529209621993,0.41833333333333333,0.55,0.41650793650793655,0.7446704067321178,0.4481800107904226
120,"OS_('LN_SMOTE', ""{'proportion': 1.0, 'n_neighbors': 5, 'n_jobs': 1, 'random_state': 1}"")",DecisionTreeClassifier(random_state=1),0.94196735395189,0.4948717948717949,0.45,0.3855462184873949,0.7066503038803178,0.42496994904831986
121,"OS_('LN_SMOTE', ""{'proportion': 1.0, 'n_neighbors': 5, 'n_jobs': 1, 'random_state': 1}"")",KNeighborsClassifier(),0.9667955326460481,0.7,0.55,0.5714285714285714,0.7674380551659653,0.5974691494688164
122,"OS_('LN_SMOTE', ""{'proportion': 1.0, 'n_neighbors': 5, 'n_jobs': 1, 'random_state': 1}"")",MLPClassifier(random_state=1),0.9730240549828177,0.8476190476190476,0.55,0.6064069264069264,0.770687237026648,0.649498555516235
123,"OS_('LN_SMOTE', ""{'proportion': 1.0, 'n_neighbors': 5, 'n_jobs': 1, 'random_state': 1}"")","Pipeline(steps=[('standardscaler', StandardScaler()),
                ('svc',
                 SVC(C=1, gamma='auto', kernel='linear', random_state=1))])",0.9792310996563574,0.96,0.55,0.6577777777777778,0.7739247311827957,0.7031495069119117
124,"OS_('MWMOTE', ""{'proportion': 1.0, 'k1': 5, 'k2': 5, 'k3': 5, 'M': 10, 'cf_th': 5.0, 'cmax': 10.0, 'n_jobs': 1, 'random_state': 1}"")",DecisionTreeClassifier(random_state=1),0.9418814432989692,0.28888888888888886,0.45,0.3430769230769231,0.7065918653576437,0.35580782047249226
125,"OS_('MWMOTE', ""{'proportion': 1.0, 'k1': 5, 'k2': 5, 'k3': 5, 'M': 10, 'cf_th': 5.0, 'cmax': 10.0, 'n_jobs': 1, 'random_state': 1}"")",KNeighborsClassifier(),0.8941151202749141,0.23076839826839826,0.65,0.33390749601275915,0.7773609163160355,0.382444289293322
126,"OS_('MWMOTE', ""{'proportion': 1.0, 'k1': 5, 'k2': 5, 'k3': 5, 'M': 10, 'cf_th': 5.0, 'cmax': 10.0, 'n_jobs': 1, 'random_state': 1}"")",MLPClassifier(random_state=1),0.9191795532646049,0.39056531703590525,0.55,0.3855844155844156,0.7426016830294531,0.42433076976924083
127,"OS_('MWMOTE', ""{'proportion': 1.0, 'k1': 5, 'k2': 5, 'k3': 5, 'M': 10, 'cf_th': 5.0, 'cmax': 10.0, 'n_jobs': 1, 'random_state': 1}"")","Pipeline(steps=[('standardscaler', StandardScaler()),
                ('svc',
                 SVC(C=1, gamma='auto', kernel='linear', random_state=1))])",0.9357603092783506,0.5571717171717172,0.55,0.43868131868131865,0.7512505843852267,0.4919381139384492
128,"OS_('PDFOS', ""{'proportion': 1.0, 'n_jobs': 1, 'random_state': 1}"")",DecisionTreeClassifier(random_state=1),0.9564003436426116,0.5666666666666667,0.6,0.5409523809523809,0.7859280037400656,0.5616120824980894
129,"OS_('PDFOS', ""{'proportion': 1.0, 'n_jobs': 1, 'random_state': 1}"")",KNeighborsClassifier(),0.9646907216494846,0.5599999999999999,0.55,0.5444444444444445,0.7663394109396915,0.5495961163186379
130,"OS_('PDFOS', ""{'proportion': 1.0, 'n_jobs': 1, 'random_state': 1}"")",MLPClassifier(random_state=1),0.9605455326460481,0.5904761904761904,0.55,0.5327272727272727,0.764177185600748,0.5510242451433549
131,"OS_('PDFOS', ""{'proportion': 1.0, 'n_jobs': 1, 'random_state': 1}"")","Pipeline(steps=[('standardscaler', StandardScaler()),
                ('svc',
                 SVC(C=1, gamma='auto', kernel='linear', random_state=1))])",0.877491408934708,0.429264705882353,0.5,0.36994152046783624,0.6969261337073399,0.41087447048445763
132,"OS_('NEATER', ""{'proportion': 1.0, 'smote_n_neighbors': 5, 'b': 5, 'alpha': 0.1, 'h': 20, 'n_jobs': 1, 'random_state': 1}"")",DecisionTreeClassifier(random_state=1),0.9149699312714776,0.2693162393162393,0.55,0.34454499748617395,0.740404394576905,0.3747844519306666
133,"OS_('NEATER', ""{'proportion': 1.0, 'smote_n_neighbors': 5, 'b': 5, 'alpha': 0.1, 'h': 20, 'n_jobs': 1, 'random_state': 1}"")",KNeighborsClassifier(),0.889926975945017,0.24600732600732603,0.7,0.357026925602777,0.7990883590462834,0.4100523169168454
134,"OS_('NEATER', ""{'proportion': 1.0, 'smote_n_neighbors': 5, 'b': 5, 'alpha': 0.1, 'h': 20, 'n_jobs': 1, 'random_state': 1}"")",MLPClassifier(random_state=1),0.8068298969072165,0.15112102772143338,0.6,0.2239170025376922,0.7079008882655446,0.28633318159951726
135,"OS_('NEATER', ""{'proportion': 1.0, 'smote_n_neighbors': 5, 'b': 5, 'alpha': 0.1, 'h': 20, 'n_jobs': 1, 'random_state': 1}"")","Pipeline(steps=[('standardscaler', StandardScaler()),
                ('svc',
                 SVC(C=1, gamma='auto', kernel='linear', random_state=1))])",0.6573453608247424,0.10171692876965772,0.6,0.15873044541387646,0.6299205236091632,0.22753311041854124
136,"OS_('Gazzah', ""{'proportion': 1.0, 'n_components': 2, 'n_jobs': 1, 'random_state': 1}"")",DecisionTreeClassifier(random_state=1),0.966774054982818,0.36,0.25,0.2577777777777778,0.6239247311827957,0.2788854381999831
137,"OS_('Gazzah', ""{'proportion': 1.0, 'n_components': 2, 'n_jobs': 1, 'random_state': 1}"")",KNeighborsClassifier(),0.9460695876288661,0.440952380952381,0.8,0.5568098568098568,0.8762038335670874,0.5874754752460518
138,"OS_('Gazzah', ""{'proportion': 1.0, 'n_components': 2, 'n_jobs': 1, 'random_state': 1}"")",MLPClassifier(random_state=1),0.9605884879725087,0.53,0.6,0.5388888888888889,0.7881136044880785,0.5515747534559559
139,"OS_('Gazzah', ""{'proportion': 1.0, 'n_components': 2, 'n_jobs': 1, 'random_state': 1}"")","Pipeline(steps=[('standardscaler', StandardScaler()),
                ('svc',
                 SVC(C=1, gamma='auto', kernel='linear', random_state=1))])",0.9750644329896907,0.86,0.55,0.6244444444444444,0.7717508181393175,0.6617281506746022
140,"OS_('MCT', ""{'proportion': 1.0, 'n_jobs': 1, 'random_state': 1}"")",DecisionTreeClassifier(random_state=1),0.9397551546391754,0.2833333333333333,0.35,0.31,0.6576671341748481,0.3132993161855452
141,"OS_('MCT', ""{'proportion': 1.0, 'n_jobs': 1, 'random_state': 1}"")",KNeighborsClassifier(),0.9460266323024055,0.4023809523809524,0.65,0.4867099567099567,0.8044413277232352,0.5056941850522634
142,"OS_('MCT', ""{'proportion': 1.0, 'n_jobs': 1, 'random_state': 1}"")",MLPClassifier(random_state=1),0.9170317869415807,0.2827777777777778,0.6,0.3704273504273504,0.7653927068723702,0.4030002319910267
143,"OS_('MCT', ""{'proportion': 1.0, 'n_jobs': 1, 'random_state': 1}"")","Pipeline(steps=[('standardscaler', StandardScaler()),
                ('svc',
                 SVC(C=1, gamma='auto', kernel='linear', random_state=1))])",0.9377147766323024,0.4533333333333333,0.55,0.4447619047619048,0.7522674146797568,0.4719828448937986
144,"OS_('ADG', ""{'proportion': 1.0, 'kernel': 'inner', 'lam': 1.0, 'mu': 1.0, 'k': 12, 'gamma': 1.0, 'n_jobs': 1, 'random_state': 1}"")",DecisionTreeClassifier(random_state=1),0.8883376288659793,0.3233333333333333,0.35,0.2863492063492064,0.630820476858345,0.3086172029264642
145,"OS_('ADG', ""{'proportion': 1.0, 'kernel': 'inner', 'lam': 1.0, 'mu': 1.0, 'k': 12, 'gamma': 1.0, 'n_jobs': 1, 'random_state': 1}"")",KNeighborsClassifier(),0.9064218213058419,0.10787878787878787,0.3,0.15333333333333332,0.6163043478260869,0.17599959196971118
146,"OS_('ADG', ""{'proportion': 1.0, 'kernel': 'inner', 'lam': 1.0, 'mu': 1.0, 'k': 12, 'gamma': 1.0, 'n_jobs': 1, 'random_state': 1}"")",MLPClassifier(random_state=1),0.9272551546391753,0.1611111111111111,0.35,0.1965367965367965,0.6510869565217391,0.22272660919582368
147,"OS_('ADG', ""{'proportion': 1.0, 'kernel': 'inner', 'lam': 1.0, 'mu': 1.0, 'k': 12, 'gamma': 1.0, 'n_jobs': 1, 'random_state': 1}"")","Pipeline(steps=[('standardscaler', StandardScaler()),
                ('svc',
                 SVC(C=1, gamma='auto', kernel='linear', random_state=1))])",0.9355884879725085,0.3,0.35,0.22666666666666666,0.6554347826086957,0.27071067811865474
148,"OS_('SMOTE_IPF', ""{'proportion': 1.0, 'n_neighbors': 5, 'n_folds': 9, 'k': 3, 'p': 0.01, 'voting': 'majority', 'n_jobs': 1, 'classifier': DecisionTreeClassifier(random_state=2), 'random_state': 1}"")",DecisionTreeClassifier(random_state=1),0.9356743986254296,0.31999999999999995,0.55,0.3987301587301587,0.7512038335670874,0.41616144023504875
149,"OS_('SMOTE_IPF', ""{'proportion': 1.0, 'n_neighbors': 5, 'n_folds': 9, 'k': 3, 'p': 0.01, 'voting': 'majority', 'n_jobs': 1, 'classifier': DecisionTreeClassifier(random_state=2), 'random_state': 1}"")",KNeighborsClassifier(),0.8838273195876288,0.22522214627477782,0.7,0.33686680469289165,0.7959093034128099,0.3937858283124577
150,"OS_('SMOTE_IPF', ""{'proportion': 1.0, 'n_neighbors': 5, 'n_folds': 9, 'k': 3, 'p': 0.01, 'voting': 'majority', 'n_jobs': 1, 'classifier': DecisionTreeClassifier(random_state=2), 'random_state': 1}"")",MLPClassifier(random_state=1),0.9065721649484537,0.24214285714285713,0.6,0.34177489177489184,0.759934548854605,0.3790216442231119
151,"OS_('SMOTE_IPF', ""{'proportion': 1.0, 'n_neighbors': 5, 'n_folds': 9, 'k': 3, 'p': 0.01, 'voting': 'majority', 'n_jobs': 1, 'classifier': DecisionTreeClassifier(random_state=2), 'random_state': 1}"")","Pipeline(steps=[('standardscaler', StandardScaler()),
                ('svc',
                 SVC(C=1, gamma='auto', kernel='linear', random_state=1))])",0.9335481099656358,0.4333333333333333,0.55,0.43666666666666665,0.7500935016362786,0.46305222653274053
152,"OS_('KernelADASYN', ""{'proportion': 1.0, 'k': 5, 'h': 1.0, 'n_jobs': 1, 'random_state': 1}"")",DecisionTreeClassifier(random_state=1),0.9480025773195877,0.505,0.55,0.4955555555555556,0.7576320710612436,0.5111683886749463
153,"OS_('KernelADASYN', ""{'proportion': 1.0, 'k': 5, 'h': 1.0, 'n_jobs': 1, 'random_state': 1}"")",KNeighborsClassifier(),0.9792310996563574,0.96,0.55,0.6577777777777778,0.7739247311827957,0.7031495069119117
154,"OS_('KernelADASYN', ""{'proportion': 1.0, 'k': 5, 'h': 1.0, 'n_jobs': 1, 'random_state': 1}"")",MLPClassifier(random_state=1),0.9771692439862543,0.9333333333333332,0.5,0.6323809523809524,0.7489247311827957,0.6715178470694319
155,"OS_('KernelADASYN', ""{'proportion': 1.0, 'k': 5, 'h': 1.0, 'n_jobs': 1, 'random_state': 1}"")","Pipeline(steps=[('standardscaler', StandardScaler()),
                ('svc',
                 SVC(C=1, gamma='auto', kernel='linear', random_state=1))])",0.9419888316151204,0.4,0.1,0.16,0.5392122487143525,0.2
156,"OS_('MOT2LD', ""{'proportion': 1.0, 'n_components': 2, 'k': 5, 'd_cut': 'auto', 'n_jobs': 1, 'random_state': 1}"")",DecisionTreeClassifier(random_state=1),0.9605670103092783,0.5888888888888889,0.55,0.5278388278388279,0.7641888733052828,0.5479597703275305
157,"OS_('MOT2LD', ""{'proportion': 1.0, 'n_components': 2, 'k': 5, 'd_cut': 'auto', 'n_jobs': 1, 'random_state': 1}"")",KNeighborsClassifier(),0.9584621993127147,0.5166666666666667,0.6,0.5331168831168831,0.7870032725572698,0.5455152387823093
158,"OS_('MOT2LD', ""{'proportion': 1.0, 'n_components': 2, 'k': 5, 'd_cut': 'auto', 'n_jobs': 1, 'random_state': 1}"")",MLPClassifier(random_state=1),0.9709192439862544,0.6933333333333334,0.55,0.5920634920634921,0.7695885928003741,0.6064875263938726
159,"OS_('MOT2LD', ""{'proportion': 1.0, 'n_components': 2, 'k': 5, 'd_cut': 'auto', 'n_jobs': 1, 'random_state': 1}"")","Pipeline(steps=[('standardscaler', StandardScaler()),
                ('svc',
                 SVC(C=1, gamma='auto', kernel='linear', random_state=1))])",0.9771692439862543,0.8933333333333333,0.55,0.6387301587301587,0.7728494623655914,0.6771982045125273
160,"OS_('V_SYNTH', ""{'proportion': 1.0, 'n_components': 3, 'n_jobs': 1, 'random_state': 1}"")",DecisionTreeClassifier(random_state=1),0.9501503436426117,0.4066666666666666,0.45,0.4063492063492064,0.7109280037400655,0.4170828234631555
161,"OS_('V_SYNTH', ""{'proportion': 1.0, 'n_components': 3, 'n_jobs': 1, 'random_state': 1}"")",KNeighborsClassifier(),0.8940292096219931,0.24683147262094632,0.65,0.3523936932632585,0.7773024777933614,0.39641655373207696
162,"OS_('V_SYNTH', ""{'proportion': 1.0, 'n_components': 3, 'n_jobs': 1, 'random_state': 1}"")",MLPClassifier(random_state=1),0.9043814432989692,0.3635294117647059,0.55,0.36587301587301585,0.7348761103319308,0.40785492155145964
163,"OS_('V_SYNTH', ""{'proportion': 1.0, 'n_components': 3, 'n_jobs': 1, 'random_state': 1}"")","Pipeline(steps=[('standardscaler', StandardScaler()),
                ('svc',
                 SVC(C=1, gamma='auto', kernel='linear', random_state=1))])",0.7545962199312715,0.41411858523313627,0.7,0.3524702963833398,0.7284712482468443,0.4307799911118246
164,"OS_('OUPS', ""{'proportion': 1.0, 'n_jobs': 1, 'random_state': 1}"")",DecisionTreeClassifier(random_state=1),0.8653350515463917,0.18333333333333335,0.6,0.2730576441102757,0.738429172510519,0.32498069428318976
165,"OS_('OUPS', ""{'proportion': 1.0, 'n_jobs': 1, 'random_state': 1}"")",KNeighborsClassifier(),0.8568728522336769,0.20531954887218046,0.85,0.32956521739130434,0.8535881252921925,0.41656575779567095
166,"OS_('OUPS', ""{'proportion': 1.0, 'n_jobs': 1, 'random_state': 1}"")",MLPClassifier(random_state=1),0.867225085910653,0.19428104575163396,0.7,0.3004562104562104,0.7872370266479664,0.36569684775836875
167,"OS_('OUPS', ""{'proportion': 1.0, 'n_jobs': 1, 'random_state': 1}"")","Pipeline(steps=[('standardscaler', StandardScaler()),
                ('svc',
                 SVC(C=1, gamma='auto', kernel='linear', random_state=1))])",0.9191365979381443,0.30153846153846153,0.7,0.41587588881706533,0.814317438055166,0.455835250541186
168,"OS_('SMOTE_D', ""{'proportion': 1.0, 'k': 3, 'n_jobs': 1, 'random_state': 1}"")",DecisionTreeClassifier(random_state=1),0.950193298969072,0.48888888888888893,0.5,0.45355311355311356,0.7348644226273959,0.4733145455359917
169,"OS_('SMOTE_D', ""{'proportion': 1.0, 'k': 3, 'n_jobs': 1, 'random_state': 1}"")",KNeighborsClassifier(),0.9792310996563574,0.96,0.55,0.6577777777777778,0.7739247311827957,0.7031495069119117
170,"OS_('SMOTE_D', ""{'proportion': 1.0, 'k': 3, 'n_jobs': 1, 'random_state': 1}"")",MLPClassifier(random_state=1),0.9771692439862543,1.0,0.45,0.6133333333333333,0.725,0.6656854249492381
171,"OS_('SMOTE_D', ""{'proportion': 1.0, 'k': 3, 'n_jobs': 1, 'random_state': 1}"")","Pipeline(steps=[('standardscaler', StandardScaler()),
                ('svc',
                 SVC(C=1, gamma='auto', kernel='linear', random_state=1))])",0.9792310996563574,0.96,0.55,0.6577777777777778,0.7739247311827957,0.7031495069119117
172,"OS_('SMOTE_PSO', ""{'k': 3, 'eps': 0.05, 'n_pop': 10, 'w': 1.0, 'c1': 2.0, 'c2': 2.0, 'num_it': 10, 'n_jobs': 1, 'random_state': 1}"")",DecisionTreeClassifier(random_state=1),0.9211340206185566,0.26320346320346316,0.55,0.35272727272727267,0.7436185133239832,0.3784436177166467
173,"OS_('SMOTE_PSO', ""{'k': 3, 'eps': 0.05, 'n_pop': 10, 'w': 1.0, 'c1': 2.0, 'c2': 2.0, 'num_it': 10, 'n_jobs': 1, 'random_state': 1}"")",KNeighborsClassifier(),0.9584836769759452,0.5333333333333333,0.55,0.5085714285714286,0.7631019167835437,0.5247218001245872
174,"OS_('SMOTE_PSO', ""{'k': 3, 'eps': 0.05, 'n_pop': 10, 'w': 1.0, 'c1': 2.0, 'c2': 2.0, 'num_it': 10, 'n_jobs': 1, 'random_state': 1}"")",MLPClassifier(random_state=1),0.9751073883161512,0.8666666666666666,0.55,0.6209523809523809,0.771774193548387,0.6616120824980893
175,"OS_('SMOTE_PSO', ""{'k': 3, 'eps': 0.05, 'n_pop': 10, 'w': 1.0, 'c1': 2.0, 'c2': 2.0, 'num_it': 10, 'n_jobs': 1, 'random_state': 1}"")","Pipeline(steps=[('standardscaler', StandardScaler()),
                ('svc',
                 SVC(C=1, gamma='auto', kernel='linear', random_state=1))])",0.9792310996563574,0.96,0.55,0.6577777777777778,0.7739247311827957,0.7031495069119117
176,"OS_('CURE_SMOTE', ""{'proportion': 1.0, 'n_clusters': 5, 'noise_th': 2, 'n_jobs': 1, 'random_state': 1}"")",DecisionTreeClassifier(random_state=1),0.9335051546391753,0.31999999999999995,0.5,0.3793650793650794,0.7261570827489481,0.39410962854066867
177,"OS_('CURE_SMOTE', ""{'proportion': 1.0, 'n_clusters': 5, 'noise_th': 2, 'n_jobs': 1, 'random_state': 1}"")",KNeighborsClassifier(),0.9314862542955327,0.3483549783549783,0.65,0.43606060606060604,0.796856007480131,0.4656804304630871
178,"OS_('CURE_SMOTE', ""{'proportion': 1.0, 'n_clusters': 5, 'noise_th': 2, 'n_jobs': 1, 'random_state': 1}"")",MLPClassifier(random_state=1),0.8939647766323023,0.2758730158730158,0.55,0.3584688995215311,0.7294413277232351,0.3836383458872927
179,"OS_('CURE_SMOTE', ""{'proportion': 1.0, 'n_clusters': 5, 'noise_th': 2, 'n_jobs': 1, 'random_state': 1}"")","Pipeline(steps=[('standardscaler', StandardScaler()),
                ('svc',
                 SVC(C=1, gamma='auto', kernel='linear', random_state=1))])",0.8980025773195877,0.5693121693121693,0.55,0.48401433691756274,0.7315451145395044,0.5188392860156366
180,"OS_('SOMO', ""{'proportion': 1.0, 'n_grid': 10, 'sigma': 0.2, 'learning_rate': 0.5, 'n_iter': 100, 'n_jobs': 1, 'random_state': 1}"")",DecisionTreeClassifier(random_state=1),0.9543599656357389,0.5460317460317461,0.6,0.5291375291375291,0.7848644226273961,0.5503475841724883
181,"OS_('SOMO', ""{'proportion': 1.0, 'n_grid': 10, 'sigma': 0.2, 'learning_rate': 0.5, 'n_iter': 100, 'n_jobs': 1, 'random_state': 1}"")",KNeighborsClassifier(),0.9792310996563574,0.96,0.55,0.6577777777777778,0.7739247311827957,0.7031495069119117
182,"OS_('SOMO', ""{'proportion': 1.0, 'n_grid': 10, 'sigma': 0.2, 'learning_rate': 0.5, 'n_iter': 100, 'n_jobs': 1, 'random_state': 1}"")",MLPClassifier(random_state=1),0.9792310996563574,0.96,0.55,0.6577777777777778,0.7739247311827957,0.7031495069119117
183,"OS_('SOMO', ""{'proportion': 1.0, 'n_grid': 10, 'sigma': 0.2, 'learning_rate': 0.5, 'n_iter': 100, 'n_jobs': 1, 'random_state': 1}"")","Pipeline(steps=[('standardscaler', StandardScaler()),
                ('svc',
                 SVC(C=1, gamma='auto', kernel='linear', random_state=1))])",0.9792310996563574,0.96,0.55,0.6577777777777778,0.7739247311827957,0.7031495069119117
184,"OS_('CE_SMOTE', ""{'proportion': 1.0, 'h': 10, 'k': 5, 'alpha': 0.5, 'n_jobs': 1, 'random_state': 1}"")",DecisionTreeClassifier(random_state=1),0.9419243986254295,0.4003968253968254,0.6,0.4536596736596737,0.7783777466105656,0.47627880925976696
185,"OS_('CE_SMOTE', ""{'proportion': 1.0, 'h': 10, 'k': 5, 'alpha': 0.5, 'n_jobs': 1, 'random_state': 1}"")",KNeighborsClassifier(),0.8899914089347079,0.23264957264957262,0.7,0.34776137175517985,0.7991234221598877,0.40245156461803244
186,"OS_('CE_SMOTE', ""{'proportion': 1.0, 'h': 10, 'k': 5, 'alpha': 0.5, 'n_jobs': 1, 'random_state': 1}"")",MLPClassifier(random_state=1),0.8753651202749142,0.19463203463203463,0.6,0.29038095238095235,0.7436535764375878,0.3386732616259171
187,"OS_('CE_SMOTE', ""{'proportion': 1.0, 'h': 10, 'k': 5, 'alpha': 0.5, 'n_jobs': 1, 'random_state': 1}"")","Pipeline(steps=[('standardscaler', StandardScaler()),
                ('svc',
                 SVC(C=1, gamma='auto', kernel='linear', random_state=1))])",0.837757731958763,0.21457875457875458,0.65,0.3040875091295259,0.7479429640018701,0.3556475035593799
188,"OS_('Edge_Det_SMOTE', ""{'proportion': 1.0, 'k': 5, 'n_jobs': 1, 'random_state': 1}"")",DecisionTreeClassifier(random_state=1),0.952233676975945,0.41,0.5,0.44492063492063494,0.7359280037400655,0.44991978130449095
189,"OS_('Edge_Det_SMOTE', ""{'proportion': 1.0, 'k': 5, 'n_jobs': 1, 'random_state': 1}"")",KNeighborsClassifier(),0.8837843642611685,0.22000000000000003,0.7,0.3334586466165414,0.79588592800374,0.391369967808552
190,"OS_('Edge_Det_SMOTE', ""{'proportion': 1.0, 'k': 5, 'n_jobs': 1, 'random_state': 1}"")",MLPClassifier(random_state=1),0.8691580756013746,0.19243589743589745,0.55,0.2803921568627451,0.7165030388031791,0.3213868473383394
191,"OS_('Edge_Det_SMOTE', ""{'proportion': 1.0, 'k': 5, 'n_jobs': 1, 'random_state': 1}"")","Pipeline(steps=[('standardscaler', StandardScaler()),
                ('svc',
                 SVC(C=1, gamma='auto', kernel='linear', random_state=1))])",0.9064432989690723,0.45166666666666666,0.55,0.43968253968253973,0.7359513791491351,0.46719764066166114
192,"OS_('DBSMOTE', ""{'proportion': 1.0, 'eps': 0.8, 'min_samples': 3, 'n_jobs': 1, 'random_state': 1}"")",DecisionTreeClassifier(random_state=1),0.9356529209621993,0.4638888888888889,0.45,0.36974358974358973,0.7033777466105657,0.4101100286299702
193,"OS_('DBSMOTE', ""{'proportion': 1.0, 'eps': 0.8, 'min_samples': 3, 'n_jobs': 1, 'random_state': 1}"")",KNeighborsClassifier(),0.9647121993127147,0.6166666666666667,0.6,0.5738095238095238,0.790275829827022,0.5905777393935816
194,"OS_('DBSMOTE', ""{'proportion': 1.0, 'eps': 0.8, 'min_samples': 3, 'n_jobs': 1, 'random_state': 1}"")",MLPClassifier(random_state=1),0.9129939862542955,0.3768170426065163,0.5,0.36853754940711464,0.7154511453950445,0.40040285991082813
195,"OS_('DBSMOTE', ""{'proportion': 1.0, 'eps': 0.8, 'min_samples': 3, 'n_jobs': 1, 'random_state': 1}"")","Pipeline(steps=[('standardscaler', StandardScaler()),
                ('svc',
                 SVC(C=1, gamma='auto', kernel='linear', random_state=1))])",0.8841280068728523,0.6316008316008317,0.5,0.4527977044476327,0.7003973819541842,0.5013187747147972
196,"OS_('ASMOBD', ""{'proportion': 1.0, 'min_samples': 3, 'eps': 0.8, 'eta': 0.5, 'T_1': 1.0, 'T_2': 1.0, 't_1': 4.0, 't_2': 4.0, 'a': 0.05, 'smoothing': 'linear', 'n_jobs': 1, 'random_state': 1}"")",DecisionTreeClassifier(random_state=1),0.9543814432989691,0.5222222222222223,0.4,0.384029304029304,0.6892122487143524,0.41951406528991325
197,"OS_('ASMOBD', ""{'proportion': 1.0, 'min_samples': 3, 'eps': 0.8, 'eta': 0.5, 'T_1': 1.0, 'T_2': 1.0, 't_1': 4.0, 't_2': 4.0, 'a': 0.05, 'smoothing': 'linear', 'n_jobs': 1, 'random_state': 1}"")",KNeighborsClassifier(),0.9729810996563574,0.8266666666666665,0.6,0.6577777777777778,0.7945769050958391,0.6847991650046843
198,"OS_('ASMOBD', ""{'proportion': 1.0, 'min_samples': 3, 'eps': 0.8, 'eta': 0.5, 'T_1': 1.0, 'T_2': 1.0, 't_1': 4.0, 't_2': 4.0, 'a': 0.05, 'smoothing': 'linear', 'n_jobs': 1, 'random_state': 1}"")",MLPClassifier(random_state=1),0.9605025773195877,0.8222222222222222,0.45,0.5641025641025641,0.7163043478260869,0.5990187582825713
199,"OS_('ASMOBD', ""{'proportion': 1.0, 'min_samples': 3, 'eps': 0.8, 'eta': 0.5, 'T_1': 1.0, 'T_2': 1.0, 't_1': 4.0, 't_2': 4.0, 'a': 0.05, 'smoothing': 'linear', 'n_jobs': 1, 'random_state': 1}"")","Pipeline(steps=[('standardscaler', StandardScaler()),
                ('svc',
                 SVC(C=1, gamma='auto', kernel='linear', random_state=1))])",0.9792310996563574,0.96,0.55,0.6577777777777778,0.7739247311827957,0.7031495069119117
200,"OS_('Assembled_SMOTE', ""{'proportion': 1.0, 'n_neighbors': 5, 'pop': 2, 'thres': 0.3, 'n_jobs': 1, 'random_state': 1}"")",DecisionTreeClassifier(random_state=1),0.9481529209621993,0.4309523809523809,0.5,0.4254545454545454,0.7338008415147265,0.4449674816524277
201,"OS_('Assembled_SMOTE', ""{'proportion': 1.0, 'n_neighbors': 5, 'pop': 2, 'thres': 0.3, 'n_jobs': 1, 'random_state': 1}"")",KNeighborsClassifier(),0.8942439862542955,0.24817182817182815,0.7,0.3579360165118679,0.8013440860215054,0.41103100956121635
202,"OS_('Assembled_SMOTE', ""{'proportion': 1.0, 'n_neighbors': 5, 'pop': 2, 'thres': 0.3, 'n_jobs': 1, 'random_state': 1}"")",MLPClassifier(random_state=1),0.9127792096219931,0.2743939393939394,0.6,0.3687719298245614,0.7631720430107526,0.40078482009767863
203,"OS_('Assembled_SMOTE', ""{'proportion': 1.0, 'n_neighbors': 5, 'pop': 2, 'thres': 0.3, 'n_jobs': 1, 'random_state': 1}"")","Pipeline(steps=[('standardscaler', StandardScaler()),
                ('svc',
                 SVC(C=1, gamma='auto', kernel='linear', random_state=1))])",0.9314862542955327,0.43076923076923085,0.55,0.4280112044817928,0.7490182328190743,0.45754656091655505
204,"OS_('SDSMOTE', ""{'proportion': 1.0, 'n_neighbors': 5, 'n_jobs': 1, 'random_state': 1}"")",DecisionTreeClassifier(random_state=1),0.9480670103092784,0.3942857142857143,0.5,0.43434343434343436,0.7337540906965871,0.4406285083036825
205,"OS_('SDSMOTE', ""{'proportion': 1.0, 'n_neighbors': 5, 'n_jobs': 1, 'random_state': 1}"")",KNeighborsClassifier(),0.887951030927835,0.22716033966033966,0.7,0.3394771241830065,0.7980598410472183,0.3961224732329616
206,"OS_('SDSMOTE', ""{'proportion': 1.0, 'n_neighbors': 5, 'n_jobs': 1, 'random_state': 1}"")",MLPClassifier(random_state=1),0.9107603092783506,0.25504495504495506,0.6,0.3535115864527629,0.7621201496026181,0.3882565589997535
207,"OS_('SDSMOTE', ""{'proportion': 1.0, 'n_neighbors': 5, 'n_jobs': 1, 'random_state': 1}"")","Pipeline(steps=[('standardscaler', StandardScaler()),
                ('svc',
                 SVC(C=1, gamma='auto', kernel='linear', random_state=1))])",0.9397981099656357,0.44666666666666666,0.55,0.44683760683760687,0.753354371201496,0.4716889043836874
208,"OS_('DSMOTE', ""{'proportion': 1.0, 'n_neighbors': 5, 'rate': 0.1, 'n_step': 50, 'n_jobs': 1, 'random_state': 1}"")",DecisionTreeClassifier(random_state=1),0.9460266323024055,0.4619047619047619,0.4,0.363982683982684,0.6848527349228611,0.3946878573761574
209,"OS_('DSMOTE', ""{'proportion': 1.0, 'n_neighbors': 5, 'rate': 0.1, 'n_step': 50, 'n_jobs': 1, 'random_state': 1}"")",KNeighborsClassifier(),0.9792310996563574,0.96,0.55,0.6577777777777778,0.7739247311827957,0.7031495069119117
210,"OS_('DSMOTE', ""{'proportion': 1.0, 'n_neighbors': 5, 'rate': 0.1, 'n_step': 50, 'n_jobs': 1, 'random_state': 1}"")",MLPClassifier(random_state=1),0.9792310996563574,0.96,0.55,0.6577777777777778,0.7739247311827957,0.7031495069119117
211,"OS_('DSMOTE', ""{'proportion': 1.0, 'n_neighbors': 5, 'rate': 0.1, 'n_step': 50, 'n_jobs': 1, 'random_state': 1}"")","Pipeline(steps=[('standardscaler', StandardScaler()),
                ('svc',
                 SVC(C=1, gamma='auto', kernel='linear', random_state=1))])",0.9792310996563574,0.96,0.55,0.6577777777777778,0.7739247311827957,0.7031495069119117
212,"OS_('G_SMOTE', ""{'proportion': 1.0, 'n_neighbors': 5, 'method': 'linear', 'n_jobs': 1, 'random_state': 1}"")",DecisionTreeClassifier(random_state=1),0.9356743986254296,0.3127272727272727,0.5,0.3733333333333334,0.7272907900888266,0.3889326951310802
213,"OS_('G_SMOTE', ""{'proportion': 1.0, 'n_neighbors': 5, 'method': 'linear', 'n_jobs': 1, 'random_state': 1}"")",KNeighborsClassifier(),0.9044888316151202,0.24554778554778559,0.65,0.35296918767506996,0.7827723235156614,0.3972377530352901
214,"OS_('G_SMOTE', ""{'proportion': 1.0, 'n_neighbors': 5, 'method': 'linear', 'n_jobs': 1, 'random_state': 1}"")",MLPClassifier(random_state=1),0.9024484536082473,0.24232323232323233,0.6,0.3336437246963563,0.7577840112201965,0.3742299018273531
215,"OS_('G_SMOTE', ""{'proportion': 1.0, 'n_neighbors': 5, 'method': 'linear', 'n_jobs': 1, 'random_state': 1}"")","Pipeline(steps=[('standardscaler', StandardScaler()),
                ('svc',
                 SVC(C=1, gamma='auto', kernel='linear', random_state=1))])",0.9045747422680412,0.35858585858585856,0.5,0.35318903318903316,0.7110565684899485,0.3884537665870126
216,"OS_('NT_SMOTE', ""{'proportion': 1.0, 'n_jobs': 1, 'random_state': 1}"")",DecisionTreeClassifier(random_state=1),0.9585051546391752,0.4966666666666667,0.6,0.5360317460317461,0.7870266479663395,0.5421267202972719
217,"OS_('NT_SMOTE', ""{'proportion': 1.0, 'n_jobs': 1, 'random_state': 1}"")",KNeighborsClassifier(),0.9085910652920962,0.27965811965811965,0.65,0.3835423400129282,0.7849111734455352,0.4216162237379916
218,"OS_('NT_SMOTE', ""{'proportion': 1.0, 'n_jobs': 1, 'random_state': 1}"")",MLPClassifier(random_state=1),0.9273625429553265,0.34944444444444445,0.55,0.3980463980463981,0.7468676951846657,0.42240483250183586
219,"OS_('NT_SMOTE', ""{'proportion': 1.0, 'n_jobs': 1, 'random_state': 1}"")","Pipeline(steps=[('standardscaler', StandardScaler()),
                ('svc',
                 SVC(C=1, gamma='auto', kernel='linear', random_state=1))])",0.9419029209621993,0.5888888888888888,0.55,0.46641025641025635,0.75445301542777,0.514139374582378
220,"OS_('Lee', ""{'proportion': 1.0, 'n_neighbors': 5, 'rejection_level': 0.5, 'n_jobs': 1, 'random_state': 1}"")",DecisionTreeClassifier(random_state=1),0.9543599656357389,0.5460317460317461,0.6,0.5291375291375291,0.7848644226273961,0.5503475841724883
221,"OS_('Lee', ""{'proportion': 1.0, 'n_neighbors': 5, 'rejection_level': 0.5, 'n_jobs': 1, 'random_state': 1}"")",KNeighborsClassifier(),0.9792310996563574,0.96,0.55,0.6577777777777778,0.7739247311827957,0.7031495069119117
222,"OS_('Lee', ""{'proportion': 1.0, 'n_neighbors': 5, 'rejection_level': 0.5, 'n_jobs': 1, 'random_state': 1}"")",MLPClassifier(random_state=1),0.9792310996563574,0.96,0.55,0.6577777777777778,0.7739247311827957,0.7031495069119117
223,"OS_('Lee', ""{'proportion': 1.0, 'n_neighbors': 5, 'rejection_level': 0.5, 'n_jobs': 1, 'random_state': 1}"")","Pipeline(steps=[('standardscaler', StandardScaler()),
                ('svc',
                 SVC(C=1, gamma='auto', kernel='linear', random_state=1))])",0.9792310996563574,0.96,0.55,0.6577777777777778,0.7739247311827957,0.7031495069119117
224,"OS_('SPY', ""{'n_neighbors': 5, 'threshold': 0.5, 'n_jobs': 1}"")",DecisionTreeClassifier(random_state=1),0.9543599656357389,0.5460317460317461,0.6,0.5291375291375291,0.7848644226273961,0.5503475841724883
225,"OS_('SPY', ""{'n_neighbors': 5, 'threshold': 0.5, 'n_jobs': 1}"")",KNeighborsClassifier(),0.9792310996563574,0.96,0.55,0.6577777777777778,0.7739247311827957,0.7031495069119117
226,"OS_('SPY', ""{'n_neighbors': 5, 'threshold': 0.5, 'n_jobs': 1}"")",MLPClassifier(random_state=1),0.9771692439862543,1.0,0.45,0.6133333333333333,0.725,0.6656854249492381
227,"OS_('SPY', ""{'n_neighbors': 5, 'threshold': 0.5, 'n_jobs': 1}"")","Pipeline(steps=[('standardscaler', StandardScaler()),
                ('svc',
                 SVC(C=1, gamma='auto', kernel='linear', random_state=1))])",0.9792310996563574,0.96,0.55,0.6577777777777778,0.7739247311827957,0.7031495069119117
228,"OS_('SMOTE_PSOBAT', ""{'maxit': 50, 'c1': 0.3, 'c2': 0.1, 'c3': 0.1, 'alpha': 0.9, 'gamma': 0.9, 'method': 'bat', 'n_jobs': 1, 'random_state': 1}"")",DecisionTreeClassifier(random_state=1),0.9480884879725086,0.4522222222222222,0.55,0.45958485958485956,0.7576788218793828,0.4796674625085595
229,"OS_('SMOTE_PSOBAT', ""{'maxit': 50, 'c1': 0.3, 'c2': 0.1, 'c3': 0.1, 'alpha': 0.9, 'gamma': 0.9, 'method': 'bat', 'n_jobs': 1, 'random_state': 1}"")",KNeighborsClassifier(),0.9378436426116838,0.392014652014652,0.6,0.445575078516255,0.7762505843852268,0.4691988343739711
230,"OS_('SMOTE_PSOBAT', ""{'maxit': 50, 'c1': 0.3, 'c2': 0.1, 'c3': 0.1, 'alpha': 0.9, 'gamma': 0.9, 'method': 'bat', 'n_jobs': 1, 'random_state': 1}"")",MLPClassifier(random_state=1),0.9709621993127149,0.7333333333333333,0.55,0.5933333333333334,0.7696119682094437,0.616852706778819
231,"OS_('SMOTE_PSOBAT', ""{'maxit': 50, 'c1': 0.3, 'c2': 0.1, 'c3': 0.1, 'alpha': 0.9, 'gamma': 0.9, 'method': 'bat', 'n_jobs': 1, 'random_state': 1}"")","Pipeline(steps=[('standardscaler', StandardScaler()),
                ('svc',
                 SVC(C=1, gamma='auto', kernel='linear', random_state=1))])",0.9751073883161512,0.86,0.55,0.6244444444444444,0.771774193548387,0.6617281506746021
232,"OS_('MDO', ""{'proportion': 1.0, 'K2': 5, 'K1_frac': 0.5, 'n_jobs': 1, 'random_state': 1}"")",DecisionTreeClassifier(random_state=1),0.9543599656357389,0.5460317460317461,0.6,0.5291375291375291,0.7848644226273961,0.5503475841724883
233,"OS_('MDO', ""{'proportion': 1.0, 'K2': 5, 'K1_frac': 0.5, 'n_jobs': 1, 'random_state': 1}"")",KNeighborsClassifier(),0.9792310996563574,0.96,0.55,0.6577777777777778,0.7739247311827957,0.7031495069119117
234,"OS_('MDO', ""{'proportion': 1.0, 'K2': 5, 'K1_frac': 0.5, 'n_jobs': 1, 'random_state': 1}"")",MLPClassifier(random_state=1),0.9792310996563574,0.96,0.55,0.6577777777777778,0.7739247311827957,0.7031495069119117
235,"OS_('MDO', ""{'proportion': 1.0, 'K2': 5, 'K1_frac': 0.5, 'n_jobs': 1, 'random_state': 1}"")","Pipeline(steps=[('standardscaler', StandardScaler()),
                ('svc',
                 SVC(C=1, gamma='auto', kernel='linear', random_state=1))])",0.9792310996563574,0.96,0.55,0.6577777777777778,0.7739247311827957,0.7031495069119117
236,"OS_('Random_SMOTE', ""{'proportion': 1.0, 'n_neighbors': 5, 'n_jobs': 1, 'random_state': 1}"")",DecisionTreeClassifier(random_state=1),0.929381443298969,0.3421645021645021,0.65,0.43204795204795204,0.7957573632538569,0.4626197726993501
237,"OS_('Random_SMOTE', ""{'proportion': 1.0, 'n_neighbors': 5, 'n_jobs': 1, 'random_state': 1}"")",KNeighborsClassifier(),0.873389175257732,0.19055532702591527,0.65,0.29307386112339673,0.7665497896213183,0.3505484743923099
238,"OS_('Random_SMOTE', ""{'proportion': 1.0, 'n_neighbors': 5, 'n_jobs': 1, 'random_state': 1}"")",MLPClassifier(random_state=1),0.9086984536082475,0.25934065934065936,0.6,0.35412953060011887,0.7610448807854138,0.389153200193029
239,"OS_('Random_SMOTE', ""{'proportion': 1.0, 'n_neighbors': 5, 'n_jobs': 1, 'random_state': 1}"")","Pipeline(steps=[('standardscaler', StandardScaler()),
                ('svc',
                 SVC(C=1, gamma='auto', kernel='linear', random_state=1))])",0.9273840206185566,0.3996969696969697,0.55,0.4076190476190476,0.7468793828892005,0.4397502387246385
240,"OS_('ISMOTE', ""{'n_neighbors': 5, 'minority_weight': 0.5, 'n_jobs': 1, 'random_state': 1}"")",DecisionTreeClassifier(random_state=1),0.9190292096219931,0.35238095238095235,0.6,0.39706959706959716,0.7664329125759701,0.43356182590434234
241,"OS_('ISMOTE', ""{'n_neighbors': 5, 'minority_weight': 0.5, 'n_jobs': 1, 'random_state': 1}"")",KNeighborsClassifier(),0.8984106529209622,0.28626373626373625,0.85,0.4204634581105169,0.8752571294997662,0.4877127831553256
242,"OS_('ISMOTE', ""{'n_neighbors': 5, 'minority_weight': 0.5, 'n_jobs': 1, 'random_state': 1}"")",MLPClassifier(random_state=1),0.9169888316151203,0.3134965034965035,0.65,0.40610644257703077,0.7892823749415615,0.4416535653773345
243,"OS_('ISMOTE', ""{'n_neighbors': 5, 'minority_weight': 0.5, 'n_jobs': 1, 'random_state': 1}"")","Pipeline(steps=[('standardscaler', StandardScaler()),
                ('svc',
                 SVC(C=1, gamma='auto', kernel='linear', random_state=1))])",0.8940292096219931,0.3114285714285714,0.6,0.3897907647907648,0.7533894343151004,0.4187658865094865
244,"OS_('GASMOTE', ""{'n_neighbors': 5, 'maxn': 7, 'n_pop': 10, 'popl3': 5, 'pm': 0.3, 'pr': 0.2, 'Ge': 10, 'n_jobs': 1, 'random_state': 1}"")",DecisionTreeClassifier(random_state=1),0.9232603092783505,0.27380952380952384,0.55,0.356060606060606,0.744728845254792,0.38248430467708006
245,"OS_('GASMOTE', ""{'n_neighbors': 5, 'maxn': 7, 'n_pop': 10, 'popl3': 5, 'pm': 0.3, 'pr': 0.2, 'Ge': 10, 'n_jobs': 1, 'random_state': 1}"")",KNeighborsClassifier(),0.970983676975945,0.7466666666666666,0.6,0.6146031746031746,0.7935366993922394,0.6414171698803497
246,"OS_('GASMOTE', ""{'n_neighbors': 5, 'maxn': 7, 'n_pop': 10, 'popl3': 5, 'pm': 0.3, 'pr': 0.2, 'Ge': 10, 'n_jobs': 1, 'random_state': 1}"")",MLPClassifier(random_state=1),0.9792310996563574,0.96,0.55,0.6577777777777778,0.7739247311827957,0.7031495069119117
247,"OS_('GASMOTE', ""{'n_neighbors': 5, 'maxn': 7, 'n_pop': 10, 'popl3': 5, 'pm': 0.3, 'pr': 0.2, 'Ge': 10, 'n_jobs': 1, 'random_state': 1}"")","Pipeline(steps=[('standardscaler', StandardScaler()),
                ('svc',
                 SVC(C=1, gamma='auto', kernel='linear', random_state=1))])",0.9792310996563574,0.96,0.55,0.6577777777777778,0.7739247311827957,0.7031495069119117
248,"OS_('SMOTE_FRST_2T', ""{'n_neighbors': 5, 'gamma_S': 0.7, 'gamma_M': 0.03, 'n_jobs': 1, 'random_state': 1}"")",DecisionTreeClassifier(random_state=1),0.9273840206185568,0.34984126984126984,0.5,0.38177933177933177,0.7229546517064048,0.40240754667463313
249,"OS_('SMOTE_FRST_2T', ""{'n_neighbors': 5, 'gamma_S': 0.7, 'gamma_M': 0.03, 'n_jobs': 1, 'random_state': 1}"")",KNeighborsClassifier(),0.8733676975945016,0.20914027492974863,0.7,0.31815681902638426,0.7904511453950445,0.37939703858364915
250,"OS_('SMOTE_FRST_2T', ""{'n_neighbors': 5, 'gamma_S': 0.7, 'gamma_M': 0.03, 'n_jobs': 1, 'random_state': 1}"")",MLPClassifier(random_state=1),0.8962843642611684,0.24210526315789468,0.6,0.3284226173013359,0.7545698924731183,0.36977708914042534
251,"OS_('SMOTE_FRST_2T', ""{'n_neighbors': 5, 'gamma_S': 0.7, 'gamma_M': 0.03, 'n_jobs': 1, 'random_state': 1}"")","Pipeline(steps=[('standardscaler', StandardScaler()),
                ('svc',
                 SVC(C=1, gamma='auto', kernel='linear', random_state=1))])",0.8836984536082474,0.21377289377289377,0.6,0.3055377302436126,0.7480014025245441,0.35124860939698166
252,"OS_('AND_SMOTE', ""{'proportion': 1.0, 'K': 15, 'n_jobs': 1, 'random_state': 1}"")",DecisionTreeClassifier(random_state=1),0.9501718213058419,0.41809523809523813,0.55,0.4642135642135642,0.7587657784011219,0.4739564298244905
253,"OS_('AND_SMOTE', ""{'proportion': 1.0, 'K': 15, 'n_jobs': 1, 'random_state': 1}"")",KNeighborsClassifier(),0.973024054982818,0.8,0.55,0.6019047619047619,0.770687237026648,0.6356607800987051
254,"OS_('AND_SMOTE', ""{'proportion': 1.0, 'K': 15, 'n_jobs': 1, 'random_state': 1}"")",MLPClassifier(random_state=1),0.9688788659793814,0.7333333333333333,0.55,0.5733333333333334,0.7685250116877046,0.6047206724228548
255,"OS_('AND_SMOTE', ""{'proportion': 1.0, 'K': 15, 'n_jobs': 1, 'random_state': 1}"")","Pipeline(steps=[('standardscaler', StandardScaler()),
                ('svc',
                 SVC(C=1, gamma='auto', kernel='linear', random_state=1))])",0.9646907216494846,0.7404761904761904,0.5,0.5503463203463204,0.7424146797568957,0.5824843046770801
256,"OS_('NRAS', ""{'proportion': 1.0, 'n_neighbors': 5, 't': 0.5, 'n_jobs': 1, 'random_state': 1}"")",DecisionTreeClassifier(random_state=1),0.975085910652921,0.96,0.45,0.5511111111111111,0.7239247311827957,0.6203067944372926
257,"OS_('NRAS', ""{'proportion': 1.0, 'n_neighbors': 5, 't': 0.5, 'n_jobs': 1, 'random_state': 1}"")",KNeighborsClassifier(),0.9792310996563574,0.96,0.55,0.6577777777777778,0.7739247311827957,0.7031495069119117
258,"OS_('NRAS', ""{'proportion': 1.0, 'n_neighbors': 5, 't': 0.5, 'n_jobs': 1, 'random_state': 1}"")",MLPClassifier(random_state=1),0.9771692439862543,0.95,0.5,0.6299999999999999,0.7489247311827957,0.6742640687119285
259,"OS_('NRAS', ""{'proportion': 1.0, 'n_neighbors': 5, 't': 0.5, 'n_jobs': 1, 'random_state': 1}"")","Pipeline(steps=[('standardscaler', StandardScaler()),
                ('svc',
                 SVC(C=1, gamma='auto', kernel='linear', random_state=1))])",0.9792310996563574,0.96,0.55,0.6577777777777778,0.7739247311827957,0.7031495069119117
260,"OS_('AMSCO', ""{'n_pop': 5, 'n_iter': 15, 'omega': 0.1, 'r1': 0.1, 'r2': 0.1, 'n_jobs': 1, 'classifier': DecisionTreeClassifier(random_state=2), 'random_state': 1}"")",DecisionTreeClassifier(random_state=1),0.9480884879725086,0.4038095238095238,0.6,0.4720923520923521,0.7816035530621785,0.4866664839972681
261,"OS_('AMSCO', ""{'n_pop': 5, 'n_iter': 15, 'omega': 0.1, 'r1': 0.1, 'r2': 0.1, 'n_jobs': 1, 'classifier': DecisionTreeClassifier(random_state=2), 'random_state': 1}"")",KNeighborsClassifier(),0.9169243986254296,0.38791208791208787,0.6,0.40158873805932627,0.7653342683496961,0.44462070167118856
262,"OS_('AMSCO', ""{'n_pop': 5, 'n_iter': 15, 'omega': 0.1, 'r1': 0.1, 'r2': 0.1, 'n_jobs': 1, 'classifier': DecisionTreeClassifier(random_state=2), 'random_state': 1}"")",MLPClassifier(random_state=1),0.9376503436426116,0.4424603174603174,0.6,0.4594405594405594,0.7761453950444134,0.48932783216820247
263,"OS_('AMSCO', ""{'n_pop': 5, 'n_iter': 15, 'omega': 0.1, 'r1': 0.1, 'r2': 0.1, 'n_jobs': 1, 'classifier': DecisionTreeClassifier(random_state=2), 'random_state': 1}"")","Pipeline(steps=[('standardscaler', StandardScaler()),
                ('svc',
                 SVC(C=1, gamma='auto', kernel='linear', random_state=1))])",0.9542310996563573,0.6377777777777778,0.55,0.545982905982906,0.7608812529219261,0.5692196463876551
264,"OS_('SSO', ""{'proportion': 1.0, 'n_neighbors': 5, 'h': 10, 'n_iter': 5, 'n_jobs': 1, 'random_state': 1}"")",DecisionTreeClassifier(random_state=1),0.9564003436426116,0.5666666666666667,0.6,0.5409523809523809,0.7859280037400656,0.5616120824980894
265,"OS_('SSO', ""{'proportion': 1.0, 'n_neighbors': 5, 'h': 10, 'n_iter': 5, 'n_jobs': 1, 'random_state': 1}"")",KNeighborsClassifier(),0.973024054982818,0.8476190476190476,0.55,0.6064069264069264,0.770687237026648,0.649498555516235
266,"OS_('SSO', ""{'proportion': 1.0, 'n_neighbors': 5, 'h': 10, 'n_iter': 5, 'n_jobs': 1, 'random_state': 1}"")",MLPClassifier(random_state=1),0.9689218213058419,0.8,0.55,0.5799999999999998,0.7685483870967742,0.6242640687119285
267,"OS_('SSO', ""{'proportion': 1.0, 'n_neighbors': 5, 'h': 10, 'n_iter': 5, 'n_jobs': 1, 'random_state': 1}"")","Pipeline(steps=[('standardscaler', StandardScaler()),
                ('svc',
                 SVC(C=1, gamma='auto', kernel='linear', random_state=1))])",0.9771692439862543,0.9333333333333332,0.55,0.6399999999999999,0.7728494623655914,0.6875633848974737
268,"OS_('NDO_sampling', ""{'proportion': 1.0, 'n_neighbors': 5, 'T': 0.5, 'n_jobs': 1, 'random_state': 1}"")",DecisionTreeClassifier(random_state=1),0.9585051546391753,0.5283333333333333,0.7,0.5809523809523809,0.8348527349228612,0.5971215059032041
269,"OS_('NDO_sampling', ""{'proportion': 1.0, 'n_neighbors': 5, 'T': 0.5, 'n_jobs': 1, 'random_state': 1}"")",KNeighborsClassifier(),0.9231958762886598,0.31147186147186146,0.7,0.41909090909090907,0.816444600280505,0.45976620248735145
270,"OS_('NDO_sampling', ""{'proportion': 1.0, 'n_neighbors': 5, 'T': 0.5, 'n_jobs': 1, 'random_state': 1}"")",MLPClassifier(random_state=1),0.943943298969072,0.4663636363636364,0.6,0.496984126984127,0.7794296400187004,0.5143714250097415
271,"OS_('NDO_sampling', ""{'proportion': 1.0, 'n_neighbors': 5, 'T': 0.5, 'n_jobs': 1, 'random_state': 1}"")","Pipeline(steps=[('standardscaler', StandardScaler()),
                ('svc',
                 SVC(C=1, gamma='auto', kernel='linear', random_state=1))])",0.9480884879725086,0.4842857142857143,0.55,0.4787878787878788,0.7576788218793828,0.4974819022096425
272,"OS_('DSRBF', ""{'proportion': 1.0, 'n_neighbors': 5, 'm_min': 4, 'm_max': 10, 'Ib': 2, 'Ob': 2, 'n_pop': 500, 'n_init_pop': 5000, 'n_iter': 40, 'n_sampling_epoch': 5, 'n_jobs': 1, 'random_state': 1}"")",DecisionTreeClassifier(random_state=1),0.9398195876288659,0.3579365079365079,0.65,0.4544755244755245,0.8011921458625526,0.4783723333288741
273,"OS_('DSRBF', ""{'proportion': 1.0, 'n_neighbors': 5, 'm_min': 4, 'm_max': 10, 'Ib': 2, 'Ob': 2, 'n_pop': 500, 'n_init_pop': 5000, 'n_iter': 40, 'n_sampling_epoch': 5, 'n_jobs': 1, 'random_state': 1}"")",KNeighborsClassifier(),0.8901202749140895,0.23561175666438822,0.7,0.3456258234519104,0.7991935483870968,0.4008665378225106
274,"OS_('DSRBF', ""{'proportion': 1.0, 'n_neighbors': 5, 'm_min': 4, 'm_max': 10, 'Ib': 2, 'Ob': 2, 'n_pop': 500, 'n_init_pop': 5000, 'n_iter': 40, 'n_sampling_epoch': 5, 'n_jobs': 1, 'random_state': 1}"")",MLPClassifier(random_state=1),0.9294243986254296,0.32,0.6,0.4114285714285715,0.7718560074801308,0.4346856338884206
275,"OS_('DSRBF', ""{'proportion': 1.0, 'n_neighbors': 5, 'm_min': 4, 'm_max': 10, 'Ib': 2, 'Ob': 2, 'n_pop': 500, 'n_init_pop': 5000, 'n_iter': 40, 'n_sampling_epoch': 5, 'n_jobs': 1, 'random_state': 1}"")","Pipeline(steps=[('standardscaler', StandardScaler()),
                ('svc',
                 SVC(C=1, gamma='auto', kernel='linear', random_state=1))])",0.9460051546391751,0.4776190476190477,0.55,0.4743434343434343,0.7565918653576438,0.493585371706033
276,"OS_('Gaussian_SMOTE', ""{'proportion': 1.0, 'n_neighbors': 5, 'sigma': 1.0, 'n_jobs': 1, 'random_state': 1}"")",DecisionTreeClassifier(random_state=1),0.9543170103092784,0.54,0.55,0.5053968253968254,0.7609280037400654,0.5246837839553126
277,"OS_('Gaussian_SMOTE', ""{'proportion': 1.0, 'n_neighbors': 5, 'sigma': 1.0, 'n_jobs': 1, 'random_state': 1}"")",KNeighborsClassifier(),0.9606099656357389,0.5809523809523809,0.55,0.5254545454545455,0.7642122487143526,0.5449674816524277
278,"OS_('Gaussian_SMOTE', ""{'proportion': 1.0, 'n_neighbors': 5, 'sigma': 1.0, 'n_jobs': 1, 'random_state': 1}"")",MLPClassifier(random_state=1),0.9418599656357388,0.4704761904761904,0.55,0.4676479076479077,0.7544296400187004,0.48828047977806355
279,"OS_('Gaussian_SMOTE', ""{'proportion': 1.0, 'n_neighbors': 5, 'sigma': 1.0, 'n_jobs': 1, 'random_state': 1}"")","Pipeline(steps=[('standardscaler', StandardScaler()),
                ('svc',
                 SVC(C=1, gamma='auto', kernel='linear', random_state=1))])",0.9439003436426117,0.48969696969696963,0.55,0.48,0.7554932211313699,0.4991870199883948
280,"OS_('kmeans_SMOTE', ""{'proportion': 1.0, 'n_neighbors': 5, 'n_clusters': 10, 'irt': 2.0, 'n_jobs': 1, 'random_state': 1}"")",DecisionTreeClassifier(random_state=1),0.9543599656357389,0.5460317460317461,0.6,0.5291375291375291,0.7848644226273961,0.5503475841724883
281,"OS_('kmeans_SMOTE', ""{'proportion': 1.0, 'n_neighbors': 5, 'n_clusters': 10, 'irt': 2.0, 'n_jobs': 1, 'random_state': 1}"")",KNeighborsClassifier(),0.9792310996563574,0.96,0.55,0.6577777777777778,0.7739247311827957,0.7031495069119117
282,"OS_('kmeans_SMOTE', ""{'proportion': 1.0, 'n_neighbors': 5, 'n_clusters': 10, 'irt': 2.0, 'n_jobs': 1, 'random_state': 1}"")",MLPClassifier(random_state=1),0.9792310996563574,0.96,0.55,0.6577777777777778,0.7739247311827957,0.7031495069119117
283,"OS_('kmeans_SMOTE', ""{'proportion': 1.0, 'n_neighbors': 5, 'n_clusters': 10, 'irt': 2.0, 'n_jobs': 1, 'random_state': 1}"")","Pipeline(steps=[('standardscaler', StandardScaler()),
                ('svc',
                 SVC(C=1, gamma='auto', kernel='linear', random_state=1))])",0.9792310996563574,0.96,0.55,0.6577777777777778,0.7739247311827957,0.7031495069119117
284,"OS_('Supervised_SMOTE', ""{'proportion': 1.0, 'th_lower': 0.5, 'th_upper': 1.0, 'classifier': RandomForestClassifier(n_estimators=50, n_jobs=1, random_state=5), 'n_jobs': 1, 'random_state': 1}"")",DecisionTreeClassifier(random_state=1),0.9542955326460483,0.5571428571428572,0.6,0.5336796536796536,0.7848293595137916,0.5555553190071623
285,"OS_('Supervised_SMOTE', ""{'proportion': 1.0, 'th_lower': 0.5, 'th_upper': 1.0, 'classifier': RandomForestClassifier(n_estimators=50, n_jobs=1, random_state=5), 'n_jobs': 1, 'random_state': 1}"")",KNeighborsClassifier(),0.9460266323024055,0.4023809523809524,0.65,0.4867099567099567,0.8044413277232352,0.5056941850522634
286,"OS_('Supervised_SMOTE', ""{'proportion': 1.0, 'th_lower': 0.5, 'th_upper': 1.0, 'classifier': RandomForestClassifier(n_estimators=50, n_jobs=1, random_state=5), 'n_jobs': 1, 'random_state': 1}"")",MLPClassifier(random_state=1),0.9688788659793814,0.7333333333333333,0.55,0.5733333333333334,0.7685250116877046,0.6047206724228548
287,"OS_('Supervised_SMOTE', ""{'proportion': 1.0, 'th_lower': 0.5, 'th_upper': 1.0, 'classifier': RandomForestClassifier(n_estimators=50, n_jobs=1, random_state=5), 'n_jobs': 1, 'random_state': 1}"")","Pipeline(steps=[('standardscaler', StandardScaler()),
                ('svc',
                 SVC(C=1, gamma='auto', kernel='linear', random_state=1))])",0.9688788659793814,0.7333333333333333,0.55,0.5733333333333334,0.7685250116877046,0.6047206724228548
288,"OS_('SN_SMOTE', ""{'proportion': 1.0, 'n_neighbors': 5, 'n_jobs': 1, 'random_state': 1}"")",DecisionTreeClassifier(random_state=1),0.9543170103092784,0.46333333333333326,0.55,0.4931746031746032,0.7609280037400654,0.4998617472162345
289,"OS_('SN_SMOTE', ""{'proportion': 1.0, 'n_neighbors': 5, 'n_jobs': 1, 'random_state': 1}"")",KNeighborsClassifier(),0.92321735395189,0.3127777777777777,0.7,0.42725274725274714,0.8164562879850399,0.46472072558039795
290,"OS_('SN_SMOTE', ""{'proportion': 1.0, 'n_neighbors': 5, 'n_jobs': 1, 'random_state': 1}"")",MLPClassifier(random_state=1),0.9002792096219931,0.24904761904761905,0.6,0.3487651237651238,0.7566503038803181,0.38440376285054684
291,"OS_('SN_SMOTE', ""{'proportion': 1.0, 'n_neighbors': 5, 'n_jobs': 1, 'random_state': 1}"")","Pipeline(steps=[('standardscaler', StandardScaler()),
                ('svc',
                 SVC(C=1, gamma='auto', kernel='linear', random_state=1))])",0.9085910652920962,0.3833333333333333,0.5,0.3783333333333333,0.713148667601683,0.4080045449675455
292,"OS_('CCR', ""{'proportion': 1.0, 'energy': 1.0, 'scaling': 0.0, 'n_jobs': 1, 'random_state': 1}"")",DecisionTreeClassifier(random_state=1),0.9543170103092784,0.54,0.55,0.5053968253968254,0.7609280037400654,0.5246837839553126
293,"OS_('CCR', ""{'proportion': 1.0, 'energy': 1.0, 'scaling': 0.0, 'n_jobs': 1, 'random_state': 1}"")",KNeighborsClassifier(),0.9668384879725085,0.6942857142857143,0.55,0.5676767676767677,0.767461430575035,0.5941818988969563
294,"OS_('CCR', ""{'proportion': 1.0, 'energy': 1.0, 'scaling': 0.0, 'n_jobs': 1, 'random_state': 1}"")",MLPClassifier(random_state=1),0.9460051546391753,0.4515873015873016,0.6,0.5064879564879565,0.7805049088359046,0.5158663590184911
295,"OS_('CCR', ""{'proportion': 1.0, 'energy': 1.0, 'scaling': 0.0, 'n_jobs': 1, 'random_state': 1}"")","Pipeline(steps=[('standardscaler', StandardScaler()),
                ('svc',
                 SVC(C=1, gamma='auto', kernel='linear', random_state=1))])",0.952233676975945,0.5733333333333333,0.55,0.5047619047619047,0.7598410472183263,0.5322689976345665
296,"OS_('ANS', ""{'proportion': 1.0, 'n_jobs': 1, 'random_state': 1}"")",DecisionTreeClassifier(random_state=1),0.9481314432989691,0.5174603174603174,0.45,0.41086913086913085,0.709864422627396,0.44433486139114375
297,"OS_('ANS', ""{'proportion': 1.0, 'n_jobs': 1, 'random_state': 1}"")",KNeighborsClassifier(),0.9667955326460481,0.7,0.55,0.5714285714285714,0.7674380551659653,0.5974691494688164
298,"OS_('ANS', ""{'proportion': 1.0, 'n_jobs': 1, 'random_state': 1}"")",MLPClassifier(random_state=1),0.9606743986254296,0.8571428571428571,0.55,0.5688888888888888,0.764247311827957,0.6311685654768983
299,"OS_('ANS', ""{'proportion': 1.0, 'n_jobs': 1, 'random_state': 1}"")","Pipeline(steps=[('standardscaler', StandardScaler()),
                ('svc',
                 SVC(C=1, gamma='auto', kernel='linear', random_state=1))])",0.9792310996563574,0.96,0.55,0.6577777777777778,0.7739247311827957,0.7031495069119117
300,"OS_('cluster_SMOTE', ""{'proportion': 1.0, 'n_neighbors': 3, 'n_clusters': 3, 'n_jobs': 1, 'random_state': 1}"")",DecisionTreeClassifier(random_state=1),0.9626503436426116,0.41428571428571426,0.6,0.4825974025974026,0.789177185600748,0.49469461944735754
301,"OS_('cluster_SMOTE', ""{'proportion': 1.0, 'n_neighbors': 3, 'n_clusters': 3, 'n_jobs': 1, 'random_state': 1}"")",KNeighborsClassifier(),0.9252362542955327,0.3218470418470418,0.7,0.43764235764235765,0.8175081813931746,0.4725934129513446
302,"OS_('cluster_SMOTE', ""{'proportion': 1.0, 'n_neighbors': 3, 'n_clusters': 3, 'n_jobs': 1, 'random_state': 1}"")",MLPClassifier(random_state=1),0.8962199312714777,0.30218742042271457,0.6,0.371699703804967,0.7545348293595138,0.4075307099657529
303,"OS_('cluster_SMOTE', ""{'proportion': 1.0, 'n_neighbors': 3, 'n_clusters': 3, 'n_jobs': 1, 'random_state': 1}"")","Pipeline(steps=[('standardscaler', StandardScaler()),
                ('svc',
                 SVC(C=1, gamma='auto', kernel='linear', random_state=1))])",0.9148195876288661,0.4027777777777778,0.55,0.4061072261072261,0.7403225806451613,0.43890013880184603
