,OS,Algorithm,ACC,Precision,recall,F1-Score,AUC,G-measure
0,"OS_('SMOTE', ""{'proportion': 1.0, 'n_neighbors': 5, 'n_jobs': 1, 'random_state': 1}"")",DecisionTreeClassifier(random_state=1),0.9527621817318537,0.8180084745762712,0.6571428571428571,0.6152427745952925,0.8105034500383337,0.6657700895111811
1,"OS_('SMOTE', ""{'proportion': 1.0, 'n_neighbors': 5, 'n_jobs': 1, 'random_state': 1}"")",KNeighborsClassifier(),0.9720814291649358,0.5807644110275689,0.5238095238095238,0.47427764326069416,0.7563591447312378,0.5065922475136434
2,"OS_('SMOTE', ""{'proportion': 1.0, 'n_neighbors': 5, 'n_jobs': 1, 'random_state': 1}"")",MLPClassifier(random_state=1),0.9741426790907471,0.7146519815834612,0.8,0.7149099745369473,0.8903398926654742,0.7353351830317209
3,"OS_('SMOTE', ""{'proportion': 1.0, 'n_neighbors': 5, 'n_jobs': 1, 'random_state': 1}"")","Pipeline(steps=[('standardscaler', StandardScaler()),
                ('svc',
                 SVC(C=1, gamma='auto', kernel='linear', random_state=1))])",0.9627639622529529,0.5718253968253968,0.8666666666666666,0.6651700680272108,0.9165201465201467,0.6907322954032679
4,"OS_('SMOTE_TomekLinks', ""{'proportion': 1.0, 'n_neighbors': 5, 'n_jobs': 1, 'random_state': 1}"")",DecisionTreeClassifier(random_state=1),0.9527621817318537,0.8180084745762712,0.6571428571428571,0.6152427745952925,0.8105034500383337,0.6657700895111811
5,"OS_('SMOTE_TomekLinks', ""{'proportion': 1.0, 'n_neighbors': 5, 'n_jobs': 1, 'random_state': 1}"")",KNeighborsClassifier(),0.9720814291649358,0.5807644110275689,0.5238095238095238,0.47427764326069416,0.7563591447312378,0.5065922475136434
6,"OS_('SMOTE_TomekLinks', ""{'proportion': 1.0, 'n_neighbors': 5, 'n_jobs': 1, 'random_state': 1}"")",MLPClassifier(random_state=1),0.9741426790907471,0.7146519815834612,0.8,0.7149099745369473,0.8903398926654742,0.7353351830317209
7,"OS_('SMOTE_TomekLinks', ""{'proportion': 1.0, 'n_neighbors': 5, 'n_jobs': 1, 'random_state': 1}"")","Pipeline(steps=[('standardscaler', StandardScaler()),
                ('svc',
                 SVC(C=1, gamma='auto', kernel='linear', random_state=1))])",0.9627639622529529,0.5718253968253968,0.8666666666666666,0.6651700680272108,0.9165201465201467,0.6907322954032679
8,"OS_('SMOTE_ENN', ""{'proportion': 1.0, 'n_neighbors': 5, 'n_jobs': 1, 'random_state': 1}"")",DecisionTreeClassifier(random_state=1),0.9493174669119829,0.6445730477739714,0.7238095238095237,0.6325504408503273,0.8407975551580202,0.6543035440169446
9,"OS_('SMOTE_ENN', ""{'proportion': 1.0, 'n_neighbors': 5, 'n_jobs': 1, 'random_state': 1}"")",KNeighborsClassifier(),0.9724256632441094,0.780764411027569,0.5333333333333333,0.4924594614425123,0.7611210494931425,0.5502358255608419
10,"OS_('SMOTE_ENN', ""{'proportion': 1.0, 'n_neighbors': 5, 'n_jobs': 1, 'random_state': 1}"")",MLPClassifier(random_state=1),0.9751765683423347,0.7025229034531361,0.7714285714285715,0.7092629680913772,0.8771275236391516,0.7227960059870421
11,"OS_('SMOTE_ENN', ""{'proportion': 1.0, 'n_neighbors': 5, 'n_jobs': 1, 'random_state': 1}"")","Pipeline(steps=[('standardscaler', StandardScaler()),
                ('svc',
                 SVC(C=1, gamma='auto', kernel='linear', random_state=1))])",0.9641432725977804,0.5643968597510043,0.8380952380952381,0.6582279693204064,0.9034866683703893,0.6788600342164148
12,"OS_('Borderline_SMOTE2', ""{'proportion': 1.0, 'n_neighbors': 5, 'k_neighbors': 5, 'n_jobs': 1, 'random_state': 1}"")",DecisionTreeClassifier(random_state=1),0.9258745326132114,0.552884886011821,0.6476190476190476,0.5488461538461539,0.7919669477809013,0.5682737692401603
13,"OS_('Borderline_SMOTE2', ""{'proportion': 1.0, 'n_neighbors': 5, 'k_neighbors': 5, 'n_jobs': 1, 'random_state': 1}"")",KNeighborsClassifier(),0.9720814291649356,0.5719298245614035,0.5238095238095238,0.46879699248120305,0.7563591447312378,0.5016757333882796
14,"OS_('Borderline_SMOTE2', ""{'proportion': 1.0, 'n_neighbors': 5, 'k_neighbors': 5, 'n_jobs': 1, 'random_state': 1}"")",MLPClassifier(random_state=1),0.9658727520921122,0.6334930493936705,0.5428571428571428,0.4999078699078699,0.7623051367237414,0.5370317793527302
15,"OS_('Borderline_SMOTE2', ""{'proportion': 1.0, 'n_neighbors': 5, 'k_neighbors': 5, 'n_jobs': 1, 'random_state': 1}"")","Pipeline(steps=[('standardscaler', StandardScaler()),
                ('svc',
                 SVC(C=1, gamma='auto', kernel='linear', random_state=1))])",0.9565564721941955,0.5021453063398534,0.6666666666666667,0.5562004662004661,0.8170555413578668,0.5697565532268662
16,"OS_('ADASYN', ""{'n_neighbors': 5, 'd_th': 0.9, 'beta': 1.0, 'n_jobs': 1, 'random_state': 1}"")",DecisionTreeClassifier(random_state=1),0.9403537301917029,0.7577702702702702,0.6857142857142857,0.6311693942463174,0.8178124201380015,0.6699008797939922
17,"OS_('ADASYN', ""{'n_neighbors': 5, 'd_th': 0.9, 'beta': 1.0, 'n_jobs': 1, 'random_state': 1}"")",KNeighborsClassifier(),0.9720814291649358,0.5807644110275689,0.5238095238095238,0.47427764326069416,0.7563591447312378,0.5065922475136434
18,"OS_('ADASYN', ""{'n_neighbors': 5, 'd_th': 0.9, 'beta': 1.0, 'n_jobs': 1, 'random_state': 1}"")",MLPClassifier(random_state=1),0.9620737135735059,0.6862299465240642,0.7904761904761904,0.6742501548911305,0.8794956981003492,0.7034290542124922
19,"OS_('ADASYN', ""{'n_neighbors': 5, 'd_th': 0.9, 'beta': 1.0, 'n_jobs': 1, 'random_state': 1}"")","Pipeline(steps=[('standardscaler', StandardScaler()),
                ('svc',
                 SVC(C=1, gamma='auto', kernel='linear', random_state=1))])",0.962419728173779,0.5874562011184402,0.8285714285714285,0.6489912029068655,0.8980092001022232,0.6769658985083948
20,"OS_('AHC', ""{'strategy': 'min', 'n_jobs': 1, 'random_state': 1}"")",DecisionTreeClassifier(random_state=1),0.9717294794943321,0.815546218487395,0.7523809523809524,0.7409655138868623,0.8661725871028196,0.7612715764239785
21,"OS_('AHC', ""{'strategy': 'min', 'n_jobs': 1, 'random_state': 1}"")",KNeighborsClassifier(),0.9741503946821769,0.6106107514776246,0.5142857142857143,0.4887737843551797,0.75284947610529,0.5189960211445666
22,"OS_('AHC', ""{'strategy': 'min', 'n_jobs': 1, 'random_state': 1}"")",MLPClassifier(random_state=1),0.9748341147842602,0.7126612466124661,0.6952380952380952,0.6681107669853266,0.8402845216798707,0.6855004052183242
23,"OS_('AHC', ""{'strategy': 'min', 'n_jobs': 1, 'random_state': 1}"")","Pipeline(steps=[('standardscaler', StandardScaler()),
                ('svc',
                 SVC(C=1, gamma='auto', kernel='linear', random_state=1))])",0.9748287732209627,0.7195424836601307,0.819047619047619,0.7326315789473684,0.8998637021892835,0.7503151205822097
24,"OS_('LLE_SMOTE', ""{'proportion': 1.0, 'n_neighbors': 5, 'n_components': 2, 'n_jobs': 1, 'random_state': 1}"")",DecisionTreeClassifier(random_state=1),0.96862603121847,0.8103896103896104,0.7523809523809524,0.734774273345702,0.8645625692137319,0.7564878675155331
25,"OS_('LLE_SMOTE', ""{'proportion': 1.0, 'n_neighbors': 5, 'n_components': 2, 'n_jobs': 1, 'random_state': 1}"")",KNeighborsClassifier(),0.9744946287613508,0.8187925696594427,0.5142857142857142,0.5062749445676274,0.7530283669818554,0.5619637709722922
26,"OS_('LLE_SMOTE', ""{'proportion': 1.0, 'n_neighbors': 5, 'n_components': 2, 'n_jobs': 1, 'random_state': 1}"")",MLPClassifier(random_state=1),0.9734530239183334,0.7050526315789474,0.8,0.7084068851501147,0.8899821109123435,0.7297428874618366
27,"OS_('LLE_SMOTE', ""{'proportion': 1.0, 'n_neighbors': 5, 'n_components': 2, 'n_jobs': 1, 'random_state': 1}"")","Pipeline(steps=[('standardscaler', StandardScaler()),
                ('svc',
                 SVC(C=1, gamma='auto', kernel='linear', random_state=1))])",0.9675873939106179,0.6892949884722728,0.819047619047619,0.7028087324861519,0.8961069937814123,0.7269417734601343
28,"OS_('distance_SMOTE', ""{'proportion': 1.0, 'n_neighbors': 5, 'n_jobs': 1, 'random_state': 1}"")",DecisionTreeClassifier(random_state=1),0.961729479494332,0.7131277056277057,0.7047619047619047,0.6608019817263515,0.8380696822557286,0.6832783422939002
29,"OS_('distance_SMOTE', ""{'proportion': 1.0, 'n_neighbors': 5, 'n_jobs': 1, 'random_state': 1}"")",KNeighborsClassifier(),0.9720814291649358,0.5807644110275689,0.5238095238095238,0.47427764326069416,0.7563591447312378,0.5065922475136434
30,"OS_('distance_SMOTE', ""{'proportion': 1.0, 'n_neighbors': 5, 'n_jobs': 1, 'random_state': 1}"")",MLPClassifier(random_state=1),0.9741426790907471,0.7219044333275833,0.7904761904761904,0.7128404556253232,0.8857568787801346,0.7336535208002839
31,"OS_('distance_SMOTE', ""{'proportion': 1.0, 'n_neighbors': 5, 'n_jobs': 1, 'random_state': 1}"")","Pipeline(steps=[('standardscaler', StandardScaler()),
                ('svc',
                 SVC(C=1, gamma='auto', kernel='linear', random_state=1))])",0.9669012997804023,0.6102207118740565,0.8666666666666668,0.6887617635987201,0.9186661981429423,0.7122423347315948
32,"OS_('SMMO', ""{'proportion': 1.0, 'n_neighbors': 5, 'ensemble': [QuadraticDiscriminantAnalysis(), DecisionTreeClassifier(random_state=2), GaussianNB()], 'n_jobs': 1, 'random_state': 1}"")",DecisionTreeClassifier(random_state=1),0.9727639622529527,0.8338461538461539,0.8095238095238095,0.7625794530672579,0.8942073430445522,0.7898915038549527
33,"OS_('SMMO', ""{'proportion': 1.0, 'n_neighbors': 5, 'ensemble': [QuadraticDiscriminantAnalysis(), DecisionTreeClassifier(random_state=2), GaussianNB()], 'n_jobs': 1, 'random_state': 1}"")",KNeighborsClassifier(),0.9734607395097633,0.6207711792851112,0.47619047619047616,0.4739766081871345,0.7341596388108016,0.5046248961976786
34,"OS_('SMMO', ""{'proportion': 1.0, 'n_neighbors': 5, 'ensemble': [QuadraticDiscriminantAnalysis(), DecisionTreeClassifier(random_state=2), GaussianNB()], 'n_jobs': 1, 'random_state': 1}"")",MLPClassifier(random_state=1),0.975523769956674,0.7155263157894737,0.6571428571428571,0.6526839792358735,0.8223102478916433,0.669052465747062
35,"OS_('SMMO', ""{'proportion': 1.0, 'n_neighbors': 5, 'ensemble': [QuadraticDiscriminantAnalysis(), DecisionTreeClassifier(random_state=2), GaussianNB()], 'n_jobs': 1, 'random_state': 1}"")","Pipeline(steps=[('standardscaler', StandardScaler()),
                ('svc',
                 SVC(C=1, gamma='auto', kernel='linear', random_state=1))])",0.9820713395453737,0.7789247311827957,0.7904761904761906,0.7680926675663517,0.8898713689411364,0.7763312343720017
36,"OS_('polynom_fit_SMOTE', ""{'proportion': 1.0, 'topology': 'star', 'random_state': 1}"")",DecisionTreeClassifier(random_state=1),0.9627710843373494,0.5173076923076924,0.6476190476190476,0.5361480823182951,0.8111082715733879,0.5571875729967474
37,"OS_('polynom_fit_SMOTE', ""{'proportion': 1.0, 'topology': 'star', 'random_state': 1}"")",KNeighborsClassifier(),0.9744928482402517,0.79286133960047,0.5809523809523809,0.5545851619644724,0.7851094641792316,0.6098408619815059
38,"OS_('polynom_fit_SMOTE', ""{'proportion': 1.0, 'topology': 'star', 'random_state': 1}"")",MLPClassifier(random_state=1),0.9765558786871624,0.7282142857142857,0.819047619047619,0.7378002761159687,0.90075815657211,0.7551500893660392
39,"OS_('polynom_fit_SMOTE', ""{'proportion': 1.0, 'topology': 'star', 'random_state': 1}"")","Pipeline(steps=[('standardscaler', StandardScaler()),
                ('svc',
                 SVC(C=1, gamma='auto', kernel='linear', random_state=1))])",0.9693127188557185,0.6516881572189334,0.8857142857142858,0.7163012181616832,0.9290831842576027,0.7410732790603046
40,"OS_('Stefanowski', ""{'strategy': 'weak_amp', 'n_jobs': 1}"")",DecisionTreeClassifier(random_state=1),0.9700053415632975,0.8005952380952381,0.7523809523809524,0.7335614080775372,0.8652781327199932,0.753667399532571
41,"OS_('Stefanowski', ""{'strategy': 'weak_amp', 'n_jobs': 1}"")",KNeighborsClassifier(),0.9744940352543179,0.812535885167464,0.5142857142857142,0.5159479203487687,0.7530283669818554,0.5726462896252631
42,"OS_('Stefanowski', ""{'strategy': 'weak_amp', 'n_jobs': 1}"")",MLPClassifier(random_state=1),0.9765570657012287,0.726218487394958,0.619047619047619,0.6409481180958261,0.8045148649799814,0.6564466277622176
43,"OS_('Stefanowski', ""{'strategy': 'weak_amp', 'n_jobs': 1}"")","Pipeline(steps=[('standardscaler', StandardScaler()),
                ('svc',
                 SVC(C=1, gamma='auto', kernel='linear', random_state=1))])",0.9865546916730963,0.8774358974358976,0.7523809523809523,0.802849019231998,0.8738648947951273,0.808849095433749
44,"OS_('ADOMS', ""{'proportion': 1.0, 'n_neighbors': 5, 'n_jobs': 1, 'random_state': 1}"")",DecisionTreeClassifier(random_state=1),0.9596605139770906,0.7367906066536204,0.6476190476190475,0.6669478962977369,0.8094982536843002,0.6791824358578828
45,"OS_('ADOMS', ""{'proportion': 1.0, 'n_neighbors': 5, 'n_jobs': 1, 'random_state': 1}"")",KNeighborsClassifier(),0.9717366015787288,0.5779304029304029,0.5238095238095238,0.47190476190476194,0.7561802538546724,0.5046737363197062
46,"OS_('ADOMS', ""{'proportion': 1.0, 'n_neighbors': 5, 'n_jobs': 1, 'random_state': 1}"")",MLPClassifier(random_state=1),0.9713876194432904,0.6909632034632034,0.6666666666666667,0.6232841159843059,0.8247465712581992,0.6493958996271234
47,"OS_('ADOMS', ""{'proportion': 1.0, 'n_neighbors': 5, 'n_jobs': 1, 'random_state': 1}"")","Pipeline(steps=[('standardscaler', StandardScaler()),
                ('svc',
                 SVC(C=1, gamma='auto', kernel='linear', random_state=1))])",0.8911531841652323,0.3991418246580449,0.819047619047619,0.486945465601592,0.8564571087826902,0.5361937666590006
48,"OS_('Safe_Level_SMOTE', ""{'proportion': 1.0, 'n_neighbors': 5, 'n_jobs': 1, 'random_state': 1}"")",DecisionTreeClassifier(random_state=1),0.9531064158110274,0.8068973634651601,0.6761904761904762,0.6229350822876003,0.8198486881335718,0.6716163685225152
49,"OS_('Safe_Level_SMOTE', ""{'proportion': 1.0, 'n_neighbors': 5, 'n_jobs': 1, 'random_state': 1}"")",KNeighborsClassifier(),0.9724262567511424,0.5837516087516088,0.5238095238095238,0.47673234811165843,0.7565380356078031,0.5085880198788145
50,"OS_('Safe_Level_SMOTE', ""{'proportion': 1.0, 'n_neighbors': 5, 'n_jobs': 1, 'random_state': 1}"")",MLPClassifier(random_state=1),0.9703519496706037,0.6791515426497278,0.6857142857142857,0.6348610816542949,0.8333759263991822,0.6576845714673604
51,"OS_('Safe_Level_SMOTE', ""{'proportion': 1.0, 'n_neighbors': 5, 'n_jobs': 1, 'random_state': 1}"")","Pipeline(steps=[('standardscaler', StandardScaler()),
                ('svc',
                 SVC(C=1, gamma='auto', kernel='linear', random_state=1))])",0.9617288859872989,0.5445418719211823,0.8476190476190476,0.6476837944664032,0.9068174461197718,0.6708205960252306
52,"OS_('MSMOTE', ""{'proportion': 1.0, 'n_neighbors': 5, 'n_jobs': 1, 'random_state': 1}"")",DecisionTreeClassifier(random_state=1),0.9879334085108908,0.9769736842105263,0.6857142857142857,0.7611095305832148,0.8424993611040122,0.7896667634454289
53,"OS_('MSMOTE', ""{'proportion': 1.0, 'n_neighbors': 5, 'n_jobs': 1, 'random_state': 1}"")",KNeighborsClassifier(),0.9717366015787288,0.5737644110275689,0.5238095238095238,0.47021967224620137,0.7561802538546724,0.5028124059731799
54,"OS_('MSMOTE', ""{'proportion': 1.0, 'n_neighbors': 5, 'n_jobs': 1, 'random_state': 1}"")",MLPClassifier(random_state=1),0.9731081963321266,0.6885316740126177,0.7523809523809523,0.6854173669467788,0.8668881506090808,0.7023655672486966
55,"OS_('MSMOTE', ""{'proportion': 1.0, 'n_neighbors': 5, 'n_jobs': 1, 'random_state': 1}"")","Pipeline(steps=[('standardscaler', StandardScaler()),
                ('svc',
                 SVC(C=1, gamma='auto', kernel='linear', random_state=1))])",0.9603483886284053,0.5484697310618236,0.8476190476190476,0.6456079886885826,0.9061012437175228,0.6704131008413812
56,"OS_('DE_oversampling', ""{'proportion': 1.0, 'n_neighbors': 5, 'crossover_rate': 0.5, 'similarity_threshold': 0.5, 'n_clusters': 30, 'n_jobs': 1, 'random_state': 1}"")",DecisionTreeClassifier(random_state=1),0.9048519199952519,0.3888901023338592,0.7619047619047619,0.4684091687710885,0.836057798790357,0.5118630481253862
57,"OS_('DE_oversampling', ""{'proportion': 1.0, 'n_neighbors': 5, 'crossover_rate': 0.5, 'similarity_threshold': 0.5, 'n_clusters': 30, 'n_jobs': 1, 'random_state': 1}"")",KNeighborsClassifier(),0.8665796189684848,0.2001116116189554,0.7047619047619047,0.29966083476221667,0.7887053837635232,0.363258008254831
58,"OS_('DE_oversampling', ""{'proportion': 1.0, 'n_neighbors': 5, 'crossover_rate': 0.5, 'similarity_threshold': 0.5, 'n_clusters': 30, 'n_jobs': 1, 'random_state': 1}"")",MLPClassifier(random_state=1),0.9431105703602588,0.5990141292989869,0.8285714285714286,0.6189245301730549,0.8879890748786098,0.660575220920782
59,"OS_('DE_oversampling', ""{'proportion': 1.0, 'n_neighbors': 5, 'crossover_rate': 0.5, 'similarity_threshold': 0.5, 'n_clusters': 30, 'n_jobs': 1, 'random_state': 1}"")","Pipeline(steps=[('standardscaler', StandardScaler()),
                ('svc',
                 SVC(C=1, gamma='auto', kernel='linear', random_state=1))])",0.9351842839337646,0.40623659219785474,0.9142857142857143,0.5496447559783515,0.9251277791975466,0.6003452854135082
60,"OS_('SMOBD', ""{'proportion': 1.0, 'eta1': 0.5, 't': 1.8, 'min_samples': 5, 'max_eps': 1.0, 'n_jobs': 1, 'random_state': 1}"")",DecisionTreeClassifier(random_state=1),0.957934595524957,0.8180084745762712,0.8,0.7498581592106771,0.8819320214669052,0.7753412148638459
61,"OS_('SMOBD', ""{'proportion': 1.0, 'eta1': 0.5, 't': 1.8, 'min_samples': 5, 'max_eps': 1.0, 'n_jobs': 1, 'random_state': 1}"")",KNeighborsClassifier(),0.9720814291649358,0.5807644110275689,0.5238095238095238,0.47427764326069416,0.7563591447312378,0.5065922475136434
62,"OS_('SMOBD', ""{'proportion': 1.0, 'eta1': 0.5, 't': 1.8, 'min_samples': 5, 'max_eps': 1.0, 'n_jobs': 1, 'random_state': 1}"")",MLPClassifier(random_state=1),0.9741426790907471,0.7057142857142857,0.8,0.711452087895492,0.8903398926654742,0.7315086501206102
63,"OS_('SMOBD', ""{'proportion': 1.0, 'eta1': 0.5, 't': 1.8, 'min_samples': 5, 'max_eps': 1.0, 'n_jobs': 1, 'random_state': 1}"")","Pipeline(steps=[('standardscaler', StandardScaler()),
                ('svc',
                 SVC(C=1, gamma='auto', kernel='linear', random_state=1))])",0.9634524304113004,0.5825979070018341,0.8571428571428571,0.6682443729047163,0.91229427549195,0.6926335267395187
64,"OS_('SUNDO', ""{'n_jobs': 1, 'random_state': 1}"")",DecisionTreeClassifier(random_state=1),0.8327639622529526,0.6979122773415054,0.8,0.6501259253969388,0.816994633273703,0.6860738442161722
65,"OS_('SUNDO', ""{'n_jobs': 1, 'random_state': 1}"")",KNeighborsClassifier(),0.9703572912339012,0.5512858851674641,0.5047619047619047,0.44895178197064994,0.7462986625777323,0.48185111897367766
66,"OS_('SUNDO', ""{'n_jobs': 1, 'random_state': 1}"")",MLPClassifier(random_state=1),0.9779357825390231,0.7168382913806255,0.7523809523809523,0.7147460611714911,0.8693929423289889,0.7244733475368278
67,"OS_('SUNDO', ""{'n_jobs': 1, 'random_state': 1}"")","Pipeline(steps=[('standardscaler', StandardScaler()),
                ('svc',
                 SVC(C=1, gamma='auto', kernel='linear', random_state=1))])",0.9469054543296338,0.44944879832810863,0.8857142857142858,0.5833696181397197,0.9174594301047788,0.6230468428598581
68,"OS_('MSYN', ""{'pressure': 1.5, 'n_neighbors': 5, 'n_jobs': 1, 'random_state': 1}"")",DecisionTreeClassifier(random_state=1),0.9617294794943321,0.7757191780821918,0.638095238095238,0.6859924211610771,0.8059885850583525,0.6960734495808534
69,"OS_('MSYN', ""{'pressure': 1.5, 'n_neighbors': 5, 'n_jobs': 1, 'random_state': 1}"")",KNeighborsClassifier(),0.9720814291649356,0.5785135135135135,0.5142857142857143,0.4692991309223437,0.7517761308458983,0.5011809312060873
70,"OS_('MSYN', ""{'pressure': 1.5, 'n_neighbors': 5, 'n_jobs': 1, 'random_state': 1}"")",MLPClassifier(random_state=1),0.9706944032286782,0.7026598754951896,0.7904761904761906,0.6988323584593312,0.8839679700144817,0.721416015042578
71,"OS_('MSYN', ""{'pressure': 1.5, 'n_neighbors': 5, 'n_jobs': 1, 'random_state': 1}"")","Pipeline(steps=[('standardscaler', StandardScaler()),
                ('svc',
                 SVC(C=1, gamma='auto', kernel='linear', random_state=1))])",0.971036856786753,0.6755414371795752,0.8285714285714285,0.7100958278048062,0.9024789164324047,0.7302525741245919
72,"OS_('SVM_balance', ""{'proportion': 1.0, 'n_neighbors': 5, 'n_jobs': 1, 'random_state': 1}"")",DecisionTreeClassifier(random_state=1),0.9755255504777732,0.6494853194343857,0.7714285714285714,0.6956573922531369,0.8773102478916431,0.7029844492924705
73,"OS_('SVM_balance', ""{'proportion': 1.0, 'n_neighbors': 5, 'n_jobs': 1, 'random_state': 1}"")",KNeighborsClassifier(),0.9724256632441094,0.780764411027569,0.5333333333333333,0.4924594614425123,0.7611210494931425,0.5502358255608419
74,"OS_('SVM_balance', ""{'proportion': 1.0, 'n_neighbors': 5, 'n_jobs': 1, 'random_state': 1}"")",MLPClassifier(random_state=1),0.9679375630601224,0.6443177467869838,0.7142857142857143,0.639829760633204,0.8458730513672373,0.6587781523999461
75,"OS_('SVM_balance', ""{'proportion': 1.0, 'n_neighbors': 5, 'n_jobs': 1, 'random_state': 1}"")","Pipeline(steps=[('standardscaler', StandardScaler()),
                ('svc',
                 SVC(C=1, gamma='auto', kernel='linear', random_state=1))])",0.9589708588046768,0.5369480519480521,0.7904761904761904,0.6170254668103942,0.8778882357952126,0.638708072926809
76,"OS_('TRIM_SMOTE', ""{'proportion': 1.0, 'n_neighbors': 5, 'min_precision': 0.3, 'n_jobs': 1, 'random_state': 1}"")",DecisionTreeClassifier(random_state=1),0.9869007062733693,0.9644736842105264,0.6666666666666666,0.7443243243243244,0.8327969801516313,0.7733830989539356
77,"OS_('TRIM_SMOTE', ""{'proportion': 1.0, 'n_neighbors': 5, 'min_precision': 0.3, 'n_jobs': 1, 'random_state': 1}"")",KNeighborsClassifier(),0.9720814291649358,0.5807644110275689,0.5238095238095238,0.47427764326069416,0.7563591447312378,0.5065922475136434
78,"OS_('TRIM_SMOTE', ""{'proportion': 1.0, 'n_neighbors': 5, 'min_precision': 0.3, 'n_jobs': 1, 'random_state': 1}"")",MLPClassifier(random_state=1),0.9737978515045403,0.7076130867709816,0.8,0.7105109178795128,0.8901610017889088,0.7314535494891261
79,"OS_('TRIM_SMOTE', ""{'proportion': 1.0, 'n_neighbors': 5, 'min_precision': 0.3, 'n_jobs': 1, 'random_state': 1}"")","Pipeline(steps=[('standardscaler', StandardScaler()),
                ('svc',
                 SVC(C=1, gamma='auto', kernel='linear', random_state=1))])",0.9641432725977802,0.5704635575674633,0.8285714285714285,0.6559132137703566,0.8989036544850497,0.6766940449245222
80,"OS_('SMOTE_RSB', ""{'proportion': 2.0, 'n_neighbors': 5, 'n_jobs': 1, 'random_state': 1}"")",DecisionTreeClassifier(random_state=1),0.974831147249095,0.7885775862068966,0.8285714285714285,0.7661500957971545,0.9044467160746231,0.7862489278627571
81,"OS_('SMOTE_RSB', ""{'proportion': 2.0, 'n_neighbors': 5, 'n_jobs': 1, 'random_state': 1}"")",KNeighborsClassifier(),0.9738055670959701,0.5975108225108225,0.5238095238095238,0.4874603174603175,0.7572535991140642,0.5174586662221309
82,"OS_('SMOTE_RSB', ""{'proportion': 2.0, 'n_neighbors': 5, 'n_jobs': 1, 'random_state': 1}"")",MLPClassifier(random_state=1),0.9748323342631611,0.6936842105263158,0.6952380952380953,0.6684696317551411,0.8402845216798707,0.681156202479775
83,"OS_('SMOTE_RSB', ""{'proportion': 2.0, 'n_neighbors': 5, 'n_jobs': 1, 'random_state': 1}"")","Pipeline(steps=[('standardscaler', StandardScaler()),
                ('svc',
                 SVC(C=1, gamma='auto', kernel='linear', random_state=1))])",0.9662122381150218,0.5821633657564749,0.8476190476190476,0.6706640791928639,0.9091430275151205,0.6918605369351829
84,"OS_('ProWSyn', ""{'proportion': 1.0, 'n_neighbors': 5, 'L': 5, 'theta': 1.0, 'n_jobs': 1, 'random_state': 1}"")",DecisionTreeClassifier(random_state=1),0.9586242506973708,0.7100961538461539,0.838095238095238,0.6928877005347593,0.9006218587613937,0.7302726030724257
85,"OS_('ProWSyn', ""{'proportion': 1.0, 'n_neighbors': 5, 'L': 5, 'theta': 1.0, 'n_jobs': 1, 'random_state': 1}"")",KNeighborsClassifier(),0.9744928482402517,0.79286133960047,0.5809523809523809,0.5545851619644724,0.7851094641792316,0.6098408619815059
86,"OS_('ProWSyn', ""{'proportion': 1.0, 'n_neighbors': 5, 'L': 5, 'theta': 1.0, 'n_jobs': 1, 'random_state': 1}"")",MLPClassifier(random_state=1),0.9686248442044038,0.6932919254658385,0.838095238095238,0.7123647084622694,0.9058096941817873,0.7373165692756691
87,"OS_('ProWSyn', ""{'proportion': 1.0, 'n_neighbors': 5, 'L': 5, 'theta': 1.0, 'n_jobs': 1, 'random_state': 1}"")","Pipeline(steps=[('standardscaler', StandardScaler()),
                ('svc',
                 SVC(C=1, gamma='auto', kernel='linear', random_state=1))])",0.9644875066769542,0.5842629521016617,0.8571428571428571,0.6727124030638594,0.9128309481216459,0.6954391606091902
88,"OS_('SL_graph_SMOTE', ""{'proportion': 1.0, 'n_neighbors': 5, 'n_jobs': 1, 'random_state': 1}"")",DecisionTreeClassifier(random_state=1),0.9531064158110274,0.8068973634651601,0.6761904761904762,0.6229350822876003,0.8198486881335718,0.6716163685225152
89,"OS_('SL_graph_SMOTE', ""{'proportion': 1.0, 'n_neighbors': 5, 'n_jobs': 1, 'random_state': 1}"")",KNeighborsClassifier(),0.9724262567511424,0.5837516087516088,0.5238095238095238,0.47673234811165843,0.7565380356078031,0.5085880198788145
90,"OS_('SL_graph_SMOTE', ""{'proportion': 1.0, 'n_neighbors': 5, 'n_jobs': 1, 'random_state': 1}"")",MLPClassifier(random_state=1),0.9703519496706037,0.6791515426497278,0.6857142857142857,0.6348610816542949,0.8333759263991822,0.6576845714673604
91,"OS_('SL_graph_SMOTE', ""{'proportion': 1.0, 'n_neighbors': 5, 'n_jobs': 1, 'random_state': 1}"")","Pipeline(steps=[('standardscaler', StandardScaler()),
                ('svc',
                 SVC(C=1, gamma='auto', kernel='linear', random_state=1))])",0.9617288859872989,0.5445418719211823,0.8476190476190476,0.6476837944664032,0.9068174461197718,0.6708205960252306
92,"OS_('NRSBoundary_SMOTE', ""{'proportion': 1.0, 'n_neighbors': 5, 'w': 0.005, 'n_jobs': 1, 'random_state': 1}"")",DecisionTreeClassifier(random_state=1),0.9406938097216452,0.7011123755334282,0.7523809523809524,0.6720246977103165,0.8500724082119431,0.6946291489714486
93,"OS_('NRSBoundary_SMOTE', ""{'proportion': 1.0, 'n_neighbors': 5, 'w': 0.005, 'n_jobs': 1, 'random_state': 1}"")",KNeighborsClassifier(),0.9720814291649356,0.5846320346320346,0.5047619047619047,0.4693507023372384,0.7471931169605588,0.5003755129808448
94,"OS_('NRSBoundary_SMOTE', ""{'proportion': 1.0, 'n_neighbors': 5, 'w': 0.005, 'n_jobs': 1, 'random_state': 1}"")",MLPClassifier(random_state=1),0.9741426790907471,0.7139675052410902,0.7904761904761904,0.7102462106279004,0.8857568787801344,0.7304610143810167
95,"OS_('NRSBoundary_SMOTE', ""{'proportion': 1.0, 'n_neighbors': 5, 'w': 0.005, 'n_jobs': 1, 'random_state': 1}"")","Pipeline(steps=[('standardscaler', StandardScaler()),
                ('svc',
                 SVC(C=1, gamma='auto', kernel='linear', random_state=1))])",0.96862603121847,0.6032578060237634,0.819047619047619,0.6673011679588223,0.8966462219950593,0.688554127861823
96,"OS_('LVQ_SMOTE', ""{'proportion': 1.0, 'n_neighbors': 5, 'n_clusters': 10, 'n_jobs': 1, 'random_state': 1}"")",DecisionTreeClassifier(random_state=1),0.9610398243219181,0.7814334637964776,0.6095238095238095,0.6689540936349447,0.7918817616492035,0.6818085695229982
97,"OS_('LVQ_SMOTE', ""{'proportion': 1.0, 'n_neighbors': 5, 'n_clusters': 10, 'n_jobs': 1, 'random_state': 1}"")",KNeighborsClassifier(),0.9710463528992819,0.760974358974359,0.5333333333333333,0.48289529011326565,0.7604054859868814,0.5405451105962119
98,"OS_('LVQ_SMOTE', ""{'proportion': 1.0, 'n_neighbors': 5, 'n_clusters': 10, 'n_jobs': 1, 'random_state': 1}"")",MLPClassifier(random_state=1),0.9703489821354383,0.6891176143318125,0.8380952380952381,0.713477191413238,0.9067041485646137,0.7374122588374453
99,"OS_('LVQ_SMOTE', ""{'proportion': 1.0, 'n_neighbors': 5, 'n_clusters': 10, 'n_jobs': 1, 'random_state': 1}"")","Pipeline(steps=[('standardscaler', StandardScaler()),
                ('svc',
                 SVC(C=1, gamma='auto', kernel='linear', random_state=1))])",0.9434506498902012,0.5748781962374195,0.8095238095238095,0.6142219302237567,0.8790022574324899,0.6489150154914431
100,"OS_('SOI_CJ', ""{'proportion': 1.0, 'n_neighbors': 5, 'method': 'interpolation', 'n_jobs': 1, 'random_state': 1}"")",DecisionTreeClassifier(random_state=1),0.9893156863908839,0.906140350877193,0.8,0.8451282051282052,0.8982120495783287,0.8490803887655932
101,"OS_('SOI_CJ', ""{'proportion': 1.0, 'n_neighbors': 5, 'method': 'interpolation', 'n_jobs': 1, 'random_state': 1}"")",KNeighborsClassifier(),0.9717366015787288,0.5796774545058299,0.5142857142857143,0.4694291584122093,0.751597239969333,0.5015156802522623
102,"OS_('SOI_CJ', ""{'proportion': 1.0, 'n_neighbors': 5, 'method': 'interpolation', 'n_jobs': 1, 'random_state': 1}"")",MLPClassifier(random_state=1),0.9762116446079887,0.7274999999999999,0.8,0.7286257875366478,0.8914132379248658,0.7456511236324934
103,"OS_('SOI_CJ', ""{'proportion': 1.0, 'n_neighbors': 5, 'method': 'interpolation', 'n_jobs': 1, 'random_state': 1}"")","Pipeline(steps=[('standardscaler', StandardScaler()),
                ('svc',
                 SVC(C=1, gamma='auto', kernel='linear', random_state=1))])",0.9617265119591668,0.6205334138486313,0.819047619047619,0.6638779366572162,0.8930658488798023,0.6901030790799588
104,"OS_('ROSE', ""{'proportion': 1.0, 'random_state': 1}"")",DecisionTreeClassifier(random_state=1),0.9693139058697847,0.7663461538461538,0.8285714285714285,0.7386462594009763,0.9015844620495784,0.7658736411443539
105,"OS_('ROSE', ""{'proportion': 1.0, 'random_state': 1}"")",KNeighborsClassifier(),0.9755285180129384,0.7606060606060605,0.5523809523809524,0.5574977416440831,0.7718977340488969,0.5991773880398784
106,"OS_('ROSE', ""{'proportion': 1.0, 'random_state': 1}"")",MLPClassifier(random_state=1),0.9706961837497774,0.6571328671328671,0.780952380952381,0.6821459423635076,0.8793855950251299,0.6997867569017838
107,"OS_('ROSE', ""{'proportion': 1.0, 'random_state': 1}"")","Pipeline(steps=[('standardscaler', StandardScaler()),
                ('svc',
                 SVC(C=1, gamma='auto', kernel='linear', random_state=1))])",0.9417383820998279,0.4184624720294307,0.9142857142857143,0.5625964731988389,0.9285279836442626,0.6113468694021942
108,"OS_('SMOTE_OUT', ""{'proportion': 1.0, 'n_neighbors': 5, 'n_jobs': 1, 'random_state': 1}"")",DecisionTreeClassifier(random_state=1),0.9910380438008192,0.9207173913043478,0.8380952380952381,0.86878018182366,0.9174376011585312,0.8740673033488917
109,"OS_('SMOTE_OUT', ""{'proportion': 1.0, 'n_neighbors': 5, 'n_jobs': 1, 'random_state': 1}"")",KNeighborsClassifier(),0.9720814291649358,0.5807644110275689,0.5238095238095238,0.47427764326069416,0.7563591447312378,0.5065922475136434
110,"OS_('SMOTE_OUT', ""{'proportion': 1.0, 'n_neighbors': 5, 'n_jobs': 1, 'random_state': 1}"")",MLPClassifier(random_state=1),0.9693150928838508,0.6855191256830601,0.7809523809523808,0.6826209105148923,0.878669392622881,0.706699506330552
111,"OS_('SMOTE_OUT', ""{'proportion': 1.0, 'n_neighbors': 5, 'n_jobs': 1, 'random_state': 1}"")","Pipeline(steps=[('standardscaler', StandardScaler()),
                ('svc',
                 SVC(C=1, gamma='auto', kernel='linear', random_state=1))])",0.9631081963321266,0.5856029411764705,0.8666666666666666,0.6703297777223296,0.916698398500724,0.6965723148620213
112,"OS_('SMOTE_Cosine', ""{'proportion': 1.0, 'n_neighbors': 5, 'n_jobs': 1, 'random_state': 1}"")",DecisionTreeClassifier(random_state=1),0.9920725265594397,0.9555,0.8285714285714286,0.8806682937117719,0.9133912599028878,0.8863253363299517
113,"OS_('SMOTE_Cosine', ""{'proportion': 1.0, 'n_neighbors': 5, 'n_jobs': 1, 'random_state': 1}"")",KNeighborsClassifier(),0.9724262567511424,0.5837516087516088,0.5238095238095238,0.47673234811165843,0.7565380356078031,0.5085880198788145
114,"OS_('SMOTE_Cosine', ""{'proportion': 1.0, 'n_neighbors': 5, 'n_jobs': 1, 'random_state': 1}"")",MLPClassifier(random_state=1),0.9737978515045403,0.7088036565977742,0.7809523809523808,0.7028331111194384,0.8809949740182297,0.7232374064891266
115,"OS_('SMOTE_Cosine', ""{'proportion': 1.0, 'n_neighbors': 5, 'n_jobs': 1, 'random_state': 1}"")","Pipeline(steps=[('standardscaler', StandardScaler()),
                ('svc',
                 SVC(C=1, gamma='auto', kernel='linear', random_state=1))])",0.9665546916730964,0.615981240981241,0.8571428571428571,0.6919822812846068,0.913903335037056,0.7130576977062268
116,"OS_('Selected_SMOTE', ""{'proportion': 1.0, 'n_neighbors': 5, 'perc_sign_attr': 0.5, 'n_jobs': 1, 'random_state': 1}"")",DecisionTreeClassifier(random_state=1),0.9531070093180605,0.8180084745762712,0.6666666666666666,0.620627389979908,0.8152653548002384,0.6708440157989392
117,"OS_('Selected_SMOTE', ""{'proportion': 1.0, 'n_neighbors': 5, 'perc_sign_attr': 0.5, 'n_jobs': 1, 'random_state': 1}"")",KNeighborsClassifier(),0.9720814291649358,0.5807644110275689,0.5238095238095238,0.47427764326069416,0.7563591447312378,0.5065922475136434
118,"OS_('Selected_SMOTE', ""{'proportion': 1.0, 'n_neighbors': 5, 'perc_sign_attr': 0.5, 'n_jobs': 1, 'random_state': 1}"")",MLPClassifier(random_state=1),0.9689702652976437,0.6824787775891341,0.8,0.6883750160040009,0.8876565295169947,0.7134833394597567
119,"OS_('Selected_SMOTE', ""{'proportion': 1.0, 'n_neighbors': 5, 'perc_sign_attr': 0.5, 'n_jobs': 1, 'random_state': 1}"")","Pipeline(steps=[('standardscaler', StandardScaler()),
                ('svc',
                 SVC(C=1, gamma='auto', kernel='linear', random_state=1))])",0.9627645557599858,0.5717966413618587,0.8571428571428571,0.660151515151515,0.9119371326348071,0.6857820820807115
120,"OS_('LN_SMOTE', ""{'proportion': 1.0, 'n_neighbors': 5, 'n_jobs': 1, 'random_state': 1}"")",DecisionTreeClassifier(random_state=1),0.9527621817318537,0.8180084745762712,0.6571428571428571,0.6152427745952925,0.8105034500383337,0.6657700895111811
121,"OS_('LN_SMOTE', ""{'proportion': 1.0, 'n_neighbors': 5, 'n_jobs': 1, 'random_state': 1}"")",KNeighborsClassifier(),0.9724262567511424,0.5837516087516088,0.5238095238095238,0.47673234811165843,0.7565380356078031,0.5085880198788145
122,"OS_('LN_SMOTE', ""{'proportion': 1.0, 'n_neighbors': 5, 'n_jobs': 1, 'random_state': 1}"")",MLPClassifier(random_state=1),0.9506944032286784,0.6502717391304348,0.7714285714285716,0.640108551473972,0.8644262714030155,0.6708401717024185
123,"OS_('LN_SMOTE', ""{'proportion': 1.0, 'n_neighbors': 5, 'n_jobs': 1, 'random_state': 1}"")","Pipeline(steps=[('standardscaler', StandardScaler()),
                ('svc',
                 SVC(C=1, gamma='auto', kernel='linear', random_state=1))])",0.9620737135735059,0.5622013589979205,0.8571428571428571,0.6577566550788132,0.9115793508816765,0.6823740768320787
124,"OS_('MWMOTE', ""{'proportion': 1.0, 'k1': 5, 'k2': 5, 'k3': 5, 'M': 10, 'cf_th': 5.0, 'cmax': 10.0, 'n_jobs': 1, 'random_state': 1}"")",DecisionTreeClassifier(random_state=1),0.9686242506973709,0.7108290934320074,0.8571428571428571,0.7265766019326391,0.9149769997444416,0.7537694436504759
125,"OS_('MWMOTE', ""{'proportion': 1.0, 'k1': 5, 'k2': 5, 'k3': 5, 'M': 10, 'cf_th': 5.0, 'cmax': 10.0, 'n_jobs': 1, 'random_state': 1}"")",KNeighborsClassifier(),0.9748376758264585,0.8004700352526439,0.5809523809523809,0.5588275862068965,0.785288355055797,0.6138646098239906
126,"OS_('MWMOTE', ""{'proportion': 1.0, 'k1': 5, 'k2': 5, 'k3': 5, 'M': 10, 'cf_th': 5.0, 'cmax': 10.0, 'n_jobs': 1, 'random_state': 1}"")",MLPClassifier(random_state=1),0.9720737135735058,0.6995700245700245,0.819047619047619,0.7115245259550271,0.8984325751767612,0.7344307302786917
127,"OS_('MWMOTE', ""{'proportion': 1.0, 'k1': 5, 'k2': 5, 'k3': 5, 'M': 10, 'cf_th': 5.0, 'cmax': 10.0, 'n_jobs': 1, 'random_state': 1}"")","Pipeline(steps=[('standardscaler', StandardScaler()),
                ('svc',
                 SVC(C=1, gamma='auto', kernel='linear', random_state=1))])",0.9620743070805389,0.5639517415208162,0.8571428571428571,0.6563048908523343,0.9115793508816765,0.6819552052361557
128,"OS_('PDFOS', ""{'proportion': 1.0, 'n_jobs': 1, 'random_state': 1}"")",DecisionTreeClassifier(random_state=1),0.9662122381150218,0.736082995951417,0.8095238095238095,0.7044990907702773,0.8908084163898117,0.7363006760283698
129,"OS_('PDFOS', ""{'proportion': 1.0, 'n_jobs': 1, 'random_state': 1}"")",KNeighborsClassifier(),0.9762169861712863,0.8128151260504202,0.5809523809523809,0.5676796536796538,0.7860039185620581,0.621429683919329
130,"OS_('PDFOS', ""{'proportion': 1.0, 'n_jobs': 1, 'random_state': 1}"")",MLPClassifier(random_state=1),0.9679375630601224,0.6496865203761756,0.6571428571428571,0.6039591245908571,0.8183746486072068,0.627448827524025
131,"OS_('PDFOS', ""{'proportion': 1.0, 'n_jobs': 1, 'random_state': 1}"")","Pipeline(steps=[('standardscaler', StandardScaler()),
                ('svc',
                 SVC(C=1, gamma='auto', kernel='linear', random_state=1))])",0.9586337468098997,0.4874370479412306,0.7904761904761904,0.5907651712798772,0.8777138171905612,0.6139468653868347
132,"OS_('NEATER', ""{'proportion': 1.0, 'smote_n_neighbors': 5, 'b': 5, 'alpha': 0.1, 'h': 20, 'n_jobs': 1, 'random_state': 1}"")",DecisionTreeClassifier(random_state=1),0.9469054543296338,0.6705084745762712,0.638095238095238,0.5648337915033826,0.7982962773660447,0.6036773668470138
133,"OS_('NEATER', ""{'proportion': 1.0, 'smote_n_neighbors': 5, 'b': 5, 'alpha': 0.1, 'h': 20, 'n_jobs': 1, 'random_state': 1}"")",KNeighborsClassifier(),0.9734607395097633,0.6031733746130031,0.5238095238095238,0.4843027059173357,0.7570747082374989,0.5172053770805408
134,"OS_('NEATER', ""{'proportion': 1.0, 'smote_n_neighbors': 5, 'b': 5, 'alpha': 0.1, 'h': 20, 'n_jobs': 1, 'random_state': 1}"")",MLPClassifier(random_state=1),0.9675968900231469,0.6046153846153846,0.41904761904761906,0.44361702127659575,0.7036204105971549,0.4711627135216682
135,"OS_('NEATER', ""{'proportion': 1.0, 'smote_n_neighbors': 5, 'b': 5, 'alpha': 0.1, 'h': 20, 'n_jobs': 1, 'random_state': 1}"")","Pipeline(steps=[('standardscaler', StandardScaler()),
                ('svc',
                 SVC(C=1, gamma='auto', kernel='linear', random_state=1))])",0.9389696717906106,0.4623877423389618,0.780952380952381,0.536760109603881,0.8629292316210921,0.5751499236441082
136,"OS_('Gazzah', ""{'proportion': 1.0, 'n_components': 2, 'n_jobs': 1, 'random_state': 1}"")",DecisionTreeClassifier(random_state=1),0.96380556709597,0.0,0.0,0.0,0.5,0.0
137,"OS_('Gazzah', ""{'proportion': 1.0, 'n_components': 2, 'n_jobs': 1, 'random_state': 1}"")",KNeighborsClassifier(),0.910010089619562,0.4019900467966838,0.638095238095238,0.3602139067038624,0.7791549535735582,0.43085697387793864
138,"OS_('Gazzah', ""{'proportion': 1.0, 'n_components': 2, 'n_jobs': 1, 'random_state': 1}"")",MLPClassifier(random_state=1),0.9251765683423349,0.602110423116615,0.8285714285714285,0.6040274347834627,0.8786864298492205,0.6510024482190588
139,"OS_('Gazzah', ""{'proportion': 1.0, 'n_components': 2, 'n_jobs': 1, 'random_state': 1}"")","Pipeline(steps=[('standardscaler', StandardScaler()),
                ('svc',
                 SVC(C=1, gamma='auto', kernel='linear', random_state=1))])",0.9193168734049498,0.45784533984533987,0.8952380952380953,0.5636123758127627,0.9077292571769316,0.6113534573362631
140,"OS_('MCT', ""{'proportion': 1.0, 'n_jobs': 1, 'random_state': 1}"")",DecisionTreeClassifier(random_state=1),0.9879363760460562,0.9016968325791856,0.7428571428571428,0.8015465689134798,0.8699974444160491,0.8117515887004672
141,"OS_('MCT', ""{'proportion': 1.0, 'n_jobs': 1, 'random_state': 1}"")",KNeighborsClassifier(),0.9738031930678378,0.7837516087516088,0.5619047619047619,0.5407323481116585,0.7755856546554221,0.5958751759732115
142,"OS_('MCT', ""{'proportion': 1.0, 'n_jobs': 1, 'random_state': 1}"")",MLPClassifier(random_state=1),0.9527633687459197,0.664203471854057,0.7904761904761906,0.6576361417407264,0.8746656444330864,0.6879850769041067
143,"OS_('MCT', ""{'proportion': 1.0, 'n_jobs': 1, 'random_state': 1}"")","Pipeline(steps=[('standardscaler', StandardScaler()),
                ('svc',
                 SVC(C=1, gamma='auto', kernel='linear', random_state=1))])",0.9617294794943321,0.5630527462802026,0.8571428571428571,0.6553057724274151,0.9114004600051112,0.6811859959080744
144,"OS_('ADG', ""{'proportion': 1.0, 'kernel': 'inner', 'lam': 1.0, 'mu': 1.0, 'k': 12, 'gamma': 1.0, 'n_jobs': 1, 'random_state': 1}"")",DecisionTreeClassifier(random_state=1),0.9741414920766811,0.8538461538461538,0.8285714285714285,0.7874125874125874,0.9040889343214925,0.8121646461329813
145,"OS_('ADG', ""{'proportion': 1.0, 'kernel': 'inner', 'lam': 1.0, 'mu': 1.0, 'k': 12, 'gamma': 1.0, 'n_jobs': 1, 'random_state': 1}"")",KNeighborsClassifier(),0.9751825034126653,0.808770430509561,0.5809523809523809,0.563267332507108,0.7854672459323622,0.6181596768264878
146,"OS_('ADG', ""{'proportion': 1.0, 'kernel': 'inner', 'lam': 1.0, 'mu': 1.0, 'k': 12, 'gamma': 1.0, 'n_jobs': 1, 'random_state': 1}"")",MLPClassifier(random_state=1),0.9444892871980534,0.5992324823033484,0.6857142857142857,0.5716046995116763,0.8199594301047789,0.6016167803360892
147,"OS_('ADG', ""{'proportion': 1.0, 'kernel': 'inner', 'lam': 1.0, 'mu': 1.0, 'k': 12, 'gamma': 1.0, 'n_jobs': 1, 'random_state': 1}"")","Pipeline(steps=[('standardscaler', StandardScaler()),
                ('svc',
                 SVC(C=1, gamma='auto', kernel='linear', random_state=1))])",0.8870152531307495,0.37390648567119156,0.8571428571428571,0.48121775814637135,0.8726424738052645,0.5361415789848141
148,"OS_('SMOTE_IPF', ""{'proportion': 1.0, 'n_neighbors': 5, 'n_folds': 9, 'k': 3, 'p': 0.01, 'voting': 'majority', 'n_jobs': 1, 'classifier': DecisionTreeClassifier(random_state=2), 'random_state': 1}"")",DecisionTreeClassifier(random_state=1),0.9527621817318537,0.8180084745762712,0.6571428571428571,0.6152427745952925,0.8105034500383337,0.6657700895111811
149,"OS_('SMOTE_IPF', ""{'proportion': 1.0, 'n_neighbors': 5, 'n_folds': 9, 'k': 3, 'p': 0.01, 'voting': 'majority', 'n_jobs': 1, 'classifier': DecisionTreeClassifier(random_state=2), 'random_state': 1}"")",KNeighborsClassifier(),0.9720814291649358,0.5807644110275689,0.5238095238095238,0.47427764326069416,0.7563591447312378,0.5065922475136434
150,"OS_('SMOTE_IPF', ""{'proportion': 1.0, 'n_neighbors': 5, 'n_folds': 9, 'k': 3, 'p': 0.01, 'voting': 'majority', 'n_jobs': 1, 'classifier': DecisionTreeClassifier(random_state=2), 'random_state': 1}"")",MLPClassifier(random_state=1),0.9741426790907471,0.7146519815834612,0.8,0.7149099745369473,0.8903398926654742,0.7353351830317209
151,"OS_('SMOTE_IPF', ""{'proportion': 1.0, 'n_neighbors': 5, 'n_folds': 9, 'k': 3, 'p': 0.01, 'voting': 'majority', 'n_jobs': 1, 'classifier': DecisionTreeClassifier(random_state=2), 'random_state': 1}"")","Pipeline(steps=[('standardscaler', StandardScaler()),
                ('svc',
                 SVC(C=1, gamma='auto', kernel='linear', random_state=1))])",0.9627639622529529,0.5718253968253968,0.8666666666666666,0.6651700680272108,0.9165201465201467,0.6907322954032679
152,"OS_('KernelADASYN', ""{'proportion': 1.0, 'k': 5, 'h': 1.0, 'n_jobs': 1, 'random_state': 1}"")",DecisionTreeClassifier(random_state=1),0.8311567452074307,0.08994612198946565,0.4,0.14566387221026397,0.6236730130334782,0.18833903592078557
153,"OS_('KernelADASYN', ""{'proportion': 1.0, 'k': 5, 'h': 1.0, 'n_jobs': 1, 'random_state': 1}"")",KNeighborsClassifier(),0.950030268858686,0.2823529411764706,0.37142857142857144,0.3184263689526847,0.671592448249425,0.32260073282516055
154,"OS_('KernelADASYN', ""{'proportion': 1.0, 'k': 5, 'h': 1.0, 'n_jobs': 1, 'random_state': 1}"")",MLPClassifier(random_state=1),0.8364063149148319,0.11058745773913928,0.2571428571428571,0.1395261044176707,0.5576546128290316,0.15626254308186133
155,"OS_('KernelADASYN', ""{'proportion': 1.0, 'k': 5, 'h': 1.0, 'n_jobs': 1, 'random_state': 1}"")","Pipeline(steps=[('standardscaler', StandardScaler()),
                ('svc',
                 SVC(C=1, gamma='auto', kernel='linear', random_state=1))])",0.8031384651908124,0.1637438698732348,0.8476190476190476,0.2690792058551724,0.8245432958514354,0.3652119046439425
156,"OS_('MOT2LD', ""{'proportion': 1.0, 'n_components': 2, 'k': 5, 'd_cut': 'auto', 'n_jobs': 1, 'random_state': 1}"")",DecisionTreeClassifier(random_state=1),0.9675921419668823,0.7083317997791682,0.838095238095238,0.7203439803439804,0.9052742993440667,0.7446168122999101
157,"OS_('MOT2LD', ""{'proportion': 1.0, 'n_components': 2, 'k': 5, 'd_cut': 'auto', 'n_jobs': 1, 'random_state': 1}"")",KNeighborsClassifier(),0.9741486141610778,0.79286133960047,0.5714285714285714,0.5405851619644724,0.7803475594173268,0.5981466004889544
158,"OS_('MOT2LD', ""{'proportion': 1.0, 'n_components': 2, 'k': 5, 'd_cut': 'auto', 'n_jobs': 1, 'random_state': 1}"")",MLPClassifier(random_state=1),0.9724185411597128,0.7022727272727273,0.819047619047619,0.7137023843942286,0.8986114660533266,0.7362121838201355
159,"OS_('MOT2LD', ""{'proportion': 1.0, 'n_components': 2, 'k': 5, 'd_cut': 'auto', 'n_jobs': 1, 'random_state': 1}"")","Pipeline(steps=[('standardscaler', StandardScaler()),
                ('svc',
                 SVC(C=1, gamma='auto', kernel='linear', random_state=1))])",0.9610404178289513,0.5626429424816521,0.8571428571428571,0.6532134251290878,0.9110426782519806,0.679902075462411
160,"OS_('V_SYNTH', ""{'proportion': 1.0, 'n_components': 3, 'n_jobs': 1, 'random_state': 1}"")",DecisionTreeClassifier(random_state=1),0.9665641877856253,0.6156643356643356,0.6476190476190476,0.5754582409460458,0.8130760712156061,0.6012652026975124
161,"OS_('V_SYNTH', ""{'proportion': 1.0, 'n_components': 3, 'n_jobs': 1, 'random_state': 1}"")",KNeighborsClassifier(),0.9744952222683839,0.622535885167464,0.5047619047619047,0.4909214092140921,0.7484453530965158,0.5206839503699116
162,"OS_('V_SYNTH', ""{'proportion': 1.0, 'n_components': 3, 'n_jobs': 1, 'random_state': 1}"")",MLPClassifier(random_state=1),0.9810445723781827,0.805659309564233,0.6666666666666666,0.6985081585081586,0.8297567935940029,0.7167329901939354
163,"OS_('V_SYNTH', ""{'proportion': 1.0, 'n_components': 3, 'n_jobs': 1, 'random_state': 1}"")","Pipeline(steps=[('standardscaler', StandardScaler()),
                ('svc',
                 SVC(C=1, gamma='auto', kernel='linear', random_state=1))])",0.9348400498545907,0.17146853146853147,0.5238095238095238,0.2571064488235562,0.7370389300621859,0.2987227519533651
164,"OS_('OUPS', ""{'proportion': 1.0, 'n_jobs': 1, 'random_state': 1}"")",DecisionTreeClassifier(random_state=1),0.9472585910143035,0.6047107438016529,0.6666666666666666,0.5690648394873747,0.812228043274555,0.59741249765043
165,"OS_('OUPS', ""{'proportion': 1.0, 'n_jobs': 1, 'random_state': 1}"")",KNeighborsClassifier(),0.9731147249094901,0.6693589743589744,0.7523809523809524,0.6537726217100024,0.8668919839850073,0.6809088916220982
166,"OS_('OUPS', ""{'proportion': 1.0, 'n_jobs': 1, 'random_state': 1}"")",MLPClassifier(random_state=1),0.9613799038518607,0.6290750602780678,0.8857142857142858,0.6981615377698644,0.9249680552006133,0.725436873688963
167,"OS_('OUPS', ""{'proportion': 1.0, 'n_jobs': 1, 'random_state': 1}"")","Pipeline(steps=[('standardscaler', StandardScaler()),
                ('svc',
                 SVC(C=1, gamma='auto', kernel='linear', random_state=1))])",0.9513793103448276,0.5525872093023256,0.8571428571428573,0.6368581402575972,0.9060311781242014,0.6678117730276597
168,"OS_('SMOTE_D', ""{'proportion': 1.0, 'k': 3, 'n_jobs': 1, 'random_state': 1}"")",DecisionTreeClassifier(random_state=1),0.9724191346667459,0.8252747252747253,0.8095238095238095,0.7583982683982684,0.8940284521679871,0.7856580621527882
169,"OS_('SMOTE_D', ""{'proportion': 1.0, 'k': 3, 'n_jobs': 1, 'random_state': 1}"")",KNeighborsClassifier(),0.9738055670959701,0.621424774056353,0.48571428571428565,0.4799145299145299,0.7389215435727063,0.5101400664667278
170,"OS_('SMOTE_D', ""{'proportion': 1.0, 'k': 3, 'n_jobs': 1, 'random_state': 1}"")",MLPClassifier(random_state=1),0.9596907828357766,0.5683100697906281,0.6857142857142857,0.5961773185462657,0.8278459621773576,0.6109392356046598
171,"OS_('SMOTE_D', ""{'proportion': 1.0, 'k': 3, 'n_jobs': 1, 'random_state': 1}"")","Pipeline(steps=[('standardscaler', StandardScaler()),
                ('svc',
                 SVC(C=1, gamma='auto', kernel='linear', random_state=1))])",0.9858650365006826,0.8357692307692307,0.7809523809523808,0.7987649351479139,0.8872561546980151,0.8035402364561574
172,"OS_('SMOTE_PSO', ""{'k': 3, 'eps': 0.05, 'n_pop': 10, 'w': 1.0, 'c1': 2.0, 'c2': 2.0, 'num_it': 10, 'n_jobs': 1, 'random_state': 1}"")",DecisionTreeClassifier(random_state=1),0.9579363760460561,0.7290841584158416,0.8571428571428571,0.7027128015723882,0.9094301047789418,0.7437008705712926
173,"OS_('SMOTE_PSO', ""{'k': 3, 'eps': 0.05, 'n_pop': 10, 'w': 1.0, 'c1': 2.0, 'c2': 2.0, 'num_it': 10, 'n_jobs': 1, 'random_state': 1}"")",KNeighborsClassifier(),0.9738055670959701,0.5975108225108225,0.5238095238095238,0.4874603174603175,0.7572535991140642,0.5174586662221309
174,"OS_('SMOTE_PSO', ""{'k': 3, 'eps': 0.05, 'n_pop': 10, 'w': 1.0, 'c1': 2.0, 'c2': 2.0, 'num_it': 10, 'n_jobs': 1, 'random_state': 1}"")",MLPClassifier(random_state=1),0.9758685975428809,0.7239964157706094,0.7333333333333334,0.6900642555219434,0.8591532498509243,0.7088419541427158
175,"OS_('SMOTE_PSO', ""{'k': 3, 'eps': 0.05, 'n_pop': 10, 'w': 1.0, 'c1': 2.0, 'c2': 2.0, 'num_it': 10, 'n_jobs': 1, 'random_state': 1}"")","Pipeline(steps=[('standardscaler', StandardScaler()),
                ('svc',
                 SVC(C=1, gamma='auto', kernel='linear', random_state=1))])",0.971035669772687,0.6892640692640692,0.8285714285714285,0.7184486858171069,0.9024789164324047,0.7377994076380603
176,"OS_('CURE_SMOTE', ""{'proportion': 1.0, 'n_clusters': 5, 'noise_th': 2, 'n_jobs': 1, 'random_state': 1}"")",DecisionTreeClassifier(random_state=1),0.9879363760460562,0.9714285714285715,0.6952380952380952,0.7935497835497836,0.8470823749893517,0.8128138919618294
177,"OS_('CURE_SMOTE', ""{'proportion': 1.0, 'n_clusters': 5, 'noise_th': 2, 'n_jobs': 1, 'random_state': 1}"")",KNeighborsClassifier(),0.9727704908303163,0.7905697905697906,0.5238095238095238,0.4942940112547169,0.7567169264843683,0.5512455706670101
178,"OS_('CURE_SMOTE', ""{'proportion': 1.0, 'n_clusters': 5, 'noise_th': 2, 'n_jobs': 1, 'random_state': 1}"")",MLPClassifier(random_state=1),0.9772461273666092,0.7407598039215687,0.7904761904761906,0.7299535312289647,0.8873668966692223,0.7473445005301592
179,"OS_('CURE_SMOTE', ""{'proportion': 1.0, 'n_clusters': 5, 'noise_th': 2, 'n_jobs': 1, 'random_state': 1}"")","Pipeline(steps=[('standardscaler', StandardScaler()),
                ('svc',
                 SVC(C=1, gamma='auto', kernel='linear', random_state=1))])",0.9679334085108909,0.6761499493414388,0.7904761904761906,0.6876457811194654,0.8825368430019592,0.7095069191632992
180,"OS_('SOMO', ""{'proportion': 1.0, 'n_grid': 10, 'sigma': 0.2, 'learning_rate': 0.5, 'n_iter': 100, 'n_jobs': 1, 'random_state': 1}"")",DecisionTreeClassifier(random_state=1),0.9579363760460561,0.7109890109890109,0.8095238095238095,0.6726839826839827,0.8865150353522445,0.7132038225852954
181,"OS_('SOMO', ""{'proportion': 1.0, 'n_grid': 10, 'sigma': 0.2, 'learning_rate': 0.5, 'n_iter': 100, 'n_jobs': 1, 'random_state': 1}"")",KNeighborsClassifier(),0.9734607395097633,0.6207711792851112,0.47619047619047616,0.4739766081871345,0.7341596388108016,0.5046248961976786
182,"OS_('SOMO', ""{'proportion': 1.0, 'n_grid': 10, 'sigma': 0.2, 'learning_rate': 0.5, 'n_iter': 100, 'n_jobs': 1, 'random_state': 1}"")",MLPClassifier(random_state=1),0.9737996320256397,0.7026744186046512,0.6571428571428571,0.6415610978799413,0.8214157935088169,0.660141325796398
183,"OS_('SOMO', ""{'proportion': 1.0, 'n_grid': 10, 'sigma': 0.2, 'learning_rate': 0.5, 'n_iter': 100, 'n_jobs': 1, 'random_state': 1}"")","Pipeline(steps=[('standardscaler', StandardScaler()),
                ('svc',
                 SVC(C=1, gamma='auto', kernel='linear', random_state=1))])",0.9820713395453737,0.7789247311827957,0.7904761904761906,0.7680926675663517,0.8898713689411364,0.7763312343720017
184,"OS_('CE_SMOTE', ""{'proportion': 1.0, 'h': 10, 'k': 5, 'alpha': 0.5, 'n_jobs': 1, 'random_state': 1}"")",DecisionTreeClassifier(random_state=1),0.9875897679387501,0.8931027164685907,0.8,0.8319057519057518,0.8973166368515205,0.8391788356335728
185,"OS_('CE_SMOTE', ""{'proportion': 1.0, 'h': 10, 'k': 5, 'alpha': 0.5, 'n_jobs': 1, 'random_state': 1}"")",KNeighborsClassifier(),0.9724262567511424,0.5837516087516088,0.5238095238095238,0.47673234811165843,0.7565380356078031,0.5085880198788145
186,"OS_('CE_SMOTE', ""{'proportion': 1.0, 'h': 10, 'k': 5, 'alpha': 0.5, 'n_jobs': 1, 'random_state': 1}"")",MLPClassifier(random_state=1),0.9724185411597128,0.7008823529411765,0.8,0.7051362984218077,0.8894454382826475,0.7268482829182997
187,"OS_('CE_SMOTE', ""{'proportion': 1.0, 'h': 10, 'k': 5, 'alpha': 0.5, 'n_jobs': 1, 'random_state': 1}"")","Pipeline(steps=[('standardscaler', StandardScaler()),
                ('svc',
                 SVC(C=1, gamma='auto', kernel='linear', random_state=1))])",0.9655213959285417,0.5982353878006051,0.8666666666666666,0.6820911314943487,0.9179506346366813,0.7058988499093785
188,"OS_('Edge_Det_SMOTE', ""{'proportion': 1.0, 'k': 5, 'n_jobs': 1, 'random_state': 1}"")",DecisionTreeClassifier(random_state=1),0.9451759748353018,0.7757702702702702,0.8,0.731555867676269,0.8753130590339893,0.7549735166255046
189,"OS_('Edge_Det_SMOTE', ""{'proportion': 1.0, 'k': 5, 'n_jobs': 1, 'random_state': 1}"")",KNeighborsClassifier(),0.9727710843373494,0.5869047619047618,0.5238095238095238,0.47927318295739346,0.7567169264843683,0.5106663823438324
190,"OS_('Edge_Det_SMOTE', ""{'proportion': 1.0, 'k': 5, 'n_jobs': 1, 'random_state': 1}"")",MLPClassifier(random_state=1),0.9693150928838505,0.6927272727272726,0.8,0.6950213558930721,0.8878354203935599,0.719215088552538
191,"OS_('Edge_Det_SMOTE', ""{'proportion': 1.0, 'k': 5, 'n_jobs': 1, 'random_state': 1}"")","Pipeline(steps=[('standardscaler', StandardScaler()),
                ('svc',
                 SVC(C=1, gamma='auto', kernel='linear', random_state=1))])",0.9600059350703306,0.552052790742432,0.819047619047619,0.6365642758287755,0.8921739500809268,0.6597023298206064
192,"OS_('DBSMOTE', ""{'proportion': 1.0, 'eps': 0.8, 'min_samples': 3, 'n_jobs': 1, 'random_state': 1}"")",DecisionTreeClassifier(random_state=1),0.9613846519081252,0.7671477495107633,0.638095238095238,0.6818112364920876,0.8058096941817873,0.6918400078786889
193,"OS_('DBSMOTE', ""{'proportion': 1.0, 'eps': 0.8, 'min_samples': 3, 'n_jobs': 1, 'random_state': 1}"")",KNeighborsClassifier(),0.9724262567511424,0.5837516087516088,0.5238095238095238,0.47673234811165843,0.7565380356078031,0.5085880198788145
194,"OS_('DBSMOTE', ""{'proportion': 1.0, 'eps': 0.8, 'min_samples': 3, 'n_jobs': 1, 'random_state': 1}"")",MLPClassifier(random_state=1),0.9755219894355747,0.721120984278879,0.8,0.7213964610234338,0.8910554561717353,0.7403728808139783
195,"OS_('DBSMOTE', ""{'proportion': 1.0, 'eps': 0.8, 'min_samples': 3, 'n_jobs': 1, 'random_state': 1}"")","Pipeline(steps=[('standardscaler', StandardScaler()),
                ('svc',
                 SVC(C=1, gamma='auto', kernel='linear', random_state=1))])",0.9486230636833046,0.6580555555555556,0.8285714285714286,0.668101068991463,0.8908510094556605,0.7009647580389726
196,"OS_('ASMOBD', ""{'proportion': 1.0, 'min_samples': 3, 'eps': 0.8, 'eta': 0.5, 'T_1': 1.0, 'T_2': 1.0, 't_1': 4.0, 't_2': 4.0, 'a': 0.05, 'smoothing': 'linear', 'n_jobs': 1, 'random_state': 1}"")",DecisionTreeClassifier(random_state=1),0.9606949967357113,0.7123858447488585,0.6857142857142857,0.6848182294990806,0.8283679401993356,0.691660151677648
197,"OS_('ASMOBD', ""{'proportion': 1.0, 'min_samples': 3, 'eps': 0.8, 'eta': 0.5, 'T_1': 1.0, 'T_2': 1.0, 't_1': 4.0, 't_2': 4.0, 'a': 0.05, 'smoothing': 'linear', 'n_jobs': 1, 'random_state': 1}"")",KNeighborsClassifier(),0.9727710843373494,0.5869047619047618,0.5238095238095238,0.47927318295739346,0.7567169264843683,0.5106663823438324
198,"OS_('ASMOBD', ""{'proportion': 1.0, 'min_samples': 3, 'eps': 0.8, 'eta': 0.5, 'T_1': 1.0, 'T_2': 1.0, 't_1': 4.0, 't_2': 4.0, 'a': 0.05, 'smoothing': 'linear', 'n_jobs': 1, 'random_state': 1}"")",MLPClassifier(random_state=1),0.9734530239183334,0.7051276359600445,0.8,0.7095589028444123,0.8899821109123435,0.7302668321384788
199,"OS_('ASMOBD', ""{'proportion': 1.0, 'min_samples': 3, 'eps': 0.8, 'eta': 0.5, 'T_1': 1.0, 'T_2': 1.0, 't_1': 4.0, 't_2': 4.0, 'a': 0.05, 'smoothing': 'linear', 'n_jobs': 1, 'random_state': 1}"")","Pipeline(steps=[('standardscaler', StandardScaler()),
                ('svc',
                 SVC(C=1, gamma='auto', kernel='linear', random_state=1))])",0.9600023740281323,0.6689312842254018,0.8095238095238095,0.6824651928277266,0.8875883806116365,0.7081210288272024
200,"OS_('Assembled_SMOTE', ""{'proportion': 1.0, 'n_neighbors': 5, 'pop': 2, 'thres': 0.3, 'n_jobs': 1, 'random_state': 1}"")",DecisionTreeClassifier(random_state=1),0.9513852454151582,0.8180084745762712,0.6190476190476191,0.586076107928626,0.7914558309907147,0.641488611456627
201,"OS_('Assembled_SMOTE', ""{'proportion': 1.0, 'n_neighbors': 5, 'pop': 2, 'thres': 0.3, 'n_jobs': 1, 'random_state': 1}"")",KNeighborsClassifier(),0.9741480206540448,0.7898741418764302,0.5809523809523809,0.5521304571135079,0.7849305733026662,0.6078450896163348
202,"OS_('Assembled_SMOTE', ""{'proportion': 1.0, 'n_neighbors': 5, 'pop': 2, 'thres': 0.3, 'n_jobs': 1, 'random_state': 1}"")",MLPClassifier(random_state=1),0.9562116446079886,0.6729504048582996,0.7904761904761906,0.6635650144825533,0.8764545531987393,0.6937190058158873
203,"OS_('Assembled_SMOTE', ""{'proportion': 1.0, 'n_neighbors': 5, 'pop': 2, 'thres': 0.3, 'n_jobs': 1, 'random_state': 1}"")","Pipeline(steps=[('standardscaler', StandardScaler()),
                ('svc',
                 SVC(C=1, gamma='auto', kernel='linear', random_state=1))])",0.9617300730013651,0.5620233006855397,0.8571428571428571,0.6552222844867843,0.9114004600051112,0.6808903431159979
204,"OS_('SDSMOTE', ""{'proportion': 1.0, 'n_neighbors': 5, 'n_jobs': 1, 'random_state': 1}"")",DecisionTreeClassifier(random_state=1),0.9582794231111638,0.8180084745762712,0.8095238095238095,0.7552427745952925,0.8866939262288099,0.780415141151604
205,"OS_('SDSMOTE', ""{'proportion': 1.0, 'n_neighbors': 5, 'n_jobs': 1, 'random_state': 1}"")",KNeighborsClassifier(),0.9720814291649358,0.5807644110275689,0.5238095238095238,0.47427764326069416,0.7563591447312378,0.5065922475136434
206,"OS_('SDSMOTE', ""{'proportion': 1.0, 'n_neighbors': 5, 'n_jobs': 1, 'random_state': 1}"")",MLPClassifier(random_state=1),0.9724185411597128,0.7098746867167919,0.8,0.7074037870307597,0.8894454382826475,0.7301652492280427
207,"OS_('SDSMOTE', ""{'proportion': 1.0, 'n_neighbors': 5, 'n_jobs': 1, 'random_state': 1}"")","Pipeline(steps=[('standardscaler', StandardScaler()),
                ('svc',
                 SVC(C=1, gamma='auto', kernel='linear', random_state=1))])",0.9634542109323995,0.5838267165498287,0.8571428571428571,0.6658658008658007,0.9122949143879377,0.6916466496322192
208,"OS_('DSMOTE', ""{'proportion': 1.0, 'n_neighbors': 5, 'rate': 0.1, 'n_step': 50, 'n_jobs': 1, 'random_state': 1}"")",DecisionTreeClassifier(random_state=1),0.9800053415632975,0.8014285714285714,0.638095238095238,0.7028180762327104,0.8154698015163131,0.7111601600086901
209,"OS_('DSMOTE', ""{'proportion': 1.0, 'n_neighbors': 5, 'rate': 0.1, 'n_step': 50, 'n_jobs': 1, 'random_state': 1}"")",KNeighborsClassifier(),0.9748400498545908,0.6325358851674642,0.5047619047619047,0.4955555555555556,0.748624243973081,0.5255008827519587
210,"OS_('DSMOTE', ""{'proportion': 1.0, 'n_neighbors': 5, 'rate': 0.1, 'n_step': 50, 'n_jobs': 1, 'random_state': 1}"")",MLPClassifier(random_state=1),0.9796617009911568,0.8357894736842105,0.6476190476190476,0.6730430981729173,0.8198739245250873,0.7051547154222308
211,"OS_('DSMOTE', ""{'proportion': 1.0, 'n_neighbors': 5, 'rate': 0.1, 'n_step': 50, 'n_jobs': 1, 'random_state': 1}"")","Pipeline(steps=[('standardscaler', StandardScaler()),
                ('svc',
                 SVC(C=1, gamma='auto', kernel='linear', random_state=1))])",0.8935699448038459,0.5982161753590325,0.7619047619047619,0.5727036162851502,0.8302112616066104,0.6156373340164976
212,"OS_('G_SMOTE', ""{'proportion': 1.0, 'n_neighbors': 5, 'method': 'linear', 'n_jobs': 1, 'random_state': 1}"")",DecisionTreeClassifier(random_state=1),0.9113828713870259,0.6382787448465415,0.780952380952381,0.6061303485597896,0.8486157253599114,0.6490633214471568
213,"OS_('G_SMOTE', ""{'proportion': 1.0, 'n_neighbors': 5, 'method': 'linear', 'n_jobs': 1, 'random_state': 1}"")",KNeighborsClassifier(),0.9724262567511424,0.5837516087516088,0.5238095238095238,0.47673234811165843,0.7565380356078031,0.5085880198788145
214,"OS_('G_SMOTE', ""{'proportion': 1.0, 'n_neighbors': 5, 'method': 'linear', 'n_jobs': 1, 'random_state': 1}"")",MLPClassifier(random_state=1),0.9596599204700575,0.6719679633867276,0.8,0.6687152003496253,0.8828264758497317,0.6991734976530036
215,"OS_('G_SMOTE', ""{'proportion': 1.0, 'n_neighbors': 5, 'method': 'linear', 'n_jobs': 1, 'random_state': 1}"")","Pipeline(steps=[('standardscaler', StandardScaler()),
                ('svc',
                 SVC(C=1, gamma='auto', kernel='linear', random_state=1))])",0.9624191346667459,0.5598931446041947,0.8571428571428571,0.6570766784182699,0.9117582417582417,0.6814663348608885
216,"OS_('NT_SMOTE', ""{'proportion': 1.0, 'n_jobs': 1, 'random_state': 1}"")",DecisionTreeClassifier(random_state=1),0.9720743070805389,0.8127747252747254,0.8095238095238095,0.753893763893764,0.8938495612914217,0.7802906288840792
217,"OS_('NT_SMOTE', ""{'proportion': 1.0, 'n_jobs': 1, 'random_state': 1}"")",KNeighborsClassifier(),0.9724262567511424,0.5837516087516088,0.5238095238095238,0.47673234811165843,0.7565380356078031,0.5085880198788145
218,"OS_('NT_SMOTE', ""{'proportion': 1.0, 'n_jobs': 1, 'random_state': 1}"")",MLPClassifier(random_state=1),0.9744875066769542,0.7132692307692308,0.8,0.7160538481762663,0.8905187835420394,0.7356179786637504
219,"OS_('NT_SMOTE', ""{'proportion': 1.0, 'n_jobs': 1, 'random_state': 1}"")","Pipeline(steps=[('standardscaler', StandardScaler()),
                ('svc',
                 SVC(C=1, gamma='auto', kernel='linear', random_state=1))])",0.9655219894355748,0.6018275494996806,0.8666666666666668,0.6810200004932303,0.917950634636681,0.7061529452376192
220,"OS_('Lee', ""{'proportion': 1.0, 'n_neighbors': 5, 'rejection_level': 0.5, 'n_jobs': 1, 'random_state': 1}"")",DecisionTreeClassifier(random_state=1),0.9531070093180605,0.8180084745762712,0.6666666666666666,0.620627389979908,0.8152653548002384,0.6708440157989392
221,"OS_('Lee', ""{'proportion': 1.0, 'n_neighbors': 5, 'rejection_level': 0.5, 'n_jobs': 1, 'random_state': 1}"")",KNeighborsClassifier(),0.9720814291649358,0.5807644110275689,0.5238095238095238,0.47427764326069416,0.7563591447312378,0.5065922475136434
222,"OS_('Lee', ""{'proportion': 1.0, 'n_neighbors': 5, 'rejection_level': 0.5, 'n_jobs': 1, 'random_state': 1}"")",MLPClassifier(random_state=1),0.9569012997804023,0.667466511357018,0.8,0.664897848347292,0.8813953488372093,0.6955704606478098
223,"OS_('Lee', ""{'proportion': 1.0, 'n_neighbors': 5, 'rejection_level': 0.5, 'n_jobs': 1, 'random_state': 1}"")","Pipeline(steps=[('standardscaler', StandardScaler()),
                ('svc',
                 SVC(C=1, gamma='auto', kernel='linear', random_state=1))])",0.9631093833461927,0.5728835978835979,0.8666666666666666,0.6649999999999999,0.9166990373967119,0.6908586493420925
224,"OS_('SPY', ""{'n_neighbors': 5, 'threshold': 0.5, 'n_jobs': 1}"")",DecisionTreeClassifier(random_state=1),0.9686266247255031,0.7156886176794643,0.8380952380952381,0.7277064765300059,0.9058103330777749,0.74997963422157
225,"OS_('SPY', ""{'n_neighbors': 5, 'threshold': 0.5, 'n_jobs': 1}"")",KNeighborsClassifier(),0.9727704908303163,0.7914285714285715,0.5047619047619047,0.4871713652201457,0.7475508987136893,0.5431743852207653
226,"OS_('SPY', ""{'n_neighbors': 5, 'threshold': 0.5, 'n_jobs': 1}"")",MLPClassifier(random_state=1),0.9544886936910203,0.6283613445378151,0.6761904761904762,0.5965947865336039,0.8205639321918392,0.6230023514160714
227,"OS_('SPY', ""{'n_neighbors': 5, 'threshold': 0.5, 'n_jobs': 1}"")","Pipeline(steps=[('standardscaler', StandardScaler()),
                ('svc',
                 SVC(C=1, gamma='auto', kernel='linear', random_state=1))])",0.9800023740281322,0.7507992327365729,0.7428571428571428,0.7333208327945171,0.8658829542550471,0.7400045718960995
228,"OS_('SMOTE_PSOBAT', ""{'maxit': 50, 'c1': 0.3, 'c2': 0.1, 'c3': 0.1, 'alpha': 0.9, 'gamma': 0.9, 'method': 'bat', 'n_jobs': 1, 'random_state': 1}"")",DecisionTreeClassifier(random_state=1),0.9838002255326724,0.7964861751152074,0.8,0.788096228096228,0.8953507538972655,0.7931364499366337
229,"OS_('SMOTE_PSOBAT', ""{'maxit': 50, 'c1': 0.3, 'c2': 0.1, 'c3': 0.1, 'alpha': 0.9, 'gamma': 0.9, 'method': 'bat', 'n_jobs': 1, 'random_state': 1}"")",KNeighborsClassifier(),0.973458365481631,0.780764411027569,0.5619047619047619,0.538277643260694,0.7754067637788568,0.5938794036080404
230,"OS_('SMOTE_PSOBAT', ""{'maxit': 50, 'c1': 0.3, 'c2': 0.1, 'c3': 0.1, 'alpha': 0.9, 'gamma': 0.9, 'method': 'bat', 'n_jobs': 1, 'random_state': 1}"")",MLPClassifier(random_state=1),0.9596599204700575,0.6711002025868786,0.7714285714285714,0.6582968467733771,0.8690774341937132,0.6866661599135262
231,"OS_('SMOTE_PSOBAT', ""{'maxit': 50, 'c1': 0.3, 'c2': 0.1, 'c3': 0.1, 'alpha': 0.9, 'gamma': 0.9, 'method': 'bat', 'n_jobs': 1, 'random_state': 1}"")","Pipeline(steps=[('standardscaler', StandardScaler()),
                ('svc',
                 SVC(C=1, gamma='auto', kernel='linear', random_state=1))])",0.9627627752388866,0.5725762662385053,0.8666666666666666,0.6646037184545135,0.9165195076241588,0.69059998142725
232,"OS_('MDO', ""{'proportion': 1.0, 'K2': 5, 'K1_frac': 0.5, 'n_jobs': 1, 'random_state': 1}"")",DecisionTreeClassifier(random_state=1),0.9662128316220547,0.6992408906882591,0.780952380952381,0.6922643294983721,0.8770606525257687,0.7140599223134239
233,"OS_('MDO', ""{'proportion': 1.0, 'K2': 5, 'K1_frac': 0.5, 'n_jobs': 1, 'random_state': 1}"")",KNeighborsClassifier(),0.9744952222683839,0.622535885167464,0.5047619047619047,0.4909214092140921,0.7484453530965158,0.5206839503699116
234,"OS_('MDO', ""{'proportion': 1.0, 'K2': 5, 'K1_frac': 0.5, 'n_jobs': 1, 'random_state': 1}"")",MLPClassifier(random_state=1),0.9662163926642531,0.6198974709501025,0.6095238095238095,0.5581918210159545,0.7945654442456769,0.5846543260105003
235,"OS_('MDO', ""{'proportion': 1.0, 'K2': 5, 'K1_frac': 0.5, 'n_jobs': 1, 'random_state': 1}"")","Pipeline(steps=[('standardscaler', StandardScaler()),
                ('svc',
                 SVC(C=1, gamma='auto', kernel='linear', random_state=1))])",0.9327627752388867,0.41288720366195253,0.9047619047619048,0.5476064330903041,0.9192883763523299,0.5986681241381793
236,"OS_('Random_SMOTE', ""{'proportion': 1.0, 'n_neighbors': 5, 'n_jobs': 1, 'random_state': 1}"")",DecisionTreeClassifier(random_state=1),0.9569001127663362,0.783225865880619,0.8095238095238095,0.7379700473225653,0.8859783627225486,0.7630831818827859
237,"OS_('Random_SMOTE', ""{'proportion': 1.0, 'n_neighbors': 5, 'n_jobs': 1, 'random_state': 1}"")",KNeighborsClassifier(),0.9720814291649358,0.5807644110275689,0.5238095238095238,0.47427764326069416,0.7563591447312378,0.5065922475136434
238,"OS_('Random_SMOTE', ""{'proportion': 1.0, 'n_neighbors': 5, 'n_jobs': 1, 'random_state': 1}"")",MLPClassifier(random_state=1),0.9741426790907471,0.7043609022556391,0.7904761904761904,0.706634556261529,0.8857568787801344,0.7263956660173749
239,"OS_('Random_SMOTE', ""{'proportion': 1.0, 'n_neighbors': 5, 'n_jobs': 1, 'random_state': 1}"")","Pipeline(steps=[('standardscaler', StandardScaler()),
                ('svc',
                 SVC(C=1, gamma='auto', kernel='linear', random_state=1))])",0.9637990385186065,0.5865812758203454,0.8571428571428571,0.668386809269162,0.9124738052645031,0.6936271071923802
240,"OS_('ISMOTE', ""{'n_neighbors': 5, 'minority_weight': 0.5, 'n_jobs': 1, 'random_state': 1}"")",DecisionTreeClassifier(random_state=1),0.9572485013947416,0.7608656174334141,0.838095238095238,0.7468178661703841,0.8999082119430957,0.7690774131085332
241,"OS_('ISMOTE', ""{'n_neighbors': 5, 'minority_weight': 0.5, 'n_jobs': 1, 'random_state': 1}"")",KNeighborsClassifier(),0.973458365481631,0.780764411027569,0.5619047619047619,0.538277643260694,0.7754067637788568,0.5938794036080404
242,"OS_('ISMOTE', ""{'n_neighbors': 5, 'minority_weight': 0.5, 'n_jobs': 1, 'random_state': 1}"")",MLPClassifier(random_state=1),0.9727621817318536,0.7013157894736842,0.8,0.71163424395822,0.889624329159213,0.7302783144814645
243,"OS_('ISMOTE', ""{'n_neighbors': 5, 'minority_weight': 0.5, 'n_jobs': 1, 'random_state': 1}"")","Pipeline(steps=[('standardscaler', StandardScaler()),
                ('svc',
                 SVC(C=1, gamma='auto', kernel='linear', random_state=1))])",0.9634542109323997,0.5635429049570084,0.8857142857142856,0.6698427251043529,0.9260445949399436,0.6958053459915667
244,"OS_('GASMOTE', ""{'n_neighbors': 5, 'maxn': 7, 'n_pop': 10, 'popl3': 5, 'pm': 0.3, 'pr': 0.2, 'Ge': 10, 'n_jobs': 1, 'random_state': 1}"")",DecisionTreeClassifier(random_state=1),0.9827639622529526,0.8657142857142857,0.8095238095238095,0.7977309682187731,0.8993951784649458,0.8170473336639941
245,"OS_('GASMOTE', ""{'n_neighbors': 5, 'maxn': 7, 'n_pop': 10, 'popl3': 5, 'pm': 0.3, 'pr': 0.2, 'Ge': 10, 'n_jobs': 1, 'random_state': 1}"")",KNeighborsClassifier(),0.9724262567511424,0.5837516087516088,0.5238095238095238,0.47673234811165843,0.7565380356078031,0.5085880198788145
246,"OS_('GASMOTE', ""{'n_neighbors': 5, 'maxn': 7, 'n_pop': 10, 'popl3': 5, 'pm': 0.3, 'pr': 0.2, 'Ge': 10, 'n_jobs': 1, 'random_state': 1}"")",MLPClassifier(random_state=1),0.9734548044394327,0.7084593837535014,0.7047619047619047,0.6651755939144355,0.8441519720589488,0.6852298158175427
247,"OS_('GASMOTE', ""{'n_neighbors': 5, 'maxn': 7, 'n_pop': 10, 'popl3': 5, 'pm': 0.3, 'pr': 0.2, 'Ge': 10, 'n_jobs': 1, 'random_state': 1}"")","Pipeline(steps=[('standardscaler', StandardScaler()),
                ('svc',
                 SVC(C=1, gamma='auto', kernel='linear', random_state=1))])",0.9731046352899282,0.7122751322751324,0.8380952380952381,0.7305396825396826,0.9081352755771359,0.7519624912591487
248,"OS_('SMOTE_FRST_2T', ""{'n_neighbors': 5, 'gamma_S': 0.7, 'gamma_M': 0.03, 'n_jobs': 1, 'random_state': 1}"")",DecisionTreeClassifier(random_state=1),0.9531070093180605,0.8180084745762712,0.6666666666666666,0.620627389979908,0.8152653548002384,0.6708440157989392
249,"OS_('SMOTE_FRST_2T', ""{'n_neighbors': 5, 'gamma_S': 0.7, 'gamma_M': 0.03, 'n_jobs': 1, 'random_state': 1}"")",KNeighborsClassifier(),0.9720814291649358,0.5807644110275689,0.5238095238095238,0.47427764326069416,0.7563591447312378,0.5065922475136434
250,"OS_('SMOTE_FRST_2T', ""{'n_neighbors': 5, 'gamma_S': 0.7, 'gamma_M': 0.03, 'n_jobs': 1, 'random_state': 1}"")",MLPClassifier(random_state=1),0.9600047480562643,0.680087549628423,0.8,0.6744399392843033,0.8830053667262969,0.7039734653597151
251,"OS_('SMOTE_FRST_2T', ""{'n_neighbors': 5, 'gamma_S': 0.7, 'gamma_M': 0.03, 'n_jobs': 1, 'random_state': 1}"")","Pipeline(steps=[('standardscaler', StandardScaler()),
                ('svc',
                 SVC(C=1, gamma='auto', kernel='linear', random_state=1))])",0.9620749005875722,0.5643274481509775,0.8666666666666666,0.6590088593576966,0.916162364767016,0.6856380957465488
252,"OS_('AND_SMOTE', ""{'proportion': 1.0, 'K': 15, 'n_jobs': 1, 'random_state': 1}"")",DecisionTreeClassifier(random_state=1),0.957590361445783,0.7860084745762712,0.8285714285714285,0.7478514702474665,0.8955024916943521,0.7734802227075692
253,"OS_('AND_SMOTE', ""{'proportion': 1.0, 'K': 15, 'n_jobs': 1, 'random_state': 1}"")",KNeighborsClassifier(),0.9720814291649358,0.5807644110275689,0.5238095238095238,0.47427764326069416,0.7563591447312378,0.5065922475136434
254,"OS_('AND_SMOTE', ""{'proportion': 1.0, 'K': 15, 'n_jobs': 1, 'random_state': 1}"")",MLPClassifier(random_state=1),0.9744875066769542,0.7114438502673797,0.8,0.7151362984218077,0.8905187835420394,0.7347376631729343
255,"OS_('AND_SMOTE', ""{'proportion': 1.0, 'K': 15, 'n_jobs': 1, 'random_state': 1}"")","Pipeline(steps=[('standardscaler', StandardScaler()),
                ('svc',
                 SVC(C=1, gamma='auto', kernel='linear', random_state=1))])",0.962074900587572,0.5625394202402308,0.8571428571428571,0.6537794221282593,0.9115793508816765,0.6802456980834888
256,"OS_('NRAS', ""{'proportion': 1.0, 'n_neighbors': 5, 't': 0.5, 'n_jobs': 1, 'random_state': 1}"")",DecisionTreeClassifier(random_state=1),0.9306961837497774,0.5980084745762712,0.7428571428571429,0.5924423238185075,0.8403031561461793,0.6260853592828243
257,"OS_('NRAS', ""{'proportion': 1.0, 'n_neighbors': 5, 't': 0.5, 'n_jobs': 1, 'random_state': 1}"")",KNeighborsClassifier(),0.9672538429580391,0.36228615015800375,0.4666666666666667,0.4012473402303911,0.7263565891472868,0.40772215544268525
258,"OS_('NRAS', ""{'proportion': 1.0, 'n_neighbors': 5, 't': 0.5, 'n_jobs': 1, 'random_state': 1}"")",MLPClassifier(random_state=1),0.9575909549528163,0.6504395604395604,0.7904761904761904,0.6502596776415485,0.8771701167050004,0.6821715119865475
259,"OS_('NRAS', ""{'proportion': 1.0, 'n_neighbors': 5, 't': 0.5, 'n_jobs': 1, 'random_state': 1}"")","Pipeline(steps=[('standardscaler', StandardScaler()),
                ('svc',
                 SVC(C=1, gamma='auto', kernel='linear', random_state=1))])",0.9655178348863434,0.6256110999799639,0.8476190476190476,0.6902840066908645,0.908782690178039,0.7121460187751844
260,"OS_('AMSCO', ""{'n_pop': 5, 'n_iter': 15, 'omega': 0.1, 'r1': 0.1, 'r2': 0.1, 'n_jobs': 1, 'classifier': DecisionTreeClassifier(random_state=2), 'random_state': 1}"")",DecisionTreeClassifier(random_state=1),0.985177755356401,0.9566563467492261,0.6285714285714284,0.7138755980861244,0.813570150779453,0.7465789655187558
261,"OS_('AMSCO', ""{'n_pop': 5, 'n_iter': 15, 'omega': 0.1, 'r1': 0.1, 'r2': 0.1, 'n_jobs': 1, 'classifier': DecisionTreeClassifier(random_state=2), 'random_state': 1}"")",KNeighborsClassifier(),0.9741480206540448,0.7898741418764302,0.5809523809523809,0.5521304571135079,0.7849305733026662,0.6078450896163348
262,"OS_('AMSCO', ""{'n_pop': 5, 'n_iter': 15, 'omega': 0.1, 'r1': 0.1, 'r2': 0.1, 'n_jobs': 1, 'classifier': DecisionTreeClassifier(random_state=2), 'random_state': 1}"")",MLPClassifier(random_state=1),0.9658662235147485,0.6892528524107472,0.8095238095238095,0.6933037694013303,0.8906295255132465,0.7191572086965936
263,"OS_('AMSCO', ""{'n_pop': 5, 'n_iter': 15, 'omega': 0.1, 'r1': 0.1, 'r2': 0.1, 'n_jobs': 1, 'classifier': DecisionTreeClassifier(random_state=2), 'random_state': 1}"")","Pipeline(steps=[('standardscaler', StandardScaler()),
                ('svc',
                 SVC(C=1, gamma='auto', kernel='linear', random_state=1))])",0.9634512433972343,0.5954211229946524,0.8666666666666666,0.6764113087095303,0.9168763310333079,0.7020688147523692
264,"OS_('SSO', ""{'proportion': 1.0, 'n_neighbors': 5, 'h': 10, 'n_iter': 5, 'n_jobs': 1, 'random_state': 1}"")",DecisionTreeClassifier(random_state=1),0.9338055670959701,0.48435462842242505,0.6666666666666666,0.46567930406408015,0.8052474657125821,0.5141069225331527
265,"OS_('SSO', ""{'proportion': 1.0, 'n_neighbors': 5, 'h': 10, 'n_iter': 5, 'n_jobs': 1, 'random_state': 1}"")",KNeighborsClassifier(),0.9727740518725148,0.655344456623229,0.5523809523809524,0.525064935064935,0.7704682042763439,0.5577381848417395
266,"OS_('SSO', ""{'proportion': 1.0, 'n_neighbors': 5, 'h': 10, 'n_iter': 5, 'n_jobs': 1, 'random_state': 1}"")",MLPClassifier(random_state=1),0.8824891684966467,0.43082072503125135,0.780952380952381,0.48845595418224824,0.8336269060396969,0.5349162006554323
267,"OS_('SSO', ""{'proportion': 1.0, 'n_neighbors': 5, 'h': 10, 'n_iter': 5, 'n_jobs': 1, 'random_state': 1}"")","Pipeline(steps=[('standardscaler', StandardScaler()),
                ('svc',
                 SVC(C=1, gamma='auto', kernel='linear', random_state=1))])",0.95034542109324,0.5864680417621594,0.8952380952380953,0.6606292166699932,0.9238265610358635,0.6968568229440191
268,"OS_('NDO_sampling', ""{'proportion': 1.0, 'n_neighbors': 5, 'T': 0.5, 'n_jobs': 1, 'random_state': 1}"")",DecisionTreeClassifier(random_state=1),0.9524185411597127,0.7144790628115654,0.7238095238095237,0.6618554601553466,0.8424062952551324,0.6864156180263012
269,"OS_('NDO_sampling', ""{'proportion': 1.0, 'n_neighbors': 5, 'T': 0.5, 'n_jobs': 1, 'random_state': 1}"")",KNeighborsClassifier(),0.9738031930678378,0.7837516087516088,0.5619047619047619,0.5407323481116585,0.7755856546554221,0.5958751759732115
270,"OS_('NDO_sampling', ""{'proportion': 1.0, 'n_neighbors': 5, 'T': 0.5, 'n_jobs': 1, 'random_state': 1}"")",MLPClassifier(random_state=1),0.9631076028250934,0.6706024096385542,0.8095238095238095,0.6814787651373017,0.889198398500724,0.7082497329961532
271,"OS_('NDO_sampling', ""{'proportion': 1.0, 'n_neighbors': 5, 'T': 0.5, 'n_jobs': 1, 'random_state': 1}"")","Pipeline(steps=[('standardscaler', StandardScaler()),
                ('svc',
                 SVC(C=1, gamma='auto', kernel='linear', random_state=1))])",0.9624179476526796,0.573091678142829,0.8761904761904761,0.6698181100236328,0.920923630632933,0.6955704503709607
272,"OS_('DSRBF', ""{'proportion': 1.0, 'n_neighbors': 5, 'm_min': 4, 'm_max': 10, 'Ib': 2, 'Ob': 2, 'n_pop': 500, 'n_init_pop': 5000, 'n_iter': 40, 'n_sampling_epoch': 5, 'n_jobs': 1, 'random_state': 1}"")",DecisionTreeClassifier(random_state=1),0.9575903614457832,0.8055084745762713,0.8,0.7453536547061727,0.8817534500383338,0.7699737815951369
273,"OS_('DSRBF', ""{'proportion': 1.0, 'n_neighbors': 5, 'm_min': 4, 'm_max': 10, 'Ib': 2, 'Ob': 2, 'n_pop': 500, 'n_init_pop': 5000, 'n_iter': 40, 'n_sampling_epoch': 5, 'n_jobs': 1, 'random_state': 1}"")",KNeighborsClassifier(),0.9724256632441094,0.780764411027569,0.5333333333333333,0.4924594614425123,0.7611210494931425,0.5502358255608419
274,"OS_('DSRBF', ""{'proportion': 1.0, 'n_neighbors': 5, 'm_min': 4, 'm_max': 10, 'Ib': 2, 'Ob': 2, 'n_pop': 500, 'n_init_pop': 5000, 'n_iter': 40, 'n_sampling_epoch': 5, 'n_jobs': 1, 'random_state': 1}"")",MLPClassifier(random_state=1),0.9737978515045403,0.703011583011583,0.8,0.7092742294562905,0.8901610017889088,0.7297271965791662
275,"OS_('DSRBF', ""{'proportion': 1.0, 'n_neighbors': 5, 'm_min': 4, 'm_max': 10, 'Ib': 2, 'Ob': 2, 'n_pop': 500, 'n_init_pop': 5000, 'n_iter': 40, 'n_sampling_epoch': 5, 'n_jobs': 1, 'random_state': 1}"")","Pipeline(steps=[('standardscaler', StandardScaler()),
                ('svc',
                 SVC(C=1, gamma='auto', kernel='linear', random_state=1))])",0.9634536174253666,0.5782967032967032,0.8666666666666666,0.6683687943262411,0.9168776088252832,0.6938986367812323
276,"OS_('Gaussian_SMOTE', ""{'proportion': 1.0, 'n_neighbors': 5, 'sigma': 1.0, 'n_jobs': 1, 'random_state': 1}"")",DecisionTreeClassifier(random_state=1),0.9603572912339011,0.4812851782363977,0.6952380952380952,0.528440463924335,0.832771104864128,0.5560194665346596
277,"OS_('Gaussian_SMOTE', ""{'proportion': 1.0, 'n_neighbors': 5, 'sigma': 1.0, 'n_jobs': 1, 'random_state': 1}"")",KNeighborsClassifier(),0.9744952222683839,0.622535885167464,0.5047619047619047,0.4909214092140921,0.7484453530965158,0.5206839503699116
278,"OS_('Gaussian_SMOTE', ""{'proportion': 1.0, 'n_neighbors': 5, 'sigma': 1.0, 'n_jobs': 1, 'random_state': 1}"")",MLPClassifier(random_state=1),0.8780550774526678,0.46175056206378445,0.8380952380952381,0.5321022548853517,0.858825283243888,0.5800523111278164
279,"OS_('Gaussian_SMOTE', ""{'proportion': 1.0, 'n_neighbors': 5, 'sigma': 1.0, 'n_jobs': 1, 'random_state': 1}"")","Pipeline(steps=[('standardscaler', StandardScaler()),
                ('svc',
                 SVC(C=1, gamma='auto', kernel='linear', random_state=1))])",0.8817282924802659,0.3523123335692858,0.8857142857142858,0.46953463203463197,0.8836464988499871,0.5316750199819889
280,"OS_('kmeans_SMOTE', ""{'proportion': 1.0, 'n_neighbors': 5, 'n_clusters': 10, 'irt': 2.0, 'n_jobs': 1, 'random_state': 1}"")",DecisionTreeClassifier(random_state=1),0.9727639622529527,0.8338461538461539,0.8095238095238095,0.7625794530672579,0.8942073430445522,0.7898915038549527
281,"OS_('kmeans_SMOTE', ""{'proportion': 1.0, 'n_neighbors': 5, 'n_clusters': 10, 'irt': 2.0, 'n_jobs': 1, 'random_state': 1}"")",KNeighborsClassifier(),0.9734607395097633,0.6207711792851112,0.47619047619047616,0.4739766081871345,0.7341596388108016,0.5046248961976786
282,"OS_('kmeans_SMOTE', ""{'proportion': 1.0, 'n_neighbors': 5, 'n_clusters': 10, 'irt': 2.0, 'n_jobs': 1, 'random_state': 1}"")",MLPClassifier(random_state=1),0.975523769956674,0.7155263157894737,0.6571428571428571,0.6526839792358735,0.8223102478916433,0.669052465747062
283,"OS_('kmeans_SMOTE', ""{'proportion': 1.0, 'n_neighbors': 5, 'n_clusters': 10, 'irt': 2.0, 'n_jobs': 1, 'random_state': 1}"")","Pipeline(steps=[('standardscaler', StandardScaler()),
                ('svc',
                 SVC(C=1, gamma='auto', kernel='linear', random_state=1))])",0.9820713395453737,0.7789247311827957,0.7904761904761906,0.7680926675663517,0.8898713689411364,0.7763312343720017
284,"OS_('Supervised_SMOTE', ""{'proportion': 1.0, 'th_lower': 0.5, 'th_upper': 1.0, 'classifier': RandomForestClassifier(n_estimators=50, n_jobs=1, random_state=5), 'n_jobs': 1, 'random_state': 1}"")",DecisionTreeClassifier(random_state=1),0.9586242506973708,0.698489010989011,0.838095238095238,0.6893915993915993,0.9006218587613937,0.7256814510585988
285,"OS_('Supervised_SMOTE', ""{'proportion': 1.0, 'th_lower': 0.5, 'th_upper': 1.0, 'classifier': RandomForestClassifier(n_estimators=50, n_jobs=1, random_state=5), 'n_jobs': 1, 'random_state': 1}"")",KNeighborsClassifier(),0.9738043800819038,0.7261946729338034,0.5809523809523809,0.5498444212237314,0.7847523213220887,0.5938233703970888
286,"OS_('Supervised_SMOTE', ""{'proportion': 1.0, 'th_lower': 0.5, 'th_upper': 1.0, 'classifier': RandomForestClassifier(n_estimators=50, n_jobs=1, random_state=5), 'n_jobs': 1, 'random_state': 1}"")",MLPClassifier(random_state=1),0.9710392308148851,0.7039324116743472,0.819047619047619,0.7111727088719707,0.8978959025470654,0.7350580459078013
287,"OS_('Supervised_SMOTE', ""{'proportion': 1.0, 'th_lower': 0.5, 'th_upper': 1.0, 'classifier': RandomForestClassifier(n_estimators=50, n_jobs=1, random_state=5), 'n_jobs': 1, 'random_state': 1}"")","Pipeline(steps=[('standardscaler', StandardScaler()),
                ('svc',
                 SVC(C=1, gamma='auto', kernel='linear', random_state=1))])",0.9637960709834411,0.5956568914956012,0.8571428571428571,0.6752763296882256,0.9124722080245335,0.699374367760908
288,"OS_('SN_SMOTE', ""{'proportion': 1.0, 'n_neighbors': 5, 'n_jobs': 1, 'random_state': 1}"")",DecisionTreeClassifier(random_state=1),0.952074307080539,0.7846751412429379,0.6666666666666666,0.6078068771593952,0.8147296405145242,0.6561165148153277
289,"OS_('SN_SMOTE', ""{'proportion': 1.0, 'n_neighbors': 5, 'n_jobs': 1, 'random_state': 1}"")",KNeighborsClassifier(),0.9738031930678378,0.7837516087516088,0.5619047619047619,0.5407323481116585,0.7755856546554221,0.5958751759732115
290,"OS_('SN_SMOTE', ""{'proportion': 1.0, 'n_neighbors': 5, 'n_jobs': 1, 'random_state': 1}"")",MLPClassifier(random_state=1),0.9555219894355748,0.6584737678855326,0.8,0.6575669123831197,0.8806797853309482,0.6895449837348738
291,"OS_('SN_SMOTE', ""{'proportion': 1.0, 'n_neighbors': 5, 'n_jobs': 1, 'random_state': 1}"")","Pipeline(steps=[('standardscaler', StandardScaler()),
                ('svc',
                 SVC(C=1, gamma='auto', kernel='linear', random_state=1))])",0.9620743070805389,0.5641397028019419,0.8666666666666666,0.6601542572758999,0.916162364767016,0.6862625631694554
292,"OS_('CCR', ""{'proportion': 1.0, 'energy': 1.0, 'scaling': 0.0, 'n_jobs': 1, 'random_state': 1}"")",DecisionTreeClassifier(random_state=1),0.9558745326132115,0.4566239316239316,0.6952380952380952,0.5049565929565929,0.8304455234687793,0.5376057623430152
293,"OS_('CCR', ""{'proportion': 1.0, 'energy': 1.0, 'scaling': 0.0, 'n_jobs': 1, 'random_state': 1}"")",KNeighborsClassifier(),0.9710528814766455,0.6392025518341308,0.5142857142857142,0.5030426213353042,0.751242972144135,0.533282766136886
294,"OS_('CCR', ""{'proportion': 1.0, 'energy': 1.0, 'scaling': 0.0, 'n_jobs': 1, 'random_state': 1}"")",MLPClassifier(random_state=1),0.8928826636595645,0.43978229317851963,0.7047619047619047,0.48451504821442865,0.8023553965414431,0.520417422048441
295,"OS_('CCR', ""{'proportion': 1.0, 'energy': 1.0, 'scaling': 0.0, 'n_jobs': 1, 'random_state': 1}"")","Pipeline(steps=[('standardscaler', StandardScaler()),
                ('svc',
                 SVC(C=1, gamma='auto', kernel='linear', random_state=1))])",0.8748281797139296,0.3787351595525876,0.8476190476190476,0.4731711465227197,0.8617347090893602,0.5299604896456834
296,"OS_('ANS', ""{'proportion': 1.0, 'n_jobs': 1, 'random_state': 1}"")",DecisionTreeClassifier(random_state=1),0.9727639622529527,0.8005128205128205,0.838095238095238,0.7709710614588663,0.9079573430445524,0.7930090646133537
297,"OS_('ANS', ""{'proportion': 1.0, 'n_jobs': 1, 'random_state': 1}"")",KNeighborsClassifier(),0.9734607395097633,0.6207711792851112,0.47619047619047616,0.4739766081871345,0.7341596388108016,0.5046248961976786
298,"OS_('ANS', ""{'proportion': 1.0, 'n_jobs': 1, 'random_state': 1}"")",MLPClassifier(random_state=1),0.9762122381150217,0.7155263157894737,0.6761904761904762,0.6691062666259028,0.8318340574154529,0.682225143082282
299,"OS_('ANS', ""{'proportion': 1.0, 'n_jobs': 1, 'random_state': 1}"")","Pipeline(steps=[('standardscaler', StandardScaler()),
                ('svc',
                 SVC(C=1, gamma='auto', kernel='linear', random_state=1))])",0.9820713395453737,0.7789247311827957,0.7904761904761906,0.7680926675663517,0.8898713689411364,0.7763312343720017
300,"OS_('cluster_SMOTE', ""{'proportion': 1.0, 'n_neighbors': 3, 'n_clusters': 3, 'n_jobs': 1, 'random_state': 1}"")",DecisionTreeClassifier(random_state=1),0.9872467208736424,0.9069736842105263,0.7333333333333333,0.8044459759093906,0.8650566487775789,0.8121795853620961
301,"OS_('cluster_SMOTE', ""{'proportion': 1.0, 'n_neighbors': 3, 'n_clusters': 3, 'n_jobs': 1, 'random_state': 1}"")",KNeighborsClassifier(),0.9738031930678378,0.7837516087516088,0.5619047619047619,0.5407323481116585,0.7755856546554221,0.5958751759732115
302,"OS_('cluster_SMOTE', ""{'proportion': 1.0, 'n_neighbors': 3, 'n_clusters': 3, 'n_jobs': 1, 'random_state': 1}"")",MLPClassifier(random_state=1),0.9755219894355749,0.7281862745098039,0.8,0.7236557740374637,0.8910554561717351,0.7431926576031012
303,"OS_('cluster_SMOTE', ""{'proportion': 1.0, 'n_neighbors': 3, 'n_clusters': 3, 'n_jobs': 1, 'random_state': 1}"")","Pipeline(steps=[('standardscaler', StandardScaler()),
                ('svc',
                 SVC(C=1, gamma='auto', kernel='linear', random_state=1))])",0.9620749005875722,0.5641621506154135,0.8571428571428571,0.6551930767467333,0.9115793508816765,0.6813565158093539
