,OS,Algorithm,ACC,Precision,recall,F1-Score,AUC,G-measure
0,train_STARM_star_nn_5_rj_0.5,DecisionTreeClassifier(random_state=1),0.9455168475157054,0.7116666666666667,0.7890909090909092,0.7393006993006994,0.876160695312168,0.7447777695075687
1,train_STARM_star_nn_5_rj_0.5,KNeighborsClassifier(),0.9494764896249762,0.7735994397759105,0.809090909090909,0.7600316894434542,0.887317778061116,0.7754264119612767
2,train_STARM_star_nn_5_rj_0.5,MLPClassifier(random_state=1),0.9494193794022463,0.7452991452991452,0.8272727272727274,0.7620544113907958,0.8952983552212164,0.7740456799782326
3,train_STARM_star_nn_5_rj_0.5,"Pipeline(steps=[('standardscaler', StandardScaler()),
                ('svc',
                 SVC(C=1, gamma='auto', kernel='linear', random_state=1))])",0.9474585950885208,0.7472222222222222,0.7872727272727272,0.7476792213634319,0.8763619363338858,0.7573503448625251
