,OS,Algorithm,ACC,Precision,recall,F1-Score,AUC,G-measure
0,train_STARM_star_nn_5_rj_0.5,DecisionTreeClassifier(random_state=1),0.8504179104477613,0.4066468253968254,0.4742105263157895,0.40008881601421054,0.6829616167490549,0.41920383951675255
1,train_STARM_star_nn_5_rj_0.5,KNeighborsClassifier(),0.8692636815920398,0.6071678321678322,0.5747368421052632,0.5173711755233494,0.7381971503343996,0.5516151063190131
2,train_STARM_star_nn_5_rj_0.5,MLPClassifier(random_state=1),0.8872587064676617,0.6442857142857142,0.5947368421052632,0.5222676348822136,0.7570369293399244,0.5659568122370476
3,train_STARM_star_nn_5_rj_0.5,"Pipeline(steps=[('standardscaler', StandardScaler()),
                ('svc',
                 SVC(C=1, gamma='auto', kernel='linear', random_state=1))])",0.8992686567164178,0.6157952069716774,0.6573684210526316,0.5503609141055951,0.7916676359406805,0.5903600478282599
