,OS,Algorithm,ACC,Precision,recall,F1-Score,AUC,G-measure
0,"OS_('SMOTE', ""{'proportion': 1.0, 'n_neighbors': 5, 'n_jobs': 1, 'random_state': 1}"")",DecisionTreeClassifier(random_state=1),0.8624294670846394,0.07205082499200147,0.2454545454545455,0.11114538478612423,0.564527043058205,0.13275049025617047
1,"OS_('SMOTE', ""{'proportion': 1.0, 'n_neighbors': 5, 'n_jobs': 1, 'random_state': 1}"")",KNeighborsClassifier(),0.8048687304075235,0.059414773377165955,0.3218181818181818,0.09972988469817,0.5716617790811338,0.13751909334260742
2,"OS_('SMOTE', ""{'proportion': 1.0, 'n_neighbors': 5, 'n_jobs': 1, 'random_state': 1}"")",MLPClassifier(random_state=1),0.7980113636363637,0.0945321707278229,0.5309090909090909,0.1593327031176975,0.6690979320293445,0.22242895469896498
3,"OS_('SMOTE', ""{'proportion': 1.0, 'n_neighbors': 5, 'n_jobs': 1, 'random_state': 1}"")","Pipeline(steps=[('standardscaler', StandardScaler()),
                ('svc',
                 SVC(C=1, gamma='auto', kernel='linear', random_state=1))])",0.733548197492163,0.08180020914505534,0.6454545454545455,0.1443559991166322,0.6910997541971547,0.2281026097869859
4,"OS_('SMOTE_TomekLinks', ""{'proportion': 1.0, 'n_neighbors': 5, 'n_jobs': 1, 'random_state': 1}"")",DecisionTreeClassifier(random_state=1),0.8649294670846395,0.07322298616416263,0.2454545454545455,0.11253668913395032,0.565821541440082,0.1338241959302648
5,"OS_('SMOTE_TomekLinks', ""{'proportion': 1.0, 'n_neighbors': 5, 'n_jobs': 1, 'random_state': 1}"")",KNeighborsClassifier(),0.8048687304075235,0.059414773377165955,0.3218181818181818,0.09972988469817,0.5716617790811338,0.13751909334260742
6,"OS_('SMOTE_TomekLinks', ""{'proportion': 1.0, 'n_neighbors': 5, 'n_jobs': 1, 'random_state': 1}"")",MLPClassifier(random_state=1),0.7961363636363636,0.09376869237460686,0.5309090909090909,0.15825546494368514,0.6681270582429368,0.22154664209586783
7,"OS_('SMOTE_TomekLinks', ""{'proportion': 1.0, 'n_neighbors': 5, 'n_jobs': 1, 'random_state': 1}"")","Pipeline(steps=[('standardscaler', StandardScaler()),
                ('svc',
                 SVC(C=1, gamma='auto', kernel='linear', random_state=1))])",0.7347981974921629,0.08370497104981725,0.6636363636363637,0.14780427497870113,0.7005142878835331,0.23398750865035095
8,"OS_('SMOTE_ENN', ""{'proportion': 1.0, 'n_neighbors': 5, 'n_jobs': 1, 'random_state': 1}"")",DecisionTreeClassifier(random_state=1),0.8511520376175549,0.08063228689630761,0.3254545454545455,0.1272885373384513,0.5974156535603451,0.16008460071240513
9,"OS_('SMOTE_ENN', ""{'proportion': 1.0, 'n_neighbors': 5, 'n_jobs': 1, 'random_state': 1}"")",KNeighborsClassifier(),0.7754663009404389,0.05406202077945647,0.34,0.0927454720057824,0.5652249712913665,0.1347721236517198
10,"OS_('SMOTE_ENN', ""{'proportion': 1.0, 'n_neighbors': 5, 'n_jobs': 1, 'random_state': 1}"")",MLPClassifier(random_state=1),0.7623569749216301,0.08370770796098796,0.5672727272727272,0.14526685549157461,0.6681911188300164,0.2168758248339387
11,"OS_('SMOTE_ENN', ""{'proportion': 1.0, 'n_neighbors': 5, 'n_jobs': 1, 'random_state': 1}"")","Pipeline(steps=[('standardscaler', StandardScaler()),
                ('svc',
                 SVC(C=1, gamma='auto', kernel='linear', random_state=1))])",0.7016477272727273,0.07892727458344752,0.7,0.14112557034092504,0.7009145004697777,0.23337625663760297
12,"OS_('Borderline_SMOTE2', ""{'proportion': 1.0, 'n_neighbors': 5, 'k_neighbors': 5, 'n_jobs': 1, 'random_state': 1}"")",DecisionTreeClassifier(random_state=1),0.9387127742946708,0.12642390289449112,0.15454545454545454,0.13453411306042887,0.5601289753153205,0.13746408402852164
13,"OS_('Borderline_SMOTE2', ""{'proportion': 1.0, 'n_neighbors': 5, 'k_neighbors': 5, 'n_jobs': 1, 'random_state': 1}"")",KNeighborsClassifier(),0.9168338557993729,0.09619047619047619,0.13090909090909092,0.11005183946488295,0.5373315681082671,0.11177438609390493
14,"OS_('Borderline_SMOTE2', ""{'proportion': 1.0, 'n_neighbors': 5, 'k_neighbors': 5, 'n_jobs': 1, 'random_state': 1}"")",MLPClassifier(random_state=1),0.8949235893416928,0.1825408357427039,0.3236363636363636,0.20421954141608248,0.619134185576403,0.22615708485067726
15,"OS_('Borderline_SMOTE2', ""{'proportion': 1.0, 'n_neighbors': 5, 'k_neighbors': 5, 'n_jobs': 1, 'random_state': 1}"")","Pipeline(steps=[('standardscaler', StandardScaler()),
                ('svc',
                 SVC(C=1, gamma='auto', kernel='linear', random_state=1))])",0.8530113636363638,0.12999731440803092,0.5272727272727273,0.20619047619047617,0.6957190445007544,0.25938946669535967
16,"OS_('ADASYN', ""{'n_neighbors': 5, 'd_th': 0.9, 'beta': 1.0, 'n_jobs': 1, 'random_state': 1}"")",DecisionTreeClassifier(random_state=1),0.842400078369906,0.04416668185076937,0.18909090909090906,0.07133484412531085,0.5269517600053147,0.09111610905396217
17,"OS_('ADASYN', ""{'n_neighbors': 5, 'd_th': 0.9, 'beta': 1.0, 'n_jobs': 1, 'random_state': 1}"")",KNeighborsClassifier(),0.8086187304075235,0.06132538193513802,0.32,0.10208269844119684,0.5726913038939346,0.13905861451099047
18,"OS_('ADASYN', ""{'n_neighbors': 5, 'd_th': 0.9, 'beta': 1.0, 'n_jobs': 1, 'random_state': 1}"")",MLPClassifier(random_state=1),0.7892476489028214,0.08872321664249128,0.510909090909091,0.15002547684083312,0.6548887243876281,0.21125464865243654
19,"OS_('ADASYN', ""{'n_neighbors': 5, 'd_th': 0.9, 'beta': 1.0, 'n_jobs': 1, 'random_state': 1}"")","Pipeline(steps=[('standardscaler', StandardScaler()),
                ('svc',
                 SVC(C=1, gamma='auto', kernel='linear', random_state=1))])",0.7273040752351098,0.08405346436843024,0.6818181818181819,0.14886303104696252,0.7054032969848818,0.2377831269567961
20,"OS_('AHC', ""{'strategy': 'min', 'n_jobs': 1, 'random_state': 1}"")",DecisionTreeClassifier(random_state=1),0.9099333855799372,0.07569097569097569,0.13272727272727275,0.09444444444444444,0.5346693050138086,0.09913921615612492
21,"OS_('AHC', ""{'strategy': 'min', 'n_jobs': 1, 'random_state': 1}"")",KNeighborsClassifier(),0.9349510188087773,0.1354970760233918,0.13272727272727275,0.1253696681071229,0.5476111569816549,0.1296397836266138
22,"OS_('AHC', ""{'strategy': 'min', 'n_jobs': 1, 'random_state': 1}"")",MLPClassifier(random_state=1),0.9643534482758621,0.0,0.0,0.0,0.4987075895187389,0.0
23,"OS_('AHC', ""{'strategy': 'min', 'n_jobs': 1, 'random_state': 1}"")","Pipeline(steps=[('standardscaler', StandardScaler()),
                ('svc',
                 SVC(C=1, gamma='auto', kernel='linear', random_state=1))])",0.966855407523511,0.0,0.0,0.0,0.5,0.0
24,"OS_('LLE_SMOTE', ""{'proportion': 1.0, 'n_neighbors': 5, 'n_components': 2, 'n_jobs': 1, 'random_state': 1}"")",DecisionTreeClassifier(random_state=1),0.8980564263322884,0.051589284722717996,0.13272727272727275,0.07419948472580051,0.5285225256005087,0.08267888766785784
25,"OS_('LLE_SMOTE', ""{'proportion': 1.0, 'n_neighbors': 5, 'n_components': 2, 'n_jobs': 1, 'random_state': 1}"")",KNeighborsClassifier(),0.8918064263322885,0.0555366568914956,0.1509090909090909,0.08055535687321683,0.5340587838927957,0.09111399395208794
26,"OS_('LLE_SMOTE', ""{'proportion': 1.0, 'n_neighbors': 5, 'n_components': 2, 'n_jobs': 1, 'random_state': 1}"")",MLPClassifier(random_state=1),0.877419670846395,0.11290938174659104,0.38,0.17230194959394907,0.6372930368514458,0.2056412919918694
27,"OS_('LLE_SMOTE', ""{'proportion': 1.0, 'n_neighbors': 5, 'n_components': 2, 'n_jobs': 1, 'random_state': 1}"")","Pipeline(steps=[('standardscaler', StandardScaler()),
                ('svc',
                 SVC(C=1, gamma='auto', kernel='linear', random_state=1))])",0.7085423197492163,0.07404872904872906,0.6818181818181819,0.13342144478168416,0.6956893393692642,0.22428842487082604
28,"OS_('distance_SMOTE', ""{'proportion': 1.0, 'n_neighbors': 5, 'n_jobs': 1, 'random_state': 1}"")",DecisionTreeClassifier(random_state=1),0.8918083855799372,0.050432234432234435,0.11272727272727275,0.06944444444444445,0.5156130360922093,0.07524592228245354
29,"OS_('distance_SMOTE', ""{'proportion': 1.0, 'n_neighbors': 5, 'n_jobs': 1, 'random_state': 1}"")",KNeighborsClassifier(),0.8186167711598745,0.06404150694123475,0.28,0.10304324894514767,0.5585165466123813,0.1326299542662887
30,"OS_('distance_SMOTE', ""{'proportion': 1.0, 'n_neighbors': 5, 'n_jobs': 1, 'random_state': 1}"")",MLPClassifier(random_state=1),0.814253526645768,0.09305613460393092,0.45272727272727276,0.15270553723554584,0.6397053212994334,0.203261126565271
31,"OS_('distance_SMOTE', ""{'proportion': 1.0, 'n_neighbors': 5, 'n_jobs': 1, 'random_state': 1}"")","Pipeline(steps=[('standardscaler', StandardScaler()),
                ('svc',
                 SVC(C=1, gamma='auto', kernel='linear', random_state=1))])",0.7360638714733543,0.08745367869427113,0.7,0.1547829292842992,0.7186981939659673,0.24603324952763775
32,"OS_('SMMO', ""{'proportion': 1.0, 'n_neighbors': 5, 'ensemble': [QuadraticDiscriminantAnalysis(), DecisionTreeClassifier(random_state=2), GaussianNB()], 'n_jobs': 1, 'random_state': 1}"")",DecisionTreeClassifier(random_state=1),0.9049314263322884,0.11526120937885645,0.14545454545454545,0.12383838383838386,0.5381328474219172,0.12686046072735713
33,"OS_('SMMO', ""{'proportion': 1.0, 'n_neighbors': 5, 'ensemble': [QuadraticDiscriminantAnalysis(), DecisionTreeClassifier(random_state=2), GaussianNB()], 'n_jobs': 1, 'random_state': 1}"")",KNeighborsClassifier(),0.8386304858934169,0.058913418616922654,0.20545454545454547,0.08988385772894213,0.5328807334225437,0.10854037436171755
34,"OS_('SMMO', ""{'proportion': 1.0, 'n_neighbors': 5, 'ensemble': [QuadraticDiscriminantAnalysis(), DecisionTreeClassifier(random_state=2), GaussianNB()], 'n_jobs': 1, 'random_state': 1}"")",MLPClassifier(random_state=1),0.8205152821316612,0.08220349260247392,0.37636363636363634,0.13309451328969357,0.606043807951105,0.17393697328828947
35,"OS_('SMMO', ""{'proportion': 1.0, 'n_neighbors': 5, 'ensemble': [QuadraticDiscriminantAnalysis(), DecisionTreeClassifier(random_state=2), GaussianNB()], 'n_jobs': 1, 'random_state': 1}"")","Pipeline(steps=[('standardscaler', StandardScaler()),
                ('svc',
                 SVC(C=1, gamma='auto', kernel='linear', random_state=1))])",0.7166712382445142,0.08309478862042133,0.6454545454545455,0.14453057202326636,0.6824109557839592,0.22651309687474872
36,"OS_('polynom_fit_SMOTE', ""{'proportion': 1.0, 'topology': 'star', 'random_state': 1}"")",DecisionTreeClassifier(random_state=1),0.8911735893416928,0.05465329582976643,0.15818181818181817,0.0779819471308833,0.5373756987349221,0.09085442846574314
37,"OS_('polynom_fit_SMOTE', ""{'proportion': 1.0, 'topology': 'star', 'random_state': 1}"")",KNeighborsClassifier(),0.8179682601880878,0.06490268358224324,0.2836363636363637,0.10295019802935934,0.5600131917357097,0.13276015113077913
38,"OS_('polynom_fit_SMOTE', ""{'proportion': 1.0, 'topology': 'star', 'random_state': 1}"")",MLPClassifier(random_state=1),0.8467476489028213,0.10279643853414347,0.3236363636363636,0.14284552845528453,0.5942349267811216,0.17226924692022458
39,"OS_('polynom_fit_SMOTE', ""{'proportion': 1.0, 'topology': 'star', 'random_state': 1}"")","Pipeline(steps=[('standardscaler', StandardScaler()),
                ('svc',
                 SVC(C=1, gamma='auto', kernel='linear', random_state=1))])",0.7573021159874609,0.0959247162494826,0.7,0.1678417025172038,0.7296826391063785,0.2574479450927179
40,"OS_('Stefanowski', ""{'strategy': 'weak_amp', 'n_jobs': 1}"")",DecisionTreeClassifier(random_state=1),0.9349627742946709,0.09743589743589744,0.09454545454545454,0.09427917620137301,0.5291622773301445,0.09513022963897304
41,"OS_('Stefanowski', ""{'strategy': 'weak_amp', 'n_jobs': 1}"")",KNeighborsClassifier(),0.892421630094044,0.08072907484672191,0.18545454545454546,0.11159909909909911,0.5510172821228255,0.12175677116306396
42,"OS_('Stefanowski', ""{'strategy': 'weak_amp', 'n_jobs': 1}"")",MLPClassifier(random_state=1),0.9562186520376175,0.33666666666666667,0.11090909090909092,0.15221515326778487,0.5480205753115241,0.18273596100450584
43,"OS_('Stefanowski', ""{'strategy': 'weak_amp', 'n_jobs': 1}"")","Pipeline(steps=[('standardscaler', StandardScaler()),
                ('svc',
                 SVC(C=1, gamma='auto', kernel='linear', random_state=1))])",0.966855407523511,0.0,0.0,0.0,0.5,0.0
44,"OS_('ADOMS', ""{'proportion': 1.0, 'n_neighbors': 5, 'n_jobs': 1, 'random_state': 1}"")",DecisionTreeClassifier(random_state=1),0.8699314263322883,0.06883291607216535,0.22363636363636363,0.10477699640261215,0.5578125444865188,0.12365449720891089
45,"OS_('ADOMS', ""{'proportion': 1.0, 'n_neighbors': 5, 'n_jobs': 1, 'random_state': 1}"")",KNeighborsClassifier(),0.8311442006269593,0.07425095671266424,0.34,0.12141409743352041,0.5940098131328948,0.1583552727758835
46,"OS_('ADOMS', ""{'proportion': 1.0, 'n_neighbors': 5, 'n_jobs': 1, 'random_state': 1}"")",MLPClassifier(random_state=1),0.7867554858934169,0.08706958136203419,0.509090909090909,0.14804907281772953,0.6526840911463523,0.20957521078607008
47,"OS_('ADOMS', ""{'proportion': 1.0, 'n_neighbors': 5, 'n_jobs': 1, 'random_state': 1}"")","Pipeline(steps=[('standardscaler', StandardScaler()),
                ('svc',
                 SVC(C=1, gamma='auto', kernel='linear', random_state=1))])",0.7291829937304075,0.0821919724169041,0.6636363636363637,0.14544685312569547,0.6976089741764656,0.2319053962795067
48,"OS_('Safe_Level_SMOTE', ""{'proportion': 1.0, 'n_neighbors': 5, 'n_jobs': 1, 'random_state': 1}"")",DecisionTreeClassifier(random_state=1),0.9224471003134797,0.12442930982061418,0.2290909090909091,0.15750224200352075,0.5876960965748939,0.16673004286298657
49,"OS_('Safe_Level_SMOTE', ""{'proportion': 1.0, 'n_neighbors': 5, 'n_jobs': 1, 'random_state': 1}"")",KNeighborsClassifier(),0.9155564263322884,0.041025641025641026,0.05636363636363637,0.04589371980676328,0.5006998263246306,0.04721900465006042
50,"OS_('Safe_Level_SMOTE', ""{'proportion': 1.0, 'n_neighbors': 5, 'n_jobs': 1, 'random_state': 1}"")",MLPClassifier(random_state=1),0.9380916927899687,0.12303030303030305,0.07818181818181819,0.08666666666666667,0.5229190748702179,0.09295403476096327
51,"OS_('Safe_Level_SMOTE', ""{'proportion': 1.0, 'n_neighbors': 5, 'n_jobs': 1, 'random_state': 1}"")","Pipeline(steps=[('standardscaler', StandardScaler()),
                ('svc',
                 SVC(C=1, gamma='auto', kernel='linear', random_state=1))])",0.9299706112852665,0.04401709401709401,0.05636363636363637,0.04618181818181818,0.5081285767161119,0.04801426588039513
52,"OS_('MSMOTE', ""{'proportion': 1.0, 'n_neighbors': 5, 'n_jobs': 1, 'random_state': 1}"")",DecisionTreeClassifier(random_state=1),0.9274275078369906,0.061474654377880175,0.09454545454545454,0.06754086895707667,0.5252787821845135,0.07247858316033987
53,"OS_('MSMOTE', ""{'proportion': 1.0, 'n_neighbors': 5, 'n_jobs': 1, 'random_state': 1}"")",KNeighborsClassifier(),0.9387186520376176,0.1273015873015873,0.11272727272727275,0.11822222222222223,0.5398765291499397,0.11911008718280369
54,"OS_('MSMOTE', ""{'proportion': 1.0, 'n_neighbors': 5, 'n_jobs': 1, 'random_state': 1}"")",MLPClassifier(random_state=1),0.8955466300940438,0.13617632367632368,0.2872727272727273,0.16544388944388944,0.6019201093300687,0.1862421089122023
55,"OS_('MSMOTE', ""{'proportion': 1.0, 'n_neighbors': 5, 'n_jobs': 1, 'random_state': 1}"")","Pipeline(steps=[('standardscaler', StandardScaler()),
                ('svc',
                 SVC(C=1, gamma='auto', kernel='linear', random_state=1))])",0.8511481191222572,0.11844675686139101,0.510909090909091,0.19096894096894096,0.6868858013267658,0.24457387257819546
56,"OS_('DE_oversampling', ""{'proportion': 1.0, 'n_neighbors': 5, 'crossover_rate': 0.5, 'similarity_threshold': 0.5, 'n_clusters': 30, 'n_jobs': 1, 'random_state': 1}"")",DecisionTreeClassifier(random_state=1),0.803628526645768,0.06410791218978158,0.3618181818181818,0.10881673881673881,0.5903464016930975,0.15216232106190522
57,"OS_('DE_oversampling', ""{'proportion': 1.0, 'n_neighbors': 5, 'crossover_rate': 0.5, 'similarity_threshold': 0.5, 'n_clusters': 30, 'n_jobs': 1, 'random_state': 1}"")",KNeighborsClassifier(),0.8236344043887147,0.05540915225125751,0.24363636363636365,0.08975871187635893,0.5435626227827919,0.11562060428811663
58,"OS_('DE_oversampling', ""{'proportion': 1.0, 'n_neighbors': 5, 'crossover_rate': 0.5, 'similarity_threshold': 0.5, 'n_clusters': 30, 'n_jobs': 1, 'random_state': 1}"")",MLPClassifier(random_state=1),0.7823706896551725,0.10135713863784038,0.6218181818181818,0.1733426100486533,0.7048406077688882,0.2495780896392484
59,"OS_('DE_oversampling', ""{'proportion': 1.0, 'n_neighbors': 5, 'crossover_rate': 0.5, 'similarity_threshold': 0.5, 'n_clusters': 30, 'n_jobs': 1, 'random_state': 1}"")","Pipeline(steps=[('standardscaler', StandardScaler()),
                ('svc',
                 SVC(C=1, gamma='auto', kernel='linear', random_state=1))])",0.6985246865203761,0.07732172346396982,0.6818181818181819,0.13817269493808615,0.6905228292951437,0.2279777743534567
60,"OS_('SMOBD', ""{'proportion': 1.0, 'eta1': 0.5, 't': 1.8, 'min_samples': 5, 'max_eps': 1.0, 'n_jobs': 1, 'random_state': 1}"")",DecisionTreeClassifier(random_state=1),0.865525078369906,0.06094858156028369,0.20545454545454547,0.09250640635269006,0.5467757120215623,0.1106623117180872
61,"OS_('SMOBD', ""{'proportion': 1.0, 'eta1': 0.5, 't': 1.8, 'min_samples': 5, 'max_eps': 1.0, 'n_jobs': 1, 'random_state': 1}"")",KNeighborsClassifier(),0.809858934169279,0.06440683808744371,0.32,0.10594297428998145,0.5733427288861049,0.1420402685995324
62,"OS_('SMOBD', ""{'proportion': 1.0, 'eta1': 0.5, 't': 1.8, 'min_samples': 5, 'max_eps': 1.0, 'n_jobs': 1, 'random_state': 1}"")",MLPClassifier(random_state=1),0.7973746081504702,0.09275128233111427,0.510909090909091,0.15530825496342734,0.6590916683274968,0.2154453245004675
63,"OS_('SMOBD', ""{'proportion': 1.0, 'eta1': 0.5, 't': 1.8, 'min_samples': 5, 'max_eps': 1.0, 'n_jobs': 1, 'random_state': 1}"")","Pipeline(steps=[('standardscaler', StandardScaler()),
                ('svc',
                 SVC(C=1, gamma='auto', kernel='linear', random_state=1))])",0.7398040752351098,0.08724478551007805,0.6636363636363637,0.1531857921902255,0.7031001527963633,0.2386759774880423
64,"OS_('SUNDO', ""{'n_jobs': 1, 'random_state': 1}"")",DecisionTreeClassifier(random_state=1),0.8917927115987461,0.08864672785282515,0.2272727272727273,0.1248913477011099,0.5709325323387333,0.14014248967233284
65,"OS_('SUNDO', ""{'n_jobs': 1, 'random_state': 1}"")",KNeighborsClassifier(),0.9618495297805643,0.25,0.03636363636363636,0.06000000000000001,0.5149497480283575,0.09045340337332909
66,"OS_('SUNDO', ""{'n_jobs': 1, 'random_state': 1}"")",MLPClassifier(random_state=1),0.943708855799373,0.10436507936507936,0.09454545454545456,0.09521367521367521,0.53369510956733,0.0973077634907232
67,"OS_('SUNDO', ""{'n_jobs': 1, 'random_state': 1}"")","Pipeline(steps=[('standardscaler', StandardScaler()),
                ('svc',
                 SVC(C=1, gamma='auto', kernel='linear', random_state=1))])",0.8367574451410658,0.14919823232323232,0.5690909090909091,0.22480156859234146,0.707600053146561,0.2803994132477198
68,"OS_('MSYN', ""{'pressure': 1.5, 'n_neighbors': 5, 'n_jobs': 1, 'random_state': 1}"")",DecisionTreeClassifier(random_state=1),0.9005544670846396,0.06979761904761905,0.1690909090909091,0.09801587301587301,0.5473547248241892,0.10810090259332979
69,"OS_('MSYN', ""{'pressure': 1.5, 'n_neighbors': 5, 'n_jobs': 1, 'random_state': 1}"")",KNeighborsClassifier(),0.8530094043887149,0.06547452108427718,0.2418181818181818,0.10226107226107226,0.5578461407055206,0.12507098908089678
70,"OS_('MSYN', ""{'pressure': 1.5, 'n_neighbors': 5, 'n_jobs': 1, 'random_state': 1}"")",MLPClassifier(random_state=1),0.8348883228840125,0.11282610860402384,0.509090909090909,0.1807001458090906,0.6775739543888621,0.23571396051605556
71,"OS_('MSYN', ""{'pressure': 1.5, 'n_neighbors': 5, 'n_jobs': 1, 'random_state': 1}"")","Pipeline(steps=[('standardscaler', StandardScaler()),
                ('svc',
                 SVC(C=1, gamma='auto', kernel='linear', random_state=1))])",0.7929565047021944,0.10251288349591725,0.5854545454545453,0.1708804982577076,0.6927815581432869,0.24032455409281867
72,"OS_('SVM_balance', ""{'proportion': 1.0, 'n_neighbors': 5, 'n_jobs': 1, 'random_state': 1}"")",DecisionTreeClassifier(random_state=1),0.8442966300940439,0.07667057520682691,0.3381818181818182,0.12442563622687304,0.5998853552752708,0.16040371552183436
73,"OS_('SVM_balance', ""{'proportion': 1.0, 'n_neighbors': 5, 'n_jobs': 1, 'random_state': 1}"")",KNeighborsClassifier(),0.7936089341692789,0.0624358620103301,0.3581818181818182,0.10572017818841775,0.583376325105107,0.1486959122783951
74,"OS_('SVM_balance', ""{'proportion': 1.0, 'n_neighbors': 5, 'n_jobs': 1, 'random_state': 1}"")",MLPClassifier(random_state=1),0.7880015673981191,0.09287442458686676,0.5309090909090909,0.15637099752713615,0.6639293340546082,0.21964550043427802
75,"OS_('SVM_balance', ""{'proportion': 1.0, 'n_neighbors': 5, 'n_jobs': 1, 'random_state': 1}"")","Pipeline(steps=[('standardscaler', StandardScaler()),
                ('svc',
                 SVC(C=1, gamma='auto', kernel='linear', random_state=1))])",0.7204094827586207,0.08312685856607874,0.7,0.14794097937810852,0.7106117548804677,0.23978052727299307
76,"OS_('TRIM_SMOTE', ""{'proportion': 1.0, 'n_neighbors': 5, 'min_precision': 0.3, 'n_jobs': 1, 'random_state': 1}"")",DecisionTreeClassifier(random_state=1),0.902435344827586,0.06696969696969697,0.17454545454545456,0.09551135683080433,0.5510507834372539,0.10723527634013905
77,"OS_('TRIM_SMOTE', ""{'proportion': 1.0, 'n_neighbors': 5, 'min_precision': 0.3, 'n_jobs': 1, 'random_state': 1}"")",KNeighborsClassifier(),0.8836775078369905,0.08776574931524717,0.20545454545454547,0.11940880824601754,0.5561566494889388,0.13197360047062265
78,"OS_('TRIM_SMOTE', ""{'proportion': 1.0, 'n_neighbors': 5, 'min_precision': 0.3, 'n_jobs': 1, 'random_state': 1}"")",MLPClassifier(random_state=1),0.8730525078369906,0.12163020163020163,0.3381818181818182,0.1700106225771235,0.614758515312853,0.1967538774622359
79,"OS_('TRIM_SMOTE', ""{'proportion': 1.0, 'n_neighbors': 5, 'min_precision': 0.3, 'n_jobs': 1, 'random_state': 1}"")","Pipeline(steps=[('standardscaler', StandardScaler()),
                ('svc',
                 SVC(C=1, gamma='auto', kernel='linear', random_state=1))])",0.8298942006269592,0.10968169164483835,0.4890909090909091,0.17760042905738643,0.6653054503696534,0.22987508280262836
80,"OS_('SMOTE_RSB', ""{'proportion': 2.0, 'n_neighbors': 5, 'n_jobs': 1, 'random_state': 1}"")",DecisionTreeClassifier(random_state=1),0.9068260188087773,0.0802111801242236,0.19454545454545455,0.11353979353979353,0.5629914870597614,0.1248859427315749
81,"OS_('SMOTE_RSB', ""{'proportion': 2.0, 'n_neighbors': 5, 'n_jobs': 1, 'random_state': 1}"")",KNeighborsClassifier(),0.9656034482758621,0.1,0.01818181818181818,0.03076923076923077,0.5081200353045013,0.04264014327112209
82,"OS_('SMOTE_RSB', ""{'proportion': 2.0, 'n_neighbors': 5, 'n_jobs': 1, 'random_state': 1}"")",MLPClassifier(random_state=1),0.9656014890282132,0.0,0.0,0.0,0.4993527508090615,0.0
83,"OS_('SMOTE_RSB', ""{'proportion': 2.0, 'n_neighbors': 5, 'n_jobs': 1, 'random_state': 1}"")","Pipeline(steps=[('standardscaler', StandardScaler()),
                ('svc',
                 SVC(C=1, gamma='auto', kernel='linear', random_state=1))])",0.966855407523511,0.0,0.0,0.0,0.5,0.0
84,"OS_('ProWSyn', ""{'proportion': 1.0, 'n_neighbors': 5, 'L': 5, 'theta': 1.0, 'n_jobs': 1, 'random_state': 1}"")",DecisionTreeClassifier(random_state=1),0.8179917711598745,0.06539704313022573,0.3218181818181818,0.10764378978135877,0.5784422363313688,0.14388636243883862
85,"OS_('ProWSyn', ""{'proportion': 1.0, 'n_neighbors': 5, 'L': 5, 'theta': 1.0, 'n_jobs': 1, 'random_state': 1}"")",KNeighborsClassifier(),0.7585579937304074,0.05950181714879068,0.39818181818181814,0.10245737917076472,0.5846175820212777,0.1521418598422426
86,"OS_('ProWSyn', ""{'proportion': 1.0, 'n_neighbors': 5, 'L': 5, 'theta': 1.0, 'n_jobs': 1, 'random_state': 1}"")",MLPClassifier(random_state=1),0.8023452194357368,0.08532243978269663,0.4545454545454546,0.14163052783742439,0.6344686767455323,0.1942510927741236
87,"OS_('ProWSyn', ""{'proportion': 1.0, 'n_neighbors': 5, 'L': 5, 'theta': 1.0, 'n_jobs': 1, 'random_state': 1}"")","Pipeline(steps=[('standardscaler', StandardScaler()),
                ('svc',
                 SVC(C=1, gamma='auto', kernel='linear', random_state=1))])",0.7241555642633228,0.08361904145918361,0.6818181818181819,0.1480045194121206,0.7037809982063036,0.23678774749959425
88,"OS_('SL_graph_SMOTE', ""{'proportion': 1.0, 'n_neighbors': 5, 'n_jobs': 1, 'random_state': 1}"")",DecisionTreeClassifier(random_state=1),0.9118083855799373,0.048621942573555475,0.09636363636363637,0.06262772315403894,0.5181003900577968,0.06727140790914923
89,"OS_('SL_graph_SMOTE', ""{'proportion': 1.0, 'n_neighbors': 5, 'n_jobs': 1, 'random_state': 1}"")",KNeighborsClassifier(),0.9180740595611285,0.0732967032967033,0.11272727272727275,0.08692307692307692,0.5291958735491463,0.08985484949385114
90,"OS_('SL_graph_SMOTE', ""{'proportion': 1.0, 'n_neighbors': 5, 'n_jobs': 1, 'random_state': 1}"")",MLPClassifier(random_state=1),0.9111873040752352,0.1753564198958936,0.28545454545454546,0.19389924085576257,0.6090953696058614,0.21097374772058872
91,"OS_('SL_graph_SMOTE', ""{'proportion': 1.0, 'n_neighbors': 5, 'n_jobs': 1, 'random_state': 1}"")","Pipeline(steps=[('standardscaler', StandardScaler()),
                ('svc',
                 SVC(C=1, gamma='auto', kernel='linear', random_state=1))])",0.8817868338557993,0.14423587759757972,0.4727272727272728,0.21813471310010515,0.6842903510520173,0.2586916032101751
92,"OS_('NRSBoundary_SMOTE', ""{'proportion': 1.0, 'n_neighbors': 5, 'w': 0.005, 'n_jobs': 1, 'random_state': 1}"")",DecisionTreeClassifier(random_state=1),0.8799196708463951,0.08403825075180574,0.24363636363636365,0.12352638352638352,0.5726731771204054,0.1419779538507649
93,"OS_('NRSBoundary_SMOTE', ""{'proportion': 1.0, 'n_neighbors': 5, 'w': 0.005, 'n_jobs': 1, 'random_state': 1}"")",KNeighborsClassifier(),0.834253526645768,0.07110731464989761,0.3218181818181818,0.11560662480297941,0.5868596076644934,0.15029055744985703
94,"OS_('NRSBoundary_SMOTE', ""{'proportion': 1.0, 'n_neighbors': 5, 'w': 0.005, 'n_jobs': 1, 'random_state': 1}"")",MLPClassifier(random_state=1),0.7961265673981192,0.08605036359662399,0.4927272727272728,0.14535244922341697,0.6496823543926581,0.2043485638691418
95,"OS_('NRSBoundary_SMOTE', ""{'proportion': 1.0, 'n_neighbors': 5, 'w': 0.005, 'n_jobs': 1, 'random_state': 1}"")","Pipeline(steps=[('standardscaler', StandardScaler()),
                ('svc',
                 SVC(C=1, gamma='auto', kernel='linear', random_state=1))])",0.7354251567398118,0.08084730091918046,0.6454545454545455,0.14309959619453883,0.6920664521823306,0.2272212654247046
96,"OS_('LVQ_SMOTE', ""{'proportion': 1.0, 'n_neighbors': 5, 'n_clusters': 10, 'n_jobs': 1, 'random_state': 1}"")",DecisionTreeClassifier(random_state=1),0.864292711598746,0.0630228261517373,0.22727272727272724,0.09830495008905803,0.5567097533430136,0.11934389644720407
97,"OS_('LVQ_SMOTE', ""{'proportion': 1.0, 'n_neighbors': 5, 'n_clusters': 10, 'n_jobs': 1, 'random_state': 1}"")",KNeighborsClassifier(),0.871167711598746,0.09341945288753799,0.3036363636363636,0.1374779780904854,0.5971590315937325,0.16459902210487587
98,"OS_('LVQ_SMOTE', ""{'proportion': 1.0, 'n_neighbors': 5, 'n_clusters': 10, 'n_jobs': 1, 'random_state': 1}"")",MLPClassifier(random_state=1),0.8586598746081506,0.11819786487195369,0.4127272727272727,0.17984126984126983,0.6433100817128377,0.21763484324243434
99,"OS_('LVQ_SMOTE', ""{'proportion': 1.0, 'n_neighbors': 5, 'n_clusters': 10, 'n_jobs': 1, 'random_state': 1}"")","Pipeline(steps=[('standardscaler', StandardScaler()),
                ('svc',
                 SVC(C=1, gamma='auto', kernel='linear', random_state=1))])",0.7586187304075235,0.09683635571025297,0.6854545454545453,0.16817388041792558,0.7233974888249866,0.255260966177668
100,"OS_('SOI_CJ', ""{'proportion': 1.0, 'n_neighbors': 5, 'method': 'interpolation', 'n_jobs': 1, 'random_state': 1}"")",DecisionTreeClassifier(random_state=1),0.9174471003134796,0.09451576654053433,0.19454545454545455,0.12619134042001556,0.568486841480891,0.13498109159809318
101,"OS_('SOI_CJ', ""{'proportion': 1.0, 'n_neighbors': 5, 'method': 'interpolation', 'n_jobs': 1, 'random_state': 1}"")",KNeighborsClassifier(),0.966230407523511,0.25,0.03636363636363636,0.06000000000000001,0.5172109443954105,0.09045340337332909
102,"OS_('SOI_CJ', ""{'proportion': 1.0, 'n_neighbors': 5, 'method': 'interpolation', 'n_jobs': 1, 'random_state': 1}"")",MLPClassifier(random_state=1),0.961853448275862,0.02222222222222222,0.01818181818181818,0.019999999999999997,0.5061782877316858,0.020100756305184243
103,"OS_('SOI_CJ', ""{'proportion': 1.0, 'n_neighbors': 5, 'method': 'interpolation', 'n_jobs': 1, 'random_state': 1}"")","Pipeline(steps=[('standardscaler', StandardScaler()),
                ('svc',
                 SVC(C=1, gamma='auto', kernel='linear', random_state=1))])",0.964355407523511,0.03333333333333333,0.01818181818181818,0.023529411764705885,0.5074727861135628,0.02461829819586655
104,"OS_('ROSE', ""{'proportion': 1.0, 'random_state': 1}"")",DecisionTreeClassifier(random_state=1),0.8055152821316615,0.048607515575170554,0.26545454545454544,0.08206216701686997,0.5447535802750335,0.11344871439209596
105,"OS_('ROSE', ""{'proportion': 1.0, 'random_state': 1}"")",KNeighborsClassifier(),0.9393279780564263,0.1978968253968254,0.13090909090909092,0.14567032967032972,0.5489674382408489,0.15470694542546687
106,"OS_('ROSE', ""{'proportion': 1.0, 'random_state': 1}"")",MLPClassifier(random_state=1),0.876790752351097,0.08159641826833015,0.26545454545454544,0.12365582130288014,0.5816290370032932,0.1462530996401577
107,"OS_('ROSE', ""{'proportion': 1.0, 'random_state': 1}"")","Pipeline(steps=[('standardscaler', StandardScaler()),
                ('svc',
                 SVC(C=1, gamma='auto', kernel='linear', random_state=1))])",0.7247923197492163,0.09031978099299279,0.6636363636363637,0.1556822274799491,0.6953540415112605,0.2391989901161966
108,"OS_('SMOTE_OUT', ""{'proportion': 1.0, 'n_neighbors': 5, 'n_jobs': 1, 'random_state': 1}"")",DecisionTreeClassifier(random_state=1),0.8655368338557994,0.06583765297975266,0.20909090909090908,0.09776532835356364,0.5486022454422079,0.1154568057901905
109,"OS_('SMOTE_OUT', ""{'proportion': 1.0, 'n_neighbors': 5, 'n_jobs': 1, 'random_state': 1}"")",KNeighborsClassifier(),0.8136148119122257,0.0628290882095426,0.32,0.10434268494919799,0.5752761248564568,0.1409536864416513
110,"OS_('SMOTE_OUT', ""{'proportion': 1.0, 'n_neighbors': 5, 'n_jobs': 1, 'random_state': 1}"")",MLPClassifier(random_state=1),0.8073726489028212,0.09120736348997219,0.510909090909091,0.1540825751944471,0.6642571344513092,0.21492532771380554
111,"OS_('SMOTE_OUT', ""{'proportion': 1.0, 'n_neighbors': 5, 'n_jobs': 1, 'random_state': 1}"")","Pipeline(steps=[('standardscaler', StandardScaler()),
                ('svc',
                 SVC(C=1, gamma='auto', kernel='linear', random_state=1))])",0.749819749216301,0.08954331382902811,0.6636363636363637,0.15699361186678,0.7082739705226395,0.242285387076081
112,"OS_('SMOTE_Cosine', ""{'proportion': 1.0, 'n_neighbors': 5, 'n_jobs': 1, 'random_state': 1}"")",DecisionTreeClassifier(random_state=1),0.8692829153605016,0.08751874916841228,0.3054545454545455,0.13389933313760638,0.5971056003188794,0.161713161337875
113,"OS_('SMOTE_Cosine', ""{'proportion': 1.0, 'n_neighbors': 5, 'n_jobs': 1, 'random_state': 1}"")",KNeighborsClassifier(),0.8048491379310345,0.06577926878513962,0.34,0.10842432979307844,0.5804290635765736,0.1474067198645843
114,"OS_('SMOTE_Cosine', ""{'proportion': 1.0, 'n_neighbors': 5, 'n_jobs': 1, 'random_state': 1}"")",MLPClassifier(random_state=1),0.8017476489028214,0.09034597505311205,0.4927272727272728,0.15092430412455435,0.6525918439009575,0.2087332097139348
115,"OS_('SMOTE_Cosine', ""{'proportion': 1.0, 'n_neighbors': 5, 'n_jobs': 1, 'random_state': 1}"")","Pipeline(steps=[('standardscaler', StandardScaler()),
                ('svc',
                 SVC(C=1, gamma='auto', kernel='linear', random_state=1))])",0.7504349529780564,0.09103365820986146,0.6636363636363637,0.1586582444104568,0.7086080346211884,0.24322310387839932
116,"OS_('Selected_SMOTE', ""{'proportion': 1.0, 'n_neighbors': 5, 'perc_sign_attr': 0.5, 'n_jobs': 1, 'random_state': 1}"")",DecisionTreeClassifier(random_state=1),0.8642887931034483,0.056379310344827585,0.1690909090909091,0.08399999999999999,0.5286241683986751,0.09718710131470251
117,"OS_('Selected_SMOTE', ""{'proportion': 1.0, 'n_neighbors': 5, 'perc_sign_attr': 0.5, 'n_jobs': 1, 'random_state': 1}"")",KNeighborsClassifier(),0.8154996081504702,0.07827223653539443,0.37818181818181823,0.12759310496944595,0.6043774734504457,0.1697298072028986
118,"OS_('Selected_SMOTE', ""{'proportion': 1.0, 'n_neighbors': 5, 'perc_sign_attr': 0.5, 'n_jobs': 1, 'random_state': 1}"")",MLPClassifier(random_state=1),0.7955015673981192,0.09390774876337135,0.5127272727272727,0.15670022461816438,0.6590413689035675,0.21670505396036321
119,"OS_('Selected_SMOTE', ""{'proportion': 1.0, 'n_neighbors': 5, 'perc_sign_attr': 0.5, 'n_jobs': 1, 'random_state': 1}"")","Pipeline(steps=[('standardscaler', StandardScaler()),
                ('svc',
                 SVC(C=1, gamma='auto', kernel='linear', random_state=1))])",0.7335736677115988,0.08391634414618857,0.6654545454545455,0.1480201044322616,0.700789700955689,0.23438615395157383
120,"OS_('LN_SMOTE', ""{'proportion': 1.0, 'n_neighbors': 5, 'n_jobs': 1, 'random_state': 1}"")",DecisionTreeClassifier(random_state=1),0.9161971003134797,0.0711484593837535,0.11636363636363636,0.08771121351766513,0.5300390057796885,0.09065968952792006
121,"OS_('LN_SMOTE', ""{'proportion': 1.0, 'n_neighbors': 5, 'n_jobs': 1, 'random_state': 1}"")",KNeighborsClassifier(),0.9399294670846394,0.21333333333333332,0.05818181818181818,0.053333333333333344,0.5142219248545588,0.08339627968313776
122,"OS_('LN_SMOTE', ""{'proportion': 1.0, 'n_neighbors': 5, 'n_jobs': 1, 'random_state': 1}"")",MLPClassifier(random_state=1),0.9161246081504701,0.035760368663594465,0.2,0.05951219512195122,0.5705804363712288,0.08319278905135893
123,"OS_('LN_SMOTE', ""{'proportion': 1.0, 'n_neighbors': 5, 'n_jobs': 1, 'random_state': 1}"")","Pipeline(steps=[('standardscaler', StandardScaler()),
                ('svc',
                 SVC(C=1, gamma='auto', kernel='linear', random_state=1))])",0.9023510971786834,0.037289972899729,0.24000000000000005,0.06387351778656128,0.5828259734836622,0.09358678532484879
124,"OS_('MWMOTE', ""{'proportion': 1.0, 'k1': 5, 'k2': 5, 'k3': 5, 'M': 10, 'cf_th': 5.0, 'cmax': 10.0, 'n_jobs': 1, 'random_state': 1}"")",DecisionTreeClassifier(random_state=1),0.8379917711598747,0.04811497190404611,0.1872727272727273,0.07593861053915962,0.5237720771763992,0.0942818713110957
125,"OS_('MWMOTE', ""{'proportion': 1.0, 'k1': 5, 'k2': 5, 'k3': 5, 'M': 10, 'cf_th': 5.0, 'cmax': 10.0, 'n_jobs': 1, 'random_state': 1}"")",KNeighborsClassifier(),0.8079702194357367,0.058436825285089956,0.3018181818181819,0.09662238033478389,0.5635847355484062,0.13119802469130953
126,"OS_('MWMOTE', ""{'proportion': 1.0, 'k1': 5, 'k2': 5, 'k3': 5, 'M': 10, 'cf_th': 5.0, 'cmax': 10.0, 'n_jobs': 1, 'random_state': 1}"")",MLPClassifier(random_state=1),0.8217437304075235,0.11142640470451877,0.5127272727272727,0.17772664288200116,0.6726095910561929,0.23337281246519517
127,"OS_('MWMOTE', ""{'proportion': 1.0, 'k1': 5, 'k2': 5, 'k3': 5, 'M': 10, 'cf_th': 5.0, 'cmax': 10.0, 'n_jobs': 1, 'random_state': 1}"")","Pipeline(steps=[('standardscaler', StandardScaler()),
                ('svc',
                 SVC(C=1, gamma='auto', kernel='linear', random_state=1))])",0.7385540752351097,0.08900571342086344,0.6836363636363637,0.15577804055533656,0.7121365866621112,0.2435842461399042
128,"OS_('PDFOS', ""{'proportion': 1.0, 'n_jobs': 1, 'random_state': 1}"")",DecisionTreeClassifier(random_state=1),0.8105152821316615,0.04589607072365694,0.2509090909090909,0.07715329746222195,0.540406001765225,0.1067903154054179
129,"OS_('PDFOS', ""{'proportion': 1.0, 'n_jobs': 1, 'random_state': 1}"")",KNeighborsClassifier(),0.9168240595611286,0.18222222222222223,0.19090909090909092,0.1408062426238348,0.5663648701230912,0.16094498727483583
130,"OS_('PDFOS', ""{'proportion': 1.0, 'n_jobs': 1, 'random_state': 1}"")",MLPClassifier(random_state=1),0.8586716300940438,0.07165918640183347,0.22727272727272724,0.10504447071066987,0.5538294944433372,0.12442982582024617
131,"OS_('PDFOS', ""{'proportion': 1.0, 'n_jobs': 1, 'random_state': 1}"")","Pipeline(steps=[('standardscaler', StandardScaler()),
                ('svc',
                 SVC(C=1, gamma='auto', kernel='linear', random_state=1))])",0.7448373824451411,0.09322902452108735,0.6254545454545454,0.15955458542714554,0.6872705444675379,0.23697231655146095
132,"OS_('NEATER', ""{'proportion': 1.0, 'smote_n_neighbors': 5, 'b': 5, 'alpha': 0.1, 'h': 20, 'n_jobs': 1, 'random_state': 1}"")",DecisionTreeClassifier(random_state=1),0.8549177115987462,0.040587453482190325,0.1727272727272727,0.06548555992796638,0.5255702341295827,0.08348061614410453
133,"OS_('NEATER', ""{'proportion': 1.0, 'smote_n_neighbors': 5, 'b': 5, 'alpha': 0.1, 'h': 20, 'n_jobs': 1, 'random_state': 1}"")",KNeighborsClassifier(),0.8004819749216301,0.04937162036593813,0.26545454545454544,0.08248797347158002,0.5421844185671307,0.1135068944662431
134,"OS_('NEATER', ""{'proportion': 1.0, 'smote_n_neighbors': 5, 'b': 5, 'alpha': 0.1, 'h': 20, 'n_jobs': 1, 'random_state': 1}"")",MLPClassifier(random_state=1),0.7792515673981191,0.08638508961004708,0.510909090909091,0.146715510003956,0.649713862711044,0.20854240013441744
135,"OS_('NEATER', ""{'proportion': 1.0, 'smote_n_neighbors': 5, 'b': 5, 'alpha': 0.1, 'h': 20, 'n_jobs': 1, 'random_state': 1}"")","Pipeline(steps=[('standardscaler', StandardScaler()),
                ('svc',
                 SVC(C=1, gamma='auto', kernel='linear', random_state=1))])",0.656634012539185,0.06942996280205582,0.7363636363636363,0.126622650336598,0.6951606259905665,0.2253617342949584
136,"OS_('Gazzah', ""{'proportion': 1.0, 'n_components': 2, 'n_jobs': 1, 'random_state': 1}"")",DecisionTreeClassifier(random_state=1),0.8530054858934168,0.04117031117031117,0.15090909090909094,0.06337179487179487,0.5139877952718542,0.07766049298433254
137,"OS_('Gazzah', ""{'proportion': 1.0, 'n_components': 2, 'n_jobs': 1, 'random_state': 1}"")",KNeighborsClassifier(),0.7254094827586206,0.046547067663493445,0.38,0.08253753224114971,0.5586908863138115,0.13221321360585114
138,"OS_('Gazzah', ""{'proportion': 1.0, 'n_components': 2, 'n_jobs': 1, 'random_state': 1}"")",MLPClassifier(random_state=1),0.7760344827586207,0.08911049450548816,0.5709090909090909,0.15248996214513458,0.6770893716368191,0.22261599674896457
139,"OS_('Gazzah', ""{'proportion': 1.0, 'n_components': 2, 'n_jobs': 1, 'random_state': 1}"")","Pipeline(steps=[('standardscaler', StandardScaler()),
                ('svc',
                 SVC(C=1, gamma='auto', kernel='linear', random_state=1))])",0.7010148902821317,0.07754573788513448,0.7163636363636364,0.13955481868765807,0.7084187949017264,0.23474117400958922
140,"OS_('MCT', ""{'proportion': 1.0, 'n_jobs': 1, 'random_state': 1}"")",DecisionTreeClassifier(random_state=1),0.9224490595611284,0.03571428571428571,0.03636363636363636,0.032478632478632474,0.49457079406656607,0.03418817293789138
141,"OS_('MCT', ""{'proportion': 1.0, 'n_jobs': 1, 'random_state': 1}"")",KNeighborsClassifier(),0.8917966300940439,0.07918894830659537,0.18545454545454546,0.1103030303030303,0.5506936575273562,0.12071357639806304
142,"OS_('MCT', ""{'proportion': 1.0, 'n_jobs': 1, 'random_state': 1}"")",MLPClassifier(random_state=1),0.8067613636363637,0.09879912173975416,0.510909090909091,0.1640436248497359,0.6639408175079957,0.22271156154457442
143,"OS_('MCT', ""{'proportion': 1.0, 'n_jobs': 1, 'random_state': 1}"")","Pipeline(steps=[('standardscaler', StandardScaler()),
                ('svc',
                 SVC(C=1, gamma='auto', kernel='linear', random_state=1))])",0.7122688087774296,0.07868224074827582,0.6818181818181819,0.14038343802067546,0.6976310869420798,0.23006587253534222
144,"OS_('ADG', ""{'proportion': 1.0, 'kernel': 'inner', 'lam': 1.0, 'mu': 1.0, 'k': 12, 'gamma': 1.0, 'n_jobs': 1, 'random_state': 1}"")",DecisionTreeClassifier(random_state=1),0.705342868338558,0.04234303436955787,0.36,0.07366480296056922,0.5386292932456416,0.11907495794107778
145,"OS_('ADG', ""{'proportion': 1.0, 'kernel': 'inner', 'lam': 1.0, 'mu': 1.0, 'k': 12, 'gamma': 1.0, 'n_jobs': 1, 'random_state': 1}"")",KNeighborsClassifier(),0.8741790752351097,0.021764705882352943,0.17454545454545453,0.03832997987927565,0.5364657536846701,0.06092842578995465
146,"OS_('ADG', ""{'proportion': 1.0, 'kernel': 'inner', 'lam': 1.0, 'mu': 1.0, 'k': 12, 'gamma': 1.0, 'n_jobs': 1, 'random_state': 1}"")",MLPClassifier(random_state=1),0.9185913009404387,0.012345679012345678,0.1,0.021978021978021976,0.5234627831715211,0.03513641844631533
147,"OS_('ADG', ""{'proportion': 1.0, 'kernel': 'inner', 'lam': 1.0, 'mu': 1.0, 'k': 12, 'gamma': 1.0, 'n_jobs': 1, 'random_state': 1}"")","Pipeline(steps=[('standardscaler', StandardScaler()),
                ('svc',
                 SVC(C=1, gamma='auto', kernel='linear', random_state=1))])",0.876573275862069,0.005263157894736842,0.08,0.009876543209876543,0.4921035598705502,0.02051956704170308
148,"OS_('SMOTE_IPF', ""{'proportion': 1.0, 'n_neighbors': 5, 'n_folds': 9, 'k': 3, 'p': 0.01, 'voting': 'majority', 'n_jobs': 1, 'classifier': DecisionTreeClassifier(random_state=2), 'random_state': 1}"")",DecisionTreeClassifier(random_state=1),0.8624294670846394,0.07205082499200147,0.2454545454545455,0.11114538478612423,0.564527043058205,0.13275049025617047
149,"OS_('SMOTE_IPF', ""{'proportion': 1.0, 'n_neighbors': 5, 'n_folds': 9, 'k': 3, 'p': 0.01, 'voting': 'majority', 'n_jobs': 1, 'classifier': DecisionTreeClassifier(random_state=2), 'random_state': 1}"")",KNeighborsClassifier(),0.8048687304075235,0.059414773377165955,0.3218181818181818,0.09972988469817,0.5716617790811338,0.13751909334260742
150,"OS_('SMOTE_IPF', ""{'proportion': 1.0, 'n_neighbors': 5, 'n_folds': 9, 'k': 3, 'p': 0.01, 'voting': 'majority', 'n_jobs': 1, 'classifier': DecisionTreeClassifier(random_state=2), 'random_state': 1}"")",MLPClassifier(random_state=1),0.7980113636363637,0.0945321707278229,0.5309090909090909,0.1593327031176975,0.6690979320293445,0.22242895469896498
151,"OS_('SMOTE_IPF', ""{'proportion': 1.0, 'n_neighbors': 5, 'n_folds': 9, 'k': 3, 'p': 0.01, 'voting': 'majority', 'n_jobs': 1, 'classifier': DecisionTreeClassifier(random_state=2), 'random_state': 1}"")","Pipeline(steps=[('standardscaler', StandardScaler()),
                ('svc',
                 SVC(C=1, gamma='auto', kernel='linear', random_state=1))])",0.733548197492163,0.08180020914505534,0.6454545454545455,0.1443559991166322,0.6910997541971547,0.2281026097869859
152,"OS_('KernelADASYN', ""{'proportion': 1.0, 'k': 5, 'h': 1.0, 'n_jobs': 1, 'random_state': 1}"")",DecisionTreeClassifier(random_state=1),0.9005701410658308,0.09116258677383997,0.2254545454545455,0.12935508935508935,0.5745604494680598,0.14303930593129177
153,"OS_('KernelADASYN', ""{'proportion': 1.0, 'k': 5, 'h': 1.0, 'n_jobs': 1, 'random_state': 1}"")",KNeighborsClassifier(),0.966855407523511,0.2,0.01818181818181818,0.03333333333333334,0.5087672844954398,0.06030226891555272
154,"OS_('KernelADASYN', ""{'proportion': 1.0, 'k': 5, 'h': 1.0, 'n_jobs': 1, 'random_state': 1}"")",MLPClassifier(random_state=1),0.9637284482758621,0.0,0.0,0.0,0.49838396492326964,0.0
155,"OS_('KernelADASYN', ""{'proportion': 1.0, 'k': 5, 'h': 1.0, 'n_jobs': 1, 'random_state': 1}"")","Pipeline(steps=[('standardscaler', StandardScaler()),
                ('svc',
                 SVC(C=1, gamma='auto', kernel='linear', random_state=1))])",0.964355407523511,0.0,0.0,0.0,0.49870967741935485,0.0
156,"OS_('MOT2LD', ""{'proportion': 1.0, 'n_components': 2, 'k': 5, 'd_cut': 'auto', 'n_jobs': 1, 'random_state': 1}"")",DecisionTreeClassifier(random_state=1),0.9236971003134796,0.06313852813852813,0.09636363636363637,0.07226230899830222,0.5242555210735607,0.07589068850778491
157,"OS_('MOT2LD', ""{'proportion': 1.0, 'n_components': 2, 'k': 5, 'd_cut': 'auto', 'n_jobs': 1, 'random_state': 1}"")",KNeighborsClassifier(),0.928708855799373,0.11257142857142857,0.14909090909090908,0.12233816425120772,0.5522341485636192,0.12644887106950783
158,"OS_('MOT2LD', ""{'proportion': 1.0, 'n_components': 2, 'k': 5, 'd_cut': 'auto', 'n_jobs': 1, 'random_state': 1}"")",MLPClassifier(random_state=1),0.9111657523510971,0.18924490600022512,0.34363636363636363,0.21262477051950732,0.6372164488606705,0.23671162984036803
159,"OS_('MOT2LD', ""{'proportion': 1.0, 'n_components': 2, 'k': 5, 'd_cut': 'auto', 'n_jobs': 1, 'random_state': 1}"")","Pipeline(steps=[('standardscaler', StandardScaler()),
                ('svc',
                 SVC(C=1, gamma='auto', kernel='linear', random_state=1))])",0.8786461598746081,0.14050133980343352,0.5127272727272727,0.21769993505799565,0.7020249788837324,0.2656325831950056
160,"OS_('V_SYNTH', ""{'proportion': 1.0, 'n_components': 3, 'n_jobs': 1, 'random_state': 1}"")",DecisionTreeClassifier(random_state=1),0.8749118338557993,0.05506141846659087,0.17090909090909095,0.08304517617623805,0.5349972952196567,0.09680879490007423
161,"OS_('V_SYNTH', ""{'proportion': 1.0, 'n_components': 3, 'n_jobs': 1, 'random_state': 1}"")",KNeighborsClassifier(),0.8123510971786834,0.03274637127578304,0.1527272727272727,0.05354175236528178,0.49389469388529833,0.07027534749705923
162,"OS_('V_SYNTH', ""{'proportion': 1.0, 'n_components': 3, 'n_jobs': 1, 'random_state': 1}"")",MLPClassifier(random_state=1),0.8774118338557994,0.03009225156967975,0.11818181818181817,0.04785692893509605,0.5109126023783086,0.059531110471798446
163,"OS_('V_SYNTH', ""{'proportion': 1.0, 'n_components': 3, 'n_jobs': 1, 'random_state': 1}"")","Pipeline(steps=[('standardscaler', StandardScaler()),
                ('svc',
                 SVC(C=1, gamma='auto', kernel='linear', random_state=1))])",0.5170552507836991,0.05442199736038953,0.7581818181818182,0.10061136961965003,0.6336352247814823,0.1996481231479588
164,"OS_('OUPS', ""{'proportion': 1.0, 'n_jobs': 1, 'random_state': 1}"")",DecisionTreeClassifier(random_state=1),0.7060638714733543,0.03521776364447558,0.28181818181818186,0.06245068497062088,0.5012149683493248,0.09930299388415807
165,"OS_('OUPS', ""{'proportion': 1.0, 'n_jobs': 1, 'random_state': 1}"")",KNeighborsClassifier(),0.6841496865203762,0.06069618117541864,0.5490909090909092,0.10839748465189429,0.6190114739629303,0.18056797494467178
166,"OS_('OUPS', ""{'proportion': 1.0, 'n_jobs': 1, 'random_state': 1}"")",MLPClassifier(random_state=1),0.7385442789968654,0.09178515457641868,0.5472727272727272,0.15044070797371362,0.6462337120025815,0.21522374983250553
167,"OS_('OUPS', ""{'proportion': 1.0, 'n_jobs': 1, 'random_state': 1}"")","Pipeline(steps=[('standardscaler', StandardScaler()),
                ('svc',
                 SVC(C=1, gamma='auto', kernel='linear', random_state=1))])",0.6997648902821316,0.07708869039745973,0.6636363636363637,0.1366145068970451,0.682418453245262,0.22301114171120512
168,"OS_('SMOTE_D', ""{'proportion': 1.0, 'k': 3, 'n_jobs': 1, 'random_state': 1}"")",DecisionTreeClassifier(random_state=1),0.9224431818181819,0.1078172678366699,0.15454545454545454,0.12281385281385279,0.5517136918828118,0.1268239661200338
169,"OS_('SMOTE_D', ""{'proportion': 1.0, 'k': 3, 'n_jobs': 1, 'random_state': 1}"")",KNeighborsClassifier(),0.966855407523511,0.2,0.01818181818181818,0.03333333333333334,0.5087672844954398,0.06030226891555272
170,"OS_('SMOTE_D', ""{'proportion': 1.0, 'k': 3, 'n_jobs': 1, 'random_state': 1}"")",MLPClassifier(random_state=1),0.9643534482758621,0.0,0.0,0.0,0.4987075895187389,0.0
171,"OS_('SMOTE_D', ""{'proportion': 1.0, 'k': 3, 'n_jobs': 1, 'random_state': 1}"")","Pipeline(steps=[('standardscaler', StandardScaler()),
                ('svc',
                 SVC(C=1, gamma='auto', kernel='linear', random_state=1))])",0.966855407523511,0.0,0.0,0.0,0.5,0.0
172,"OS_('SMOTE_PSO', ""{'k': 3, 'eps': 0.05, 'n_pop': 10, 'w': 1.0, 'c1': 2.0, 'c2': 2.0, 'num_it': 10, 'n_jobs': 1, 'random_state': 1}"")",DecisionTreeClassifier(random_state=1),0.9124431818181817,0.06622222222222222,0.13454545454545458,0.08817098363260766,0.5368697624538527,0.09403582736092286
173,"OS_('SMOTE_PSO', ""{'k': 3, 'eps': 0.05, 'n_pop': 10, 'w': 1.0, 'c1': 2.0, 'c2': 2.0, 'num_it': 10, 'n_jobs': 1, 'random_state': 1}"")",KNeighborsClassifier(),0.9211755485893416,0.10773809523809523,0.09454545454545454,0.08832866479925303,0.5220675910372121,0.09438939145865857
174,"OS_('SMOTE_PSO', ""{'k': 3, 'eps': 0.05, 'n_pop': 10, 'w': 1.0, 'c1': 2.0, 'c2': 2.0, 'num_it': 10, 'n_jobs': 1, 'random_state': 1}"")",MLPClassifier(random_state=1),0.9562225705329155,0.25,0.05636363636363637,0.0750445632798574,0.5217208097258206,0.1031779856949248
175,"OS_('SMOTE_PSO', ""{'k': 3, 'eps': 0.05, 'n_pop': 10, 'w': 1.0, 'c1': 2.0, 'c2': 2.0, 'num_it': 10, 'n_jobs': 1, 'random_state': 1}"")","Pipeline(steps=[('standardscaler', StandardScaler()),
                ('svc',
                 SVC(C=1, gamma='auto', kernel='linear', random_state=1))])",0.966855407523511,0.0,0.0,0.0,0.5,0.0
176,"OS_('CURE_SMOTE', ""{'proportion': 1.0, 'n_clusters': 5, 'noise_th': 2, 'n_jobs': 1, 'random_state': 1}"")",DecisionTreeClassifier(random_state=1),0.9074333855799372,0.06864468864468865,0.11272727272727275,0.08253140096618357,0.5236973872770928,0.0863792370679893
177,"OS_('CURE_SMOTE', ""{'proportion': 1.0, 'n_clusters': 5, 'noise_th': 2, 'n_jobs': 1, 'random_state': 1}"")",KNeighborsClassifier(),0.8723902821316614,0.08803142158903303,0.26363636363636367,0.12860071301247772,0.5784618815780733,0.14961729562523157
178,"OS_('CURE_SMOTE', ""{'proportion': 1.0, 'n_clusters': 5, 'noise_th': 2, 'n_jobs': 1, 'random_state': 1}"")",MLPClassifier(random_state=1),0.8717789968652037,0.10731021721451554,0.3218181818181818,0.15205376012822647,0.6062478527840257,0.17938617851331706
179,"OS_('CURE_SMOTE', ""{'proportion': 1.0, 'n_clusters': 5, 'noise_th': 2, 'n_jobs': 1, 'random_state': 1}"")","Pipeline(steps=[('standardscaler', StandardScaler()),
                ('svc',
                 SVC(C=1, gamma='auto', kernel='linear', random_state=1))])",0.823626567398119,0.11179077510963469,0.6218181818181818,0.18899466034239132,0.7261653807096964,0.2629594545008048
180,"OS_('SOMO', ""{'proportion': 1.0, 'n_grid': 10, 'sigma': 0.2, 'learning_rate': 0.5, 'n_iter': 100, 'n_jobs': 1, 'random_state': 1}"")",DecisionTreeClassifier(random_state=1),0.9105721003134797,0.07952941176470588,0.17636363636363636,0.10857142857142857,0.5561659501371371,0.11779467144979985
181,"OS_('SOMO', ""{'proportion': 1.0, 'n_grid': 10, 'sigma': 0.2, 'learning_rate': 0.5, 'n_iter': 100, 'n_jobs': 1, 'random_state': 1}"")",KNeighborsClassifier(),0.966855407523511,0.2,0.01818181818181818,0.03333333333333334,0.5087672844954398,0.06030226891555272
182,"OS_('SOMO', ""{'proportion': 1.0, 'n_grid': 10, 'sigma': 0.2, 'learning_rate': 0.5, 'n_iter': 100, 'n_jobs': 1, 'random_state': 1}"")",MLPClassifier(random_state=1),0.9637284482758621,0.0,0.0,0.0,0.4983860528238856,0.0
183,"OS_('SOMO', ""{'proportion': 1.0, 'n_grid': 10, 'sigma': 0.2, 'learning_rate': 0.5, 'n_iter': 100, 'n_jobs': 1, 'random_state': 1}"")","Pipeline(steps=[('standardscaler', StandardScaler()),
                ('svc',
                 SVC(C=1, gamma='auto', kernel='linear', random_state=1))])",0.966855407523511,0.0,0.0,0.0,0.5,0.0
184,"OS_('CE_SMOTE', ""{'proportion': 1.0, 'h': 10, 'k': 5, 'alpha': 0.5, 'n_jobs': 1, 'random_state': 1}"")",DecisionTreeClassifier(random_state=1),0.881171630094044,0.058793735959344805,0.17090909090909095,0.08695416519382586,0.5382366730252731,0.09984037509098073
185,"OS_('CE_SMOTE', ""{'proportion': 1.0, 'h': 10, 'k': 5, 'alpha': 0.5, 'n_jobs': 1, 'random_state': 1}"")",KNeighborsClassifier(),0.8392476489028213,0.04830697428339285,0.22181818181818183,0.07878076084270688,0.5410312330951228,0.10290813505623767
186,"OS_('CE_SMOTE', ""{'proportion': 1.0, 'h': 10, 'k': 5, 'alpha': 0.5, 'n_jobs': 1, 'random_state': 1}"")",MLPClassifier(random_state=1),0.8286402821316614,0.081180116671564,0.4127272727272727,0.13538542709982707,0.627760441875694,0.18270095574302395
187,"OS_('CE_SMOTE', ""{'proportion': 1.0, 'h': 10, 'k': 5, 'alpha': 0.5, 'n_jobs': 1, 'random_state': 1}"")","Pipeline(steps=[('standardscaler', StandardScaler()),
                ('svc',
                 SVC(C=1, gamma='auto', kernel='linear', random_state=1))])",0.7448001567398118,0.08092229327989961,0.6254545454545455,0.1424451633458324,0.6872152151012157,0.22326616467371313
188,"OS_('Edge_Det_SMOTE', ""{'proportion': 1.0, 'k': 5, 'n_jobs': 1, 'random_state': 1}"")",DecisionTreeClassifier(random_state=1),0.8630387931034482,0.07381719039613777,0.2672727272727273,0.11327948384238362,0.5754392658182198,0.13839550969120015
189,"OS_('Edge_Det_SMOTE', ""{'proportion': 1.0, 'k': 5, 'n_jobs': 1, 'random_state': 1}"")",KNeighborsClassifier(),0.8211246081504703,0.0703282525161908,0.3218181818181818,0.11325364693785747,0.5800770625136427,0.148114207278289
190,"OS_('Edge_Det_SMOTE', ""{'proportion': 1.0, 'k': 5, 'n_jobs': 1, 'random_state': 1}"")",MLPClassifier(random_state=1),0.8192594043887148,0.11115385471626707,0.5290909090909091,0.18013934574121107,0.6791920773662082,0.23848580592505836
191,"OS_('Edge_Det_SMOTE', ""{'proportion': 1.0, 'k': 5, 'n_jobs': 1, 'random_state': 1}"")","Pipeline(steps=[('standardscaler', StandardScaler()),
                ('svc',
                 SVC(C=1, gamma='auto', kernel='linear', random_state=1))])",0.7498236677115988,0.08521894966495246,0.6454545454545455,0.14981750709825628,0.6995160815799715,0.23315766602900614
192,"OS_('DBSMOTE', ""{'proportion': 1.0, 'eps': 0.8, 'min_samples': 3, 'n_jobs': 1, 'random_state': 1}"")",DecisionTreeClassifier(random_state=1),0.9324588557993729,0.09333333333333334,0.11454545454545455,0.09959994615695249,0.5375556378061859,0.1017054105511677
193,"OS_('DBSMOTE', ""{'proportion': 1.0, 'eps': 0.8, 'min_samples': 3, 'n_jobs': 1, 'random_state': 1}"")",KNeighborsClassifier(),0.9543475705329154,0.04444444444444444,0.03636363636363636,0.039999999999999994,0.5110652089324185,0.04020151261036849
194,"OS_('DBSMOTE', ""{'proportion': 1.0, 'eps': 0.8, 'min_samples': 3, 'n_jobs': 1, 'random_state': 1}"")",MLPClassifier(random_state=1),0.9099490595611284,0.11073593073593073,0.15090909090909094,0.12137678123652877,0.5434365895092486,0.1257920124755234
195,"OS_('DBSMOTE', ""{'proportion': 1.0, 'eps': 0.8, 'min_samples': 3, 'n_jobs': 1, 'random_state': 1}"")","Pipeline(steps=[('standardscaler', StandardScaler()),
                ('svc',
                 SVC(C=1, gamma='auto', kernel='linear', random_state=1))])",0.8505427115987463,0.0907265471051282,0.3890909090909091,0.14404664852300042,0.627571866488246,0.18506887973329741
196,"OS_('ASMOBD', ""{'proportion': 1.0, 'min_samples': 3, 'eps': 0.8, 'eta': 0.5, 'T_1': 1.0, 'T_2': 1.0, 't_1': 4.0, 't_2': 4.0, 'a': 0.05, 'smoothing': 'linear', 'n_jobs': 1, 'random_state': 1}"")",DecisionTreeClassifier(random_state=1),0.9243338557993731,0.09393939393939395,0.15272727272727274,0.11407792207792207,0.5517869582135162,0.1185828470614763
197,"OS_('ASMOBD', ""{'proportion': 1.0, 'min_samples': 3, 'eps': 0.8, 'eta': 0.5, 'T_1': 1.0, 'T_2': 1.0, 't_1': 4.0, 't_2': 4.0, 'a': 0.05, 'smoothing': 'linear', 'n_jobs': 1, 'random_state': 1}"")",KNeighborsClassifier(),0.9249510188087774,0.039860139860139865,0.05454545454545454,0.045454545454545456,0.504633620894191,0.04630616733094813
198,"OS_('ASMOBD', ""{'proportion': 1.0, 'min_samples': 3, 'eps': 0.8, 'eta': 0.5, 'T_1': 1.0, 'T_2': 1.0, 't_1': 4.0, 't_2': 4.0, 'a': 0.05, 'smoothing': 'linear', 'n_jobs': 1, 'random_state': 1}"")",MLPClassifier(random_state=1),0.8936814263322883,0.05578568252122111,0.13454545454545458,0.07696642788106203,0.5271662443413148,0.0854119644921257
199,"OS_('ASMOBD', ""{'proportion': 1.0, 'min_samples': 3, 'eps': 0.8, 'eta': 0.5, 'T_1': 1.0, 'T_2': 1.0, 't_1': 4.0, 't_2': 4.0, 'a': 0.05, 'smoothing': 'linear', 'n_jobs': 1, 'random_state': 1}"")","Pipeline(steps=[('standardscaler', StandardScaler()),
                ('svc',
                 SVC(C=1, gamma='auto', kernel='linear', random_state=1))])",0.8436128526645768,0.06356177606177607,0.3218181818181818,0.1047038518191588,0.5916711746339056,0.14125203127377498
200,"OS_('Assembled_SMOTE', ""{'proportion': 1.0, 'n_neighbors': 5, 'pop': 2, 'thres': 0.3, 'n_jobs': 1, 'random_state': 1}"")",DecisionTreeClassifier(random_state=1),0.8592829153605017,0.0501937244502154,0.18727272727272726,0.07843500106340853,0.534768005770198,0.09630181835828304
201,"OS_('Assembled_SMOTE', ""{'proportion': 1.0, 'n_neighbors': 5, 'pop': 2, 'thres': 0.3, 'n_jobs': 1, 'random_state': 1}"")",KNeighborsClassifier(),0.8098667711598747,0.061830228210824914,0.3218181818181818,0.10283718801867622,0.5742476439939641,0.13996399223948447
202,"OS_('Assembled_SMOTE', ""{'proportion': 1.0, 'n_neighbors': 5, 'pop': 2, 'thres': 0.3, 'n_jobs': 1, 'random_state': 1}"")",MLPClassifier(random_state=1),0.8055015673981192,0.09528771933839617,0.4927272727272728,0.15763154832902554,0.6545335914737731,0.2140774281790813
203,"OS_('Assembled_SMOTE', ""{'proportion': 1.0, 'n_neighbors': 5, 'pop': 2, 'thres': 0.3, 'n_jobs': 1, 'random_state': 1}"")","Pipeline(steps=[('standardscaler', StandardScaler()),
                ('svc',
                 SVC(C=1, gamma='auto', kernel='linear', random_state=1))])",0.7266653605015674,0.08127699869252916,0.6636363636363637,0.1441012131004049,0.6963102999933566,0.23075259284117627
204,"OS_('SDSMOTE', ""{'proportion': 1.0, 'n_neighbors': 5, 'n_jobs': 1, 'random_state': 1}"")",DecisionTreeClassifier(random_state=1),0.8736735893416927,0.07003355890655662,0.24727272727272726,0.1082206221929908,0.5712363218783513,0.13084108068845143
205,"OS_('SDSMOTE', ""{'proportion': 1.0, 'n_neighbors': 5, 'n_jobs': 1, 'random_state': 1}"")",KNeighborsClassifier(),0.8073608934169278,0.06269889331466108,0.32,0.1037964806785914,0.572048230504228,0.14036716096494964
206,"OS_('SDSMOTE', ""{'proportion': 1.0, 'n_neighbors': 5, 'n_jobs': 1, 'random_state': 1}"")",MLPClassifier(random_state=1),0.7954996081504702,0.09067466057989927,0.5127272727272727,0.15272988505747126,0.659028841499872,0.21375277161444872
207,"OS_('SDSMOTE', ""{'proportion': 1.0, 'n_neighbors': 5, 'n_jobs': 1, 'random_state': 1}"")","Pipeline(steps=[('standardscaler', StandardScaler()),
                ('svc',
                 SVC(C=1, gamma='auto', kernel='linear', random_state=1))])",0.7416829937304075,0.08476641051893355,0.6454545454545455,0.1489028923662566,0.6953016541867153,0.23213024455771616
208,"OS_('DSMOTE', ""{'proportion': 1.0, 'n_neighbors': 5, 'rate': 0.1, 'n_step': 50, 'n_jobs': 1, 'random_state': 1}"")",DecisionTreeClassifier(random_state=1),0.9243377742946709,0.15061690102012684,0.20545454545454547,0.1699644683152929,0.577176588939821,0.1738071325843013
209,"OS_('DSMOTE', ""{'proportion': 1.0, 'n_neighbors': 5, 'rate': 0.1, 'n_step': 50, 'n_jobs': 1, 'random_state': 1}"")",KNeighborsClassifier(),0.9618573667711597,0.29166666666666663,0.09454545454545454,0.13973395026026605,0.5430676954322429,0.16398080835186232
210,"OS_('DSMOTE', ""{'proportion': 1.0, 'n_neighbors': 5, 'rate': 0.1, 'n_step': 50, 'n_jobs': 1, 'random_state': 1}"")",MLPClassifier(random_state=1),0.9562245297805643,0.1,0.01818181818181818,0.03076923076923077,0.5032687982233863,0.04264014327112209
211,"OS_('DSMOTE', ""{'proportion': 1.0, 'n_neighbors': 5, 'rate': 0.1, 'n_step': 50, 'n_jobs': 1, 'random_state': 1}"")","Pipeline(steps=[('standardscaler', StandardScaler()),
                ('svc',
                 SVC(C=1, gamma='auto', kernel='linear', random_state=1))])",0.9537206112852663,0.1,0.01818181818181818,0.03076923076923077,0.5019774316924333,0.04264014327112209
212,"OS_('G_SMOTE', ""{'proportion': 1.0, 'n_neighbors': 5, 'method': 'linear', 'n_jobs': 1, 'random_state': 1}"")",DecisionTreeClassifier(random_state=1),0.8961833855799373,0.1096626984126984,0.24545454545454545,0.14706351986768382,0.5819829361576934,0.16114826798056475
213,"OS_('G_SMOTE', ""{'proportion': 1.0, 'n_neighbors': 5, 'method': 'linear', 'n_jobs': 1, 'random_state': 1}"")",KNeighborsClassifier(),0.8405172413793103,0.056478045763760046,0.2254545454545455,0.08950723586815311,0.5435206749613264,0.11205752134063647
214,"OS_('G_SMOTE', ""{'proportion': 1.0, 'n_neighbors': 5, 'method': 'linear', 'n_jobs': 1, 'random_state': 1}"")",MLPClassifier(random_state=1),0.8117554858934171,0.10311099473262555,0.5309090909090909,0.17061440102087821,0.6762124533781282,0.23140479204575426
215,"OS_('G_SMOTE', ""{'proportion': 1.0, 'n_neighbors': 5, 'method': 'linear', 'n_jobs': 1, 'random_state': 1}"")","Pipeline(steps=[('standardscaler', StandardScaler()),
                ('svc',
                 SVC(C=1, gamma='auto', kernel='linear', random_state=1))])",0.7479271159874609,0.08603168032365979,0.6454545454545455,0.15064166528957867,0.6985431198929476,0.23344739357774813
216,"OS_('NT_SMOTE', ""{'proportion': 1.0, 'n_jobs': 1, 'random_state': 1}"")",DecisionTreeClassifier(random_state=1),0.8811677115987461,0.07218033998521804,0.2290909090909091,0.10829233511586453,0.5663661038825462,0.12745667628083904
217,"OS_('NT_SMOTE', ""{'proportion': 1.0, 'n_jobs': 1, 'random_state': 1}"")",KNeighborsClassifier(),0.8254937304075234,0.060939303732897285,0.2636363636363636,0.09767143572184342,0.5542161356755783,0.12532165494610614
218,"OS_('NT_SMOTE', ""{'proportion': 1.0, 'n_jobs': 1, 'random_state': 1}"")",MLPClassifier(random_state=1),0.8142417711598746,0.09744713576293114,0.4709090909090909,0.15895496199425632,0.6484757376457972,0.21129799686578904
219,"OS_('NT_SMOTE', ""{'proportion': 1.0, 'n_jobs': 1, 'random_state': 1}"")","Pipeline(steps=[('standardscaler', StandardScaler()),
                ('svc',
                 SVC(C=1, gamma='auto', kernel='linear', random_state=1))])",0.7185305642633228,0.08019891567039597,0.6636363636363637,0.14213315420211972,0.6921115318547202,0.22867182323988944
220,"OS_('Lee', ""{'proportion': 1.0, 'n_neighbors': 5, 'rejection_level': 0.5, 'n_jobs': 1, 'random_state': 1}"")",DecisionTreeClassifier(random_state=1),0.9143318965517242,0.12868526280290987,0.19090909090909092,0.14761904761904762,0.5650547124865948,0.15343618982773582
221,"OS_('Lee', ""{'proportion': 1.0, 'n_neighbors': 5, 'rejection_level': 0.5, 'n_jobs': 1, 'random_state': 1}"")",KNeighborsClassifier(),0.9199392633228841,0.09802898550724638,0.13090909090909092,0.10714932126696833,0.538934031830994,0.11064984778855166
222,"OS_('Lee', ""{'proportion': 1.0, 'n_neighbors': 5, 'rejection_level': 0.5, 'n_jobs': 1, 'random_state': 1}"")",MLPClassifier(random_state=1),0.9017985893416928,0.12494816351593845,0.32181818181818184,0.17711297422194686,0.6217713938634702,0.198467680097137
223,"OS_('Lee', ""{'proportion': 1.0, 'n_neighbors': 5, 'rejection_level': 0.5, 'n_jobs': 1, 'random_state': 1}"")","Pipeline(steps=[('standardscaler', StandardScaler()),
                ('svc',
                 SVC(C=1, gamma='auto', kernel='linear', random_state=1))])",0.900564263322884,0.1468521660667523,0.39454545454545453,0.21217442719881743,0.6561943266045992,0.23940577571875385
224,"OS_('SPY', ""{'n_neighbors': 5, 'threshold': 0.5, 'n_jobs': 1}"")",DecisionTreeClassifier(random_state=1),0.9143221003134796,0.05552941176470588,0.11636363636363636,0.07428571428571429,0.5290691759435887,0.0798473395277793
225,"OS_('SPY', ""{'n_neighbors': 5, 'threshold': 0.5, 'n_jobs': 1}"")",KNeighborsClassifier(),0.965605407523511,0.2,0.01818181818181818,0.03333333333333334,0.5081221232051172,0.06030226891555272
226,"OS_('SPY', ""{'n_neighbors': 5, 'threshold': 0.5, 'n_jobs': 1}"")",MLPClassifier(random_state=1),0.9649784482758621,0.0,0.0,0.0,0.49903121411420814,0.0
227,"OS_('SPY', ""{'n_neighbors': 5, 'threshold': 0.5, 'n_jobs': 1}"")","Pipeline(steps=[('standardscaler', StandardScaler()),
                ('svc',
                 SVC(C=1, gamma='auto', kernel='linear', random_state=1))])",0.966855407523511,0.0,0.0,0.0,0.5,0.0
228,"OS_('SMOTE_PSOBAT', ""{'maxit': 50, 'c1': 0.3, 'c2': 0.1, 'c3': 0.1, 'alpha': 0.9, 'gamma': 0.9, 'method': 'bat', 'n_jobs': 1, 'random_state': 1}"")",DecisionTreeClassifier(random_state=1),0.8824216300940438,0.09458437761069341,0.24545454545454545,0.133678145908109,0.5748798982622974,0.15031542120932168
229,"OS_('SMOTE_PSOBAT', ""{'maxit': 50, 'c1': 0.3, 'c2': 0.1, 'c3': 0.1, 'alpha': 0.9, 'gamma': 0.9, 'method': 'bat', 'n_jobs': 1, 'random_state': 1}"")",KNeighborsClassifier(),0.837983934169279,0.059253598929851194,0.24363636363636365,0.09438231662722803,0.5509861534227334,0.11912282378214163
230,"OS_('SMOTE_PSOBAT', ""{'maxit': 50, 'c1': 0.3, 'c2': 0.1, 'c3': 0.1, 'alpha': 0.9, 'gamma': 0.9, 'method': 'bat', 'n_jobs': 1, 'random_state': 1}"")",MLPClassifier(random_state=1),0.8761559561128527,0.10596969696969696,0.3581818181818182,0.16051099227569815,0.6260404862910344,0.19228907570545667
231,"OS_('SMOTE_PSOBAT', ""{'maxit': 50, 'c1': 0.3, 'c2': 0.1, 'c3': 0.1, 'alpha': 0.9, 'gamma': 0.9, 'method': 'bat', 'n_jobs': 1, 'random_state': 1}"")","Pipeline(steps=[('standardscaler', StandardScaler()),
                ('svc',
                 SVC(C=1, gamma='auto', kernel='linear', random_state=1))])",0.864277037617555,0.13266616847262008,0.5127272727272728,0.19963550833633675,0.6945857889891714,0.2519949942973138
232,"OS_('MDO', ""{'proportion': 1.0, 'K2': 5, 'K1_frac': 0.5, 'n_jobs': 1, 'random_state': 1}"")",DecisionTreeClassifier(random_state=1),0.9143083855799372,0.06998102466793168,0.13454545454545458,0.08809523809523809,0.5378322846377968,0.09472252033794042
233,"OS_('MDO', ""{'proportion': 1.0, 'K2': 5, 'K1_frac': 0.5, 'n_jobs': 1, 'random_state': 1}"")",KNeighborsClassifier(),0.9580936520376175,0.515,0.13454545454545458,0.17216374269005852,0.5604828744697207,0.22664596901666229
234,"OS_('MDO', ""{'proportion': 1.0, 'K2': 5, 'K1_frac': 0.5, 'n_jobs': 1, 'random_state': 1}"")",MLPClassifier(random_state=1),0.9480858150470219,0.1331168831168831,0.13454545454545455,0.13171565276828434,0.5553080127931365,0.13276663521190463
235,"OS_('MDO', ""{'proportion': 1.0, 'K2': 5, 'K1_frac': 0.5, 'n_jobs': 1, 'random_state': 1}"")","Pipeline(steps=[('standardscaler', StandardScaler()),
                ('svc',
                 SVC(C=1, gamma='auto', kernel='linear', random_state=1))])",0.9543416927899686,0.18303030303030304,0.11636363636363636,0.13548654244306418,0.5497707105505414,0.14226594611809368
236,"OS_('Random_SMOTE', ""{'proportion': 1.0, 'n_neighbors': 5, 'n_jobs': 1, 'random_state': 1}"")",DecisionTreeClassifier(random_state=1),0.866775078369906,0.052098953479653376,0.1690909090909091,0.07819370172311349,0.529894655923469,0.09270100390632416
237,"OS_('Random_SMOTE', ""{'proportion': 1.0, 'n_neighbors': 5, 'n_jobs': 1, 'random_state': 1}"")",KNeighborsClassifier(),0.797983934169279,0.058165016838308325,0.3018181818181819,0.09636434283858471,0.5584286649773652,0.13108650377934356
238,"OS_('Random_SMOTE', ""{'proportion': 1.0, 'n_neighbors': 5, 'n_jobs': 1, 'random_state': 1}"")",MLPClassifier(random_state=1),0.7886167711598746,0.08175638819012314,0.4727272727272728,0.1383995770148543,0.6361193519915725,0.195171019412293
239,"OS_('Random_SMOTE', ""{'proportion': 1.0, 'n_neighbors': 5, 'n_jobs': 1, 'random_state': 1}"")","Pipeline(steps=[('standardscaler', StandardScaler()),
                ('svc',
                 SVC(C=1, gamma='auto', kernel='linear', random_state=1))])",0.7316692789968652,0.090799507815935,0.7363636363636363,0.16076498532186193,0.733967390788562,0.2567470184381041
240,"OS_('ISMOTE', ""{'n_neighbors': 5, 'minority_weight': 0.5, 'n_jobs': 1, 'random_state': 1}"")",DecisionTreeClassifier(random_state=1),0.7479878526645768,0.03473555684082,0.2490909090909091,0.06091518733596478,0.5071490666135201,0.09291927146025435
241,"OS_('ISMOTE', ""{'n_neighbors': 5, 'minority_weight': 0.5, 'n_jobs': 1, 'random_state': 1}"")",KNeighborsClassifier(),0.6817319749216301,0.03595245847786422,0.3145454545454545,0.06373603005181953,0.5042901612428703,0.10438193520197332
242,"OS_('ISMOTE', ""{'n_neighbors': 5, 'minority_weight': 0.5, 'n_jobs': 1, 'random_state': 1}"")",MLPClassifier(random_state=1),0.6360834639498433,0.05738199395406374,0.5836363636363637,0.10403108890391995,0.6106698364794199,0.18155560108602561
243,"OS_('ISMOTE', ""{'n_neighbors': 5, 'minority_weight': 0.5, 'n_jobs': 1, 'random_state': 1}"")","Pipeline(steps=[('standardscaler', StandardScaler()),
                ('svc',
                 SVC(C=1, gamma='auto', kernel='linear', random_state=1))])",0.6604917711598747,0.06303673178673178,0.6218181818181818,0.11367512789836616,0.6417285919008437,0.19591669177944165
244,"OS_('GASMOTE', ""{'n_neighbors': 5, 'maxn': 7, 'n_pop': 10, 'popl3': 5, 'pm': 0.3, 'pr': 0.2, 'Ge': 10, 'n_jobs': 1, 'random_state': 1}"")",DecisionTreeClassifier(random_state=1),0.9099451410658308,0.10413632603955185,0.2254545454545455,0.14054394115369725,0.5794242139528704,0.15207796112444155
245,"OS_('GASMOTE', ""{'n_neighbors': 5, 'maxn': 7, 'n_pop': 10, 'popl3': 5, 'pm': 0.3, 'pr': 0.2, 'Ge': 10, 'n_jobs': 1, 'random_state': 1}"")",KNeighborsClassifier(),0.9074275078369904,0.09949875588024257,0.18727272727272726,0.1257123546115844,0.559678748018867,0.13405516852855873
246,"OS_('GASMOTE', ""{'n_neighbors': 5, 'maxn': 7, 'n_pop': 10, 'popl3': 5, 'pm': 0.3, 'pr': 0.2, 'Ge': 10, 'n_jobs': 1, 'random_state': 1}"")",MLPClassifier(random_state=1),0.9530916927899687,0.37090909090909097,0.1690909090909091,0.20504495504495504,0.5745235315889874,0.2327876672576755
247,"OS_('GASMOTE', ""{'n_neighbors': 5, 'maxn': 7, 'n_pop': 10, 'popl3': 5, 'pm': 0.3, 'pr': 0.2, 'Ge': 10, 'n_jobs': 1, 'random_state': 1}"")","Pipeline(steps=[('standardscaler', StandardScaler()),
                ('svc',
                 SVC(C=1, gamma='auto', kernel='linear', random_state=1))])",0.966855407523511,0.0,0.0,0.0,0.5,0.0
248,"OS_('SMOTE_FRST_2T', ""{'n_neighbors': 5, 'gamma_S': 0.7, 'gamma_M': 0.03, 'n_jobs': 1, 'random_state': 1}"")",DecisionTreeClassifier(random_state=1),0.8618025078369905,0.05726780209538831,0.16727272727272727,0.08465674110835403,0.5264080517040115,0.09732253669704773
249,"OS_('SMOTE_FRST_2T', ""{'n_neighbors': 5, 'gamma_S': 0.7, 'gamma_M': 0.03, 'n_jobs': 1, 'random_state': 1}"")",KNeighborsClassifier(),0.7973491379310345,0.05307779749895073,0.28181818181818186,0.08857993423588872,0.5484255331264414,0.12134369971001527
250,"OS_('SMOTE_FRST_2T', ""{'n_neighbors': 5, 'gamma_S': 0.7, 'gamma_M': 0.03, 'n_jobs': 1, 'random_state': 1}"")",MLPClassifier(random_state=1),0.773608934169279,0.08467229665577122,0.5490909090909091,0.14593352883675464,0.6652459452020993,0.21439814155833728
251,"OS_('SMOTE_FRST_2T', ""{'n_neighbors': 5, 'gamma_S': 0.7, 'gamma_M': 0.03, 'n_jobs': 1, 'random_state': 1}"")","Pipeline(steps=[('standardscaler', StandardScaler()),
                ('svc',
                 SVC(C=1, gamma='auto', kernel='linear', random_state=1))])",0.7041477272727272,0.07566783559461264,0.6454545454545455,0.1343715934190935,0.6759071453653351,0.2186561994231524
252,"OS_('AND_SMOTE', ""{'proportion': 1.0, 'K': 15, 'n_jobs': 1, 'random_state': 1}"")",DecisionTreeClassifier(random_state=1),0.9236951410658307,0.1527056277056277,0.20909090909090908,0.16829411764705884,0.5786763659140733,0.17434947471767942
253,"OS_('AND_SMOTE', ""{'proportion': 1.0, 'K': 15, 'n_jobs': 1, 'random_state': 1}"")",KNeighborsClassifier(),0.916792711598746,0.1093657976010917,0.14909090909090908,0.1181849551414769,0.5460905010012432,0.12329938392522746
254,"OS_('AND_SMOTE', ""{'proportion': 1.0, 'K': 15, 'n_jobs': 1, 'random_state': 1}"")",MLPClassifier(random_state=1),0.8924000783699061,0.1432323232323232,0.39818181818181814,0.20120201937805332,0.6538189600356842,0.23182880781765863
255,"OS_('AND_SMOTE', ""{'proportion': 1.0, 'K': 15, 'n_jobs': 1, 'random_state': 1}"")","Pipeline(steps=[('standardscaler', StandardScaler()),
                ('svc',
                 SVC(C=1, gamma='auto', kernel='linear', random_state=1))])",0.8774039968652037,0.1361051693404635,0.4545454545454545,0.19935333281840079,0.6732576943882925,0.2410204497495802
256,"OS_('NRAS', ""{'proportion': 1.0, 'n_neighbors': 5, 't': 0.5, 'n_jobs': 1, 'random_state': 1}"")",DecisionTreeClassifier(random_state=1),0.9224471003134797,0.05552941176470588,0.11636363636363636,0.07428571428571429,0.5332627243306856,0.0798473395277793
257,"OS_('NRAS', ""{'proportion': 1.0, 'n_neighbors': 5, 't': 0.5, 'n_jobs': 1, 'random_state': 1}"")",KNeighborsClassifier(),0.964980407523511,0.2,0.01818181818181818,0.03333333333333334,0.507799542559956,0.06030226891555272
258,"OS_('NRAS', ""{'proportion': 1.0, 'n_neighbors': 5, 't': 0.5, 'n_jobs': 1, 'random_state': 1}"")",MLPClassifier(random_state=1),0.9656034482758621,0.06666666666666667,0.02,0.030769230769230764,0.5090312141142082,0.03651483716701107
259,"OS_('NRAS', ""{'proportion': 1.0, 'n_neighbors': 5, 't': 0.5, 'n_jobs': 1, 'random_state': 1}"")","Pipeline(steps=[('standardscaler', StandardScaler()),
                ('svc',
                 SVC(C=1, gamma='auto', kernel='linear', random_state=1))])",0.966230407523511,0.06666666666666667,0.02,0.030769230769230764,0.5093548387096775,0.03651483716701107
260,"OS_('AMSCO', ""{'n_pop': 5, 'n_iter': 15, 'omega': 0.1, 'r1': 0.1, 'r2': 0.1, 'n_jobs': 1, 'classifier': DecisionTreeClassifier(random_state=2), 'random_state': 1}"")",DecisionTreeClassifier(random_state=1),0.906812304075235,0.09586215538847118,0.21090909090909093,0.12969446900481382,0.5708444608945705,0.1408751712095318
261,"OS_('AMSCO', ""{'n_pop': 5, 'n_iter': 15, 'omega': 0.1, 'r1': 0.1, 'r2': 0.1, 'n_jobs': 1, 'classifier': DecisionTreeClassifier(random_state=2), 'random_state': 1}"")",KNeighborsClassifier(),0.965605407523511,0.26666666666666666,0.03636363636363636,0.06190476190476191,0.516889407700557,0.0951178001066923
262,"OS_('AMSCO', ""{'n_pop': 5, 'n_iter': 15, 'omega': 0.1, 'r1': 0.1, 'r2': 0.1, 'n_jobs': 1, 'classifier': DecisionTreeClassifier(random_state=2), 'random_state': 1}"")",MLPClassifier(random_state=1),0.9662284482758621,0.0,0.0,0.0,0.49967637540453075,0.0
263,"OS_('AMSCO', ""{'n_pop': 5, 'n_iter': 15, 'omega': 0.1, 'r1': 0.1, 'r2': 0.1, 'n_jobs': 1, 'classifier': DecisionTreeClassifier(random_state=2), 'random_state': 1}"")","Pipeline(steps=[('standardscaler', StandardScaler()),
                ('svc',
                 SVC(C=1, gamma='auto', kernel='linear', random_state=1))])",0.966855407523511,0.0,0.0,0.0,0.5,0.0
264,"OS_('SSO', ""{'proportion': 1.0, 'n_neighbors': 5, 'h': 10, 'n_iter': 5, 'n_jobs': 1, 'random_state': 1}"")",DecisionTreeClassifier(random_state=1),0.8223883228840124,0.07305341864586833,0.38,0.12214883503922083,0.6088161603507674,0.1661268116684313
265,"OS_('SSO', ""{'proportion': 1.0, 'n_neighbors': 5, 'h': 10, 'n_iter': 5, 'n_jobs': 1, 'random_state': 1}"")",KNeighborsClassifier(),0.8724000783699062,0.07798061753437006,0.2672727272727273,0.11906707848261662,0.5802737996944073,0.14289145045939686
266,"OS_('SSO', ""{'proportion': 1.0, 'n_neighbors': 5, 'h': 10, 'n_iter': 5, 'n_jobs': 1, 'random_state': 1}"")",MLPClassifier(random_state=1),0.8636461598746081,0.1213229532358389,0.4709090909090909,0.19032484843650993,0.6740024105761655,0.23656282551274727
267,"OS_('SSO', ""{'proportion': 1.0, 'n_neighbors': 5, 'h': 10, 'n_iter': 5, 'n_jobs': 1, 'random_state': 1}"")","Pipeline(steps=[('standardscaler', StandardScaler()),
                ('svc',
                 SVC(C=1, gamma='auto', kernel='linear', random_state=1))])",0.8142202194357366,0.10148371637811752,0.5472727272727272,0.1698039894589032,0.6853265191849595,0.23369922994370634
268,"OS_('NDO_sampling', ""{'proportion': 1.0, 'n_neighbors': 5, 'T': 0.5, 'n_jobs': 1, 'random_state': 1}"")",DecisionTreeClassifier(random_state=1),0.8605564263322885,0.06605517541001413,0.2272727272727273,0.10174857106120269,0.5547909726769733,0.12195281032628606
269,"OS_('NDO_sampling', ""{'proportion': 1.0, 'n_neighbors': 5, 'T': 0.5, 'n_jobs': 1, 'random_state': 1}"")",KNeighborsClassifier(),0.8330113636363636,0.06095937457070423,0.2418181818181818,0.09611045049477886,0.547506856855432,0.12021050079556235
270,"OS_('NDO_sampling', ""{'proportion': 1.0, 'n_neighbors': 5, 'T': 0.5, 'n_jobs': 1, 'random_state': 1}"")",MLPClassifier(random_state=1),0.7967554858934169,0.09714957264957266,0.5490909090909092,0.16357044182169972,0.677212747582306,0.22886441267591282
271,"OS_('NDO_sampling', ""{'proportion': 1.0, 'n_neighbors': 5, 'T': 0.5, 'n_jobs': 1, 'random_state': 1}"")","Pipeline(steps=[('standardscaler', StandardScaler()),
                ('svc',
                 SVC(C=1, gamma='auto', kernel='linear', random_state=1))])",0.7229153605015675,0.08540431882568814,0.7018181818181819,0.15113332770742266,0.7128216078732834,0.24246254783000015
272,"OS_('DSRBF', ""{'proportion': 1.0, 'n_neighbors': 5, 'm_min': 4, 'm_max': 10, 'Ib': 2, 'Ob': 2, 'n_pop': 500, 'n_init_pop': 5000, 'n_iter': 40, 'n_sampling_epoch': 5, 'n_jobs': 1, 'random_state': 1}"")",DecisionTreeClassifier(random_state=1),0.8549294670846395,0.04119511440940012,0.1490909090909091,0.06408554417099253,0.5140725450559462,0.07795565526058248
273,"OS_('DSRBF', ""{'proportion': 1.0, 'n_neighbors': 5, 'm_min': 4, 'm_max': 10, 'Ib': 2, 'Ob': 2, 'n_pop': 500, 'n_init_pop': 5000, 'n_iter': 40, 'n_sampling_epoch': 5, 'n_jobs': 1, 'random_state': 1}"")",KNeighborsClassifier(),0.795485893416928,0.052785538378758726,0.28,0.08837643218131022,0.5465455684309426,0.1210019137859876
274,"OS_('DSRBF', ""{'proportion': 1.0, 'n_neighbors': 5, 'm_min': 4, 'm_max': 10, 'Ib': 2, 'Ob': 2, 'n_pop': 500, 'n_init_pop': 5000, 'n_iter': 40, 'n_sampling_epoch': 5, 'n_jobs': 1, 'random_state': 1}"")",MLPClassifier(random_state=1),0.7955015673981191,0.08320498778330103,0.4727272727272728,0.14032207219303994,0.6396823543926582,0.1967048493758515
275,"OS_('DSRBF', ""{'proportion': 1.0, 'n_neighbors': 5, 'm_min': 4, 'm_max': 10, 'Ib': 2, 'Ob': 2, 'n_pop': 500, 'n_init_pop': 5000, 'n_iter': 40, 'n_sampling_epoch': 5, 'n_jobs': 1, 'random_state': 1}"")","Pipeline(steps=[('standardscaler', StandardScaler()),
                ('svc',
                 SVC(C=1, gamma='auto', kernel='linear', random_state=1))])",0.7035364420062697,0.0758294620735507,0.6636363636363637,0.13540329966672496,0.6843487173646897,0.22278255732905855
276,"OS_('Gaussian_SMOTE', ""{'proportion': 1.0, 'n_neighbors': 5, 'sigma': 1.0, 'n_jobs': 1, 'random_state': 1}"")",DecisionTreeClassifier(random_state=1),0.8611716300940438,0.08626436429068009,0.3218181818181819,0.1358650074140811,0.6007462346610484,0.1664388133880982
277,"OS_('Gaussian_SMOTE', ""{'proportion': 1.0, 'n_neighbors': 5, 'sigma': 1.0, 'n_jobs': 1, 'random_state': 1}"")",KNeighborsClassifier(),0.9543456112852665,0.04,0.01818181818181818,0.025000000000000005,0.5022968804866706,0.026967994498529685
278,"OS_('Gaussian_SMOTE', ""{'proportion': 1.0, 'n_neighbors': 5, 'sigma': 1.0, 'n_jobs': 1, 'random_state': 1}"")",MLPClassifier(random_state=1),0.9299647335423197,0.15686274509803919,0.22727272727272724,0.1793711551606288,0.590674676612666,0.18550413748360012
279,"OS_('Gaussian_SMOTE', ""{'proportion': 1.0, 'n_neighbors': 5, 'sigma': 1.0, 'n_jobs': 1, 'random_state': 1}"")","Pipeline(steps=[('standardscaler', StandardScaler()),
                ('svc',
                 SVC(C=1, gamma='auto', kernel='linear', random_state=1))])",0.7329134012539185,0.08720186418418698,0.6636363636363636,0.15264665286404416,0.6995392382958935,0.23768326969761494
280,"OS_('kmeans_SMOTE', ""{'proportion': 1.0, 'n_neighbors': 5, 'n_clusters': 10, 'irt': 2.0, 'n_jobs': 1, 'random_state': 1}"")",DecisionTreeClassifier(random_state=1),0.9143221003134796,0.08710835913312694,0.17636363636363636,0.11566502463054187,0.5581014340081049,0.12337591453437999
281,"OS_('kmeans_SMOTE', ""{'proportion': 1.0, 'n_neighbors': 5, 'n_clusters': 10, 'irt': 2.0, 'n_jobs': 1, 'random_state': 1}"")",KNeighborsClassifier(),0.966855407523511,0.2,0.01818181818181818,0.03333333333333334,0.5087672844954398,0.06030226891555272
282,"OS_('kmeans_SMOTE', ""{'proportion': 1.0, 'n_neighbors': 5, 'n_clusters': 10, 'irt': 2.0, 'n_jobs': 1, 'random_state': 1}"")",MLPClassifier(random_state=1),0.9662284482758621,0.0,0.0,0.0,0.49967637540453075,0.0
283,"OS_('kmeans_SMOTE', ""{'proportion': 1.0, 'n_neighbors': 5, 'n_clusters': 10, 'irt': 2.0, 'n_jobs': 1, 'random_state': 1}"")","Pipeline(steps=[('standardscaler', StandardScaler()),
                ('svc',
                 SVC(C=1, gamma='auto', kernel='linear', random_state=1))])",0.966855407523511,0.0,0.0,0.0,0.5,0.0
284,"OS_('Supervised_SMOTE', ""{'proportion': 1.0, 'th_lower': 0.5, 'th_upper': 1.0, 'classifier': RandomForestClassifier(n_estimators=50, n_jobs=1, random_state=5), 'n_jobs': 1, 'random_state': 1}"")",DecisionTreeClassifier(random_state=1),0.9180721003134795,0.07808505220269926,0.13272727272727275,0.09603252183897346,0.5388722489536771,0.10058063472754693
285,"OS_('Supervised_SMOTE', ""{'proportion': 1.0, 'th_lower': 0.5, 'th_upper': 1.0, 'classifier': RandomForestClassifier(n_estimators=50, n_jobs=1, random_state=5), 'n_jobs': 1, 'random_state': 1}"")",KNeighborsClassifier(),0.878025078369906,0.07888422688422689,0.22181818181818183,0.11525525525525526,0.5611095293682202,0.13141063199201292
286,"OS_('Supervised_SMOTE', ""{'proportion': 1.0, 'th_lower': 0.5, 'th_upper': 1.0, 'classifier': RandomForestClassifier(n_estimators=50, n_jobs=1, random_state=5), 'n_jobs': 1, 'random_state': 1}"")",MLPClassifier(random_state=1),0.8492868338557994,0.12018964670888596,0.510909090909091,0.19340379965911286,0.6859232791428219,0.24655348242866276
287,"OS_('Supervised_SMOTE', ""{'proportion': 1.0, 'th_lower': 0.5, 'th_upper': 1.0, 'classifier': RandomForestClassifier(n_estimators=50, n_jobs=1, random_state=5), 'n_jobs': 1, 'random_state': 1}"")","Pipeline(steps=[('standardscaler', StandardScaler()),
                ('svc',
                 SVC(C=1, gamma='auto', kernel='linear', random_state=1))])",0.8042221786833856,0.09402179228559203,0.5309090909090909,0.15843291821118238,0.6723049473754141,0.2215651889360469
288,"OS_('SN_SMOTE', ""{'proportion': 1.0, 'n_neighbors': 5, 'n_jobs': 1, 'random_state': 1}"")",DecisionTreeClassifier(random_state=1),0.8799353448275863,0.08600911640953716,0.24545454545454543,0.1266766604543122,0.5735833119798044,0.14475524947149393
289,"OS_('SN_SMOTE', ""{'proportion': 1.0, 'n_neighbors': 5, 'n_jobs': 1, 'random_state': 1}"")",KNeighborsClassifier(),0.806735893416928,0.05430815770810712,0.26181818181818184,0.0891214667685256,0.5436066585048733,0.118255237130322
290,"OS_('SN_SMOTE', ""{'proportion': 1.0, 'n_neighbors': 5, 'n_jobs': 1, 'random_state': 1}"")",MLPClassifier(random_state=1),0.7998765673981192,0.09195556159122478,0.5127272727272727,0.1546003261188728,0.6612942136681567,0.2153353542957907
291,"OS_('SN_SMOTE', ""{'proportion': 1.0, 'n_neighbors': 5, 'n_jobs': 1, 'random_state': 1}"")","Pipeline(steps=[('standardscaler', StandardScaler()),
                ('svc',
                 SVC(C=1, gamma='auto', kernel='linear', random_state=1))])",0.7322884012539186,0.0888463706305029,0.7,0.15645452490327394,0.7167491387409959,0.24705636854906973
292,"OS_('CCR', ""{'proportion': 1.0, 'energy': 1.0, 'scaling': 0.0, 'n_jobs': 1, 'random_state': 1}"")",DecisionTreeClassifier(random_state=1),0.8724255485893417,0.07120955544021322,0.21090909090909088,0.10583670931497018,0.5530545036965331,0.12205907927685707
293,"OS_('CCR', ""{'proportion': 1.0, 'energy': 1.0, 'scaling': 0.0, 'n_jobs': 1, 'random_state': 1}"")",KNeighborsClassifier(),0.966230407523511,0.2,0.01818181818181818,0.03333333333333334,0.5084436598999705,0.06030226891555272
294,"OS_('CCR', ""{'proportion': 1.0, 'energy': 1.0, 'scaling': 0.0, 'n_jobs': 1, 'random_state': 1}"")",MLPClassifier(random_state=1),0.9480877742946708,0.11386554621848739,0.09636363636363636,0.09333333333333334,0.5368695726447056,0.09896114908054618
295,"OS_('CCR', ""{'proportion': 1.0, 'energy': 1.0, 'scaling': 0.0, 'n_jobs': 1, 'random_state': 1}"")","Pipeline(steps=[('standardscaler', StandardScaler()),
                ('svc',
                 SVC(C=1, gamma='auto', kernel='linear', random_state=1))])",0.724759012539185,0.085940962011892,0.6454545454545454,0.14806905011984686,0.686572141711509,0.22940837778999684
296,"OS_('ANS', ""{'proportion': 1.0, 'n_jobs': 1, 'random_state': 1}"")",DecisionTreeClassifier(random_state=1),0.8955466300940438,0.07907951307951308,0.20727272727272728,0.1137252527126669,0.563205212159174,0.12747463759180414
297,"OS_('ANS', ""{'proportion': 1.0, 'n_jobs': 1, 'random_state': 1}"")",KNeighborsClassifier(),0.8473667711598747,0.08824098124098123,0.36,0.13733673597456386,0.6120743292619272,0.1738937073674926
298,"OS_('ANS', ""{'proportion': 1.0, 'n_jobs': 1, 'random_state': 1}"")",MLPClassifier(random_state=1),0.8523706896551724,0.11474760116812681,0.41454545454545444,0.16726468996260158,0.6409641355616927,0.20797971545026334
299,"OS_('ANS', ""{'proportion': 1.0, 'n_jobs': 1, 'random_state': 1}"")","Pipeline(steps=[('standardscaler', StandardScaler()),
                ('svc',
                 SVC(C=1, gamma='auto', kernel='linear', random_state=1))])",0.8248687304075235,0.12877826541651755,0.6218181818181818,0.2080497990656293,0.7268136738509428,0.2772958770711161
300,"OS_('cluster_SMOTE', ""{'proportion': 1.0, 'n_neighbors': 3, 'n_clusters': 3, 'n_jobs': 1, 'random_state': 1}"")",DecisionTreeClassifier(random_state=1),0.888064263322884,0.06225643862560698,0.17272727272727276,0.09115551115551117,0.5427087663354497,0.10343699389123476
301,"OS_('cluster_SMOTE', ""{'proportion': 1.0, 'n_neighbors': 3, 'n_clusters': 3, 'n_jobs': 1, 'random_state': 1}"")",KNeighborsClassifier(),0.8361304858934169,0.0652037037025293,0.2818181818181818,0.10530991111636272,0.568469379039376,0.1349409657104898
302,"OS_('cluster_SMOTE', ""{'proportion': 1.0, 'n_neighbors': 3, 'n_clusters': 3, 'n_jobs': 1, 'random_state': 1}"")",MLPClassifier(random_state=1),0.7992476489028213,0.09577773557507216,0.5290909090909091,0.16065593991255603,0.6688329584602684,0.22304636460579727
303,"OS_('cluster_SMOTE', ""{'proportion': 1.0, 'n_neighbors': 3, 'n_clusters': 3, 'n_jobs': 1, 'random_state': 1}"")","Pipeline(steps=[('standardscaler', StandardScaler()),
                ('svc',
                 SVC(C=1, gamma='auto', kernel='linear', random_state=1))])",0.7279467084639497,0.08111745393504623,0.6636363636363637,0.14386352838192176,0.6969512854824474,0.2306902410459529
