,OS,Algorithm,ACC,Precision,recall,F1-Score,AUC,G-measure
0,"OS_('SMOTE', ""{'proportion': 1.0, 'n_neighbors': 5, 'n_jobs': 1, 'random_state': 1}"")",DecisionTreeClassifier(random_state=1),0.9197159565580618,0.15045093795093795,0.3,0.19857397504456328,0.6199988120693751,0.21136927240450493
1,"OS_('SMOTE', ""{'proportion': 1.0, 'n_neighbors': 5, 'n_jobs': 1, 'random_state': 1}"")",KNeighborsClassifier(),0.8109440267335003,0.09414918414918413,0.5666666666666667,0.1609116809116809,0.6928041102399618,0.23013347296781678
2,"OS_('SMOTE', ""{'proportion': 1.0, 'n_neighbors': 5, 'n_jobs': 1, 'random_state': 1}"")",MLPClassifier(random_state=1),0.7474463937621831,0.08682764568549613,0.6666666666666667,0.15210731809335631,0.708374910905203,0.23767716471212436
3,"OS_('SMOTE', ""{'proportion': 1.0, 'n_neighbors': 5, 'n_jobs': 1, 'random_state': 1}"")","Pipeline(steps=[('standardscaler', StandardScaler()),
                ('svc',
                 SVC(C=1, gamma='auto', kernel='linear', random_state=1))])",0.7284154831523252,0.0829918282734757,0.6666666666666666,0.14609973274059962,0.6985477548111191,0.23218190159951219
4,"OS_('SMOTE_TomekLinks', ""{'proportion': 1.0, 'n_neighbors': 5, 'n_jobs': 1, 'random_state': 1}"")",DecisionTreeClassifier(random_state=1),0.911294903926483,0.11565802618434198,0.26666666666666666,0.16011145510835914,0.5995248277500594,0.17481093660869046
5,"OS_('SMOTE_TomekLinks', ""{'proportion': 1.0, 'n_neighbors': 5, 'n_jobs': 1, 'random_state': 1}"")",KNeighborsClassifier(),0.8098858256752994,0.09380904809476237,0.5666666666666667,0.16037296037296037,0.6922576621525302,0.22964996837029794
6,"OS_('SMOTE_TomekLinks', ""{'proportion': 1.0, 'n_neighbors': 5, 'n_jobs': 1, 'random_state': 1}"")",MLPClassifier(random_state=1),0.7463881927039822,0.08662643844203537,0.6666666666666667,0.1517655545936981,0.7078284628177712,0.23733231937584862
7,"OS_('SMOTE_TomekLinks', ""{'proportion': 1.0, 'n_neighbors': 5, 'n_jobs': 1, 'random_state': 1}"")","Pipeline(steps=[('standardscaler', StandardScaler()),
                ('svc',
                 SVC(C=1, gamma='auto', kernel='linear', random_state=1))])",0.7284154831523252,0.0829918282734757,0.6666666666666666,0.14609973274059962,0.6985477548111191,0.23218190159951219
8,"OS_('SMOTE_ENN', ""{'proportion': 1.0, 'n_neighbors': 5, 'n_jobs': 1, 'random_state': 1}"")",DecisionTreeClassifier(random_state=1),0.8880089111668058,0.0892857142857143,0.26666666666666666,0.13210084033613445,0.5875059396531243,0.15293659199803106
9,"OS_('SMOTE_ENN', ""{'proportion': 1.0, 'n_neighbors': 5, 'n_jobs': 1, 'random_state': 1}"")",KNeighborsClassifier(),0.7708159287106656,0.082005772005772,0.6,0.14395437592158902,0.6882038488952245,0.2212050026811848
10,"OS_('SMOTE_ENN', ""{'proportion': 1.0, 'n_neighbors': 5, 'n_jobs': 1, 'random_state': 1}"")",MLPClassifier(random_state=1),0.6903982177666388,0.0735877331550013,0.7,0.13213528988754586,0.6950374198146828,0.22445056066235147
11,"OS_('SMOTE_ENN', ""{'proportion': 1.0, 'n_neighbors': 5, 'n_jobs': 1, 'random_state': 1}"")","Pipeline(steps=[('standardscaler', StandardScaler()),
                ('svc',
                 SVC(C=1, gamma='auto', kernel='linear', random_state=1))])",0.6998941798941799,0.0787590323007784,0.7,0.1405345905472099,0.6999435732953195,0.23231964530886814
12,"OS_('Borderline_SMOTE2', ""{'proportion': 1.0, 'n_neighbors': 5, 'k_neighbors': 5, 'n_jobs': 1, 'random_state': 1}"")",DecisionTreeClassifier(random_state=1),0.9334391534391534,0.19206349206349205,0.26666666666666666,0.21373219373219374,0.6109586600142551,0.22092860764259004
13,"OS_('Borderline_SMOTE2', ""{'proportion': 1.0, 'n_neighbors': 5, 'k_neighbors': 5, 'n_jobs': 1, 'random_state': 1}"")",KNeighborsClassifier(),0.9228682818156502,0.19522943722943725,0.26666666666666666,0.21318477432329425,0.6055060584461868,0.22149552091716568
14,"OS_('Borderline_SMOTE2', ""{'proportion': 1.0, 'n_neighbors': 5, 'k_neighbors': 5, 'n_jobs': 1, 'random_state': 1}"")",MLPClassifier(random_state=1),0.8214035087719298,0.09035683838752892,0.4333333333333334,0.14572425325798638,0.6337164409598479,0.19307542778058553
15,"OS_('Borderline_SMOTE2', ""{'proportion': 1.0, 'n_neighbors': 5, 'k_neighbors': 5, 'n_jobs': 1, 'random_state': 1}"")","Pipeline(steps=[('standardscaler', StandardScaler()),
                ('svc',
                 SVC(C=1, gamma='auto', kernel='linear', random_state=1))])",0.7727596769702032,0.07642826656911164,0.4666666666666666,0.12733780380839205,0.6247178664765978,0.18259415947100777
16,"OS_('ADASYN', ""{'n_neighbors': 5, 'd_th': 0.9, 'beta': 1.0, 'n_jobs': 1, 'random_state': 1}"")",DecisionTreeClassifier(random_state=1),0.9112503480924534,0.1400134952766532,0.2666666666666667,0.1791578947368421,0.5995099786172488,0.19071234973229773
17,"OS_('ADASYN', ""{'n_neighbors': 5, 'd_th': 0.9, 'beta': 1.0, 'n_jobs': 1, 'random_state': 1}"")",KNeighborsClassifier(),0.8098969646338068,0.09472506243876862,0.5666666666666667,0.16147186147186146,0.6922636018056545,0.23042701526634954
18,"OS_('ADASYN', ""{'n_neighbors': 5, 'd_th': 0.9, 'beta': 1.0, 'n_jobs': 1, 'random_state': 1}"")",MLPClassifier(random_state=1),0.7400612642717905,0.08342916113813947,0.6666666666666667,0.14712387028176502,0.7045616535994298,0.23349083115217134
19,"OS_('ADASYN', ""{'n_neighbors': 5, 'd_th': 0.9, 'beta': 1.0, 'n_jobs': 1, 'random_state': 1}"")","Pipeline(steps=[('standardscaler', StandardScaler()),
                ('svc',
                 SVC(C=1, gamma='auto', kernel='linear', random_state=1))])",0.7104817599554442,0.07953865870602625,0.7,0.14202638725309136,0.7054110239961986,0.2340618476181003
20,"OS_('AHC', ""{'strategy': 'min', 'n_jobs': 1, 'random_state': 1}"")",DecisionTreeClassifier(random_state=1),0.935566694514063,0.14250000000000002,0.26666666666666666,0.18311688311688312,0.6120545260156807,0.19338431292792518
21,"OS_('AHC', ""{'strategy': 'min', 'n_jobs': 1, 'random_state': 1}"")",KNeighborsClassifier(),0.9471567808409913,0.2901960784313725,0.2,0.20144927536231885,0.5857982893799002,0.2217426222236588
22,"OS_('AHC', ""{'strategy': 'min', 'n_jobs': 1, 'random_state': 1}"")",MLPClassifier(random_state=1),0.9693790030632135,0.2,0.03333333333333333,0.05714285714285714,0.5166666666666667,0.08164965809277261
23,"OS_('AHC', ""{'strategy': 'min', 'n_jobs': 1, 'random_state': 1}"")","Pipeline(steps=[('standardscaler', StandardScaler()),
                ('svc',
                 SVC(C=1, gamma='auto', kernel='linear', random_state=1))])",0.9683208020050126,0.0,0.0,0.0,0.5,0.0
24,"OS_('LLE_SMOTE', ""{'proportion': 1.0, 'n_neighbors': 5, 'n_components': 2, 'n_jobs': 1, 'random_state': 1}"")",DecisionTreeClassifier(random_state=1),0.924990253411306,0.09484126984126984,0.16666666666666666,0.11636363636363636,0.5582293894036588,0.12319650410090972
25,"OS_('LLE_SMOTE', ""{'proportion': 1.0, 'n_neighbors': 5, 'n_components': 2, 'n_jobs': 1, 'random_state': 1}"")",KNeighborsClassifier(),0.9197159565580618,0.11645021645021644,0.2333333333333333,0.15392156862745096,0.587752435257781,0.1639600343053765
26,"OS_('LLE_SMOTE', ""{'proportion': 1.0, 'n_neighbors': 5, 'n_components': 2, 'n_jobs': 1, 'random_state': 1}"")",MLPClassifier(random_state=1),0.8077137287663604,0.09315601020084344,0.5666666666666667,0.15816123816123817,0.6911320978854836,0.22696527224575389
27,"OS_('LLE_SMOTE', ""{'proportion': 1.0, 'n_neighbors': 5, 'n_components': 2, 'n_jobs': 1, 'random_state': 1}"")","Pipeline(steps=[('standardscaler', StandardScaler()),
                ('svc',
                 SVC(C=1, gamma='auto', kernel='linear', random_state=1))])",0.7548203842940685,0.08174281997811408,0.5666666666666667,0.140865275142315,0.6638215728201473,0.21165159032118885
28,"OS_('distance_SMOTE', ""{'proportion': 1.0, 'n_neighbors': 5, 'n_jobs': 1, 'random_state': 1}"")",DecisionTreeClassifier(random_state=1),0.9376719576719577,0.18025974025974026,0.26666666666666666,0.21289592760180995,0.613144452363982,0.21807668251428697
29,"OS_('distance_SMOTE', ""{'proportion': 1.0, 'n_neighbors': 5, 'n_jobs': 1, 'random_state': 1}"")",KNeighborsClassifier(),0.8489167362851573,0.09365219827019489,0.4333333333333333,0.15247911039215387,0.6479211214065099,0.19971017509611894
30,"OS_('distance_SMOTE', ""{'proportion': 1.0, 'n_neighbors': 5, 'n_jobs': 1, 'random_state': 1}"")",MLPClassifier(random_state=1),0.7611584516847675,0.09489143872602131,0.6666666666666667,0.1637373568289681,0.7154549774293181,0.2473236595044094
31,"OS_('distance_SMOTE', ""{'proportion': 1.0, 'n_neighbors': 5, 'n_jobs': 1, 'random_state': 1}"")","Pipeline(steps=[('standardscaler', StandardScaler()),
                ('svc',
                 SVC(C=1, gamma='auto', kernel='linear', random_state=1))])",0.7168142578668895,0.08186067019400353,0.7,0.14564653157292323,0.7086808030411025,0.23726937535343331
32,"OS_('SMMO', ""{'proportion': 1.0, 'n_neighbors': 5, 'ensemble': [QuadraticDiscriminantAnalysis(), DecisionTreeClassifier(random_state=2), GaussianNB()], 'n_jobs': 1, 'random_state': 1}"")",DecisionTreeClassifier(random_state=1),0.9451072124756335,0.2504273504273504,0.36666666666666664,0.2842105263157894,0.6653510334996435,0.2960008892608662
33,"OS_('SMMO', ""{'proportion': 1.0, 'n_neighbors': 5, 'ensemble': [QuadraticDiscriminantAnalysis(), DecisionTreeClassifier(random_state=2), GaussianNB()], 'n_jobs': 1, 'random_state': 1}"")",KNeighborsClassifier(),0.9672570314675577,0.2,0.03333333333333333,0.05714285714285714,0.5155737704918033,0.08164965809277261
34,"OS_('SMMO', ""{'proportion': 1.0, 'n_neighbors': 5, 'ensemble': [QuadraticDiscriminantAnalysis(), DecisionTreeClassifier(random_state=2), GaussianNB()], 'n_jobs': 1, 'random_state': 1}"")",MLPClassifier(random_state=1),0.9683208020050126,0.0,0.0,0.0,0.5,0.0
35,"OS_('SMMO', ""{'proportion': 1.0, 'n_neighbors': 5, 'ensemble': [QuadraticDiscriminantAnalysis(), DecisionTreeClassifier(random_state=2), GaussianNB()], 'n_jobs': 1, 'random_state': 1}"")","Pipeline(steps=[('standardscaler', StandardScaler()),
                ('svc',
                 SVC(C=1, gamma='auto', kernel='linear', random_state=1))])",0.9683208020050126,0.0,0.0,0.0,0.5,0.0
36,"OS_('polynom_fit_SMOTE', ""{'proportion': 1.0, 'topology': 'star', 'random_state': 1}"")",DecisionTreeClassifier(random_state=1),0.917593984962406,0.0857516339869281,0.13333333333333333,0.09781291172595521,0.5382899738655263,0.10333729158366892
37,"OS_('polynom_fit_SMOTE', ""{'proportion': 1.0, 'topology': 'star', 'random_state': 1}"")",KNeighborsClassifier(),0.8129768866610971,0.08672815657941516,0.5,0.14585825742666675,0.6616060822047991,0.20540802169714426
38,"OS_('polynom_fit_SMOTE', ""{'proportion': 1.0, 'topology': 'star', 'random_state': 1}"")",MLPClassifier(random_state=1),0.783375104427736,0.09126808057842542,0.6,0.15654996646545943,0.6946840104537895,0.2308805645810045
39,"OS_('polynom_fit_SMOTE', ""{'proportion': 1.0, 'topology': 'star', 'random_state': 1}"")","Pipeline(steps=[('standardscaler', StandardScaler()),
                ('svc',
                 SVC(C=1, gamma='auto', kernel='linear', random_state=1))])",0.7717627401837928,0.08871378582458526,0.6,0.15328849211202153,0.6886909004514136,0.22841004651441713
40,"OS_('Stefanowski', ""{'strategy': 'weak_amp', 'n_jobs': 1}"")",DecisionTreeClassifier(random_state=1),0.9408354218880535,0.2317216117216117,0.3666666666666667,0.2747059957586273,0.6631414825374199,0.28639449893994745
41,"OS_('Stefanowski', ""{'strategy': 'weak_amp', 'n_jobs': 1}"")",KNeighborsClassifier(),0.9017655249234195,0.1593610016380415,0.4333333333333333,0.22552775888016163,0.6752108576859112,0.257220866026703
42,"OS_('Stefanowski', ""{'strategy': 'weak_amp', 'n_jobs': 1}"")",MLPClassifier(random_state=1),0.9693790030632135,0.4,0.13333333333333333,0.18714285714285714,0.5650273224043716,0.22103434310450779
43,"OS_('Stefanowski', ""{'strategy': 'weak_amp', 'n_jobs': 1}"")","Pipeline(steps=[('standardscaler', StandardScaler()),
                ('svc',
                 SVC(C=1, gamma='auto', kernel='linear', random_state=1))])",0.9683208020050126,0.0,0.0,0.0,0.5,0.0
44,"OS_('ADOMS', ""{'proportion': 1.0, 'n_neighbors': 5, 'n_jobs': 1, 'random_state': 1}"")",DecisionTreeClassifier(random_state=1),0.9123363965469228,0.1314075630252101,0.26666666666666666,0.17271597967250144,0.6000623663578046,0.18523754839608617
45,"OS_('ADOMS', ""{'proportion': 1.0, 'n_neighbors': 5, 'n_jobs': 1, 'random_state': 1}"")",KNeighborsClassifier(),0.8098691172375384,0.0910648148148148,0.5333333333333333,0.15408085430968727,0.6761255642670468,0.21825300604257988
46,"OS_('ADOMS', ""{'proportion': 1.0, 'n_neighbors': 5, 'n_jobs': 1, 'random_state': 1}"")",MLPClassifier(random_state=1),0.7506934001670843,0.08286953619657912,0.6666666666666667,0.1469390307204814,0.7100528629128059,0.23407605171769275
47,"OS_('ADOMS', ""{'proportion': 1.0, 'n_neighbors': 5, 'n_jobs': 1, 'random_state': 1}"")","Pipeline(steps=[('standardscaler', StandardScaler()),
                ('svc',
                 SVC(C=1, gamma='auto', kernel='linear', random_state=1))])",0.7220941241993873,0.08203676946829716,0.7,0.1456351359358617,0.7114041339985744,0.23687350088928896
48,"OS_('Safe_Level_SMOTE', ""{'proportion': 1.0, 'n_neighbors': 5, 'n_jobs': 1, 'random_state': 1}"")",DecisionTreeClassifier(random_state=1),0.9091506544138124,0.09888888888888889,0.2333333333333333,0.13632478632478634,0.5822938940365883,0.15021485910196994
49,"OS_('Safe_Level_SMOTE', ""{'proportion': 1.0, 'n_neighbors': 5, 'n_jobs': 1, 'random_state': 1}"")",KNeighborsClassifier(),0.9123029796714007,0.09318181818181819,0.16666666666666666,0.11876750700280111,0.5516868614872891,0.12419648977400259
50,"OS_('Safe_Level_SMOTE', ""{'proportion': 1.0, 'n_neighbors': 5, 'n_jobs': 1, 'random_state': 1}"")",MLPClassifier(random_state=1),0.9683208020050126,0.2,0.06666666666666667,0.1,0.5322404371584699,0.11547005383792515
51,"OS_('Safe_Level_SMOTE', ""{'proportion': 1.0, 'n_neighbors': 5, 'n_jobs': 1, 'random_state': 1}"")","Pipeline(steps=[('standardscaler', StandardScaler()),
                ('svc',
                 SVC(C=1, gamma='auto', kernel='linear', random_state=1))])",0.9683208020050126,0.0,0.0,0.0,0.5,0.0
52,"OS_('MSMOTE', ""{'proportion': 1.0, 'n_neighbors': 5, 'n_jobs': 1, 'random_state': 1}"")",DecisionTreeClassifier(random_state=1),0.9366304650515177,0.11767399267399266,0.16666666666666666,0.1347792558318874,0.5642432881919696,0.13835259815101683
53,"OS_('MSMOTE', ""{'proportion': 1.0, 'n_neighbors': 5, 'n_jobs': 1, 'random_state': 1}"")",KNeighborsClassifier(),0.9323753829016986,0.1762121212121212,0.2333333333333333,0.18998217468805703,0.5942949631741508,0.1968845689216218
54,"OS_('MSMOTE', ""{'proportion': 1.0, 'n_neighbors': 5, 'n_jobs': 1, 'random_state': 1}"")",MLPClassifier(random_state=1),0.841470342522974,0.10971012867547372,0.4333333333333334,0.16786605602807353,0.6440781658351152,0.21052897899622325
55,"OS_('MSMOTE', ""{'proportion': 1.0, 'n_neighbors': 5, 'n_jobs': 1, 'random_state': 1}"")","Pipeline(steps=[('standardscaler', StandardScaler()),
                ('svc',
                 SVC(C=1, gamma='auto', kernel='linear', random_state=1))])",0.8139793929267614,0.08058174848886923,0.36666666666666664,0.12483157168283028,0.5976360180565455,0.16348634393382025
56,"OS_('DE_oversampling', ""{'proportion': 1.0, 'n_neighbors': 5, 'crossover_rate': 0.5, 'similarity_threshold': 0.5, 'n_clusters': 30, 'n_jobs': 1, 'random_state': 1}"")",DecisionTreeClassifier(random_state=1),0.8247229184071289,0.054377629495093074,0.26666666666666666,0.08906931421217136,0.5548289379900215,0.11901270548787864
57,"OS_('DE_oversampling', ""{'proportion': 1.0, 'n_neighbors': 5, 'crossover_rate': 0.5, 'similarity_threshold': 0.5, 'n_clusters': 30, 'n_jobs': 1, 'random_state': 1}"")",KNeighborsClassifier(),0.7950654413812309,0.07440799596086248,0.4666666666666666,0.12697401652138834,0.6362407935376574,0.18416520715279922
58,"OS_('DE_oversampling', ""{'proportion': 1.0, 'n_neighbors': 5, 'crossover_rate': 0.5, 'similarity_threshold': 0.5, 'n_clusters': 30, 'n_jobs': 1, 'random_state': 1}"")",MLPClassifier(random_state=1),0.7126705653021442,0.07576313319466088,0.7,0.13625895408707892,0.7065395580898075,0.22916663662936454
59,"OS_('DE_oversampling', ""{'proportion': 1.0, 'n_neighbors': 5, 'crossover_rate': 0.5, 'similarity_threshold': 0.5, 'n_clusters': 30, 'n_jobs': 1, 'random_state': 1}"")","Pipeline(steps=[('standardscaler', StandardScaler()),
                ('svc',
                 SVC(C=1, gamma='auto', kernel='linear', random_state=1))])",0.6862378167641325,0.06897924427988499,0.6666666666666666,0.12441551567071371,0.6767700166310286,0.21292200136732514
60,"OS_('SMOBD', ""{'proportion': 1.0, 'eta1': 0.5, 't': 1.8, 'min_samples': 5, 'max_eps': 1.0, 'n_jobs': 1, 'random_state': 1}"")",DecisionTreeClassifier(random_state=1),0.9292174881648567,0.18613199665831243,0.3333333333333333,0.23199999999999998,0.6410192444761227,0.24512834365776226
61,"OS_('SMOBD', ""{'proportion': 1.0, 'eta1': 0.5, 't': 1.8, 'min_samples': 5, 'max_eps': 1.0, 'n_jobs': 1, 'random_state': 1}"")",KNeighborsClassifier(),0.8215148983570035,0.09982078853046594,0.5666666666666667,0.16895336895336893,0.6982626514611546,0.23670227856620008
62,"OS_('SMOBD', ""{'proportion': 1.0, 'eta1': 0.5, 't': 1.8, 'min_samples': 5, 'max_eps': 1.0, 'n_jobs': 1, 'random_state': 1}"")",MLPClassifier(random_state=1),0.746410470620997,0.08456403920599621,0.6666666666666667,0.14898989898989898,0.70784034212402,0.23521643088776192
63,"OS_('SMOBD', ""{'proportion': 1.0, 'eta1': 0.5, 't': 1.8, 'min_samples': 5, 'max_eps': 1.0, 'n_jobs': 1, 'random_state': 1}"")","Pipeline(steps=[('standardscaler', StandardScaler()),
                ('svc',
                 SVC(C=1, gamma='auto', kernel='linear', random_state=1))])",0.7294681147312726,0.08367167919799498,0.6666666666666666,0.14712242653964927,0.6990912330719886,0.23303843855135226
64,"OS_('SUNDO', ""{'n_jobs': 1, 'random_state': 1}"")",DecisionTreeClassifier(random_state=1),0.863842940685046,0.10089898659692709,0.4,0.15956112852664578,0.6395105725825612,0.19938782801042504
65,"OS_('SUNDO', ""{'n_jobs': 1, 'random_state': 1}"")",KNeighborsClassifier(),0.9408855472013368,0.21523809523809523,0.33333333333333337,0.26076923076923075,0.6470450225706819,0.26742966193348766
66,"OS_('SUNDO', ""{'n_jobs': 1, 'random_state': 1}"")",MLPClassifier(random_state=1),0.9207908660540239,0.17792038027332147,0.4,0.2418571709620303,0.6689148253741981,0.26394319003882016
67,"OS_('SUNDO', ""{'n_jobs': 1, 'random_state': 1}"")","Pipeline(steps=[('standardscaler', StandardScaler()),
                ('svc',
                 SVC(C=1, gamma='auto', kernel='linear', random_state=1))])",0.8563130047340574,0.12301587301587302,0.4666666666666666,0.19159675449998032,0.6678635067712045,0.23617548779488368
68,"OS_('MSYN', ""{'pressure': 1.5, 'n_neighbors': 5, 'n_jobs': 1, 'random_state': 1}"")",DecisionTreeClassifier(random_state=1),0.9344806460595934,0.24773279352226724,0.4333333333333334,0.3075864661654135,0.6921062009978617,0.32315674047518117
69,"OS_('MSYN', ""{'pressure': 1.5, 'n_neighbors': 5, 'n_jobs': 1, 'random_state': 1}"")",KNeighborsClassifier(),0.8742968532442216,0.1306138306138306,0.5,0.20460317460317462,0.6932703730102162,0.25296927447520534
70,"OS_('MSYN', ""{'pressure': 1.5, 'n_neighbors': 5, 'n_jobs': 1, 'random_state': 1}"")",MLPClassifier(random_state=1),0.7971205792258423,0.10573185612296772,0.6666666666666667,0.18066581355431224,0.7340253029223093,0.26253033276633964
71,"OS_('MSYN', ""{'pressure': 1.5, 'n_neighbors': 5, 'n_jobs': 1, 'random_state': 1}"")","Pipeline(steps=[('standardscaler', StandardScaler()),
                ('svc',
                 SVC(C=1, gamma='auto', kernel='linear', random_state=1))])",0.7781008075744917,0.09940511101801426,0.6666666666666666,0.17153911806543384,0.7242040864813495,0.25482688771849016
72,"OS_('SVM_balance', ""{'proportion': 1.0, 'n_neighbors': 5, 'n_jobs': 1, 'random_state': 1}"")",DecisionTreeClassifier(random_state=1),0.8183347257031468,0.07325637325637326,0.3666666666666666,0.12094572094572094,0.5998960560703255,0.1624722900880898
73,"OS_('SVM_balance', ""{'proportion': 1.0, 'n_neighbors': 5, 'n_jobs': 1, 'random_state': 1}"")",KNeighborsClassifier(),0.7507490949596213,0.07624319972146058,0.6,0.13487555763889553,0.6778421240199571,0.2130642511703134
74,"OS_('SVM_balance', ""{'proportion': 1.0, 'n_neighbors': 5, 'n_jobs': 1, 'random_state': 1}"")",MLPClassifier(random_state=1),0.6766750208855472,0.07360451962779281,0.7333333333333333,0.13279034008806617,0.7040746020432407,0.22989421315720265
75,"OS_('SVM_balance', ""{'proportion': 1.0, 'n_neighbors': 5, 'n_jobs': 1, 'random_state': 1}"")","Pipeline(steps=[('standardscaler', StandardScaler()),
                ('svc',
                 SVC(C=1, gamma='auto', kernel='linear', random_state=1))])",0.6671790587580062,0.07151701345249732,0.7333333333333333,0.12961626187432637,0.6991714183891661,0.2271304712031165
76,"OS_('TRIM_SMOTE', ""{'proportion': 1.0, 'n_neighbors': 5, 'min_precision': 0.3, 'n_jobs': 1, 'random_state': 1}"")",DecisionTreeClassifier(random_state=1),0.9345252018936229,0.1757908757908758,0.26666666666666666,0.20756529332380724,0.6115199572344975,0.21420064927155358
77,"OS_('TRIM_SMOTE', ""{'proportion': 1.0, 'n_neighbors': 5, 'min_precision': 0.3, 'n_jobs': 1, 'random_state': 1}"")",KNeighborsClassifier(),0.9207630186577556,0.20541501976284585,0.4333333333333333,0.25713995943204865,0.6850201948206224,0.28549541588964295
78,"OS_('TRIM_SMOTE', ""{'proportion': 1.0, 'n_neighbors': 5, 'min_precision': 0.3, 'n_jobs': 1, 'random_state': 1}"")",MLPClassifier(random_state=1),0.8732052353104984,0.13280237243689635,0.5,0.2027148220990524,0.6927061059634118,0.25107634050032324
79,"OS_('TRIM_SMOTE', ""{'proportion': 1.0, 'n_neighbors': 5, 'min_precision': 0.3, 'n_jobs': 1, 'random_state': 1}"")","Pipeline(steps=[('standardscaler', StandardScaler()),
                ('svc',
                 SVC(C=1, gamma='auto', kernel='linear', random_state=1))])",0.8668615984405458,0.13996240601503757,0.5333333333333333,0.21122544844496066,0.7055535756711808,0.26387510213147086
80,"OS_('SMOTE_RSB', ""{'proportion': 2.0, 'n_neighbors': 5, 'n_jobs': 1, 'random_state': 1}"")",DecisionTreeClassifier(random_state=1),0.914469507101086,0.10781512605042017,0.2333333333333333,0.14644927536231883,0.5850439534331195,0.15795825783603706
81,"OS_('SMOTE_RSB', ""{'proportion': 2.0, 'n_neighbors': 5, 'n_jobs': 1, 'random_state': 1}"")",KNeighborsClassifier(),0.8332386521860207,0.06797365754812563,0.4333333333333333,0.11729669318256523,0.6398372535043952,0.17127200290150194
82,"OS_('SMOTE_RSB', ""{'proportion': 2.0, 'n_neighbors': 5, 'n_jobs': 1, 'random_state': 1}"")",MLPClassifier(random_state=1),0.7190866054023949,0.0564102290364701,0.6,0.10282737132505845,0.6614991684485625,0.18310750633399112
83,"OS_('SMOTE_RSB', ""{'proportion': 2.0, 'n_neighbors': 5, 'n_jobs': 1, 'random_state': 1}"")","Pipeline(steps=[('standardscaler', StandardScaler()),
                ('svc',
                 SVC(C=1, gamma='auto', kernel='linear', random_state=1))])",0.6948203842940686,0.050447941737644816,0.6,0.0927807202561886,0.6489665003563792,0.17306797713859262
84,"OS_('ProWSyn', ""{'proportion': 1.0, 'n_neighbors': 5, 'L': 5, 'theta': 1.0, 'n_jobs': 1, 'random_state': 1}"")",DecisionTreeClassifier(random_state=1),0.8647897521581731,0.08524066924066924,0.3333333333333333,0.13264538356811423,0.6077542171537182,0.16563075795641935
85,"OS_('ProWSyn', ""{'proportion': 1.0, 'n_neighbors': 5, 'L': 5, 'theta': 1.0, 'n_jobs': 1, 'random_state': 1}"")",KNeighborsClassifier(),0.7528209412419938,0.07279321011504057,0.5666666666666667,0.12861583959967307,0.6627880731765264,0.2023067069000109
86,"OS_('ProWSyn', ""{'proportion': 1.0, 'n_neighbors': 5, 'L': 5, 'theta': 1.0, 'n_jobs': 1, 'random_state': 1}"")",MLPClassifier(random_state=1),0.7548816485658592,0.08615343532570005,0.6666666666666667,0.15172831633878983,0.7122148966500357,0.23798499674003876
87,"OS_('ProWSyn', ""{'proportion': 1.0, 'n_neighbors': 5, 'L': 5, 'theta': 1.0, 'n_jobs': 1, 'random_state': 1}"")","Pipeline(steps=[('standardscaler', StandardScaler()),
                ('svc',
                 SVC(C=1, gamma='auto', kernel='linear', random_state=1))])",0.7358340295182401,0.08341117306634548,0.6666666666666666,0.14716785575110614,0.7023788310762651,0.23352054098753813
88,"OS_('SL_graph_SMOTE', ""{'proportion': 1.0, 'n_neighbors': 5, 'n_jobs': 1, 'random_state': 1}"")",DecisionTreeClassifier(random_state=1),0.9281648565859092,0.1538239538239538,0.26666666666666666,0.19116138763197585,0.608235329056783,0.20023694242289913
89,"OS_('SL_graph_SMOTE', ""{'proportion': 1.0, 'n_neighbors': 5, 'n_jobs': 1, 'random_state': 1}"")",KNeighborsClassifier(),0.9006516290726816,0.17904761904761907,0.33333333333333337,0.21627846408334211,0.6262740555951533,0.23405914081140516
90,"OS_('SL_graph_SMOTE', ""{'proportion': 1.0, 'n_neighbors': 5, 'n_jobs': 1, 'random_state': 1}"")",MLPClassifier(random_state=1),0.855187969924812,0.12931942271564914,0.4666666666666666,0.19203426403405413,0.6672814207650273,0.2356006299678426
91,"OS_('SL_graph_SMOTE', ""{'proportion': 1.0, 'n_neighbors': 5, 'n_jobs': 1, 'random_state': 1}"")","Pipeline(steps=[('standardscaler', StandardScaler()),
                ('svc',
                 SVC(C=1, gamma='auto', kernel='linear', random_state=1))])",0.8245558340295183,0.09187552213868003,0.4,0.14207792207792208,0.6192207175100974,0.18362492102790862
92,"OS_('NRSBoundary_SMOTE', ""{'proportion': 1.0, 'n_neighbors': 5, 'w': 0.005, 'n_jobs': 1, 'random_state': 1}"")",DecisionTreeClassifier(random_state=1),0.9281592871066555,0.13492063492063494,0.19999999999999998,0.15598290598290598,0.5759889522451889,0.16144013437026078
93,"OS_('NRSBoundary_SMOTE', ""{'proportion': 1.0, 'n_neighbors': 5, 'w': 0.005, 'n_jobs': 1, 'random_state': 1}"")",KNeighborsClassifier(),0.8436814257866889,0.11388047513131414,0.5333333333333333,0.18481436538579393,0.6935851746258018,0.24321574998601414
94,"OS_('NRSBoundary_SMOTE', ""{'proportion': 1.0, 'n_neighbors': 5, 'w': 0.005, 'n_jobs': 1, 'random_state': 1}"")",MLPClassifier(random_state=1),0.7580116959064328,0.09849610199535312,0.7333333333333333,0.17212194431287645,0.7460738892848657,0.26583088232490876
95,"OS_('NRSBoundary_SMOTE', ""{'proportion': 1.0, 'n_neighbors': 5, 'w': 0.005, 'n_jobs': 1, 'random_state': 1}"")","Pipeline(steps=[('standardscaler', StandardScaler()),
                ('svc',
                 SVC(C=1, gamma='auto', kernel='linear', random_state=1))])",0.7273572820941242,0.08648296148296147,0.7,0.15254637835282997,0.7141244951294844,0.24317439791705797
96,"OS_('LVQ_SMOTE', ""{'proportion': 1.0, 'n_neighbors': 5, 'n_clusters': 10, 'n_jobs': 1, 'random_state': 1}"")",DecisionTreeClassifier(random_state=1),0.8648064605959342,0.10556565656565657,0.4333333333333333,0.16922249793217534,0.6561237823711096,0.2133282326760658
97,"OS_('LVQ_SMOTE', ""{'proportion': 1.0, 'n_neighbors': 5, 'n_clusters': 10, 'n_jobs': 1, 'random_state': 1}"")",KNeighborsClassifier(),0.8099081035923141,0.08812260857422148,0.5333333333333333,0.15048460675059144,0.6761493228795438,0.21563704033686132
98,"OS_('LVQ_SMOTE', ""{'proportion': 1.0, 'n_neighbors': 5, 'n_clusters': 10, 'n_jobs': 1, 'random_state': 1}"")",MLPClassifier(random_state=1),0.811974380395433,0.11289949010457176,0.6333333333333333,0.18958716080667298,0.7255761463530529,0.26441942774789695
99,"OS_('LVQ_SMOTE', ""{'proportion': 1.0, 'n_neighbors': 5, 'n_clusters': 10, 'n_jobs': 1, 'random_state': 1}"")","Pipeline(steps=[('standardscaler', StandardScaler()),
                ('svc',
                 SVC(C=1, gamma='auto', kernel='linear', random_state=1))])",0.7686048454469507,0.09570629086917092,0.6666666666666666,0.1661582316703431,0.719300902827275,0.25027876063741183
100,"OS_('SOI_CJ', ""{'proportion': 1.0, 'n_neighbors': 5, 'method': 'interpolation', 'n_jobs': 1, 'random_state': 1}"")",DecisionTreeClassifier(random_state=1),0.9398273461431357,0.22495837495837495,0.36666666666666664,0.2718425021830594,0.6626247327156094,0.283438475705174
101,"OS_('SOI_CJ', ""{'proportion': 1.0, 'n_neighbors': 5, 'method': 'interpolation', 'n_jobs': 1, 'random_state': 1}"")",KNeighborsClassifier(),0.9672570314675577,0.3,0.06666666666666667,0.10714285714285714,0.5316969588976004,0.13938468501173518
102,"OS_('SOI_CJ', ""{'proportion': 1.0, 'n_neighbors': 5, 'method': 'interpolation', 'n_jobs': 1, 'random_state': 1}"")",MLPClassifier(random_state=1),0.9609301030353661,0.1733333333333333,0.13333333333333333,0.1496969696969697,0.5606676170111665,0.151497828593117
103,"OS_('SOI_CJ', ""{'proportion': 1.0, 'n_neighbors': 5, 'method': 'interpolation', 'n_jobs': 1, 'random_state': 1}"")","Pipeline(steps=[('standardscaler', StandardScaler()),
                ('svc',
                 SVC(C=1, gamma='auto', kernel='linear', random_state=1))])",0.9619938735728211,0.20666666666666664,0.13333333333333333,0.15858585858585855,0.5612170349251604,0.16412907465855073
104,"OS_('ROSE', ""{'proportion': 1.0, 'random_state': 1}"")",DecisionTreeClassifier(random_state=1),0.8649122807017544,0.08520562770562772,0.3,0.1308987308987309,0.5916963649322879,0.15820964013520758
105,"OS_('ROSE', ""{'proportion': 1.0, 'random_state': 1}"")",KNeighborsClassifier(),0.8341966026176552,0.10003411306042884,0.5333333333333333,0.16820839978734714,0.6886879306248515,0.2306392821137754
106,"OS_('ROSE', ""{'proportion': 1.0, 'random_state': 1}"")",MLPClassifier(random_state=1),0.7971762740183793,0.09849479725640717,0.6333333333333333,0.16986239566884725,0.7179347826086957,0.24871282708005354
107,"OS_('ROSE', ""{'proportion': 1.0, 'random_state': 1}"")","Pipeline(steps=[('standardscaler', StandardScaler()),
                ('svc',
                 SVC(C=1, gamma='auto', kernel='linear', random_state=1))])",0.7252520189362295,0.07809163824353697,0.6333333333333333,0.13777886348337784,0.6807941316227132,0.21971333554801972
108,"OS_('SMOTE_OUT', ""{'proportion': 1.0, 'n_neighbors': 5, 'n_jobs': 1, 'random_state': 1}"")",DecisionTreeClassifier(random_state=1),0.9091562238930659,0.10098852901484481,0.2333333333333333,0.13950930356193514,0.5822998336897125,0.15255704336651243
109,"OS_('SMOTE_OUT', ""{'proportion': 1.0, 'n_neighbors': 5, 'n_jobs': 1, 'random_state': 1}"")",KNeighborsClassifier(),0.8109384572542467,0.09427331132976294,0.5666666666666667,0.16117331768882653,0.6928011404133997,0.23039567506768255
110,"OS_('SMOTE_OUT', ""{'proportion': 1.0, 'n_neighbors': 5, 'n_jobs': 1, 'random_state': 1}"")",MLPClassifier(random_state=1),0.7453522695627959,0.08441807353572059,0.6666666666666667,0.14873380140236006,0.7072938940365883,0.23495354667267937
111,"OS_('SMOTE_OUT', ""{'proportion': 1.0, 'n_neighbors': 5, 'n_jobs': 1, 'random_state': 1}"")","Pipeline(steps=[('standardscaler', StandardScaler()),
                ('svc',
                 SVC(C=1, gamma='auto', kernel='linear', random_state=1))])",0.7284321915900864,0.08552386768265449,0.7,0.15135650190847724,0.7146798526966024,0.24241117588527908
112,"OS_('SMOTE_Cosine', ""{'proportion': 1.0, 'n_neighbors': 5, 'n_jobs': 1, 'random_state': 1}"")",DecisionTreeClassifier(random_state=1),0.9049178501810081,0.06305555555555556,0.13333333333333333,0.08318181818181818,0.5317444761225945,0.0901155228621668
113,"OS_('SMOTE_Cosine', ""{'proportion': 1.0, 'n_neighbors': 5, 'n_jobs': 1, 'random_state': 1}"")",KNeighborsClassifier(),0.7993093845725425,0.08484943977591038,0.5333333333333333,0.14555982054247354,0.6706759325255405,0.211353994647206
114,"OS_('SMOTE_Cosine', ""{'proportion': 1.0, 'n_neighbors': 5, 'n_jobs': 1, 'random_state': 1}"")",MLPClassifier(random_state=1),0.7463770537454748,0.08967688660039101,0.6666666666666666,0.1566122376618631,0.7078254929912093,0.24168184722667174
115,"OS_('SMOTE_Cosine', ""{'proportion': 1.0, 'n_neighbors': 5, 'n_jobs': 1, 'random_state': 1}"")","Pipeline(steps=[('standardscaler', StandardScaler()),
                ('svc',
                 SVC(C=1, gamma='auto', kernel='linear', random_state=1))])",0.7210582010582011,0.08197261446298673,0.7,0.14599404663729257,0.7108725350439534,0.23779673678815194
116,"OS_('Selected_SMOTE', ""{'proportion': 1.0, 'n_neighbors': 5, 'perc_sign_attr': 0.5, 'n_jobs': 1, 'random_state': 1}"")",DecisionTreeClassifier(random_state=1),0.9239209133945977,0.21818181818181817,0.39999999999999997,0.27445887445887446,0.6705333808505582,0.29068860565358706
117,"OS_('Selected_SMOTE', ""{'proportion': 1.0, 'n_neighbors': 5, 'perc_sign_attr': 0.5, 'n_jobs': 1, 'random_state': 1}"")",KNeighborsClassifier(),0.808833194096352,0.09233797743876132,0.5666666666666667,0.15843869196256144,0.6917141838916606,0.2281863236768867
118,"OS_('Selected_SMOTE', ""{'proportion': 1.0, 'n_neighbors': 5, 'perc_sign_attr': 0.5, 'n_jobs': 1, 'random_state': 1}"")",MLPClassifier(random_state=1),0.7527318295739349,0.09239042334816984,0.7,0.16185373766018926,0.7272273699215965,0.2516296586152002
119,"OS_('Selected_SMOTE', ""{'proportion': 1.0, 'n_neighbors': 5, 'perc_sign_attr': 0.5, 'n_jobs': 1, 'random_state': 1}"")","Pipeline(steps=[('standardscaler', StandardScaler()),
                ('svc',
                 SVC(C=1, gamma='auto', kernel='linear', random_state=1))])",0.7242160957950432,0.08358281275506343,0.7,0.14836110860074694,0.7125029698265621,0.23976329407993496
120,"OS_('LN_SMOTE', ""{'proportion': 1.0, 'n_neighbors': 5, 'n_jobs': 1, 'random_state': 1}"")",DecisionTreeClassifier(random_state=1),0.9398162071846283,0.21452991452991457,0.3333333333333333,0.25012531328320803,0.6464985744832501,0.26164965276029123
121,"OS_('LN_SMOTE', ""{'proportion': 1.0, 'n_neighbors': 5, 'n_jobs': 1, 'random_state': 1}"")",KNeighborsClassifier(),0.9355109997215261,0.25767195767195766,0.2,0.14138528138528136,0.5797814207650273,0.17854199321630576
122,"OS_('LN_SMOTE', ""{'proportion': 1.0, 'n_neighbors': 5, 'n_jobs': 1, 'random_state': 1}"")",MLPClassifier(random_state=1),0.8804901141743248,0.030526315789473686,0.2333333333333333,0.05383022774327123,0.5674863387978142,0.08408406217558473
123,"OS_('LN_SMOTE', ""{'proportion': 1.0, 'n_neighbors': 5, 'n_jobs': 1, 'random_state': 1}"")","Pipeline(steps=[('standardscaler', StandardScaler()),
                ('svc',
                 SVC(C=1, gamma='auto', kernel='linear', random_state=1))])",0.8508604845446952,0.023116883116883116,0.2333333333333333,0.04201898188093184,0.5521857923497268,0.07331555279351042
124,"OS_('MWMOTE', ""{'proportion': 1.0, 'k1': 5, 'k2': 5, 'k3': 5, 'M': 10, 'cf_th': 5.0, 'cmax': 10.0, 'n_jobs': 1, 'random_state': 1}"")",DecisionTreeClassifier(random_state=1),0.9207797270955165,0.1442857142857143,0.26666666666666666,0.18507936507936507,0.6044220717510097,0.19491957116855735
125,"OS_('MWMOTE', ""{'proportion': 1.0, 'k1': 5, 'k2': 5, 'k3': 5, 'M': 10, 'cf_th': 5.0, 'cmax': 10.0, 'n_jobs': 1, 'random_state': 1}"")",KNeighborsClassifier(),0.8109551656920078,0.08919682366490878,0.5666666666666667,0.15352855876235696,0.692807080066524,0.22392139098018618
126,"OS_('MWMOTE', ""{'proportion': 1.0, 'k1': 5, 'k2': 5, 'k3': 5, 'M': 10, 'cf_th': 5.0, 'cmax': 10.0, 'n_jobs': 1, 'random_state': 1}"")",MLPClassifier(random_state=1),0.7632804232804233,0.09382270149439087,0.6666666666666667,0.16247120933029252,0.7165508434307436,0.24652653621249532
127,"OS_('MWMOTE', ""{'proportion': 1.0, 'k1': 5, 'k2': 5, 'k3': 5, 'M': 10, 'cf_th': 5.0, 'cmax': 10.0, 'n_jobs': 1, 'random_state': 1}"")","Pipeline(steps=[('standardscaler', StandardScaler()),
                ('svc',
                 SVC(C=1, gamma='auto', kernel='linear', random_state=1))])",0.7326315789473684,0.08501890169910231,0.6666666666666666,0.1491806105462062,0.7007246376811593,0.2348133184001092
128,"OS_('PDFOS', ""{'proportion': 1.0, 'n_jobs': 1, 'random_state': 1}"")",DecisionTreeClassifier(random_state=1),0.8827736006683373,0.08698412698412698,0.3,0.1337181337181337,0.6009176764076978,0.1605738187246614
129,"OS_('PDFOS', ""{'proportion': 1.0, 'n_jobs': 1, 'random_state': 1}"")",KNeighborsClassifier(),0.802517404622668,0.08642662677449683,0.5333333333333333,0.14820813862247234,0.6723271560940841,0.21385726438834407
130,"OS_('PDFOS', ""{'proportion': 1.0, 'n_jobs': 1, 'random_state': 1}"")",MLPClassifier(random_state=1),0.801397939292676,0.08569417188424758,0.5333333333333333,0.14680175616345828,0.6717450700879068,0.21243227493815783
131,"OS_('PDFOS', ""{'proportion': 1.0, 'n_jobs': 1, 'random_state': 1}"")","Pipeline(steps=[('standardscaler', StandardScaler()),
                ('svc',
                 SVC(C=1, gamma='auto', kernel='linear', random_state=1))])",0.7124979114452799,0.08708902127563582,0.7,0.1521672631970115,0.7064474934663815,0.24139626826231395
132,"OS_('NEATER', ""{'proportion': 1.0, 'smote_n_neighbors': 5, 'b': 5, 'alpha': 0.1, 'h': 20, 'n_jobs': 1, 'random_state': 1}"")",DecisionTreeClassifier(random_state=1),0.9165469228627124,0.09396825396825396,0.16666666666666666,0.11814814814814814,0.553872653837016,0.12389029947210892
133,"OS_('NEATER', ""{'proportion': 1.0, 'smote_n_neighbors': 5, 'b': 5, 'alpha': 0.1, 'h': 20, 'n_jobs': 1, 'random_state': 1}"")",KNeighborsClassifier(),0.8257254246727932,0.09701059654631083,0.5333333333333333,0.16300069831613578,0.6843133760988358,0.22586177179682979
134,"OS_('NEATER', ""{'proportion': 1.0, 'smote_n_neighbors': 5, 'b': 5, 'alpha': 0.1, 'h': 20, 'n_jobs': 1, 'random_state': 1}"")",MLPClassifier(random_state=1),0.6925034809245334,0.07173250725882305,0.6666666666666667,0.12844940084623493,0.6800041577571869,0.21607891352339764
135,"OS_('NEATER', ""{'proportion': 1.0, 'smote_n_neighbors': 5, 'b': 5, 'alpha': 0.1, 'h': 20, 'n_jobs': 1, 'random_state': 1}"")","Pipeline(steps=[('standardscaler', StandardScaler()),
                ('svc',
                 SVC(C=1, gamma='auto', kernel='linear', random_state=1))])",0.6639598997493734,0.06966644758915981,0.7,0.12563673162623454,0.6813851271085769,0.21806656477183495
136,"OS_('Gazzah', ""{'proportion': 1.0, 'n_components': 2, 'n_jobs': 1, 'random_state': 1}"")",DecisionTreeClassifier(random_state=1),0.9334837092731829,0.07222222222222222,0.1,0.08380952380952382,0.5303753860774532,0.08495157961655345
137,"OS_('Gazzah', ""{'proportion': 1.0, 'n_components': 2, 'n_jobs': 1, 'random_state': 1}"")",KNeighborsClassifier(),0.7781509328877749,0.08092395472798519,0.5666666666666667,0.14056326370575678,0.6758642195295795,0.2121477442920669
138,"OS_('Gazzah', ""{'proportion': 1.0, 'n_components': 2, 'n_jobs': 1, 'random_state': 1}"")",MLPClassifier(random_state=1),0.7527708159287106,0.08703447676187992,0.6666666666666667,0.1528121838207691,0.7111249703017343,0.2385364269059012
139,"OS_('Gazzah', ""{'proportion': 1.0, 'n_components': 2, 'n_jobs': 1, 'random_state': 1}"")","Pipeline(steps=[('standardscaler', StandardScaler()),
                ('svc',
                 SVC(C=1, gamma='auto', kernel='linear', random_state=1))])",0.7633528265107213,0.09079297290912548,0.6666666666666666,0.15898412146859353,0.7165894511760513,0.24437127370295625
140,"OS_('MCT', ""{'proportion': 1.0, 'n_jobs': 1, 'random_state': 1}"")",DecisionTreeClassifier(random_state=1),0.9461152882205515,0.21333333333333332,0.16666666666666666,0.18383838383838383,0.5691435020194822,0.18683679307979198
141,"OS_('MCT', ""{'proportion': 1.0, 'n_jobs': 1, 'random_state': 1}"")",KNeighborsClassifier(),0.898602060707324,0.151855174132214,0.4333333333333333,0.21911098164295092,0.6735774530767402,0.25205240407505164
142,"OS_('MCT', ""{'proportion': 1.0, 'n_jobs': 1, 'random_state': 1}"")",MLPClassifier(random_state=1),0.7559398496240601,0.09068215414964641,0.7,0.15977584906593476,0.7288845331432643,0.2503814636334689
143,"OS_('MCT', ""{'proportion': 1.0, 'n_jobs': 1, 'random_state': 1}"")","Pipeline(steps=[('standardscaler', StandardScaler()),
                ('svc',
                 SVC(C=1, gamma='auto', kernel='linear', random_state=1))])",0.7326761347813979,0.08816039667337858,0.7333333333333333,0.1563611577844151,0.7329918032786885,0.2520313438005735
144,"OS_('ADG', ""{'proportion': 1.0, 'kernel': 'inner', 'lam': 1.0, 'mu': 1.0, 'k': 12, 'gamma': 1.0, 'n_jobs': 1, 'random_state': 1}"")",DecisionTreeClassifier(random_state=1),0.9313505987190197,0.17843137254901958,0.26666666666666666,0.20405797101449274,0.6098806129722024,0.21298811611734716
145,"OS_('ADG', ""{'proportion': 1.0, 'kernel': 'inner', 'lam': 1.0, 'mu': 1.0, 'k': 12, 'gamma': 1.0, 'n_jobs': 1, 'random_state': 1}"")",KNeighborsClassifier(),0.9693734335839599,0.4,0.06666666666666667,0.11428571428571428,0.5327868852459017,0.16329931618554522
146,"OS_('ADG', ""{'proportion': 1.0, 'kernel': 'inner', 'lam': 1.0, 'mu': 1.0, 'k': 12, 'gamma': 1.0, 'n_jobs': 1, 'random_state': 1}"")",MLPClassifier(random_state=1),0.9683208020050126,0.0,0.0,0.0,0.5,0.0
147,"OS_('ADG', ""{'proportion': 1.0, 'kernel': 'inner', 'lam': 1.0, 'mu': 1.0, 'k': 12, 'gamma': 1.0, 'n_jobs': 1, 'random_state': 1}"")","Pipeline(steps=[('standardscaler', StandardScaler()),
                ('svc',
                 SVC(C=1, gamma='auto', kernel='linear', random_state=1))])",0.9683208020050126,0.0,0.0,0.0,0.5,0.0
148,"OS_('SMOTE_IPF', ""{'proportion': 1.0, 'n_neighbors': 5, 'n_folds': 9, 'k': 3, 'p': 0.01, 'voting': 'majority', 'n_jobs': 1, 'classifier': DecisionTreeClassifier(random_state=2), 'random_state': 1}"")",DecisionTreeClassifier(random_state=1),0.9197159565580618,0.15045093795093795,0.3,0.19857397504456328,0.6199988120693751,0.21136927240450493
149,"OS_('SMOTE_IPF', ""{'proportion': 1.0, 'n_neighbors': 5, 'n_folds': 9, 'k': 3, 'p': 0.01, 'voting': 'majority', 'n_jobs': 1, 'classifier': DecisionTreeClassifier(random_state=2), 'random_state': 1}"")",KNeighborsClassifier(),0.8109440267335003,0.09414918414918413,0.5666666666666667,0.1609116809116809,0.6928041102399618,0.23013347296781678
150,"OS_('SMOTE_IPF', ""{'proportion': 1.0, 'n_neighbors': 5, 'n_folds': 9, 'k': 3, 'p': 0.01, 'voting': 'majority', 'n_jobs': 1, 'classifier': DecisionTreeClassifier(random_state=2), 'random_state': 1}"")",MLPClassifier(random_state=1),0.7474463937621831,0.08682764568549613,0.6666666666666667,0.15210731809335631,0.708374910905203,0.23767716471212436
151,"OS_('SMOTE_IPF', ""{'proportion': 1.0, 'n_neighbors': 5, 'n_folds': 9, 'k': 3, 'p': 0.01, 'voting': 'majority', 'n_jobs': 1, 'classifier': DecisionTreeClassifier(random_state=2), 'random_state': 1}"")","Pipeline(steps=[('standardscaler', StandardScaler()),
                ('svc',
                 SVC(C=1, gamma='auto', kernel='linear', random_state=1))])",0.7284154831523252,0.0829918282734757,0.6666666666666666,0.14609973274059962,0.6985477548111191,0.23218190159951219
152,"OS_('KernelADASYN', ""{'proportion': 1.0, 'k': 5, 'h': 1.0, 'n_jobs': 1, 'random_state': 1}"")",DecisionTreeClassifier(random_state=1),0.7769813422445001,0.026714817440623893,0.23333333333333334,0.04468272782402558,0.5140413399857447,0.07357798072158869
153,"OS_('KernelADASYN', ""{'proportion': 1.0, 'k': 5, 'h': 1.0, 'n_jobs': 1, 'random_state': 1}"")",KNeighborsClassifier(),0.9640824282929547,0.2,0.03333333333333333,0.05714285714285714,0.5139344262295082,0.08164965809277261
154,"OS_('KernelADASYN', ""{'proportion': 1.0, 'k': 5, 'h': 1.0, 'n_jobs': 1, 'random_state': 1}"")",MLPClassifier(random_state=1),0.9439877471456418,0.0,0.0,0.0,0.48743466381563316,0.0
155,"OS_('KernelADASYN', ""{'proportion': 1.0, 'k': 5, 'h': 1.0, 'n_jobs': 1, 'random_state': 1}"")","Pipeline(steps=[('standardscaler', StandardScaler()),
                ('svc',
                 SVC(C=1, gamma='auto', kernel='linear', random_state=1))])",0.9556223893065999,0.0,0.0,0.0,0.49344262295081964,0.0
156,"OS_('MOT2LD', ""{'proportion': 1.0, 'n_components': 2, 'k': 5, 'd_cut': 'auto', 'n_jobs': 1, 'random_state': 1}"")",DecisionTreeClassifier(random_state=1),0.9218267891952102,0.14895604395604395,0.3,0.1940685045948204,0.6210827987645522,0.2082448584237225
157,"OS_('MOT2LD', ""{'proportion': 1.0, 'n_components': 2, 'k': 5, 'd_cut': 'auto', 'n_jobs': 1, 'random_state': 1}"")",KNeighborsClassifier(),0.9122751322751321,0.20403762903762906,0.33333333333333337,0.2269418644650843,0.6322731052506534,0.24629625089944107
158,"OS_('MOT2LD', ""{'proportion': 1.0, 'n_components': 2, 'k': 5, 'd_cut': 'auto', 'n_jobs': 1, 'random_state': 1}"")",MLPClassifier(random_state=1),0.8816151489835701,0.16482462253193958,0.5,0.23471778278916236,0.6970450225706818,0.2771114582958908
159,"OS_('MOT2LD', ""{'proportion': 1.0, 'n_components': 2, 'k': 5, 'd_cut': 'auto', 'n_jobs': 1, 'random_state': 1}"")","Pipeline(steps=[('standardscaler', StandardScaler()),
                ('svc',
                 SVC(C=1, gamma='auto', kernel='linear', random_state=1))])",0.8636702868281816,0.13293585724620208,0.4333333333333333,0.19190993788819877,0.6555387265383701,0.23155455782086837
160,"OS_('V_SYNTH', ""{'proportion': 1.0, 'n_components': 3, 'n_jobs': 1, 'random_state': 1}"")",DecisionTreeClassifier(random_state=1),0.937699805068226,0.21649877899877898,0.36666666666666664,0.26285854496380806,0.6615258968876216,0.276563295657823
161,"OS_('V_SYNTH', ""{'proportion': 1.0, 'n_components': 3, 'n_jobs': 1, 'random_state': 1}"")",KNeighborsClassifier(),0.9556168198273461,0.21818181818181817,0.06666666666666667,0.08067226890756303,0.5256830601092897,0.10626795628863914
162,"OS_('V_SYNTH', ""{'proportion': 1.0, 'n_components': 3, 'n_jobs': 1, 'random_state': 1}"")",MLPClassifier(random_state=1),0.9365747702589807,0.0125,0.06666666666666667,0.021052631578947368,0.5158469945355192,0.028867513459481287
163,"OS_('V_SYNTH', ""{'proportion': 1.0, 'n_components': 3, 'n_jobs': 1, 'random_state': 1}"")","Pipeline(steps=[('standardscaler', StandardScaler()),
                ('svc',
                 SVC(C=1, gamma='auto', kernel='linear', random_state=1))])",0.8434530771372877,0.027338762931983274,0.3,0.05004633920296571,0.5806010928961749,0.09036876876121222
164,"OS_('OUPS', ""{'proportion': 1.0, 'n_jobs': 1, 'random_state': 1}"")",DecisionTreeClassifier(random_state=1),0.772910052910053,0.04593043593043593,0.3,0.07941035200728172,0.5441910192444761,0.11693980539522411
165,"OS_('OUPS', ""{'proportion': 1.0, 'n_jobs': 1, 'random_state': 1}"")",KNeighborsClassifier(),0.7010526315789474,0.0656354879460996,0.6333333333333334,0.1185766221775224,0.6682971014492755,0.2029185132885373
166,"OS_('OUPS', ""{'proportion': 1.0, 'n_jobs': 1, 'random_state': 1}"")",MLPClassifier(random_state=1),0.705224171539961,0.0821329574817947,0.7666666666666667,0.14765713399984498,0.7349370396768828,0.24912307016701374
167,"OS_('OUPS', ""{'proportion': 1.0, 'n_jobs': 1, 'random_state': 1}"")","Pipeline(steps=[('standardscaler', StandardScaler()),
                ('svc',
                 SVC(C=1, gamma='auto', kernel='linear', random_state=1))])",0.7062378167641326,0.08443047943047943,0.7666666666666667,0.15089733639719355,0.7354597291518175,0.2515583143854745
168,"OS_('SMOTE_D', ""{'proportion': 1.0, 'k': 3, 'n_jobs': 1, 'random_state': 1}"")",DecisionTreeClassifier(random_state=1),0.9408855472013367,0.20999999999999996,0.3,0.24166666666666664,0.6309248039914468,0.24817034504280308
169,"OS_('SMOTE_D', ""{'proportion': 1.0, 'k': 3, 'n_jobs': 1, 'random_state': 1}"")",KNeighborsClassifier(),0.9672570314675577,0.2,0.03333333333333333,0.05714285714285714,0.5155737704918033,0.08164965809277261
170,"OS_('SMOTE_D', ""{'proportion': 1.0, 'k': 3, 'n_jobs': 1, 'random_state': 1}"")",MLPClassifier(random_state=1),0.9556223893065999,0.0,0.0,0.0,0.49344262295081964,0.0
171,"OS_('SMOTE_D', ""{'proportion': 1.0, 'k': 3, 'n_jobs': 1, 'random_state': 1}"")","Pipeline(steps=[('standardscaler', StandardScaler()),
                ('svc',
                 SVC(C=1, gamma='auto', kernel='linear', random_state=1))])",0.9566805903648008,0.0,0.0,0.0,0.4939890710382514,0.0
172,"OS_('SMOTE_PSO', ""{'k': 3, 'eps': 0.05, 'n_pop': 10, 'w': 1.0, 'c1': 2.0, 'c2': 2.0, 'num_it': 10, 'n_jobs': 1, 'random_state': 1}"")",DecisionTreeClassifier(random_state=1),0.9250181008075746,0.12190476190476189,0.26666666666666666,0.16142857142857142,0.6066078641007365,0.17687564043507276
173,"OS_('SMOTE_PSO', ""{'k': 3, 'eps': 0.05, 'n_pop': 10, 'w': 1.0, 'c1': 2.0, 'c2': 2.0, 'num_it': 10, 'n_jobs': 1, 'random_state': 1}"")",KNeighborsClassifier(),0.9133611807296017,0.1892985151049667,0.3333333333333333,0.2144398244398244,0.6328284628177714,0.23488092004472186
174,"OS_('SMOTE_PSO', ""{'k': 3, 'eps': 0.05, 'n_pop': 10, 'w': 1.0, 'c1': 2.0, 'c2': 2.0, 'num_it': 10, 'n_jobs': 1, 'random_state': 1}"")",MLPClassifier(random_state=1),0.9619994430520746,0.26666666666666666,0.13333333333333333,0.17444444444444446,0.5612170349251604,0.18652513709083834
175,"OS_('SMOTE_PSO', ""{'k': 3, 'eps': 0.05, 'n_pop': 10, 'w': 1.0, 'c1': 2.0, 'c2': 2.0, 'num_it': 10, 'n_jobs': 1, 'random_state': 1}"")","Pipeline(steps=[('standardscaler', StandardScaler()),
                ('svc',
                 SVC(C=1, gamma='auto', kernel='linear', random_state=1))])",0.9683208020050126,0.1,0.03333333333333333,0.05,0.516120218579235,0.057735026918962574
176,"OS_('CURE_SMOTE', ""{'proportion': 1.0, 'n_clusters': 5, 'noise_th': 2, 'n_jobs': 1, 'random_state': 1}"")",DecisionTreeClassifier(random_state=1),0.9249958228905596,0.16856643356643355,0.3,0.2128360115976215,0.6227221430268471,0.22317053347188387
177,"OS_('CURE_SMOTE', ""{'proportion': 1.0, 'n_clusters': 5, 'noise_th': 2, 'n_jobs': 1, 'random_state': 1}"")",KNeighborsClassifier(),0.839370648844333,0.05785684166139575,0.19999999999999998,0.08834704269486879,0.5301467094321692,0.10622851754108135
178,"OS_('CURE_SMOTE', ""{'proportion': 1.0, 'n_clusters': 5, 'noise_th': 2, 'n_jobs': 1, 'random_state': 1}"")",MLPClassifier(random_state=1),0.8192926761347815,0.08977844648576357,0.4666666666666666,0.14786524822695035,0.6487437633642196,0.2014685153244979
179,"OS_('CURE_SMOTE', ""{'proportion': 1.0, 'n_clusters': 5, 'noise_th': 2, 'n_jobs': 1, 'random_state': 1}"")","Pipeline(steps=[('standardscaler', StandardScaler()),
                ('svc',
                 SVC(C=1, gamma='auto', kernel='linear', random_state=1))])",0.8172096908939015,0.09109523809523809,0.5,0.15264813611202965,0.6637918745545259,0.2114524976261986
180,"OS_('SOMO', ""{'proportion': 1.0, 'n_grid': 10, 'sigma': 0.2, 'learning_rate': 0.5, 'n_iter': 100, 'n_jobs': 1, 'random_state': 1}"")",DecisionTreeClassifier(random_state=1),0.9451072124756335,0.2504273504273504,0.36666666666666664,0.2842105263157894,0.6653510334996435,0.2960008892608662
181,"OS_('SOMO', ""{'proportion': 1.0, 'n_grid': 10, 'sigma': 0.2, 'learning_rate': 0.5, 'n_iter': 100, 'n_jobs': 1, 'random_state': 1}"")",KNeighborsClassifier(),0.9672570314675577,0.2,0.03333333333333333,0.05714285714285714,0.5155737704918033,0.08164965809277261
182,"OS_('SOMO', ""{'proportion': 1.0, 'n_grid': 10, 'sigma': 0.2, 'learning_rate': 0.5, 'n_iter': 100, 'n_jobs': 1, 'random_state': 1}"")",MLPClassifier(random_state=1),0.9683208020050126,0.0,0.0,0.0,0.5,0.0
183,"OS_('SOMO', ""{'proportion': 1.0, 'n_grid': 10, 'sigma': 0.2, 'learning_rate': 0.5, 'n_iter': 100, 'n_jobs': 1, 'random_state': 1}"")","Pipeline(steps=[('standardscaler', StandardScaler()),
                ('svc',
                 SVC(C=1, gamma='auto', kernel='linear', random_state=1))])",0.9683208020050126,0.0,0.0,0.0,0.5,0.0
184,"OS_('CE_SMOTE', ""{'proportion': 1.0, 'h': 10, 'k': 5, 'alpha': 0.5, 'n_jobs': 1, 'random_state': 1}"")",DecisionTreeClassifier(random_state=1),0.9218713450292396,0.1271062271062271,0.2333333333333333,0.16093567251461988,0.5888661202185792,0.17023219648471147
185,"OS_('CE_SMOTE', ""{'proportion': 1.0, 'h': 10, 'k': 5, 'alpha': 0.5, 'n_jobs': 1, 'random_state': 1}"")",KNeighborsClassifier(),0.8162517404622667,0.07826320991838233,0.4666666666666666,0.13336853138803625,0.6471816345925397,0.19012693312905787
186,"OS_('CE_SMOTE', ""{'proportion': 1.0, 'h': 10, 'k': 5, 'alpha': 0.5, 'n_jobs': 1, 'random_state': 1}"")",MLPClassifier(random_state=1),0.7654636591478696,0.09171060714278277,0.6666666666666666,0.16036307519355827,0.7176823473509147,0.24561471528481457
187,"OS_('CE_SMOTE', ""{'proportion': 1.0, 'h': 10, 'k': 5, 'alpha': 0.5, 'n_jobs': 1, 'random_state': 1}"")","Pipeline(steps=[('standardscaler', StandardScaler()),
                ('svc',
                 SVC(C=1, gamma='auto', kernel='linear', random_state=1))])",0.7632859927596769,0.0989106023641128,0.7,0.17171827698143488,0.7326770016631029,0.2602276664543575
188,"OS_('Edge_Det_SMOTE', ""{'proportion': 1.0, 'k': 5, 'n_jobs': 1, 'random_state': 1}"")",DecisionTreeClassifier(random_state=1),0.9112670565302144,0.13611829347123466,0.3333333333333333,0.1884852796954022,0.6317622950819672,0.20971919876206777
189,"OS_('Edge_Det_SMOTE', ""{'proportion': 1.0, 'k': 5, 'n_jobs': 1, 'random_state': 1}"")",KNeighborsClassifier(),0.8183347257031468,0.09923232323232323,0.5666666666666667,0.16798756798756798,0.6966203373722973,0.23581682059019743
190,"OS_('Edge_Det_SMOTE', ""{'proportion': 1.0, 'k': 5, 'n_jobs': 1, 'random_state': 1}"")",MLPClassifier(random_state=1),0.7411083263714842,0.08484051036682616,0.6666666666666667,0.14906189689048474,0.7051021620337373,0.23492423683951272
191,"OS_('Edge_Det_SMOTE', ""{'proportion': 1.0, 'k': 5, 'n_jobs': 1, 'random_state': 1}"")","Pipeline(steps=[('standardscaler', StandardScaler()),
                ('svc',
                 SVC(C=1, gamma='auto', kernel='linear', random_state=1))])",0.72312447786132,0.08200433665950907,0.6666666666666666,0.14445387567334245,0.6958155143739605,0.2305795615062257
192,"OS_('DBSMOTE', ""{'proportion': 1.0, 'eps': 0.8, 'min_samples': 3, 'n_jobs': 1, 'random_state': 1}"")",DecisionTreeClassifier(random_state=1),0.9450905040378725,0.125,0.16666666666666666,0.13993506493506494,0.5686119030648611,0.1428420175506407
193,"OS_('DBSMOTE', ""{'proportion': 1.0, 'eps': 0.8, 'min_samples': 3, 'n_jobs': 1, 'random_state': 1}"")",KNeighborsClassifier(),0.9027736006683375,0.0696969696969697,0.1,0.0803921568627451,0.5145224518888096,0.08256992972506642
194,"OS_('DBSMOTE', ""{'proportion': 1.0, 'eps': 0.8, 'min_samples': 3, 'n_jobs': 1, 'random_state': 1}"")",MLPClassifier(random_state=1),0.788671679197995,0.062082050159127634,0.4,0.10614715915147639,0.6006860299358516,0.15564940530368934
195,"OS_('DBSMOTE', ""{'proportion': 1.0, 'eps': 0.8, 'min_samples': 3, 'n_jobs': 1, 'random_state': 1}"")","Pipeline(steps=[('standardscaler', StandardScaler()),
                ('svc',
                 SVC(C=1, gamma='auto', kernel='linear', random_state=1))])",0.7474519632414369,0.05577554909694239,0.4,0.09696102145652614,0.5794072226181991,0.14771036744769667
196,"OS_('ASMOBD', ""{'proportion': 1.0, 'min_samples': 3, 'eps': 0.8, 'eta': 0.5, 'T_1': 1.0, 'T_2': 1.0, 't_1': 4.0, 't_2': 4.0, 'a': 0.05, 'smoothing': 'linear', 'n_jobs': 1, 'random_state': 1}"")",DecisionTreeClassifier(random_state=1),0.9440378724589251,0.15666666666666668,0.2,0.16969696969696968,0.5841856735566642,0.17389218195233247
197,"OS_('ASMOBD', ""{'proportion': 1.0, 'min_samples': 3, 'eps': 0.8, 'eta': 0.5, 'T_1': 1.0, 'T_2': 1.0, 't_1': 4.0, 't_2': 4.0, 'a': 0.05, 'smoothing': 'linear', 'n_jobs': 1, 'random_state': 1}"")",KNeighborsClassifier(),0.9376663881927041,0.059829059829059825,0.13333333333333333,0.07833333333333334,0.5486576383939179,0.08645873615619917
198,"OS_('ASMOBD', ""{'proportion': 1.0, 'min_samples': 3, 'eps': 0.8, 'eta': 0.5, 'T_1': 1.0, 'T_2': 1.0, 't_1': 4.0, 't_2': 4.0, 'a': 0.05, 'smoothing': 'linear', 'n_jobs': 1, 'random_state': 1}"")",MLPClassifier(random_state=1),0.8965135059871902,0.05738562091503267,0.2666666666666667,0.08984962406015037,0.5918923734853885,0.11857490615606885
199,"OS_('ASMOBD', ""{'proportion': 1.0, 'min_samples': 3, 'eps': 0.8, 'eta': 0.5, 'T_1': 1.0, 'T_2': 1.0, 't_1': 4.0, 't_2': 4.0, 'a': 0.05, 'smoothing': 'linear', 'n_jobs': 1, 'random_state': 1}"")","Pipeline(steps=[('standardscaler', StandardScaler()),
                ('svc',
                 SVC(C=1, gamma='auto', kernel='linear', random_state=1))])",0.8891172375382903,0.07485714285714287,0.3666666666666667,0.12023460410557185,0.6364427417438823,0.16069902807960249
200,"OS_('Assembled_SMOTE', ""{'proportion': 1.0, 'n_neighbors': 5, 'pop': 2, 'thres': 0.3, 'n_jobs': 1, 'random_state': 1}"")",DecisionTreeClassifier(random_state=1),0.9218100807574491,0.12216450216450214,0.19999999999999998,0.14892156862745096,0.572716203373723,0.1548299059192483
201,"OS_('Assembled_SMOTE', ""{'proportion': 1.0, 'n_neighbors': 5, 'pop': 2, 'thres': 0.3, 'n_jobs': 1, 'random_state': 1}"")",KNeighborsClassifier(),0.8151712614870508,0.09624080362195811,0.5666666666666667,0.16392277444909023,0.6949869327631266,0.23261187372758657
202,"OS_('Assembled_SMOTE', ""{'proportion': 1.0, 'n_neighbors': 5, 'pop': 2, 'thres': 0.3, 'n_jobs': 1, 'random_state': 1}"")",MLPClassifier(random_state=1),0.7590866054023948,0.08919926708907337,0.6666666666666667,0.15604572257397092,0.7143858398669517,0.24141665721724923
203,"OS_('Assembled_SMOTE', ""{'proportion': 1.0, 'n_neighbors': 5, 'pop': 2, 'thres': 0.3, 'n_jobs': 1, 'random_state': 1}"")","Pipeline(steps=[('standardscaler', StandardScaler()),
                ('svc',
                 SVC(C=1, gamma='auto', kernel='linear', random_state=1))])",0.7263046505151769,0.08198251172772818,0.6666666666666666,0.14465533615425566,0.6974578284628177,0.23096758273707704
204,"OS_('SDSMOTE', ""{'proportion': 1.0, 'n_neighbors': 5, 'n_jobs': 1, 'random_state': 1}"")",DecisionTreeClassifier(random_state=1),0.9165469228627122,0.17171152518978605,0.33333333333333337,0.22141215106732348,0.634479686386315,0.23608239417988536
205,"OS_('SDSMOTE', ""{'proportion': 1.0, 'n_neighbors': 5, 'n_jobs': 1, 'random_state': 1}"")",KNeighborsClassifier(),0.8204455583402952,0.09985560675883257,0.5666666666666667,0.1689560025284559,0.6977102637205986,0.236642173675451
206,"OS_('SDSMOTE', ""{'proportion': 1.0, 'n_neighbors': 5, 'n_jobs': 1, 'random_state': 1}"")",MLPClassifier(random_state=1),0.7464049011417432,0.08500334168755222,0.6666666666666667,0.14958605080556298,0.7078373722974578,0.23565093436128642
207,"OS_('SDSMOTE', ""{'proportion': 1.0, 'n_neighbors': 5, 'n_jobs': 1, 'random_state': 1}"")","Pipeline(steps=[('standardscaler', StandardScaler()),
                ('svc',
                 SVC(C=1, gamma='auto', kernel='linear', random_state=1))])",0.7241993873572821,0.08102500259363003,0.6666666666666666,0.1432222891486808,0.6963708719410786,0.22974699842345064
208,"OS_('DSMOTE', ""{'proportion': 1.0, 'n_neighbors': 5, 'rate': 0.1, 'n_step': 50, 'n_jobs': 1, 'random_state': 1}"")",DecisionTreeClassifier(random_state=1),0.9398217766638819,0.17563025210084032,0.26666666666666666,0.19806172088780785,0.614252197671656,0.20892203673929055
209,"OS_('DSMOTE', ""{'proportion': 1.0, 'n_neighbors': 5, 'rate': 0.1, 'n_step': 50, 'n_jobs': 1, 'random_state': 1}"")",KNeighborsClassifier(),0.9683040935672516,0.5666666666666667,0.16666666666666666,0.2515873015873016,0.5806010928961748,0.3019951909287635
210,"OS_('DSMOTE', ""{'proportion': 1.0, 'n_neighbors': 5, 'rate': 0.1, 'n_step': 50, 'n_jobs': 1, 'random_state': 1}"")",MLPClassifier(random_state=1),0.9545976051239208,0.22380952380952382,0.19999999999999998,0.20598290598290597,0.5896412449512949,0.2088617920639399
211,"OS_('DSMOTE', ""{'proportion': 1.0, 'n_neighbors': 5, 'rate': 0.1, 'n_step': 50, 'n_jobs': 1, 'random_state': 1}"")","Pipeline(steps=[('standardscaler', StandardScaler()),
                ('svc',
                 SVC(C=1, gamma='auto', kernel='linear', random_state=1))])",0.9598607630186577,0.28833333333333333,0.19999999999999998,0.23018759018759014,0.5923586362556426,0.23700292099809603
212,"OS_('G_SMOTE', ""{'proportion': 1.0, 'n_neighbors': 5, 'method': 'linear', 'n_jobs': 1, 'random_state': 1}"")",DecisionTreeClassifier(random_state=1),0.9281648565859092,0.14722222222222223,0.2333333333333333,0.18023809523809523,0.5921180803041103,0.18518351103065273
213,"OS_('G_SMOTE', ""{'proportion': 1.0, 'n_neighbors': 5, 'method': 'linear', 'n_jobs': 1, 'random_state': 1}"")",KNeighborsClassifier(),0.8457755499860763,0.10284118785026226,0.5,0.16906349206349208,0.6785430030886197,0.22499868830691075
214,"OS_('G_SMOTE', ""{'proportion': 1.0, 'n_neighbors': 5, 'method': 'linear', 'n_jobs': 1, 'random_state': 1}"")",MLPClassifier(random_state=1),0.73687552213868,0.08670037161870192,0.7,0.15283584978706927,0.7190365882632452,0.2433833271022432
215,"OS_('G_SMOTE', ""{'proportion': 1.0, 'n_neighbors': 5, 'method': 'linear', 'n_jobs': 1, 'random_state': 1}"")","Pipeline(steps=[('standardscaler', StandardScaler()),
                ('svc',
                 SVC(C=1, gamma='auto', kernel='linear', random_state=1))])",0.7115288220551378,0.08074886451755843,0.7,0.14375115080997433,0.705951532430506,0.23539898517360108
216,"OS_('NT_SMOTE', ""{'proportion': 1.0, 'n_jobs': 1, 'random_state': 1}"")",DecisionTreeClassifier(random_state=1),0.9218323586744639,0.14638655462184874,0.2,0.15827911219215568,0.5727251128534093,0.16531803506910675
217,"OS_('NT_SMOTE', ""{'proportion': 1.0, 'n_jobs': 1, 'random_state': 1}"")",KNeighborsClassifier(),0.8489724310776943,0.11232674571805006,0.5333333333333333,0.18411963910517862,0.6963174150629603,0.2429805237232659
218,"OS_('NT_SMOTE', ""{'proportion': 1.0, 'n_jobs': 1, 'random_state': 1}"")",MLPClassifier(random_state=1),0.7685491506544139,0.09898483881748851,0.6666666666666666,0.16995269890185144,0.7192712045616535,0.25285006434263807
219,"OS_('NT_SMOTE', ""{'proportion': 1.0, 'n_jobs': 1, 'random_state': 1}"")","Pipeline(steps=[('standardscaler', StandardScaler()),
                ('svc',
                 SVC(C=1, gamma='auto', kernel='linear', random_state=1))])",0.7495460874408243,0.08626065038591159,0.6333333333333333,0.15022167557810462,0.6933386790211452,0.23068888922140446
220,"OS_('Lee', ""{'proportion': 1.0, 'n_neighbors': 5, 'rejection_level': 0.5, 'n_jobs': 1, 'random_state': 1}"")",DecisionTreeClassifier(random_state=1),0.9292341966026176,0.12840909090909092,0.26666666666666666,0.17219251336898395,0.6087936564504633,0.1843287345489122
221,"OS_('Lee', ""{'proportion': 1.0, 'n_neighbors': 5, 'rejection_level': 0.5, 'n_jobs': 1, 'random_state': 1}"")",KNeighborsClassifier(),0.959838485101643,0.38904761904761903,0.3,0.3261965811965811,0.6407163221667854,0.33515729024933644
222,"OS_('Lee', ""{'proportion': 1.0, 'n_neighbors': 5, 'rejection_level': 0.5, 'n_jobs': 1, 'random_state': 1}"")",MLPClassifier(random_state=1),0.8943191311612365,0.128023088023088,0.33333333333333337,0.17519607843137255,0.6229983368971251,0.19900610306277491
223,"OS_('Lee', ""{'proportion': 1.0, 'n_neighbors': 5, 'rejection_level': 0.5, 'n_jobs': 1, 'random_state': 1}"")","Pipeline(steps=[('standardscaler', StandardScaler()),
                ('svc',
                 SVC(C=1, gamma='auto', kernel='linear', random_state=1))])",0.8953884711779448,0.14033684033684032,0.36666666666666664,0.19782721738226097,0.6396739130434782,0.22284886725423925
224,"OS_('SPY', ""{'n_neighbors': 5, 'threshold': 0.5, 'n_jobs': 1}"")",DecisionTreeClassifier(random_state=1),0.9408744082428292,0.24066544566544565,0.4333333333333333,0.3035511856564488,0.6954056783083867,0.3195893300711775
225,"OS_('SPY', ""{'n_neighbors': 5, 'threshold': 0.5, 'n_jobs': 1}"")",KNeighborsClassifier(),0.9672570314675577,0.2,0.03333333333333333,0.05714285714285714,0.5155737704918033,0.08164965809277261
226,"OS_('SPY', ""{'n_neighbors': 5, 'threshold': 0.5, 'n_jobs': 1}"")",MLPClassifier(random_state=1),0.9683208020050126,0.0,0.0,0.0,0.5,0.0
227,"OS_('SPY', ""{'n_neighbors': 5, 'threshold': 0.5, 'n_jobs': 1}"")","Pipeline(steps=[('standardscaler', StandardScaler()),
                ('svc',
                 SVC(C=1, gamma='auto', kernel='linear', random_state=1))])",0.9683208020050126,0.0,0.0,0.0,0.5,0.0
228,"OS_('SMOTE_PSOBAT', ""{'maxit': 50, 'c1': 0.3, 'c2': 0.1, 'c3': 0.1, 'alpha': 0.9, 'gamma': 0.9, 'method': 'bat', 'n_jobs': 1, 'random_state': 1}"")",DecisionTreeClassifier(random_state=1),0.9176106934001671,0.1525174825174825,0.3333333333333333,0.2002543122512163,0.6350261344737467,0.21948831449033857
229,"OS_('SMOTE_PSOBAT', ""{'maxit': 50, 'c1': 0.3, 'c2': 0.1, 'c3': 0.1, 'alpha': 0.9, 'gamma': 0.9, 'method': 'bat', 'n_jobs': 1, 'random_state': 1}"")",KNeighborsClassifier(),0.8298691172375383,0.10177638139334447,0.5,0.16709750566893425,0.6703314326443335,0.22315076742624368
230,"OS_('SMOTE_PSOBAT', ""{'maxit': 50, 'c1': 0.3, 'c2': 0.1, 'c3': 0.1, 'alpha': 0.9, 'gamma': 0.9, 'method': 'bat', 'n_jobs': 1, 'random_state': 1}"")",MLPClassifier(random_state=1),0.7885658590921748,0.09516973743520397,0.5333333333333333,0.15404031177688465,0.6651164172012354,0.2155996911175316
231,"OS_('SMOTE_PSOBAT', ""{'maxit': 50, 'c1': 0.3, 'c2': 0.1, 'c3': 0.1, 'alpha': 0.9, 'gamma': 0.9, 'method': 'bat', 'n_jobs': 1, 'random_state': 1}"")","Pipeline(steps=[('standardscaler', StandardScaler()),
                ('svc',
                 SVC(C=1, gamma='auto', kernel='linear', random_state=1))])",0.7853856864383181,0.08658163809156044,0.4666666666666666,0.136874749061709,0.6312306961273461,0.18997032785251391
232,"OS_('MDO', ""{'proportion': 1.0, 'K2': 5, 'K1_frac': 0.5, 'n_jobs': 1, 'random_state': 1}"")",DecisionTreeClassifier(random_state=1),0.938741297688666,0.2110839160839161,0.3666666666666667,0.26551304732419284,0.6620664053219292,0.27685948667232724
233,"OS_('MDO', ""{'proportion': 1.0, 'K2': 5, 'K1_frac': 0.5, 'n_jobs': 1, 'random_state': 1}"")",KNeighborsClassifier(),0.9630353661932609,0.35,0.13333333333333333,0.17714285714285713,0.5617575433594678,0.20412414523193148
234,"OS_('MDO', ""{'proportion': 1.0, 'K2': 5, 'K1_frac': 0.5, 'n_jobs': 1, 'random_state': 1}"")",MLPClassifier(random_state=1),0.9524756335282651,0.18380952380952378,0.19999999999999998,0.18098290598290595,0.5885424091233071,0.1863214589880883
235,"OS_('MDO', ""{'proportion': 1.0, 'K2': 5, 'K1_frac': 0.5, 'n_jobs': 1, 'random_state': 1}"")","Pipeline(steps=[('standardscaler', StandardScaler()),
                ('svc',
                 SVC(C=1, gamma='auto', kernel='linear', random_state=1))])",0.9492954608744084,0.13333333333333333,0.16666666666666666,0.14761904761904762,0.570779876455215,0.14880338717125846
236,"OS_('Random_SMOTE', ""{'proportion': 1.0, 'n_neighbors': 5, 'n_jobs': 1, 'random_state': 1}"")",DecisionTreeClassifier(random_state=1),0.9017376775271512,0.10994652406417113,0.26666666666666666,0.15310559006211183,0.5945949156569256,0.16950381320347283
237,"OS_('Random_SMOTE', ""{'proportion': 1.0, 'n_neighbors': 5, 'n_jobs': 1, 'random_state': 1}"")",KNeighborsClassifier(),0.8077582846003899,0.08780093056390391,0.5333333333333333,0.1504352382401163,0.6750386077453077,0.21587243287126415
238,"OS_('Random_SMOTE', ""{'proportion': 1.0, 'n_neighbors': 5, 'n_jobs': 1, 'random_state': 1}"")",MLPClassifier(random_state=1),0.7484990253411306,0.0872342741537788,0.6666666666666667,0.15275314723590586,0.7089183891660727,0.2382046068142932
239,"OS_('Random_SMOTE', ""{'proportion': 1.0, 'n_neighbors': 5, 'n_jobs': 1, 'random_state': 1}"")","Pipeline(steps=[('standardscaler', StandardScaler()),
                ('svc',
                 SVC(C=1, gamma='auto', kernel='linear', random_state=1))])",0.7252631578947368,0.08440644639500575,0.7,0.1496316102198455,0.7130434782608697,0.24086755908965668
240,"OS_('ISMOTE', ""{'n_neighbors': 5, 'minority_weight': 0.5, 'n_jobs': 1, 'random_state': 1}"")",DecisionTreeClassifier(random_state=1),0.8258089668615984,0.07381330546847789,0.4,0.1244050573082831,0.6198711095272036,0.17154875946718393
241,"OS_('ISMOTE', ""{'n_neighbors': 5, 'minority_weight': 0.5, 'n_jobs': 1, 'random_state': 1}"")",KNeighborsClassifier(),0.7687218045112781,0.07869012124826079,0.5666666666666667,0.13728545919286267,0.6710026134473747,0.20954309727324855
242,"OS_('ISMOTE', ""{'n_neighbors': 5, 'minority_weight': 0.5, 'n_jobs': 1, 'random_state': 1}"")",MLPClassifier(random_state=1),0.8045502645502646,0.09947147570098389,0.6,0.16892427436657506,0.7056189118555476,0.24157707442511947
243,"OS_('ISMOTE', ""{'n_neighbors': 5, 'minority_weight': 0.5, 'n_jobs': 1, 'random_state': 1}"")","Pipeline(steps=[('standardscaler', StandardScaler()),
                ('svc',
                 SVC(C=1, gamma='auto', kernel='linear', random_state=1))])",0.7812698412698412,0.09727493164112883,0.6,0.1653252912399254,0.6936000237586125,0.23819899792504112
244,"OS_('GASMOTE', ""{'n_neighbors': 5, 'maxn': 7, 'n_pop': 10, 'popl3': 5, 'pm': 0.3, 'pr': 0.2, 'Ge': 10, 'n_jobs': 1, 'random_state': 1}"")",DecisionTreeClassifier(random_state=1),0.9302812587023114,0.18428571428571427,0.26666666666666666,0.20920838420838422,0.6093282252316464,0.21671708480775367
245,"OS_('GASMOTE', ""{'n_neighbors': 5, 'maxn': 7, 'n_pop': 10, 'popl3': 5, 'pm': 0.3, 'pr': 0.2, 'Ge': 10, 'n_jobs': 1, 'random_state': 1}"")",KNeighborsClassifier(),0.9133611807296017,0.19684523809523807,0.4,0.24824561403508777,0.66508077928249,0.270716659923317
246,"OS_('GASMOTE', ""{'n_neighbors': 5, 'maxn': 7, 'n_pop': 10, 'popl3': 5, 'pm': 0.3, 'pr': 0.2, 'Ge': 10, 'n_jobs': 1, 'random_state': 1}"")",MLPClassifier(random_state=1),0.9630353661932609,0.22333333333333333,0.13333333333333333,0.16525252525252523,0.5617516037063435,0.1716205703716037
247,"OS_('GASMOTE', ""{'n_neighbors': 5, 'maxn': 7, 'n_pop': 10, 'popl3': 5, 'pm': 0.3, 'pr': 0.2, 'Ge': 10, 'n_jobs': 1, 'random_state': 1}"")","Pipeline(steps=[('standardscaler', StandardScaler()),
                ('svc',
                 SVC(C=1, gamma='auto', kernel='linear', random_state=1))])",0.9662155388471177,0.15,0.06666666666666667,0.09,0.531156450463293,0.09855985596534887
248,"OS_('SMOTE_FRST_2T', ""{'n_neighbors': 5, 'gamma_S': 0.7, 'gamma_M': 0.03, 'n_jobs': 1, 'random_state': 1}"")",DecisionTreeClassifier(random_state=1),0.9028237259816206,0.10392255892255893,0.23333333333333334,0.14041252864782275,0.5790300546448087,0.15352669995287233
249,"OS_('SMOTE_FRST_2T', ""{'n_neighbors': 5, 'gamma_S': 0.7, 'gamma_M': 0.03, 'n_jobs': 1, 'random_state': 1}"")",KNeighborsClassifier(),0.8035588972431077,0.09044911534458573,0.5666666666666667,0.15552015133147518,0.6889908529341886,0.2256408770904302
250,"OS_('SMOTE_FRST_2T', ""{'n_neighbors': 5, 'gamma_S': 0.7, 'gamma_M': 0.03, 'n_jobs': 1, 'random_state': 1}"")",MLPClassifier(random_state=1),0.7147981063770537,0.07650274676590467,0.7,0.13758481955203267,0.7076413637443574,0.2305855471977866
251,"OS_('SMOTE_FRST_2T', ""{'n_neighbors': 5, 'gamma_S': 0.7, 'gamma_M': 0.03, 'n_jobs': 1, 'random_state': 1}"")","Pipeline(steps=[('standardscaler', StandardScaler()),
                ('svc',
                 SVC(C=1, gamma='auto', kernel='linear', random_state=1))])",0.7125981620718462,0.0764134834310273,0.6666666666666666,0.1361853381172094,0.6903807317652649,0.22362442336373736
252,"OS_('AND_SMOTE', ""{'proportion': 1.0, 'K': 15, 'n_jobs': 1, 'random_state': 1}"")",DecisionTreeClassifier(random_state=1),0.9345307713728767,0.15777777777777774,0.2333333333333333,0.1830952380952381,0.5954027084818246,0.1890833631721429
253,"OS_('AND_SMOTE', ""{'proportion': 1.0, 'K': 15, 'n_jobs': 1, 'random_state': 1}"")",KNeighborsClassifier(),0.9376496797549428,0.22444444444444445,0.2666666666666667,0.23677489177489175,0.6131355428842955,0.24103118643837584
254,"OS_('AND_SMOTE', ""{'proportion': 1.0, 'K': 15, 'n_jobs': 1, 'random_state': 1}"")",MLPClassifier(random_state=1),0.8636535783904206,0.11860690512764245,0.4,0.17142506142506145,0.6394066286528867,0.20815450003428512
255,"OS_('AND_SMOTE', ""{'proportion': 1.0, 'K': 15, 'n_jobs': 1, 'random_state': 1}"")","Pipeline(steps=[('standardscaler', StandardScaler()),
                ('svc',
                 SVC(C=1, gamma='auto', kernel='linear', random_state=1))])",0.844594820384294,0.10263050789366579,0.3,0.14266666666666666,0.581203967688287,0.167142737812762
256,"OS_('NRAS', ""{'proportion': 1.0, 'n_neighbors': 5, 't': 0.5, 'n_jobs': 1, 'random_state': 1}"")",DecisionTreeClassifier(random_state=1),0.9577722082985242,0.09487179487179487,0.16666666666666666,0.1175438596491228,0.5751663102874792,0.123915496064901
257,"OS_('NRAS', ""{'proportion': 1.0, 'n_neighbors': 5, 't': 0.5, 'n_jobs': 1, 'random_state': 1}"")",KNeighborsClassifier(),0.9662043998886103,0.4666666666666666,0.13333333333333333,0.2015873015873016,0.5633939177952008,0.2442601640098009
258,"OS_('NRAS', ""{'proportion': 1.0, 'n_neighbors': 5, 't': 0.5, 'n_jobs': 1, 'random_state': 1}"")",MLPClassifier(random_state=1),0.9514062935115566,0.18333333333333332,0.13333333333333333,0.14444444444444443,0.5557466143977192,0.15118446353109125
259,"OS_('NRAS', ""{'proportion': 1.0, 'n_neighbors': 5, 't': 0.5, 'n_jobs': 1, 'random_state': 1}"")","Pipeline(steps=[('standardscaler', StandardScaler()),
                ('svc',
                 SVC(C=1, gamma='auto', kernel='linear', random_state=1))])",0.9482372598162071,0.2761904761904762,0.16666666666666666,0.1841025641025641,0.5702334283677832,0.20148584618727608
260,"OS_('AMSCO', ""{'n_pop': 5, 'n_iter': 15, 'omega': 0.1, 'r1': 0.1, 'r2': 0.1, 'n_jobs': 1, 'classifier': DecisionTreeClassifier(random_state=2), 'random_state': 1}"")",DecisionTreeClassifier(random_state=1),0.9197103870788081,0.1925074925074925,0.4,0.2586400642128196,0.6683594678070801,0.27665876440452386
261,"OS_('AMSCO', ""{'n_pop': 5, 'n_iter': 15, 'omega': 0.1, 'r1': 0.1, 'r2': 0.1, 'n_jobs': 1, 'classifier': DecisionTreeClassifier(random_state=2), 'random_state': 1}"")",KNeighborsClassifier(),0.8942411584516847,0.22476190476190477,0.2,0.10018446402951424,0.5584699453551913,0.14576711763347786
262,"OS_('AMSCO', ""{'n_pop': 5, 'n_iter': 15, 'omega': 0.1, 'r1': 0.1, 'r2': 0.1, 'n_jobs': 1, 'classifier': DecisionTreeClassifier(random_state=2), 'random_state': 1}"")",MLPClassifier(random_state=1),0.8603842940685045,0.02993006993006993,0.3,0.054398522281228344,0.589344262295082,0.09467551895923776
263,"OS_('AMSCO', ""{'n_pop': 5, 'n_iter': 15, 'omega': 0.1, 'r1': 0.1, 'r2': 0.1, 'n_jobs': 1, 'classifier': DecisionTreeClassifier(random_state=2), 'random_state': 1}"")","Pipeline(steps=[('standardscaler', StandardScaler()),
                ('svc',
                 SVC(C=1, gamma='auto', kernel='linear', random_state=1))])",0.8392202729044834,0.023365079365079366,0.26666666666666666,0.04294149221685454,0.562295081967213,0.07885992165317371
264,"OS_('SSO', ""{'proportion': 1.0, 'n_neighbors': 5, 'h': 10, 'n_iter': 5, 'n_jobs': 1, 'random_state': 1}"")",DecisionTreeClassifier(random_state=1),0.9387691450849346,0.19571428571428573,0.3,0.23397435897435898,0.6298319078165835,0.24075235502005823
265,"OS_('SSO', ""{'proportion': 1.0, 'n_neighbors': 5, 'h': 10, 'n_iter': 5, 'n_jobs': 1, 'random_state': 1}"")",KNeighborsClassifier(),0.8774937343358395,0.1300398947457771,0.4666666666666667,0.19757420754863209,0.6788013779995248,0.24097171850006757
266,"OS_('SSO', ""{'proportion': 1.0, 'n_neighbors': 5, 'h': 10, 'n_iter': 5, 'n_jobs': 1, 'random_state': 1}"")",MLPClassifier(random_state=1),0.797165135059872,0.09137366698342309,0.5666666666666667,0.15521896817435593,0.6856854359705393,0.22453637045145602
267,"OS_('SSO', ""{'proportion': 1.0, 'n_neighbors': 5, 'h': 10, 'n_iter': 5, 'n_jobs': 1, 'random_state': 1}"")","Pipeline(steps=[('standardscaler', StandardScaler()),
                ('svc',
                 SVC(C=1, gamma='auto', kernel='linear', random_state=1))])",0.779192425508215,0.08635866166353971,0.5666666666666667,0.14838328376420346,0.676407697790449,0.2189485102189912
268,"OS_('NDO_sampling', ""{'proportion': 1.0, 'n_neighbors': 5, 'T': 0.5, 'n_jobs': 1, 'random_state': 1}"")",DecisionTreeClassifier(random_state=1),0.9133500417710945,0.11619047619047618,0.2,0.1433333333333333,0.5683446186742694,0.15043847835356325
269,"OS_('NDO_sampling', ""{'proportion': 1.0, 'n_neighbors': 5, 'T': 0.5, 'n_jobs': 1, 'random_state': 1}"")",KNeighborsClassifier(),0.8658423837371206,0.12183856440484224,0.5,0.19398529244457344,0.6889047279638869,0.24465454620719207
270,"OS_('NDO_sampling', ""{'proportion': 1.0, 'n_neighbors': 5, 'T': 0.5, 'n_jobs': 1, 'random_state': 1}"")",MLPClassifier(random_state=1),0.7421888053467001,0.08309852774249057,0.6666666666666667,0.14674101423454314,0.7056604894274174,0.2332105670989646
271,"OS_('NDO_sampling', ""{'proportion': 1.0, 'n_neighbors': 5, 'T': 0.5, 'n_jobs': 1, 'random_state': 1}"")","Pipeline(steps=[('standardscaler', StandardScaler()),
                ('svc',
                 SVC(C=1, gamma='auto', kernel='linear', random_state=1))])",0.7252353104984685,0.08495774786097368,0.7,0.14979302895105376,0.7130256593014968,0.24021119493377094
272,"OS_('DSRBF', ""{'proportion': 1.0, 'n_neighbors': 5, 'm_min': 4, 'm_max': 10, 'Ib': 2, 'Ob': 2, 'n_pop': 500, 'n_init_pop': 5000, 'n_iter': 40, 'n_sampling_epoch': 5, 'n_jobs': 1, 'random_state': 1}"")",DecisionTreeClassifier(random_state=1),0.9271177944862157,0.14398989898989897,0.26666666666666666,0.1852852049910873,0.6076977904490378,0.1949327180038838
273,"OS_('DSRBF', ""{'proportion': 1.0, 'n_neighbors': 5, 'm_min': 4, 'm_max': 10, 'Ib': 2, 'Ob': 2, 'n_pop': 500, 'n_init_pop': 5000, 'n_iter': 40, 'n_sampling_epoch': 5, 'n_jobs': 1, 'random_state': 1}"")",KNeighborsClassifier(),0.8067056530214425,0.08785217312731544,0.5333333333333333,0.1499907111573981,0.674495129484438,0.21516271903494794
274,"OS_('DSRBF', ""{'proportion': 1.0, 'n_neighbors': 5, 'm_min': 4, 'm_max': 10, 'Ib': 2, 'Ob': 2, 'n_pop': 500, 'n_init_pop': 5000, 'n_iter': 40, 'n_sampling_epoch': 5, 'n_jobs': 1, 'random_state': 1}"")",MLPClassifier(random_state=1),0.7569534948482317,0.09018597678967222,0.6666666666666667,0.15727620580430574,0.7132840342124019,0.2422001989474749
275,"OS_('DSRBF', ""{'proportion': 1.0, 'n_neighbors': 5, 'm_min': 4, 'm_max': 10, 'Ib': 2, 'Ob': 2, 'n_pop': 500, 'n_init_pop': 5000, 'n_iter': 40, 'n_sampling_epoch': 5, 'n_jobs': 1, 'random_state': 1}"")","Pipeline(steps=[('standardscaler', StandardScaler()),
                ('svc',
                 SVC(C=1, gamma='auto', kernel='linear', random_state=1))])",0.7273851294903927,0.08498660643247179,0.7,0.15058098751995944,0.7141393442622951,0.24176958322250797
276,"OS_('Gaussian_SMOTE', ""{'proportion': 1.0, 'n_neighbors': 5, 'sigma': 1.0, 'n_jobs': 1, 'random_state': 1}"")",DecisionTreeClassifier(random_state=1),0.9377220829852408,0.2038095238095238,0.26666666666666666,0.21312576312576312,0.613168210976479,0.22374712321673976
277,"OS_('Gaussian_SMOTE', ""{'proportion': 1.0, 'n_neighbors': 5, 'sigma': 1.0, 'n_jobs': 1, 'random_state': 1}"")",KNeighborsClassifier(),0.9376775271512112,0.2577142857142857,0.4,0.2945699461828494,0.6776312663340461,0.30988662745640944
278,"OS_('Gaussian_SMOTE', ""{'proportion': 1.0, 'n_neighbors': 5, 'sigma': 1.0, 'n_jobs': 1, 'random_state': 1}"")",MLPClassifier(random_state=1),0.9228515733778891,0.20754689754689754,0.33333333333333337,0.23397435897435895,0.6377346162984081,0.24986253192408442
279,"OS_('Gaussian_SMOTE', ""{'proportion': 1.0, 'n_neighbors': 5, 'sigma': 1.0, 'n_jobs': 1, 'random_state': 1}"")","Pipeline(steps=[('standardscaler', StandardScaler()),
                ('svc',
                 SVC(C=1, gamma='auto', kernel='linear', random_state=1))])",0.7411027568922306,0.08756268568033274,0.6666666666666666,0.1533449007133218,0.705099192207175,0.23863220275145408
280,"OS_('kmeans_SMOTE', ""{'proportion': 1.0, 'n_neighbors': 5, 'n_clusters': 10, 'irt': 2.0, 'n_jobs': 1, 'random_state': 1}"")",DecisionTreeClassifier(random_state=1),0.9451072124756335,0.2504273504273504,0.36666666666666664,0.2842105263157894,0.6653510334996435,0.2960008892608662
281,"OS_('kmeans_SMOTE', ""{'proportion': 1.0, 'n_neighbors': 5, 'n_clusters': 10, 'irt': 2.0, 'n_jobs': 1, 'random_state': 1}"")",KNeighborsClassifier(),0.9672570314675577,0.2,0.03333333333333333,0.05714285714285714,0.5155737704918033,0.08164965809277261
282,"OS_('kmeans_SMOTE', ""{'proportion': 1.0, 'n_neighbors': 5, 'n_clusters': 10, 'irt': 2.0, 'n_jobs': 1, 'random_state': 1}"")",MLPClassifier(random_state=1),0.9683208020050126,0.0,0.0,0.0,0.5,0.0
283,"OS_('kmeans_SMOTE', ""{'proportion': 1.0, 'n_neighbors': 5, 'n_clusters': 10, 'irt': 2.0, 'n_jobs': 1, 'random_state': 1}"")","Pipeline(steps=[('standardscaler', StandardScaler()),
                ('svc',
                 SVC(C=1, gamma='auto', kernel='linear', random_state=1))])",0.9683208020050126,0.0,0.0,0.0,0.5,0.0
284,"OS_('Supervised_SMOTE', ""{'proportion': 1.0, 'th_lower': 0.5, 'th_upper': 1.0, 'classifier': RandomForestClassifier(n_estimators=50, n_jobs=1, random_state=5), 'n_jobs': 1, 'random_state': 1}"")",DecisionTreeClassifier(random_state=1),0.946137566137566,0.2175350140056022,0.3,0.23716428499037195,0.6336332858161083,0.24729615109032616
285,"OS_('Supervised_SMOTE', ""{'proportion': 1.0, 'th_lower': 0.5, 'th_upper': 1.0, 'classifier': RandomForestClassifier(n_estimators=50, n_jobs=1, random_state=5), 'n_jobs': 1, 'random_state': 1}"")",KNeighborsClassifier(),0.8922528543581174,0.14060173057077083,0.4333333333333333,0.2077707311757655,0.6702987645521501,0.24297319614735313
286,"OS_('Supervised_SMOTE', ""{'proportion': 1.0, 'th_lower': 0.5, 'th_upper': 1.0, 'classifier': RandomForestClassifier(n_estimators=50, n_jobs=1, random_state=5), 'n_jobs': 1, 'random_state': 1}"")",MLPClassifier(random_state=1),0.8214090782511834,0.09507018165761799,0.5,0.15664807664807665,0.6659568781183178,0.21397318531346454
287,"OS_('Supervised_SMOTE', ""{'proportion': 1.0, 'th_lower': 0.5, 'th_upper': 1.0, 'classifier': RandomForestClassifier(n_estimators=50, n_jobs=1, random_state=5), 'n_jobs': 1, 'random_state': 1}"")","Pipeline(steps=[('standardscaler', StandardScaler()),
                ('svc',
                 SVC(C=1, gamma='auto', kernel='linear', random_state=1))])",0.8108159287106655,0.1150925250166237,0.5666666666666667,0.18642283587935762,0.6927328344024708,0.2491031187358006
288,"OS_('SN_SMOTE', ""{'proportion': 1.0, 'n_neighbors': 5, 'n_jobs': 1, 'random_state': 1}"")",DecisionTreeClassifier(random_state=1),0.9165469228627124,0.1322222222222222,0.26666666666666666,0.17277777777777775,0.602236279401283,0.1851500050341757
289,"OS_('SN_SMOTE', ""{'proportion': 1.0, 'n_neighbors': 5, 'n_jobs': 1, 'random_state': 1}"")",KNeighborsClassifier(),0.8457978279030909,0.10777248333062288,0.5333333333333333,0.17815694189390524,0.6946810406272274,0.2383067896394518
290,"OS_('SN_SMOTE', ""{'proportion': 1.0, 'n_neighbors': 5, 'n_jobs': 1, 'random_state': 1}"")",MLPClassifier(random_state=1),0.7717348927875243,0.09716355038811017,0.6666666666666667,0.16745948054838647,0.7209164884770729,0.2508469051766481
291,"OS_('SN_SMOTE', ""{'proportion': 1.0, 'n_neighbors': 5, 'n_jobs': 1, 'random_state': 1}"")","Pipeline(steps=[('standardscaler', StandardScaler()),
                ('svc',
                 SVC(C=1, gamma='auto', kernel='linear', random_state=1))])",0.7400389863547758,0.09109890109890109,0.7,0.1598021877210261,0.7206729626989784,0.24966129726161715
292,"OS_('CCR', ""{'proportion': 1.0, 'energy': 1.0, 'scaling': 0.0, 'n_jobs': 1, 'random_state': 1}"")",DecisionTreeClassifier(random_state=1),0.9355945419103314,0.18571428571428572,0.3,0.22445054945054946,0.6281925635542884,0.2332872301047711
293,"OS_('CCR', ""{'proportion': 1.0, 'energy': 1.0, 'scaling': 0.0, 'n_jobs': 1, 'random_state': 1}"")",KNeighborsClassifier(),0.9482316903369534,0.24571428571428572,0.3,0.26373626373626374,0.6347172725112854,0.2680790454461669
294,"OS_('CCR', ""{'proportion': 1.0, 'energy': 1.0, 'scaling': 0.0, 'n_jobs': 1, 'random_state': 1}"")",MLPClassifier(random_state=1),0.9471623503202451,0.25,0.13333333333333333,0.17333333333333334,0.5535578522214303,0.1822461852836958
295,"OS_('CCR', ""{'proportion': 1.0, 'energy': 1.0, 'scaling': 0.0, 'n_jobs': 1, 'random_state': 1}"")","Pipeline(steps=[('standardscaler', StandardScaler()),
                ('svc',
                 SVC(C=1, gamma='auto', kernel='linear', random_state=1))])",0.7358563074352547,0.08287071385110602,0.6666666666666666,0.1465230664961277,0.7023907103825137,0.23308691137268003
296,"OS_('ANS', ""{'proportion': 1.0, 'n_jobs': 1, 'random_state': 1}"")",DecisionTreeClassifier(random_state=1),0.9450570871623503,0.20634920634920634,0.2333333333333333,0.2066666666666667,0.6008345212639581,0.21305967486848615
297,"OS_('ANS', ""{'proportion': 1.0, 'n_jobs': 1, 'random_state': 1}"")",KNeighborsClassifier(),0.9154608744082428,0.18143141945773525,0.4,0.24577005347593578,0.6661647659776669,0.26692543541717145
298,"OS_('ANS', ""{'proportion': 1.0, 'n_jobs': 1, 'random_state': 1}"")",MLPClassifier(random_state=1),0.8330325814536341,0.1201930501930502,0.5999999999999999,0.19757921260853517,0.7203254929912093,0.265343020425118
299,"OS_('ANS', ""{'proportion': 1.0, 'n_jobs': 1, 'random_state': 1}"")","Pipeline(steps=[('standardscaler', StandardScaler()),
                ('svc',
                 SVC(C=1, gamma='auto', kernel='linear', random_state=1))])",0.7759175717070453,0.08785305415379982,0.5,0.14629938482570062,0.6424685198384414,0.20513967353140455
300,"OS_('cluster_SMOTE', ""{'proportion': 1.0, 'n_neighbors': 3, 'n_clusters': 3, 'n_jobs': 1, 'random_state': 1}"")",DecisionTreeClassifier(random_state=1),0.928170426065163,0.14396825396825397,0.2333333333333333,0.17632478632478635,0.5921180803041103,0.18232556840018316
301,"OS_('cluster_SMOTE', ""{'proportion': 1.0, 'n_neighbors': 3, 'n_clusters': 3, 'n_jobs': 1, 'random_state': 1}"")",KNeighborsClassifier(),0.8637371205792258,0.12028890407837775,0.5,0.1916763952892985,0.6878207412687098,0.24277015221507137
302,"OS_('cluster_SMOTE', ""{'proportion': 1.0, 'n_neighbors': 3, 'n_clusters': 3, 'n_jobs': 1, 'random_state': 1}"")",MLPClassifier(random_state=1),0.7643386243386243,0.09896226970472397,0.7,0.1712091004970262,0.7332175100974103,0.2591256803386294
303,"OS_('cluster_SMOTE', ""{'proportion': 1.0, 'n_neighbors': 3, 'n_clusters': 3, 'n_jobs': 1, 'random_state': 1}"")","Pipeline(steps=[('standardscaler', StandardScaler()),
                ('svc',
                 SVC(C=1, gamma='auto', kernel='linear', random_state=1))])",0.7505875800612642,0.09337760910815938,0.6666666666666666,0.1617687091371302,0.7099964362081254,0.2456156955557919
