,OS,Algorithm,ACC,Precision,recall,F1-Score,AUC,G-measure
0,train_STARM_star_nn_5_rj_0.5,DecisionTreeClassifier(random_state=1),0.7281030281935259,0.47869265364385727,0.5715644820295983,0.5198016822843434,0.6768806537132118,0.5224551459464184
1,train_STARM_star_nn_5_rj_0.5,KNeighborsClassifier(),0.7457988165680474,0.5069307322588108,0.7323467230443974,0.5973237389521793,0.7413733615221987,0.6083561392698874
2,train_STARM_star_nn_5_rj_0.5,MLPClassifier(random_state=1),0.7647476505395057,0.5383895931253857,0.7234672304439747,0.6108510703753982,0.7512066310950032,0.6207532057688387
3,train_STARM_star_nn_5_rj_0.5,"Pipeline(steps=[('standardscaler', StandardScaler()),
                ('svc',
                 SVC(C=1, gamma='auto', kernel='linear', random_state=1))])",0.7718621649843369,0.5376730416696187,0.8063424947145877,0.64413044471868,0.7831204537065004,0.6579012880160457
