,OS,Algorithm,ACC,Precision,recall,F1-Score,AUC,G-measure
0,"OS_('SMOTE', ""{'proportion': 1.0, 'n_neighbors': 5, 'n_jobs': 1, 'random_state': 1}"")",DecisionTreeClassifier(random_state=1),0.8688323090430202,0.544047619047619,0.6533333333333334,0.5440537240537241,0.7709818438216112,0.5680937423138009
1,"OS_('SMOTE', ""{'proportion': 1.0, 'n_neighbors': 5, 'n_jobs': 1, 'random_state': 1}"")",KNeighborsClassifier(),0.8478489903424056,0.5694805194805195,0.8533333333333335,0.6276470588235294,0.8496703684117751,0.6628144470833774
2,"OS_('SMOTE', ""{'proportion': 1.0, 'n_neighbors': 5, 'n_jobs': 1, 'random_state': 1}"")",MLPClassifier(random_state=1),0.8419666374012291,0.58,0.8266666666666665,0.6051897860593513,0.8346712497796581,0.6475281637877817
3,"OS_('SMOTE', ""{'proportion': 1.0, 'n_neighbors': 5, 'n_jobs': 1, 'random_state': 1}"")","Pipeline(steps=[('standardscaler', StandardScaler()),
                ('svc',
                 SVC(C=1, gamma='auto', kernel='linear', random_state=1))])",0.8151887620719929,0.5,0.7533333333333333,0.5090969899665552,0.7865556143134145,0.5602350856310421
4,"OS_('SMOTE_TomekLinks', ""{'proportion': 1.0, 'n_neighbors': 5, 'n_jobs': 1, 'random_state': 1}"")",DecisionTreeClassifier(random_state=1),0.8777436347673397,0.5913793103448276,0.6866666666666668,0.5638095238095238,0.7909007579763794,0.5974973077926156
5,"OS_('SMOTE_TomekLinks', ""{'proportion': 1.0, 'n_neighbors': 5, 'n_jobs': 1, 'random_state': 1}"")",KNeighborsClassifier(),0.8568042142230027,0.6035714285714285,0.8533333333333335,0.6528571428571428,0.8545884011986603,0.6840605234014512
6,"OS_('SMOTE_TomekLinks', ""{'proportion': 1.0, 'n_neighbors': 5, 'n_jobs': 1, 'random_state': 1}"")",MLPClassifier(random_state=1),0.8509218612818262,0.5966666666666666,0.8266666666666665,0.6210628019323671,0.8395892825665433,0.6599700386465936
7,"OS_('SMOTE_TomekLinks', ""{'proportion': 1.0, 'n_neighbors': 5, 'n_jobs': 1, 'random_state': 1}"")","Pipeline(steps=[('standardscaler', StandardScaler()),
                ('svc',
                 SVC(C=1, gamma='auto', kernel='linear', random_state=1))])",0.8181738366988587,0.5152332049636286,0.7533333333333333,0.5210638297872341,0.7881949585757095,0.5700360948523845
8,"OS_('SMOTE_ENN', ""{'proportion': 1.0, 'n_neighbors': 5, 'n_jobs': 1, 'random_state': 1}"")",DecisionTreeClassifier(random_state=1),0.8239683933274803,0.5572835377183204,0.7866666666666666,0.5724696356275303,0.8064745284681827,0.6144343615747091
9,"OS_('SMOTE_ENN', ""{'proportion': 1.0, 'n_neighbors': 5, 'n_jobs': 1, 'random_state': 1}"")",KNeighborsClassifier(),0.8478489903424056,0.5872727272727272,0.8933333333333333,0.6596666666666667,0.86803102414948,0.692920322313392
10,"OS_('SMOTE_ENN', ""{'proportion': 1.0, 'n_neighbors': 5, 'n_jobs': 1, 'random_state': 1}"")",MLPClassifier(random_state=1),0.8419666374012291,0.5714285714285714,0.8266666666666665,0.599951690821256,0.8346712497796581,0.6428478712295833
11,"OS_('SMOTE_ENN', ""{'proportion': 1.0, 'n_neighbors': 5, 'n_jobs': 1, 'random_state': 1}"")","Pipeline(steps=[('standardscaler', StandardScaler()),
                ('svc',
                 SVC(C=1, gamma='auto', kernel='linear', random_state=1))])",0.8181299385425811,0.5345363408521303,0.7933333333333333,0.5466666666666666,0.8065291732769257,0.5973371519665011
12,"OS_('Borderline_SMOTE2', ""{'proportion': 1.0, 'n_neighbors': 5, 'k_neighbors': 5, 'n_jobs': 1, 'random_state': 1}"")",DecisionTreeClassifier(random_state=1),0.9165496049165934,0.6722222222222223,0.7200000000000001,0.6416666666666666,0.8272395557905871,0.6675765912924818
13,"OS_('Borderline_SMOTE2', ""{'proportion': 1.0, 'n_neighbors': 5, 'k_neighbors': 5, 'n_jobs': 1, 'random_state': 1}"")",KNeighborsClassifier(),0.928489903424056,0.7768831168831168,0.8266666666666668,0.7610944610944611,0.8822122333862155,0.779721820635442
14,"OS_('Borderline_SMOTE2', ""{'proportion': 1.0, 'n_neighbors': 5, 'k_neighbors': 5, 'n_jobs': 1, 'random_state': 1}"")",MLPClassifier(random_state=1),0.8480245829675154,0.5696741854636592,0.76,0.578989898989899,0.8079217345319936,0.6157826495013212
15,"OS_('Borderline_SMOTE2', ""{'proportion': 1.0, 'n_neighbors': 5, 'k_neighbors': 5, 'n_jobs': 1, 'random_state': 1}"")","Pipeline(steps=[('standardscaler', StandardScaler()),
                ('svc',
                 SVC(C=1, gamma='auto', kernel='linear', random_state=1))])",0.8151887620719929,0.5221254355400697,0.72,0.5118330605564647,0.7715282919090429,0.5586686403882896
16,"OS_('ADASYN', ""{'n_neighbors': 5, 'd_th': 0.9, 'beta': 1.0, 'n_jobs': 1, 'random_state': 1}"")",DecisionTreeClassifier(random_state=1),0.8210272168568921,0.5227272727272727,0.6866666666666668,0.5224242424242423,0.7598060990657501,0.557460587506327
17,"OS_('ADASYN', ""{'n_neighbors': 5, 'd_th': 0.9, 'beta': 1.0, 'n_jobs': 1, 'random_state': 1}"")",KNeighborsClassifier(),0.8120719929762951,0.5236904761904762,0.86,0.6061212861212862,0.833358011634056,0.6419374865854621
18,"OS_('ADASYN', ""{'n_neighbors': 5, 'd_th': 0.9, 'beta': 1.0, 'n_jobs': 1, 'random_state': 1}"")",MLPClassifier(random_state=1),0.7822651448639157,0.48081159420289865,0.8600000000000001,0.5551559934318556,0.8169645690111051,0.60266035256026
19,"OS_('ADASYN', ""{'n_neighbors': 5, 'd_th': 0.9, 'beta': 1.0, 'n_jobs': 1, 'random_state': 1}"")","Pipeline(steps=[('standardscaler', StandardScaler()),
                ('svc',
                 SVC(C=1, gamma='auto', kernel='linear', random_state=1))])",0.7494732221246708,0.4247433156736996,0.8600000000000001,0.5163522917760205,0.7989846641988365,0.5675238253349502
20,"OS_('AHC', ""{'strategy': 'min', 'n_jobs': 1, 'random_state': 1}"")",DecisionTreeClassifier(random_state=1),0.8449517120280948,0.6248917748917748,0.7533333333333333,0.6010769230769231,0.8029226158998766,0.6379907117302739
21,"OS_('AHC', ""{'strategy': 'min', 'n_jobs': 1, 'random_state': 1}"")",KNeighborsClassifier(),0.9344161545215102,0.8214285714285715,0.7866666666666667,0.7533566433566433,0.867103825136612,0.7772439487409353
22,"OS_('AHC', ""{'strategy': 'min', 'n_jobs': 1, 'random_state': 1}"")",MLPClassifier(random_state=1),0.9136523266022827,0.6838095238095238,0.6533333333333333,0.6065656565656565,0.7955455667195487,0.6354974167728503
23,"OS_('AHC', ""{'strategy': 'min', 'n_jobs': 1, 'random_state': 1}"")","Pipeline(steps=[('standardscaler', StandardScaler()),
                ('svc',
                 SVC(C=1, gamma='auto', kernel='linear', random_state=1))])",0.8928007023705004,0.6828571428571429,0.72,0.6323310023310024,0.814151242728715,0.6628892468382082
24,"OS_('LLE_SMOTE', ""{'proportion': 1.0, 'n_neighbors': 5, 'n_components': 2, 'n_jobs': 1, 'random_state': 1}"")",DecisionTreeClassifier(random_state=1),0.8778314310798947,0.6433716475095785,0.6533333333333333,0.5829004329004329,0.7758998766084965,0.612439176683129
25,"OS_('LLE_SMOTE', ""{'proportion': 1.0, 'n_neighbors': 5, 'n_components': 2, 'n_jobs': 1, 'random_state': 1}"")",KNeighborsClassifier(),0.9374012291483756,0.825974025974026,0.8600000000000001,0.7899256299256299,0.9021311475409837,0.8143695537485127
26,"OS_('LLE_SMOTE', ""{'proportion': 1.0, 'n_neighbors': 5, 'n_components': 2, 'n_jobs': 1, 'random_state': 1}"")",MLPClassifier(random_state=1),0.8808165057067603,0.6174747474747475,0.8266666666666665,0.653169053169053,0.8560091662259828,0.6829980804881026
27,"OS_('LLE_SMOTE', ""{'proportion': 1.0, 'n_neighbors': 5, 'n_components': 2, 'n_jobs': 1, 'random_state': 1}"")","Pipeline(steps=[('standardscaler', StandardScaler()),
                ('svc',
                 SVC(C=1, gamma='auto', kernel='linear', random_state=1))])",0.8808604038630378,0.5782521008403361,0.7933333333333333,0.6067690389710025,0.8409818438216112,0.6426934602562606
28,"OS_('distance_SMOTE', ""{'proportion': 1.0, 'n_neighbors': 5, 'n_jobs': 1, 'random_state': 1}"")",DecisionTreeClassifier(random_state=1),0.8359964881474976,0.41303030303030297,0.62,0.4456293706293707,0.737974616604971,0.47640861019935726
29,"OS_('distance_SMOTE', ""{'proportion': 1.0, 'n_neighbors': 5, 'n_jobs': 1, 'random_state': 1}"")",KNeighborsClassifier(),0.8329675153643545,0.5688652482269504,0.82,0.6090708976558032,0.826446324695928,0.6440811484782071
30,"OS_('distance_SMOTE', ""{'proportion': 1.0, 'n_neighbors': 5, 'n_jobs': 1, 'random_state': 1}"")",MLPClassifier(random_state=1),0.8419666374012291,0.5547619047619048,0.8600000000000001,0.6132850241545893,0.8497250132205183,0.6537067174237577
31,"OS_('distance_SMOTE', ""{'proportion': 1.0, 'n_neighbors': 5, 'n_jobs': 1, 'random_state': 1}"")","Pipeline(steps=[('standardscaler', StandardScaler()),
                ('svc',
                 SVC(C=1, gamma='auto', kernel='linear', random_state=1))])",0.8181738366988587,0.5048238482384824,0.7533333333333333,0.5143971631205673,0.7881949585757095,0.5642225762219042
32,"OS_('SMMO', ""{'proportion': 1.0, 'n_neighbors': 5, 'ensemble': [QuadraticDiscriminantAnalysis(), DecisionTreeClassifier(random_state=2), GaussianNB()], 'n_jobs': 1, 'random_state': 1}"")",DecisionTreeClassifier(random_state=1),0.8479806848112379,0.5876016260162602,0.6533333333333333,0.5361431948665991,0.7595064339855456,0.5717662428123597
33,"OS_('SMMO', ""{'proportion': 1.0, 'n_neighbors': 5, 'ensemble': [QuadraticDiscriminantAnalysis(), DecisionTreeClassifier(random_state=2), GaussianNB()], 'n_jobs': 1, 'random_state': 1}"")",KNeighborsClassifier(),0.8419227392449515,0.6376955602536999,0.7533333333333333,0.6344355924187857,0.8013097126740701,0.6603132268374616
34,"OS_('SMMO', ""{'proportion': 1.0, 'n_neighbors': 5, 'ensemble': [QuadraticDiscriminantAnalysis(), DecisionTreeClassifier(random_state=2), GaussianNB()], 'n_jobs': 1, 'random_state': 1}"")",MLPClassifier(random_state=1),0.8241000877963126,0.6535294117647059,0.6933333333333332,0.5397676008202325,0.7647787766613785,0.5929986844076971
35,"OS_('SMMO', ""{'proportion': 1.0, 'n_neighbors': 5, 'ensemble': [QuadraticDiscriminantAnalysis(), DecisionTreeClassifier(random_state=2), GaussianNB()], 'n_jobs': 1, 'random_state': 1}"")","Pipeline(steps=[('standardscaler', StandardScaler()),
                ('svc',
                 SVC(C=1, gamma='auto', kernel='linear', random_state=1))])",0.8270851624231781,0.6888888888888889,0.7933333333333333,0.6484848484848487,0.811447206063811,0.6857065110454568
36,"OS_('polynom_fit_SMOTE', ""{'proportion': 1.0, 'topology': 'star', 'random_state': 1}"")",DecisionTreeClassifier(random_state=1),0.8778314310798947,0.6461538461538462,0.58,0.5003968253968254,0.7424854574299312,0.5525511632435096
37,"OS_('polynom_fit_SMOTE', ""{'proportion': 1.0, 'topology': 'star', 'random_state': 1}"")",KNeighborsClassifier(),0.847892888498683,0.6212403100775193,0.82,0.6294341372912802,0.8346166049709149,0.6680861803392296
38,"OS_('polynom_fit_SMOTE', ""{'proportion': 1.0, 'topology': 'star', 'random_state': 1}"")",MLPClassifier(random_state=1),0.8508779631255488,0.6169230769230769,0.82,0.6243201878213319,0.83625594923321,0.6648711336118366
39,"OS_('polynom_fit_SMOTE', ""{'proportion': 1.0, 'topology': 'star', 'random_state': 1}"")","Pipeline(steps=[('standardscaler', StandardScaler()),
                ('svc',
                 SVC(C=1, gamma='auto', kernel='linear', random_state=1))])",0.8538630377524143,0.6296741854636592,0.7866666666666667,0.6166666666666666,0.8228679710911335,0.6562262357249065
40,"OS_('Stefanowski', ""{'strategy': 'weak_amp', 'n_jobs': 1}"")",DecisionTreeClassifier(random_state=1),0.9075943810359964,0.6141219649915303,0.82,0.6565691239119229,0.8674563722897938,0.6843873501463728
41,"OS_('Stefanowski', ""{'strategy': 'weak_amp', 'n_jobs': 1}"")",KNeighborsClassifier(),0.868788410886743,0.6006896551724138,0.72,0.6047402597402597,0.8010100475938657,0.6304833438529525
42,"OS_('Stefanowski', ""{'strategy': 'weak_amp', 'n_jobs': 1}"")",MLPClassifier(random_state=1),0.9136523266022827,0.6866666666666666,0.6133333333333333,0.5742701742701742,0.7771849109818437,0.6097092040673523
43,"OS_('Stefanowski', ""{'strategy': 'weak_amp', 'n_jobs': 1}"")","Pipeline(steps=[('standardscaler', StandardScaler()),
                ('svc',
                 SVC(C=1, gamma='auto', kernel='linear', random_state=1))])",0.8719051799824408,0.5974999999999999,0.6533333333333333,0.5336124401913875,0.7725947470474176,0.574415694687328
44,"OS_('ADOMS', ""{'proportion': 1.0, 'n_neighbors': 5, 'n_jobs': 1, 'random_state': 1}"")",DecisionTreeClassifier(random_state=1),0.8090869183494294,0.5111884805501827,0.6866666666666668,0.5025379208287089,0.753222280980081,0.5428179744139131
45,"OS_('ADOMS', ""{'proportion': 1.0, 'n_neighbors': 5, 'n_jobs': 1, 'random_state': 1}"")",KNeighborsClassifier(),0.8269973661106234,0.5960962566844918,0.82,0.6018396386222473,0.8231411951348493,0.6470534121584958
46,"OS_('ADOMS', ""{'proportion': 1.0, 'n_neighbors': 5, 'n_jobs': 1, 'random_state': 1}"")",MLPClassifier(random_state=1),0.8330114135206322,0.5721568627450979,0.7866666666666667,0.5691304347826087,0.8113925612550679,0.6171675583948166
47,"OS_('ADOMS', ""{'proportion': 1.0, 'n_neighbors': 5, 'n_jobs': 1, 'random_state': 1}"")","Pipeline(steps=[('standardscaler', StandardScaler()),
                ('svc',
                 SVC(C=1, gamma='auto', kernel='linear', random_state=1))])",0.8211589113257244,0.5112203112203112,0.7533333333333333,0.5172425249169434,0.7898343028380046,0.5674458627301464
48,"OS_('Safe_Level_SMOTE', ""{'proportion': 1.0, 'n_neighbors': 5, 'n_jobs': 1, 'random_state': 1}"")",DecisionTreeClassifier(random_state=1),0.8957418788410887,0.6277777777777778,0.62,0.5411111111111111,0.7706821787414067,0.5795639056526637
49,"OS_('Safe_Level_SMOTE', ""{'proportion': 1.0, 'n_neighbors': 5, 'n_jobs': 1, 'random_state': 1}"")",KNeighborsClassifier(),0.9314310798946444,0.8067226890756303,0.72,0.7286074794770446,0.8354098360655737,0.745365708402008
50,"OS_('Safe_Level_SMOTE', ""{'proportion': 1.0, 'n_neighbors': 5, 'n_jobs': 1, 'random_state': 1}"")",MLPClassifier(random_state=1),0.9165935030728709,0.8166666666666667,0.4800000000000001,0.49142857142857144,0.7186885245901639,0.5615553593145169
51,"OS_('Safe_Level_SMOTE', ""{'proportion': 1.0, 'n_neighbors': 5, 'n_jobs': 1, 'random_state': 1}"")","Pipeline(steps=[('standardscaler', StandardScaler()),
                ('svc',
                 SVC(C=1, gamma='auto', kernel='linear', random_state=1))])",0.892756804214223,0.8,0.6199999999999999,0.5792640692640693,0.7690163934426228,0.6353703758946504
52,"OS_('MSMOTE', ""{'proportion': 1.0, 'n_neighbors': 5, 'n_jobs': 1, 'random_state': 1}"")",DecisionTreeClassifier(random_state=1),0.856935908691835,0.5502134646962233,0.5866666666666667,0.5272227772227771,0.7343698219636876,0.5459027360189287
53,"OS_('MSMOTE', ""{'proportion': 1.0, 'n_neighbors': 5, 'n_jobs': 1, 'random_state': 1}"")",KNeighborsClassifier(),0.874758560140474,0.7114285714285714,0.82,0.6973953582649234,0.8493971443680592,0.7254213000317458
54,"OS_('MSMOTE', ""{'proportion': 1.0, 'n_neighbors': 5, 'n_jobs': 1, 'random_state': 1}"")",MLPClassifier(random_state=1),0.8449956101843723,0.5761904761904761,0.7533333333333334,0.5762220870916523,0.8029490569363652,0.6140779924333282
55,"OS_('MSMOTE', ""{'proportion': 1.0, 'n_neighbors': 5, 'n_jobs': 1, 'random_state': 1}"")","Pipeline(steps=[('standardscaler', StandardScaler()),
                ('svc',
                 SVC(C=1, gamma='auto', kernel='linear', random_state=1))])",0.8301141352063214,0.5261904761904762,0.72,0.5179120879120879,0.7797250132205182,0.5638090929134616
56,"OS_('DE_oversampling', ""{'proportion': 1.0, 'n_neighbors': 5, 'crossover_rate': 0.5, 'similarity_threshold': 0.5, 'n_clusters': 30, 'n_jobs': 1, 'random_state': 1}"")",DecisionTreeClassifier(random_state=1),0.7884547848990342,0.3627039627039627,0.6266666666666667,0.4450899083716421,0.7151842058875375,0.46753147849014187
57,"OS_('DE_oversampling', ""{'proportion': 1.0, 'n_neighbors': 5, 'crossover_rate': 0.5, 'similarity_threshold': 0.5, 'n_clusters': 30, 'n_jobs': 1, 'random_state': 1}"")",KNeighborsClassifier(),0.7942932396839333,0.47240781746413785,0.8666666666666666,0.5652938745551327,0.8268817204301075,0.6099071856504854
58,"OS_('DE_oversampling', ""{'proportion': 1.0, 'n_neighbors': 5, 'crossover_rate': 0.5, 'similarity_threshold': 0.5, 'n_clusters': 30, 'n_jobs': 1, 'random_state': 1}"")",MLPClassifier(random_state=1),0.6220368744512731,0.1844281099302402,0.8266666666666665,0.2961563840801129,0.7142587696104353,0.38404918566290275
59,"OS_('DE_oversampling', ""{'proportion': 1.0, 'n_neighbors': 5, 'crossover_rate': 0.5, 'similarity_threshold': 0.5, 'n_clusters': 30, 'n_jobs': 1, 'random_state': 1}"")","Pipeline(steps=[('standardscaler', StandardScaler()),
                ('svc',
                 SVC(C=1, gamma='auto', kernel='linear', random_state=1))])",0.7586040386303775,0.3198176291793313,0.8266666666666665,0.43671973030463596,0.7890075797637934,0.4951779116447674
60,"OS_('SMOBD', ""{'proportion': 1.0, 'eta1': 0.5, 't': 1.8, 'min_samples': 5, 'max_eps': 1.0, 'n_jobs': 1, 'random_state': 1}"")",DecisionTreeClassifier(random_state=1),0.8538630377524145,0.5433006535947713,0.6866666666666668,0.541948051948052,0.777838885950996,0.5741836500275131
61,"OS_('SMOBD', ""{'proportion': 1.0, 'eta1': 0.5, 't': 1.8, 'min_samples': 5, 'max_eps': 1.0, 'n_jobs': 1, 'random_state': 1}"")",KNeighborsClassifier(),0.8568042142230027,0.6533333333333333,0.8933333333333333,0.7003921568627451,0.8729490569363652,0.7296623238529006
62,"OS_('SMOBD', ""{'proportion': 1.0, 'eta1': 0.5, 't': 1.8, 'min_samples': 5, 'max_eps': 1.0, 'n_jobs': 1, 'random_state': 1}"")",MLPClassifier(random_state=1),0.8299824407374888,0.573939393939394,0.8600000000000001,0.6164704184704185,0.8431411951348492,0.6591282706428696
63,"OS_('SMOBD', ""{'proportion': 1.0, 'eta1': 0.5, 't': 1.8, 'min_samples': 5, 'max_eps': 1.0, 'n_jobs': 1, 'random_state': 1}"")","Pipeline(steps=[('standardscaler', StandardScaler()),
                ('svc',
                 SVC(C=1, gamma='auto', kernel='linear', random_state=1))])",0.8121597892888499,0.5285869565217391,0.7866666666666667,0.5461538461538462,0.799943592455491,0.5936767636650538
64,"OS_('SUNDO', ""{'n_jobs': 1, 'random_state': 1}"")",DecisionTreeClassifier(random_state=1),0.8330114135206322,0.625,0.72,0.5858730158730159,0.7813379164463248,0.6213095798629981
65,"OS_('SUNDO', ""{'n_jobs': 1, 'random_state': 1}"")",KNeighborsClassifier(),0.9433713784021072,0.8302521008403362,0.7866666666666667,0.7633900881726968,0.8720218579234972,0.784971610121075
66,"OS_('SUNDO', ""{'n_jobs': 1, 'random_state': 1}"")",MLPClassifier(random_state=1),0.8837576821773485,0.6948179271708683,0.7533333333333334,0.6505128205128204,0.8242340913097127,0.6823806426578948
67,"OS_('SUNDO', ""{'n_jobs': 1, 'random_state': 1}"")","Pipeline(steps=[('standardscaler', StandardScaler()),
                ('svc',
                 SVC(C=1, gamma='auto', kernel='linear', random_state=1))])",0.8539508340649691,0.6124542124542124,0.7933333333333333,0.6098785425101214,0.8262013044244668,0.6500045197824329
68,"OS_('MSYN', ""{'pressure': 1.5, 'n_neighbors': 5, 'n_jobs': 1, 'random_state': 1}"")",DecisionTreeClassifier(random_state=1),0.9016242317822651,0.7244444444444446,0.7533333333333333,0.6515151515151515,0.8340437158469947,0.6916002767601535
69,"OS_('MSYN', ""{'pressure': 1.5, 'n_neighbors': 5, 'n_jobs': 1, 'random_state': 1}"")",KNeighborsClassifier(),0.9254609306409132,0.8194285714285714,0.82,0.7538529212722761,0.8772131147540984,0.7839364455347346
70,"OS_('MSYN', ""{'pressure': 1.5, 'n_neighbors': 5, 'n_jobs': 1, 'random_state': 1}"")",MLPClassifier(random_state=1),0.8867427568042142,0.6958874458874459,0.7533333333333334,0.652051282051282,0.8258734355720078,0.6836441241584583
71,"OS_('MSYN', ""{'pressure': 1.5, 'n_neighbors': 5, 'n_jobs': 1, 'random_state': 1}"")","Pipeline(steps=[('standardscaler', StandardScaler()),
                ('svc',
                 SVC(C=1, gamma='auto', kernel='linear', random_state=1))])",0.8748902546093064,0.6042207792207792,0.72,0.5882417582417583,0.8043151771549445,0.6204901957428118
72,"OS_('SVM_balance', ""{'proportion': 1.0, 'n_neighbors': 5, 'n_jobs': 1, 'random_state': 1}"")",DecisionTreeClassifier(random_state=1),0.8359525899912204,0.6451345755693582,0.72,0.5817948717948719,0.7829508196721312,0.624453528099868
73,"OS_('SVM_balance', ""{'proportion': 1.0, 'n_neighbors': 5, 'n_jobs': 1, 'random_state': 1}"")",KNeighborsClassifier(),0.8538630377524145,0.6830952380952381,0.82,0.6699858964564847,0.8378952934955048,0.7035099441022798
74,"OS_('SVM_balance', ""{'proportion': 1.0, 'n_neighbors': 5, 'n_jobs': 1, 'random_state': 1}"")",MLPClassifier(random_state=1),0.8479367866549603,0.6061913696060037,0.8266666666666665,0.62553333688832,0.8379499383042482,0.66430191507809
75,"OS_('SVM_balance', ""{'proportion': 1.0, 'n_neighbors': 5, 'n_jobs': 1, 'random_state': 1}"")","Pipeline(steps=[('standardscaler', StandardScaler()),
                ('svc',
                 SVC(C=1, gamma='auto', kernel='linear', random_state=1))])",0.8241000877963126,0.5674603174603174,0.7533333333333333,0.5436507936507936,0.7914472060638109,0.5942232582301739
76,"OS_('TRIM_SMOTE', ""{'proportion': 1.0, 'n_neighbors': 5, 'min_precision': 0.3, 'n_jobs': 1, 'random_state': 1}"")",DecisionTreeClassifier(random_state=1),0.8867427568042142,0.635823754789272,0.72,0.6052380952380952,0.8108461131676362,0.6377816830382116
77,"OS_('TRIM_SMOTE', ""{'proportion': 1.0, 'n_neighbors': 5, 'min_precision': 0.3, 'n_jobs': 1, 'random_state': 1}"")",KNeighborsClassifier(),0.913564530289728,0.7742857142857142,0.82,0.7324763471822295,0.8706821787414067,0.7612988982831619
78,"OS_('TRIM_SMOTE', ""{'proportion': 1.0, 'n_neighbors': 5, 'min_precision': 0.3, 'n_jobs': 1, 'random_state': 1}"")",MLPClassifier(random_state=1),0.8867866549604917,0.634900153609831,0.7866666666666667,0.6378019278019278,0.8409271990128679,0.670054780509779
79,"OS_('TRIM_SMOTE', ""{'proportion': 1.0, 'n_neighbors': 5, 'min_precision': 0.3, 'n_jobs': 1, 'random_state': 1}"")","Pipeline(steps=[('standardscaler', StandardScaler()),
                ('svc',
                 SVC(C=1, gamma='auto', kernel='linear', random_state=1))])",0.8778753292361721,0.5505050505050505,0.72,0.5568449197860963,0.8059545214172396,0.5926224050682871
80,"OS_('SMOTE_RSB', ""{'proportion': 2.0, 'n_neighbors': 5, 'n_jobs': 1, 'random_state': 1}"")",DecisionTreeClassifier(random_state=1),0.874846356453029,0.5628205128205128,0.6133333333333334,0.4892857142857142,0.7558734355720077,0.5347000330457516
81,"OS_('SMOTE_RSB', ""{'proportion': 2.0, 'n_neighbors': 5, 'n_jobs': 1, 'random_state': 1}"")",KNeighborsClassifier(),0.9493415276558383,0.8420168067226891,0.82,0.7807813925205229,0.8903278688524591,0.8047745609806084
82,"OS_('SMOTE_RSB', ""{'proportion': 2.0, 'n_neighbors': 5, 'n_jobs': 1, 'random_state': 1}"")",MLPClassifier(random_state=1),0.9136084284460052,0.7231578947368421,0.5133333333333333,0.5057402597402597,0.7320765027322403,0.5581458332214704
83,"OS_('SMOTE_RSB', ""{'proportion': 2.0, 'n_neighbors': 5, 'n_jobs': 1, 'random_state': 1}"")","Pipeline(steps=[('standardscaler', StandardScaler()),
                ('svc',
                 SVC(C=1, gamma='auto', kernel='linear', random_state=1))])",0.8957418788410887,0.8053763440860215,0.6866666666666668,0.6204925704925704,0.8007103825136612,0.6737981134556034
84,"OS_('ProWSyn', ""{'proportion': 1.0, 'n_neighbors': 5, 'L': 5, 'theta': 1.0, 'n_jobs': 1, 'random_state': 1}"")",DecisionTreeClassifier(random_state=1),0.8300263388937665,0.4263841421736158,0.6866666666666668,0.47286478227654705,0.7647770139256126,0.5088097552246453
85,"OS_('ProWSyn', ""{'proportion': 1.0, 'n_neighbors': 5, 'L': 5, 'theta': 1.0, 'n_jobs': 1, 'random_state': 1}"")",KNeighborsClassifier(),0.8329675153643545,0.5475291375291376,0.82,0.5920510366826155,0.826446324695928,0.6306053415056361
86,"OS_('ProWSyn', ""{'proportion': 1.0, 'n_neighbors': 5, 'L': 5, 'theta': 1.0, 'n_jobs': 1, 'random_state': 1}"")",MLPClassifier(random_state=1),0.8330114135206321,0.5547584887613581,0.8600000000000001,0.6091314626374756,0.8448069804336331,0.6510420475841298
87,"OS_('ProWSyn', ""{'proportion': 1.0, 'n_neighbors': 5, 'L': 5, 'theta': 1.0, 'n_jobs': 1, 'random_state': 1}"")","Pipeline(steps=[('standardscaler', StandardScaler()),
                ('svc',
                 SVC(C=1, gamma='auto', kernel='linear', random_state=1))])",0.8151448639157156,0.5192682926829268,0.7866666666666667,0.53707781580122,0.8015829367177861,0.5871794776827548
88,"OS_('SL_graph_SMOTE', ""{'proportion': 1.0, 'n_neighbors': 5, 'n_jobs': 1, 'random_state': 1}"")",DecisionTreeClassifier(random_state=1),0.8957418788410887,0.6277777777777778,0.62,0.5411111111111111,0.7706821787414067,0.5795639056526637
89,"OS_('SL_graph_SMOTE', ""{'proportion': 1.0, 'n_neighbors': 5, 'n_jobs': 1, 'random_state': 1}"")",KNeighborsClassifier(),0.9314310798946444,0.8067226890756303,0.72,0.7286074794770446,0.8354098360655737,0.745365708402008
90,"OS_('SL_graph_SMOTE', ""{'proportion': 1.0, 'n_neighbors': 5, 'n_jobs': 1, 'random_state': 1}"")",MLPClassifier(random_state=1),0.9165935030728709,0.8166666666666667,0.4800000000000001,0.49142857142857144,0.7186885245901639,0.5615553593145169
91,"OS_('SL_graph_SMOTE', ""{'proportion': 1.0, 'n_neighbors': 5, 'n_jobs': 1, 'random_state': 1}"")","Pipeline(steps=[('standardscaler', StandardScaler()),
                ('svc',
                 SVC(C=1, gamma='auto', kernel='linear', random_state=1))])",0.892756804214223,0.8,0.6199999999999999,0.5792640692640693,0.7690163934426228,0.6353703758946504
92,"OS_('NRSBoundary_SMOTE', ""{'proportion': 1.0, 'n_neighbors': 5, 'w': 0.005, 'n_jobs': 1, 'random_state': 1}"")",DecisionTreeClassifier(random_state=1),0.8807726075504828,0.5532840722495894,0.72,0.5813919413919414,0.8076203067160233,0.6053545371521362
93,"OS_('NRSBoundary_SMOTE', ""{'proportion': 1.0, 'n_neighbors': 5, 'w': 0.005, 'n_jobs': 1, 'random_state': 1}"")",KNeighborsClassifier(),0.8120280948200176,0.5269696969696971,0.7933333333333333,0.5959047619047619,0.8032769257888243,0.6239227031477091
94,"OS_('NRSBoundary_SMOTE', ""{'proportion': 1.0, 'n_neighbors': 5, 'w': 0.005, 'n_jobs': 1, 'random_state': 1}"")",MLPClassifier(random_state=1),0.7881913959613697,0.5066666666666667,0.8600000000000001,0.5665656565656566,0.8202168164992069,0.615022693968329
95,"OS_('NRSBoundary_SMOTE', ""{'proportion': 1.0, 'n_neighbors': 5, 'w': 0.005, 'n_jobs': 1, 'random_state': 1}"")","Pipeline(steps=[('standardscaler', StandardScaler()),
                ('svc',
                 SVC(C=1, gamma='auto', kernel='linear', random_state=1))])",0.7614135206321334,0.4291575091575092,0.8600000000000001,0.5224107788762961,0.8055420412480169,0.5724220614372338
96,"OS_('LVQ_SMOTE', ""{'proportion': 1.0, 'n_neighbors': 5, 'n_clusters': 10, 'n_jobs': 1, 'random_state': 1}"")",DecisionTreeClassifier(random_state=1),0.8151887620719931,0.44894736842105265,0.7866666666666667,0.523073593073593,0.8016622598272519,0.5644386653476309
97,"OS_('LVQ_SMOTE', ""{'proportion': 1.0, 'n_neighbors': 5, 'n_clusters': 10, 'n_jobs': 1, 'random_state': 1}"")",KNeighborsClassifier(),0.8509218612818262,0.548138528138528,0.82,0.5830463892874221,0.8362823902696986,0.627879268595908
98,"OS_('LVQ_SMOTE', ""{'proportion': 1.0, 'n_neighbors': 5, 'n_clusters': 10, 'n_jobs': 1, 'random_state': 1}"")",MLPClassifier(random_state=1),0.7822212467076384,0.542568951930654,0.82,0.5513436249285306,0.798551031200423,0.605924396597526
99,"OS_('LVQ_SMOTE', ""{'proportion': 1.0, 'n_neighbors': 5, 'n_clusters': 10, 'n_jobs': 1, 'random_state': 1}"")","Pipeline(steps=[('standardscaler', StandardScaler()),
                ('svc',
                 SVC(C=1, gamma='auto', kernel='linear', random_state=1))])",0.7345039508340651,0.505064935064935,0.82,0.5233250620347394,0.7723479640401903,0.5797042735525946
100,"OS_('SOI_CJ', ""{'proportion': 1.0, 'n_neighbors': 5, 'method': 'interpolation', 'n_jobs': 1, 'random_state': 1}"")",DecisionTreeClassifier(random_state=1),0.8658033362598772,0.4955555555555556,0.54,0.4499999999999999,0.7175674246430459,0.4824036655061056
101,"OS_('SOI_CJ', ""{'proportion': 1.0, 'n_neighbors': 5, 'method': 'interpolation', 'n_jobs': 1, 'random_state': 1}"")",KNeighborsClassifier(),0.9015803336259877,0.7990147783251231,0.7533333333333333,0.7221478521478522,0.8340437158469944,0.7466046993097197
102,"OS_('SOI_CJ', ""{'proportion': 1.0, 'n_neighbors': 5, 'method': 'interpolation', 'n_jobs': 1, 'random_state': 1}"")",MLPClassifier(random_state=1),0.8837576821773485,0.672077922077922,0.7533333333333334,0.639230769230769,0.8242340913097127,0.6712808074538835
103,"OS_('SOI_CJ', ""{'proportion': 1.0, 'n_neighbors': 5, 'method': 'interpolation', 'n_jobs': 1, 'random_state': 1}"")","Pipeline(steps=[('standardscaler', StandardScaler()),
                ('svc',
                 SVC(C=1, gamma='auto', kernel='linear', random_state=1))])",0.8748902546093064,0.6141414141414142,0.72,0.5915384615384616,0.8043151771549445,0.6245987086379345
104,"OS_('ROSE', ""{'proportion': 1.0, 'random_state': 1}"")",DecisionTreeClassifier(random_state=1),0.8151448639157156,0.625,0.62,0.5055555555555555,0.7264198836594394,0.5556131765206737
105,"OS_('ROSE', ""{'proportion': 1.0, 'random_state': 1}"")",KNeighborsClassifier(),0.8956540825285337,0.7667226890756302,0.82,0.7218881118881117,0.8608461131676363,0.7527336933475872
106,"OS_('ROSE', ""{'proportion': 1.0, 'random_state': 1}"")",MLPClassifier(random_state=1),0.8032045654082529,0.5103726708074534,0.8600000000000001,0.5739316239316239,0.8284399788471708,0.6207660567869426
107,"OS_('ROSE', ""{'proportion': 1.0, 'random_state': 1}"")","Pipeline(steps=[('standardscaler', StandardScaler()),
                ('svc',
                 SVC(C=1, gamma='auto', kernel='linear', random_state=1))])",0.7942493415276559,0.45708262751741013,0.8600000000000001,0.5444813138930786,0.8235483870967742,0.5924710616338091
108,"OS_('SMOTE_OUT', ""{'proportion': 1.0, 'n_neighbors': 5, 'n_jobs': 1, 'random_state': 1}"")",DecisionTreeClassifier(random_state=1),0.8359525899912204,0.5556410256410256,0.72,0.5444444444444444,0.7829772607086196,0.5856583920695322
109,"OS_('SMOTE_OUT', ""{'proportion': 1.0, 'n_neighbors': 5, 'n_jobs': 1, 'random_state': 1}"")",KNeighborsClassifier(),0.8776997366110624,0.7680952380952382,0.82,0.7134559643255295,0.850983606557377,0.7475090035791672
110,"OS_('SMOTE_OUT', ""{'proportion': 1.0, 'n_neighbors': 5, 'n_jobs': 1, 'random_state': 1}"")",MLPClassifier(random_state=1),0.8658472344161545,0.6166666666666666,0.8266666666666665,0.6374603174603175,0.8477860038780186,0.6740657943865603
111,"OS_('SMOTE_OUT', ""{'proportion': 1.0, 'n_neighbors': 5, 'n_jobs': 1, 'random_state': 1}"")","Pipeline(steps=[('standardscaler', StandardScaler()),
                ('svc',
                 SVC(C=1, gamma='auto', kernel='linear', random_state=1))])",0.8420544337137841,0.5688644688644688,0.7533333333333333,0.5631868131868132,0.8013097126740701,0.6055887212897992
112,"OS_('SMOTE_Cosine', ""{'proportion': 1.0, 'n_neighbors': 5, 'n_jobs': 1, 'random_state': 1}"")",DecisionTreeClassifier(random_state=1),0.8240122914837578,0.5473469387755102,0.72,0.5629370629370629,0.7764727657324166,0.5903481198525127
113,"OS_('SMOTE_Cosine', ""{'proportion': 1.0, 'n_neighbors': 5, 'n_jobs': 1, 'random_state': 1}"")",KNeighborsClassifier(),0.8746707638279192,0.7133089133089133,0.8533333333333335,0.7031002331002331,0.8643715846994537,0.7371867571810903
114,"OS_('SMOTE_Cosine', ""{'proportion': 1.0, 'n_neighbors': 5, 'n_jobs': 1, 'random_state': 1}"")",MLPClassifier(random_state=1),0.8628621597892888,0.6067226890756302,0.7866666666666667,0.6014285714285713,0.8277860038780188,0.6437246519040201
115,"OS_('SMOTE_Cosine', ""{'proportion': 1.0, 'n_neighbors': 5, 'n_jobs': 1, 'random_state': 1}"")","Pipeline(steps=[('standardscaler', StandardScaler()),
                ('svc',
                 SVC(C=1, gamma='auto', kernel='linear', random_state=1))])",0.8330992098331869,0.5577533577533578,0.7533333333333333,0.5512820512820512,0.796391679887185,0.5964045108157908
116,"OS_('Selected_SMOTE', ""{'proportion': 1.0, 'n_neighbors': 5, 'perc_sign_attr': 0.5, 'n_jobs': 1, 'random_state': 1}"")",DecisionTreeClassifier(random_state=1),0.85684811237928,0.5622126436781609,0.72,0.5497835497835497,0.7944526705446854,0.59109375987189
117,"OS_('Selected_SMOTE', ""{'proportion': 1.0, 'n_neighbors': 5, 'perc_sign_attr': 0.5, 'n_jobs': 1, 'random_state': 1}"")",KNeighborsClassifier(),0.8359525899912204,0.6017223910840932,0.8933333333333333,0.6594466330315386,0.8614736471002997,0.6957039592177704
118,"OS_('Selected_SMOTE', ""{'proportion': 1.0, 'n_neighbors': 5, 'perc_sign_attr': 0.5, 'n_jobs': 1, 'random_state': 1}"")",MLPClassifier(random_state=1),0.8031167690956981,0.5549999999999999,0.8600000000000001,0.5945998445998446,0.8283870967741935,0.6418618917525066
119,"OS_('Selected_SMOTE', ""{'proportion': 1.0, 'n_neighbors': 5, 'perc_sign_attr': 0.5, 'n_jobs': 1, 'random_state': 1}"")","Pipeline(steps=[('standardscaler', StandardScaler()),
                ('svc',
                 SVC(C=1, gamma='auto', kernel='linear', random_state=1))])",0.7852502194907813,0.5208115942028986,0.8600000000000001,0.5729337712096333,0.8185774722369118,0.6215457907602431
120,"OS_('LN_SMOTE', ""{'proportion': 1.0, 'n_neighbors': 5, 'n_jobs': 1, 'random_state': 1}"")",DecisionTreeClassifier(random_state=1),0.8777875329236172,0.6821678321678322,0.5866666666666667,0.5486764705882352,0.745792349726776,0.5886121101421062
121,"OS_('LN_SMOTE', ""{'proportion': 1.0, 'n_neighbors': 5, 'n_jobs': 1, 'random_state': 1}"")",KNeighborsClassifier(),0.9105794556628621,0.7684656084656084,0.7866666666666667,0.7224941724941724,0.85401551207474,0.7472843084377453
122,"OS_('LN_SMOTE', ""{'proportion': 1.0, 'n_neighbors': 5, 'n_jobs': 1, 'random_state': 1}"")",MLPClassifier(random_state=1),0.8777875329236172,0.7292207792207792,0.62,0.5425274725274724,0.7608461131676363,0.5986271155845643
123,"OS_('LN_SMOTE', ""{'proportion': 1.0, 'n_neighbors': 5, 'n_jobs': 1, 'random_state': 1}"")","Pipeline(steps=[('standardscaler', StandardScaler()),
                ('svc',
                 SVC(C=1, gamma='auto', kernel='linear', random_state=1))])",0.892756804214223,0.714900153609831,0.72,0.6394180894180893,0.8141248016922263,0.6740660428164623
124,"OS_('MWMOTE', ""{'proportion': 1.0, 'k1': 5, 'k2': 5, 'k3': 5, 'M': 10, 'cf_th': 5.0, 'cmax': 10.0, 'n_jobs': 1, 'random_state': 1}"")",DecisionTreeClassifier(random_state=1),0.904609306409131,0.6817948717948719,0.7866666666666667,0.6831060606060605,0.8507632645866383,0.7061610062411758
125,"OS_('MWMOTE', ""{'proportion': 1.0, 'k1': 5, 'k2': 5, 'k3': 5, 'M': 10, 'cf_th': 5.0, 'cmax': 10.0, 'n_jobs': 1, 'random_state': 1}"")",KNeighborsClassifier(),0.8389376646180862,0.6066666666666667,0.82,0.6175133689839571,0.8296985721840298,0.6580271355722404
126,"OS_('MWMOTE', ""{'proportion': 1.0, 'k1': 5, 'k2': 5, 'k3': 5, 'M': 10, 'cf_th': 5.0, 'cmax': 10.0, 'n_jobs': 1, 'random_state': 1}"")",MLPClassifier(random_state=1),0.8180860403863038,0.5445736434108526,0.8600000000000001,0.5970137798709227,0.8366102591221576,0.6415139174001523
127,"OS_('MWMOTE', ""{'proportion': 1.0, 'k1': 5, 'k2': 5, 'k3': 5, 'M': 10, 'cf_th': 5.0, 'cmax': 10.0, 'n_jobs': 1, 'random_state': 1}"")","Pipeline(steps=[('standardscaler', StandardScaler()),
                ('svc',
                 SVC(C=1, gamma='auto', kernel='linear', random_state=1))])",0.7972344161545214,0.510144927536232,0.8266666666666665,0.552893027639478,0.8101075268817205,0.60150461095921
128,"OS_('PDFOS', ""{'proportion': 1.0, 'n_jobs': 1, 'random_state': 1}"")",DecisionTreeClassifier(random_state=1),0.8091308165057068,0.5906666666666667,0.6533333333333333,0.5217460317460317,0.7381685175392209,0.5634312445875759
129,"OS_('PDFOS', ""{'proportion': 1.0, 'n_jobs': 1, 'random_state': 1}"")",KNeighborsClassifier(),0.8896839332748024,0.7647619047619048,0.82,0.719030969030969,0.8575674246430459,0.7503665463986793
130,"OS_('PDFOS', ""{'proportion': 1.0, 'n_jobs': 1, 'random_state': 1}"")",MLPClassifier(random_state=1),0.8210711150131695,0.5452380952380952,0.8600000000000001,0.5980341880341881,0.8382496033844526,0.6423980752382349
131,"OS_('PDFOS', ""{'proportion': 1.0, 'n_jobs': 1, 'random_state': 1}"")","Pipeline(steps=[('standardscaler', StandardScaler()),
                ('svc',
                 SVC(C=1, gamma='auto', kernel='linear', random_state=1))])",0.7852941176470589,0.4905752049369071,0.8600000000000001,0.5539808569775274,0.8186039132734002,0.604830200779239
132,"OS_('NEATER', ""{'proportion': 1.0, 'smote_n_neighbors': 5, 'b': 5, 'alpha': 0.1, 'h': 20, 'n_jobs': 1, 'random_state': 1}"")",DecisionTreeClassifier(random_state=1),0.9016242317822651,0.5931077694235588,0.6533333333333334,0.568205128205128,0.7889881896703683,0.5942646722158483
133,"OS_('NEATER', ""{'proportion': 1.0, 'smote_n_neighbors': 5, 'b': 5, 'alpha': 0.1, 'h': 20, 'n_jobs': 1, 'random_state': 1}"")",KNeighborsClassifier(),0.9015803336259877,0.6905856595511768,0.8533333333333335,0.7031868131868133,0.8791521240965979,0.7338045491868963
134,"OS_('NEATER', ""{'proportion': 1.0, 'smote_n_neighbors': 5, 'b': 5, 'alpha': 0.1, 'h': 20, 'n_jobs': 1, 'random_state': 1}"")",MLPClassifier(random_state=1),0.8061457418788411,0.4710221109720483,0.8600000000000001,0.5610274193949337,0.8301057641459545,0.6047857302483914
135,"OS_('NEATER', ""{'proportion': 1.0, 'smote_n_neighbors': 5, 'b': 5, 'alpha': 0.1, 'h': 20, 'n_jobs': 1, 'random_state': 1}"")","Pipeline(steps=[('standardscaler', StandardScaler()),
                ('svc',
                 SVC(C=1, gamma='auto', kernel='linear', random_state=1))])",0.8002194907813871,0.5143310657596372,0.8600000000000001,0.5778243978243978,0.8268006345848757,0.6234579181052675
136,"OS_('Gazzah', ""{'proportion': 1.0, 'n_components': 2, 'n_jobs': 1, 'random_state': 1}"")",DecisionTreeClassifier(random_state=1),0.9256365232660227,0.3666666666666667,0.2,0.22380952380952382,0.5967213114754099,0.24831632475943927
137,"OS_('Gazzah', ""{'proportion': 1.0, 'n_components': 2, 'n_jobs': 1, 'random_state': 1}"")",KNeighborsClassifier(),0.7284899034240562,0.4720865367423565,0.82,0.47962645321135877,0.7690428344791116,0.5493561435837608
138,"OS_('Gazzah', ""{'proportion': 1.0, 'n_components': 2, 'n_jobs': 1, 'random_state': 1}"")",MLPClassifier(random_state=1),0.8031606672519755,0.4876190476190477,0.8600000000000001,0.5644662309368191,0.8284399788471708,0.610369422153127
139,"OS_('Gazzah', ""{'proportion': 1.0, 'n_components': 2, 'n_jobs': 1, 'random_state': 1}"")","Pipeline(steps=[('standardscaler', StandardScaler()),
                ('svc',
                 SVC(C=1, gamma='auto', kernel='linear', random_state=1))])",0.7972344161545216,0.5465608465608465,0.7866666666666667,0.5503496503496503,0.7917733121805041,0.599188995218321
140,"OS_('MCT', ""{'proportion': 1.0, 'n_jobs': 1, 'random_state': 1}"")",DecisionTreeClassifier(random_state=1),0.8986391571553994,0.67,0.62,0.5885780885780886,0.7722950819672132,0.6155767911854527
141,"OS_('MCT', ""{'proportion': 1.0, 'n_jobs': 1, 'random_state': 1}"")",KNeighborsClassifier(),0.8449078138718175,0.604390243902439,0.7866666666666667,0.6130077369439071,0.8179499383042483,0.648755132544552
142,"OS_('MCT', ""{'proportion': 1.0, 'n_jobs': 1, 'random_state': 1}"")",MLPClassifier(random_state=1),0.8151009657594381,0.5065709728867623,0.8600000000000001,0.5813333333333334,0.834997355896351,0.6241461252646477
143,"OS_('MCT', ""{'proportion': 1.0, 'n_jobs': 1, 'random_state': 1}"")","Pipeline(steps=[('standardscaler', StandardScaler()),
                ('svc',
                 SVC(C=1, gamma='auto', kernel='linear', random_state=1))])",0.8091308165057068,0.5164502164502164,0.8600000000000001,0.5737161531279178,0.8316922263352724,0.6225602832882101
144,"OS_('ADG', ""{'proportion': 1.0, 'kernel': 'inner', 'lam': 1.0, 'mu': 1.0, 'k': 12, 'gamma': 1.0, 'n_jobs': 1, 'random_state': 1}"")",DecisionTreeClassifier(random_state=1),0.8808165057067605,0.6105311355311355,0.62,0.5592185592185591,0.7624854574299313,0.585018059861492
145,"OS_('ADG', ""{'proportion': 1.0, 'kernel': 'inner', 'lam': 1.0, 'mu': 1.0, 'k': 12, 'gamma': 1.0, 'n_jobs': 1, 'random_state': 1}"")",KNeighborsClassifier(),0.8240561896400351,0.5714285714285714,0.8933333333333333,0.6365079365079366,0.854942711087608,0.6762477094909284
146,"OS_('ADG', ""{'proportion': 1.0, 'kernel': 'inner', 'lam': 1.0, 'mu': 1.0, 'k': 12, 'gamma': 1.0, 'n_jobs': 1, 'random_state': 1}"")",MLPClassifier(random_state=1),0.8031606672519753,0.5270393374741201,0.8600000000000001,0.5813390313390313,0.8284135378106822,0.6284566978705495
147,"OS_('ADG', ""{'proportion': 1.0, 'kernel': 'inner', 'lam': 1.0, 'mu': 1.0, 'k': 12, 'gamma': 1.0, 'n_jobs': 1, 'random_state': 1}"")","Pipeline(steps=[('standardscaler', StandardScaler()),
                ('svc',
                 SVC(C=1, gamma='auto', kernel='linear', random_state=1))])",0.7912203687445127,0.536121212121212,0.8600000000000001,0.5853968253968255,0.8218561607615019,0.6318389479994657
148,"OS_('SMOTE_IPF', ""{'proportion': 1.0, 'n_neighbors': 5, 'n_folds': 9, 'k': 3, 'p': 0.01, 'voting': 'majority', 'n_jobs': 1, 'classifier': DecisionTreeClassifier(random_state=2), 'random_state': 1}"")",DecisionTreeClassifier(random_state=1),0.8688323090430202,0.544047619047619,0.6533333333333334,0.5440537240537241,0.7709818438216112,0.5680937423138009
149,"OS_('SMOTE_IPF', ""{'proportion': 1.0, 'n_neighbors': 5, 'n_folds': 9, 'k': 3, 'p': 0.01, 'voting': 'majority', 'n_jobs': 1, 'classifier': DecisionTreeClassifier(random_state=2), 'random_state': 1}"")",KNeighborsClassifier(),0.8478489903424056,0.5694805194805195,0.8533333333333335,0.6276470588235294,0.8496703684117751,0.6628144470833774
150,"OS_('SMOTE_IPF', ""{'proportion': 1.0, 'n_neighbors': 5, 'n_folds': 9, 'k': 3, 'p': 0.01, 'voting': 'majority', 'n_jobs': 1, 'classifier': DecisionTreeClassifier(random_state=2), 'random_state': 1}"")",MLPClassifier(random_state=1),0.8419666374012291,0.58,0.8266666666666665,0.6051897860593513,0.8346712497796581,0.6475281637877817
151,"OS_('SMOTE_IPF', ""{'proportion': 1.0, 'n_neighbors': 5, 'n_folds': 9, 'k': 3, 'p': 0.01, 'voting': 'majority', 'n_jobs': 1, 'classifier': DecisionTreeClassifier(random_state=2), 'random_state': 1}"")","Pipeline(steps=[('standardscaler', StandardScaler()),
                ('svc',
                 SVC(C=1, gamma='auto', kernel='linear', random_state=1))])",0.8151887620719929,0.5,0.7533333333333333,0.5090969899665552,0.7865556143134145,0.5602350856310421
152,"OS_('KernelADASYN', ""{'proportion': 1.0, 'k': 5, 'h': 1.0, 'n_jobs': 1, 'random_state': 1}"")",DecisionTreeClassifier(random_state=1),0.8151009657594381,0.48978021978021974,0.5733333333333333,0.3904664099272572,0.7047258945884012,0.45159635482189103
153,"OS_('KernelADASYN', ""{'proportion': 1.0, 'k': 5, 'h': 1.0, 'n_jobs': 1, 'random_state': 1}"")",KNeighborsClassifier(),0.9045654082528534,0.4461538461538462,0.3333333333333333,0.3564912280701754,0.6453551912568306,0.3726572944715305
154,"OS_('KernelADASYN', ""{'proportion': 1.0, 'k': 5, 'h': 1.0, 'n_jobs': 1, 'random_state': 1}"")",MLPClassifier(random_state=1),0.9136084284460054,0.4256410256410256,0.3333333333333333,0.3152046783625731,0.6502732240437158,0.345624202093483
155,"OS_('KernelADASYN', ""{'proportion': 1.0, 'k': 5, 'h': 1.0, 'n_jobs': 1, 'random_state': 1}"")","Pipeline(steps=[('standardscaler', StandardScaler()),
                ('svc',
                 SVC(C=1, gamma='auto', kernel='linear', random_state=1))])",0.883801580333626,0.30694444444444446,0.2666666666666667,0.2013852813852814,0.603825136612022,0.2381448361039201
156,"OS_('MOT2LD', ""{'proportion': 1.0, 'n_components': 2, 'k': 5, 'd_cut': 'auto', 'n_jobs': 1, 'random_state': 1}"")",DecisionTreeClassifier(random_state=1),0.8896839332748024,0.6761904761904762,0.72,0.6122549019607842,0.8124590163934426,0.6513554782697751
157,"OS_('MOT2LD', ""{'proportion': 1.0, 'n_components': 2, 'k': 5, 'd_cut': 'auto', 'n_jobs': 1, 'random_state': 1}"")",KNeighborsClassifier(),0.8837137840210711,0.7630075187969925,0.82,0.7164335664335664,0.8542887361184558,0.7481888297298093
158,"OS_('MOT2LD', ""{'proportion': 1.0, 'n_components': 2, 'k': 5, 'd_cut': 'auto', 'n_jobs': 1, 'random_state': 1}"")",MLPClassifier(random_state=1),0.8748024582967517,0.6521428571428571,0.7533333333333334,0.6252398820691503,0.8193160585228275,0.6588426053680364
159,"OS_('MOT2LD', ""{'proportion': 1.0, 'n_components': 2, 'k': 5, 'd_cut': 'auto', 'n_jobs': 1, 'random_state': 1}"")","Pipeline(steps=[('standardscaler', StandardScaler()),
                ('svc',
                 SVC(C=1, gamma='auto', kernel='linear', random_state=1))])",0.8390693590869184,0.5450549450549451,0.72,0.5371794871794872,0.7846430460074035,0.5784277410764311
160,"OS_('V_SYNTH', ""{'proportion': 1.0, 'n_components': 3, 'n_jobs': 1, 'random_state': 1}"")",DecisionTreeClassifier(random_state=1),0.8449956101843723,0.5247619047619047,0.5133333333333333,0.42324965007891835,0.6943980257359421,0.4653012176708608
161,"OS_('V_SYNTH', ""{'proportion': 1.0, 'n_components': 3, 'n_jobs': 1, 'random_state': 1}"")",KNeighborsClassifier(),0.8866549604916594,0.5964874551971325,0.8933333333333333,0.6748648648648647,0.8893424995593161,0.7056570330157296
162,"OS_('V_SYNTH', ""{'proportion': 1.0, 'n_components': 3, 'n_jobs': 1, 'random_state': 1}"")",MLPClassifier(random_state=1),0.7821773485513609,0.44549989692846836,0.8933333333333333,0.5460173160173161,0.8320712145249427,0.5978672085151776
163,"OS_('V_SYNTH', ""{'proportion': 1.0, 'n_components': 3, 'n_jobs': 1, 'random_state': 1}"")","Pipeline(steps=[('standardscaler', StandardScaler()),
                ('svc',
                 SVC(C=1, gamma='auto', kernel='linear', random_state=1))])",0.7465320456540827,0.3302197802197802,0.8266666666666665,0.4358462469170273,0.782529525824079,0.49626335995026444
164,"OS_('OUPS', ""{'proportion': 1.0, 'n_jobs': 1, 'random_state': 1}"")",DecisionTreeClassifier(random_state=1),0.8449078138718175,0.4574747474747475,0.76,0.5300699300699302,0.8063617133791645,0.5646241832236327
165,"OS_('OUPS', ""{'proportion': 1.0, 'n_jobs': 1, 'random_state': 1}"")",KNeighborsClassifier(),0.8449078138718173,0.6267223910840932,0.8933333333333333,0.679764093348999,0.8663916798871849,0.7122846317460764
166,"OS_('OUPS', ""{'proportion': 1.0, 'n_jobs': 1, 'random_state': 1}"")",MLPClassifier(random_state=1),0.8300263388937663,0.5627536231884058,0.8600000000000001,0.6183760683760683,0.8431676361713378,0.6572207474308327
167,"OS_('OUPS', ""{'proportion': 1.0, 'n_jobs': 1, 'random_state': 1}"")","Pipeline(steps=[('standardscaler', StandardScaler()),
                ('svc',
                 SVC(C=1, gamma='auto', kernel='linear', random_state=1))])",0.8240561896400351,0.550848861283644,0.8600000000000001,0.6072649572649572,0.8398889476467477,0.6484785623510709
168,"OS_('SMOTE_D', ""{'proportion': 1.0, 'k': 3, 'n_jobs': 1, 'random_state': 1}"")",DecisionTreeClassifier(random_state=1),0.8629060579455663,0.5780952380952381,0.62,0.49444444444444435,0.7526493918561608,0.5420328063826971
169,"OS_('SMOTE_D', ""{'proportion': 1.0, 'k': 3, 'n_jobs': 1, 'random_state': 1}"")",KNeighborsClassifier(),0.9433713784021072,0.8175824175824176,0.72,0.7395914611704085,0.8419672131147541,0.7538934778720833
170,"OS_('SMOTE_D', ""{'proportion': 1.0, 'k': 3, 'n_jobs': 1, 'random_state': 1}"")",MLPClassifier(random_state=1),0.946488147497805,0.909090909090909,0.5533333333333333,0.6083193277310924,0.7684699453551913,0.6630481511397389
171,"OS_('SMOTE_D', ""{'proportion': 1.0, 'k': 3, 'n_jobs': 1, 'random_state': 1}"")","Pipeline(steps=[('standardscaler', StandardScaler()),
                ('svc',
                 SVC(C=1, gamma='auto', kernel='linear', random_state=1))])",0.9524582967515365,0.909090909090909,0.6199999999999999,0.6683193277310924,0.8018032786885246,0.710877413487359
172,"OS_('SMOTE_PSO', ""{'k': 3, 'eps': 0.05, 'n_pop': 10, 'w': 1.0, 'c1': 2.0, 'c2': 2.0, 'num_it': 10, 'n_jobs': 1, 'random_state': 1}"")",DecisionTreeClassifier(random_state=1),0.8628621597892888,0.5753763440860215,0.7933333333333332,0.5988331188331187,0.831119337211352,0.6369749148086561
173,"OS_('SMOTE_PSO', ""{'k': 3, 'eps': 0.05, 'n_pop': 10, 'w': 1.0, 'c1': 2.0, 'c2': 2.0, 'num_it': 10, 'n_jobs': 1, 'random_state': 1}"")",KNeighborsClassifier(),0.87774363476734,0.6086635944700461,0.7933333333333333,0.6525439425439425,0.8393424995593162,0.6739408784869741
174,"OS_('SMOTE_PSO', ""{'k': 3, 'eps': 0.05, 'n_pop': 10, 'w': 1.0, 'c1': 2.0, 'c2': 2.0, 'num_it': 10, 'n_jobs': 1, 'random_state': 1}"")",MLPClassifier(random_state=1),0.9016681299385427,0.7023809523809524,0.7533333333333334,0.6611010558069381,0.8340701568834831,0.6909458475934693
175,"OS_('SMOTE_PSO', ""{'k': 3, 'eps': 0.05, 'n_pop': 10, 'w': 1.0, 'c1': 2.0, 'c2': 2.0, 'num_it': 10, 'n_jobs': 1, 'random_state': 1}"")","Pipeline(steps=[('standardscaler', StandardScaler()),
                ('svc',
                 SVC(C=1, gamma='auto', kernel='linear', random_state=1))])",0.8629499561018437,0.6002895752895754,0.72,0.5825172501916688,0.7977578001057641,0.6157486358262506
176,"OS_('CURE_SMOTE', ""{'proportion': 1.0, 'n_clusters': 5, 'noise_th': 2, 'n_jobs': 1, 'random_state': 1}"")",DecisionTreeClassifier(random_state=1),0.901799824407375,0.5842436974789916,0.6933333333333334,0.6191537930668366,0.8074281685175391,0.6286159979505995
177,"OS_('CURE_SMOTE', ""{'proportion': 1.0, 'n_clusters': 5, 'noise_th': 2, 'n_jobs': 1, 'random_state': 1}"")",KNeighborsClassifier(),0.9165496049165934,0.7662111801242235,0.7533333333333333,0.7170605256812153,0.8422668781949586,0.7368174107666066
178,"OS_('CURE_SMOTE', ""{'proportion': 1.0, 'n_clusters': 5, 'noise_th': 2, 'n_jobs': 1, 'random_state': 1}"")",MLPClassifier(random_state=1),0.8897278314310799,0.6803571428571429,0.7866666666666667,0.6584326200115673,0.8425401022386744,0.691504792084879
179,"OS_('CURE_SMOTE', ""{'proportion': 1.0, 'n_clusters': 5, 'noise_th': 2, 'n_jobs': 1, 'random_state': 1}"")","Pipeline(steps=[('standardscaler', StandardScaler()),
                ('svc',
                 SVC(C=1, gamma='auto', kernel='linear', random_state=1))])",0.874846356453029,0.6117424242424242,0.7533333333333333,0.5911224138778318,0.8193160585228274,0.6320993501211674
180,"OS_('SOMO', ""{'proportion': 1.0, 'n_grid': 10, 'sigma': 0.2, 'learning_rate': 0.5, 'n_iter': 100, 'n_jobs': 1, 'random_state': 1}"")",DecisionTreeClassifier(random_state=1),0.874846356453029,0.5611111111111111,0.6533333333333333,0.5227272727272727,0.7742340913097127,0.5613322723624673
181,"OS_('SOMO', ""{'proportion': 1.0, 'n_grid': 10, 'sigma': 0.2, 'learning_rate': 0.5, 'n_iter': 100, 'n_jobs': 1, 'random_state': 1}"")",KNeighborsClassifier(),0.9403863037752414,0.8142857142857143,0.72,0.7364335664335664,0.840327868852459,0.7514222228942052
182,"OS_('SOMO', ""{'proportion': 1.0, 'n_grid': 10, 'sigma': 0.2, 'learning_rate': 0.5, 'n_iter': 100, 'n_jobs': 1, 'random_state': 1}"")",MLPClassifier(random_state=1),0.9315627743634767,0.7856410256410257,0.5133333333333333,0.5320877952456898,0.7419390093424995,0.5843542614231099
183,"OS_('SOMO', ""{'proportion': 1.0, 'n_grid': 10, 'sigma': 0.2, 'learning_rate': 0.5, 'n_iter': 100, 'n_jobs': 1, 'random_state': 1}"")","Pipeline(steps=[('standardscaler', StandardScaler()),
                ('svc',
                 SVC(C=1, gamma='auto', kernel='linear', random_state=1))])",0.9136523266022827,0.8146666666666667,0.6866666666666668,0.6330470604664153,0.8105464480874318,0.6837894341541185
184,"OS_('CE_SMOTE', ""{'proportion': 1.0, 'h': 10, 'k': 5, 'alpha': 0.5, 'n_jobs': 1, 'random_state': 1}"")",DecisionTreeClassifier(random_state=1),0.8597892888498683,0.6519480519480519,0.6866666666666666,0.593534194165471,0.7810911334390974,0.6276357063454423
185,"OS_('CE_SMOTE', ""{'proportion': 1.0, 'h': 10, 'k': 5, 'alpha': 0.5, 'n_jobs': 1, 'random_state': 1}"")",KNeighborsClassifier(),0.8299385425812116,0.540406976744186,0.8533333333333335,0.5998886827458255,0.8398343028380045,0.6409008708819279
186,"OS_('CE_SMOTE', ""{'proportion': 1.0, 'h': 10, 'k': 5, 'alpha': 0.5, 'n_jobs': 1, 'random_state': 1}"")",MLPClassifier(random_state=1),0.8121158911325723,0.5171470805617147,0.8600000000000001,0.5747799829151519,0.8333315705975675,0.6234765942539653
187,"OS_('CE_SMOTE', ""{'proportion': 1.0, 'h': 10, 'k': 5, 'alpha': 0.5, 'n_jobs': 1, 'random_state': 1}"")","Pipeline(steps=[('standardscaler', StandardScaler()),
                ('svc',
                 SVC(C=1, gamma='auto', kernel='linear', random_state=1))])",0.7673836698858649,0.4983450210378682,0.7866666666666667,0.5092988092988093,0.7753534285210647,0.5649382485597647
188,"OS_('Edge_Det_SMOTE', ""{'proportion': 1.0, 'k': 5, 'n_jobs': 1, 'random_state': 1}"")",DecisionTreeClassifier(random_state=1),0.8837137840210711,0.5816666666666667,0.6466666666666667,0.5435637480798772,0.7758187907632645,0.5762524267929356
189,"OS_('Edge_Det_SMOTE', ""{'proportion': 1.0, 'k': 5, 'n_jobs': 1, 'random_state': 1}"")",KNeighborsClassifier(),0.8299385425812117,0.5933333333333334,0.8533333333333335,0.6189635854341737,0.8398078618015159,0.6633242463734766
190,"OS_('Edge_Det_SMOTE', ""{'proportion': 1.0, 'k': 5, 'n_jobs': 1, 'random_state': 1}"")",MLPClassifier(random_state=1),0.8419227392449518,0.6266666666666667,0.82,0.6253080253080252,0.8313379164463246,0.6671448524116428
191,"OS_('Edge_Det_SMOTE', ""{'proportion': 1.0, 'k': 5, 'n_jobs': 1, 'random_state': 1}"")","Pipeline(steps=[('standardscaler', StandardScaler()),
                ('svc',
                 SVC(C=1, gamma='auto', kernel='linear', random_state=1))])",0.8271290605794557,0.5334008097165992,0.7533333333333333,0.5347619047619048,0.7931129913625947,0.5818791079114
192,"OS_('DBSMOTE', ""{'proportion': 1.0, 'eps': 0.8, 'min_samples': 3, 'n_jobs': 1, 'random_state': 1}"")",DecisionTreeClassifier(random_state=1),0.8629060579455663,0.6519607843137254,0.6533333333333333,0.5433333333333332,0.7676767142605323,0.5924895294832511
193,"OS_('DBSMOTE', ""{'proportion': 1.0, 'eps': 0.8, 'min_samples': 3, 'n_jobs': 1, 'random_state': 1}"")",KNeighborsClassifier(),0.9045654082528534,0.7945054945054946,0.72,0.7139335664335664,0.820655737704918,0.7339953019649337
194,"OS_('DBSMOTE', ""{'proportion': 1.0, 'eps': 0.8, 'min_samples': 3, 'n_jobs': 1, 'random_state': 1}"")",MLPClassifier(random_state=1),0.8777875329236172,0.7963636363636363,0.5466666666666666,0.5212787212787212,0.727431693989071,0.5887708492928739
195,"OS_('DBSMOTE', ""{'proportion': 1.0, 'eps': 0.8, 'min_samples': 3, 'n_jobs': 1, 'random_state': 1}"")","Pipeline(steps=[('standardscaler', StandardScaler()),
                ('svc',
                 SVC(C=1, gamma='auto', kernel='linear', random_state=1))])",0.90171202809482,0.8080459770114944,0.6866666666666668,0.6241991341991342,0.8039890710382513,0.6767816096722598
196,"OS_('ASMOBD', ""{'proportion': 1.0, 'min_samples': 3, 'eps': 0.8, 'eta': 0.5, 'T_1': 1.0, 'T_2': 1.0, 't_1': 4.0, 't_2': 4.0, 'a': 0.05, 'smoothing': 'linear', 'n_jobs': 1, 'random_state': 1}"")",DecisionTreeClassifier(random_state=1),0.8986391571553994,0.639047619047619,0.62,0.5756410256410256,0.7722950819672132,0.6015770608301206
197,"OS_('ASMOBD', ""{'proportion': 1.0, 'min_samples': 3, 'eps': 0.8, 'eta': 0.5, 'T_1': 1.0, 'T_2': 1.0, 't_1': 4.0, 't_2': 4.0, 'a': 0.05, 'smoothing': 'linear', 'n_jobs': 1, 'random_state': 1}"")",KNeighborsClassifier(),0.9403863037752414,0.8142857142857143,0.72,0.7364335664335664,0.840327868852459,0.7514222228942052
198,"OS_('ASMOBD', ""{'proportion': 1.0, 'min_samples': 3, 'eps': 0.8, 'eta': 0.5, 'T_1': 1.0, 'T_2': 1.0, 't_1': 4.0, 't_2': 4.0, 'a': 0.05, 'smoothing': 'linear', 'n_jobs': 1, 'random_state': 1}"")",MLPClassifier(random_state=1),0.9076382791922739,0.6873015873015873,0.8266666666666665,0.6957797757797758,0.8707368235501498,0.7231492602163281
199,"OS_('ASMOBD', ""{'proportion': 1.0, 'min_samples': 3, 'eps': 0.8, 'eta': 0.5, 'T_1': 1.0, 'T_2': 1.0, 't_1': 4.0, 't_2': 4.0, 'a': 0.05, 'smoothing': 'linear', 'n_jobs': 1, 'random_state': 1}"")","Pipeline(steps=[('standardscaler', StandardScaler()),
                ('svc',
                 SVC(C=1, gamma='auto', kernel='linear', random_state=1))])",0.9464881474978052,0.7684981684981685,0.72,0.7008690140269087,0.8436329984135378,0.7219510179010019
200,"OS_('Assembled_SMOTE', ""{'proportion': 1.0, 'n_neighbors': 5, 'pop': 2, 'thres': 0.3, 'n_jobs': 1, 'random_state': 1}"")",DecisionTreeClassifier(random_state=1),0.8479367866549605,0.5403030303030303,0.6533333333333334,0.5212820512820512,0.7594799929490569,0.5550198382370547
201,"OS_('Assembled_SMOTE', ""{'proportion': 1.0, 'n_neighbors': 5, 'pop': 2, 'thres': 0.3, 'n_jobs': 1, 'random_state': 1}"")",KNeighborsClassifier(),0.8210272168568921,0.5383333333333333,0.82,0.5843434343434343,0.8198889476467478,0.6237045694827411
202,"OS_('Assembled_SMOTE', ""{'proportion': 1.0, 'n_neighbors': 5, 'pop': 2, 'thres': 0.3, 'n_jobs': 1, 'random_state': 1}"")",MLPClassifier(random_state=1),0.8121158911325723,0.5326315789473683,0.8600000000000001,0.5881699346405228,0.8333315705975675,0.6338263608738048
203,"OS_('Assembled_SMOTE', ""{'proportion': 1.0, 'n_neighbors': 5, 'pop': 2, 'thres': 0.3, 'n_jobs': 1, 'random_state': 1}"")","Pipeline(steps=[('standardscaler', StandardScaler()),
                ('svc',
                 SVC(C=1, gamma='auto', kernel='linear', random_state=1))])",0.7913081650570677,0.4827969132316959,0.7533333333333333,0.4914043908161555,0.7734408602150539,0.5455973736052049
204,"OS_('SDSMOTE', ""{'proportion': 1.0, 'n_neighbors': 5, 'n_jobs': 1, 'random_state': 1}"")",DecisionTreeClassifier(random_state=1),0.8628621597892888,0.5417927170868346,0.76,0.5956410256410256,0.8161448968799576,0.6192286636975342
205,"OS_('SDSMOTE', ""{'proportion': 1.0, 'n_neighbors': 5, 'n_jobs': 1, 'random_state': 1}"")",KNeighborsClassifier(),0.8418788410886743,0.6208624708624708,0.8533333333333335,0.6413583959899749,0.8463652388506964,0.6818736792739104
206,"OS_('SDSMOTE', ""{'proportion': 1.0, 'n_neighbors': 5, 'n_jobs': 1, 'random_state': 1}"")",MLPClassifier(random_state=1),0.8300263388937663,0.547906976744186,0.8600000000000001,0.605328798185941,0.8431676361713378,0.647256097484322
207,"OS_('SDSMOTE', ""{'proportion': 1.0, 'n_neighbors': 5, 'n_jobs': 1, 'random_state': 1}"")","Pipeline(steps=[('standardscaler', StandardScaler()),
                ('svc',
                 SVC(C=1, gamma='auto', kernel='linear', random_state=1))])",0.797278314310799,0.4878094445600166,0.7533333333333333,0.49733031674208145,0.776719548739644,0.5501688741258995
208,"OS_('DSMOTE', ""{'proportion': 1.0, 'n_neighbors': 5, 'rate': 0.1, 'n_step': 50, 'n_jobs': 1, 'random_state': 1}"")",DecisionTreeClassifier(random_state=1),0.8987269534679545,0.6095238095238094,0.5533333333333333,0.5089743589743589,0.7422668781949586,0.5429676489069342
209,"OS_('DSMOTE', ""{'proportion': 1.0, 'n_neighbors': 5, 'rate': 0.1, 'n_step': 50, 'n_jobs': 1, 'random_state': 1}"")",KNeighborsClassifier(),0.9433713784021072,0.8175824175824176,0.72,0.7395914611704085,0.8419672131147541,0.7538934778720833
210,"OS_('DSMOTE', ""{'proportion': 1.0, 'n_neighbors': 5, 'rate': 0.1, 'n_step': 50, 'n_jobs': 1, 'random_state': 1}"")",MLPClassifier(random_state=1),0.9284899034240561,0.7695238095238095,0.7533333333333334,0.6961538461538461,0.8487978142076503,0.726855218215398
211,"OS_('DSMOTE', ""{'proportion': 1.0, 'n_neighbors': 5, 'rate': 0.1, 'n_step': 50, 'n_jobs': 1, 'random_state': 1}"")","Pipeline(steps=[('standardscaler', StandardScaler()),
                ('svc',
                 SVC(C=1, gamma='auto', kernel='linear', random_state=1))])",0.8808165057067603,0.7781512605042017,0.6533333333333333,0.5809890109890109,0.7774863387978141,0.638188463130387
212,"OS_('G_SMOTE', ""{'proportion': 1.0, 'n_neighbors': 5, 'method': 'linear', 'n_jobs': 1, 'random_state': 1}"")",DecisionTreeClassifier(random_state=1),0.8807287093942054,0.6294444444444445,0.6866666666666668,0.5739177489177489,0.7925136612021857,0.6124188284653673
213,"OS_('G_SMOTE', ""{'proportion': 1.0, 'n_neighbors': 5, 'method': 'linear', 'n_jobs': 1, 'random_state': 1}"")",KNeighborsClassifier(),0.84486391571554,0.6675757575757576,0.82,0.6461344537815126,0.832950819672131,0.6875448961040844
214,"OS_('G_SMOTE', ""{'proportion': 1.0, 'n_neighbors': 5, 'method': 'linear', 'n_jobs': 1, 'random_state': 1}"")",MLPClassifier(random_state=1),0.8210711150131695,0.5352332049636286,0.82,0.5643971631205673,0.8198889476467478,0.6133397877556968
215,"OS_('G_SMOTE', ""{'proportion': 1.0, 'n_neighbors': 5, 'method': 'linear', 'n_jobs': 1, 'random_state': 1}"")","Pipeline(steps=[('standardscaler', StandardScaler()),
                ('svc',
                 SVC(C=1, gamma='auto', kernel='linear', random_state=1))])",0.8061896400351186,0.514025974025974,0.7866666666666667,0.5305194805194805,0.7966649039309008,0.582014901777321
216,"OS_('NT_SMOTE', ""{'proportion': 1.0, 'n_jobs': 1, 'random_state': 1}"")",DecisionTreeClassifier(random_state=1),0.8687884108867427,0.5535148722245495,0.72,0.5516823610941257,0.8010364886303544,0.5897014244025759
217,"OS_('NT_SMOTE', ""{'proportion': 1.0, 'n_jobs': 1, 'random_state': 1}"")",KNeighborsClassifier(),0.8687884108867427,0.7052380952380952,0.8600000000000001,0.7113275613275614,0.8644526705446852,0.7404094288934273
218,"OS_('NT_SMOTE', ""{'proportion': 1.0, 'n_jobs': 1, 'random_state': 1}"")",MLPClassifier(random_state=1),0.8419666374012292,0.5847619047619047,0.7866666666666667,0.5821739130434782,0.816310594041953,0.6272617492151453
219,"OS_('NT_SMOTE', ""{'proportion': 1.0, 'n_jobs': 1, 'random_state': 1}"")","Pipeline(steps=[('standardscaler', StandardScaler()),
                ('svc',
                 SVC(C=1, gamma='auto', kernel='linear', random_state=1))])",0.8122036874451274,0.527906976744186,0.7533333333333333,0.527331240188383,0.7849162700511194,0.5757699023792475
220,"OS_('Lee', ""{'proportion': 1.0, 'n_neighbors': 5, 'rejection_level': 0.5, 'n_jobs': 1, 'random_state': 1}"")",DecisionTreeClassifier(random_state=1),0.8986391571553994,0.6083333333333333,0.5866666666666667,0.5595238095238095,0.7572942005993302,0.5776580291036659
221,"OS_('Lee', ""{'proportion': 1.0, 'n_neighbors': 5, 'rejection_level': 0.5, 'n_jobs': 1, 'random_state': 1}"")",KNeighborsClassifier(),0.8986391571553994,0.7677922077922077,0.82,0.7234265734265733,0.8624854574299313,0.7539971748481509
222,"OS_('Lee', ""{'proportion': 1.0, 'n_neighbors': 5, 'rejection_level': 0.5, 'n_jobs': 1, 'random_state': 1}"")",MLPClassifier(random_state=1),0.8837576821773485,0.6613636363636364,0.7866666666666667,0.6458241758241758,0.8392614137140842,0.680216755583994
223,"OS_('Lee', ""{'proportion': 1.0, 'n_neighbors': 5, 'rejection_level': 0.5, 'n_jobs': 1, 'random_state': 1}"")","Pipeline(steps=[('standardscaler', StandardScaler()),
                ('svc',
                 SVC(C=1, gamma='auto', kernel='linear', random_state=1))])",0.8719051799824407,0.5516357206012378,0.7533333333333333,0.5638345864661655,0.817703155297021,0.6040677767705425
224,"OS_('SPY', ""{'n_neighbors': 5, 'threshold': 0.5, 'n_jobs': 1}"")",DecisionTreeClassifier(random_state=1),0.8329236172080773,0.5755050505050506,0.76,0.6034920634920635,0.7996985721840296,0.6297831542227144
225,"OS_('SPY', ""{'n_neighbors': 5, 'threshold': 0.5, 'n_jobs': 1}"")",KNeighborsClassifier(),0.9015803336259877,0.7936507936507937,0.72,0.7127972027972027,0.8190163934426229,0.7330973079025107
226,"OS_('SPY', ""{'n_neighbors': 5, 'threshold': 0.5, 'n_jobs': 1}"")",MLPClassifier(random_state=1),0.9285338015803337,0.8305882352941175,0.5866666666666667,0.599802371541502,0.7736612021857923,0.6507364953493922
227,"OS_('SPY', ""{'n_neighbors': 5, 'threshold': 0.5, 'n_jobs': 1}"")","Pipeline(steps=[('standardscaler', StandardScaler()),
                ('svc',
                 SVC(C=1, gamma='auto', kernel='linear', random_state=1))])",0.8866988586479367,0.7676190476190476,0.7533333333333334,0.6752032520325203,0.8258469945355191,0.7124818905400221
228,"OS_('SMOTE_PSOBAT', ""{'maxit': 50, 'c1': 0.3, 'c2': 0.1, 'c3': 0.1, 'alpha': 0.9, 'gamma': 0.9, 'method': 'bat', 'n_jobs': 1, 'random_state': 1}"")",DecisionTreeClassifier(random_state=1),0.8509657594381036,0.4803641456582633,0.7266666666666667,0.5438528138528138,0.7946130794993831,0.5696379353086567
229,"OS_('SMOTE_PSOBAT', ""{'maxit': 50, 'c1': 0.3, 'c2': 0.1, 'c3': 0.1, 'alpha': 0.9, 'gamma': 0.9, 'method': 'bat', 'n_jobs': 1, 'random_state': 1}"")",KNeighborsClassifier(),0.8090869183494294,0.5602473716759432,0.82,0.5755054749172396,0.8133051295610787,0.6240831482528628
230,"OS_('SMOTE_PSOBAT', ""{'maxit': 50, 'c1': 0.3, 'c2': 0.1, 'c3': 0.1, 'alpha': 0.9, 'gamma': 0.9, 'method': 'bat', 'n_jobs': 1, 'random_state': 1}"")",MLPClassifier(random_state=1),0.797190517998244,0.5228985507246378,0.8600000000000001,0.5762304745063366,0.825134849286092,0.6244952703089496
231,"OS_('SMOTE_PSOBAT', ""{'maxit': 50, 'c1': 0.3, 'c2': 0.1, 'c3': 0.1, 'alpha': 0.9, 'gamma': 0.9, 'method': 'bat', 'n_jobs': 1, 'random_state': 1}"")","Pipeline(steps=[('standardscaler', StandardScaler()),
                ('svc',
                 SVC(C=1, gamma='auto', kernel='linear', random_state=1))])",0.7763388937664619,0.5034615384615385,0.7866666666666667,0.5160353535353536,0.78027146130795,0.5701579342188249
232,"OS_('MDO', ""{'proportion': 1.0, 'K2': 5, 'K1_frac': 0.5, 'n_jobs': 1, 'random_state': 1}"")",DecisionTreeClassifier(random_state=1),0.9046971027216857,0.6705882352941177,0.5866666666666667,0.5321256038647342,0.7605728891239203,0.5777689011598355
233,"OS_('MDO', ""{'proportion': 1.0, 'K2': 5, 'K1_frac': 0.5, 'n_jobs': 1, 'random_state': 1}"")",KNeighborsClassifier(),0.889640035118525,0.8038610038610038,0.82,0.7322475199219385,0.8575409836065575,0.7664955824490904
234,"OS_('MDO', ""{'proportion': 1.0, 'K2': 5, 'K1_frac': 0.5, 'n_jobs': 1, 'random_state': 1}"")",MLPClassifier(random_state=1),0.8777875329236172,0.6531512605042017,0.7533333333333334,0.6267032967032966,0.8209554027851225,0.6600515432886345
235,"OS_('MDO', ""{'proportion': 1.0, 'K2': 5, 'K1_frac': 0.5, 'n_jobs': 1, 'random_state': 1}"")","Pipeline(steps=[('standardscaler', StandardScaler()),
                ('svc',
                 SVC(C=1, gamma='auto', kernel='linear', random_state=1))])",0.8539947322212467,0.5752136752136752,0.7533333333333333,0.5766666666666667,0.8078670897232506,0.6143975256698425
236,"OS_('Random_SMOTE', ""{'proportion': 1.0, 'n_neighbors': 5, 'n_jobs': 1, 'random_state': 1}"")",DecisionTreeClassifier(random_state=1),0.8449517120280948,0.5102102102102102,0.6866666666666668,0.5224806201550388,0.7728944121276221,0.5549097139955561
237,"OS_('Random_SMOTE', ""{'proportion': 1.0, 'n_neighbors': 5, 'n_jobs': 1, 'random_state': 1}"")",KNeighborsClassifier(),0.8359525899912205,0.6033333333333333,0.82,0.6136244800950683,0.8280592279217345,0.6551588032336663
238,"OS_('Random_SMOTE', ""{'proportion': 1.0, 'n_neighbors': 5, 'n_jobs': 1, 'random_state': 1}"")",MLPClassifier(random_state=1),0.8509218612818261,0.5824324324324325,0.8266666666666665,0.6088298265042451,0.8395892825665433,0.6506072234893162
239,"OS_('Random_SMOTE', ""{'proportion': 1.0, 'n_neighbors': 5, 'n_jobs': 1, 'random_state': 1}"")","Pipeline(steps=[('standardscaler', StandardScaler()),
                ('svc',
                 SVC(C=1, gamma='auto', kernel='linear', random_state=1))])",0.8301141352063214,0.5029131652661064,0.7533333333333333,0.514074074074074,0.7947523356248899,0.5645922114685213
240,"OS_('ISMOTE', ""{'n_neighbors': 5, 'minority_weight': 0.5, 'n_jobs': 1, 'random_state': 1}"")",DecisionTreeClassifier(random_state=1),0.8211589113257242,0.31233211233211233,0.62,0.397702589807853,0.7299101004759386,0.4297021750789818
241,"OS_('ISMOTE', ""{'n_neighbors': 5, 'minority_weight': 0.5, 'n_jobs': 1, 'random_state': 1}"")",KNeighborsClassifier(),0.8090869183494294,0.5283325370281893,0.8200000000000001,0.5686234817813766,0.8133315705975674,0.6143977995686208
242,"OS_('ISMOTE', ""{'n_neighbors': 5, 'minority_weight': 0.5, 'n_jobs': 1, 'random_state': 1}"")",MLPClassifier(random_state=1),0.8509218612818262,0.5974358974358973,0.7866666666666667,0.5944444444444444,0.8212286268288385,0.6369907214260323
243,"OS_('ISMOTE', ""{'n_neighbors': 5, 'minority_weight': 0.5, 'n_jobs': 1, 'random_state': 1}"")","Pipeline(steps=[('standardscaler', StandardScaler()),
                ('svc',
                 SVC(C=1, gamma='auto', kernel='linear', random_state=1))])",0.8032045654082529,0.5068115942028986,0.7533333333333333,0.49336165250707975,0.7799717962277455,0.5532069142438357
244,"OS_('GASMOTE', ""{'n_neighbors': 5, 'maxn': 7, 'n_pop': 10, 'popl3': 5, 'pm': 0.3, 'pr': 0.2, 'Ge': 10, 'n_jobs': 1, 'random_state': 1}"")",DecisionTreeClassifier(random_state=1),0.8210711150131693,0.5101778656126482,0.72,0.5263779357897005,0.774806980433633,0.5631824071942508
245,"OS_('GASMOTE', ""{'n_neighbors': 5, 'maxn': 7, 'n_pop': 10, 'popl3': 5, 'pm': 0.3, 'pr': 0.2, 'Ge': 10, 'n_jobs': 1, 'random_state': 1}"")",KNeighborsClassifier(),0.8866549604916594,0.7705276705276706,0.82,0.7170960047704233,0.8559016393442622,0.7505880632807018
246,"OS_('GASMOTE', ""{'n_neighbors': 5, 'maxn': 7, 'n_pop': 10, 'popl3': 5, 'pm': 0.3, 'pr': 0.2, 'Ge': 10, 'n_jobs': 1, 'random_state': 1}"")",MLPClassifier(random_state=1),0.8837576821773485,0.678030303030303,0.7533333333333334,0.6410622710622711,0.8242340913097127,0.6736783414937728
247,"OS_('GASMOTE', ""{'n_neighbors': 5, 'maxn': 7, 'n_pop': 10, 'popl3': 5, 'pm': 0.3, 'pr': 0.2, 'Ge': 10, 'n_jobs': 1, 'random_state': 1}"")","Pipeline(steps=[('standardscaler', StandardScaler()),
                ('svc',
                 SVC(C=1, gamma='auto', kernel='linear', random_state=1))])",0.8539947322212468,0.5657657657657658,0.7533333333333333,0.5683536360280546,0.8078670897232506,0.6081639295213979
248,"OS_('SMOTE_FRST_2T', ""{'n_neighbors': 5, 'gamma_S': 0.7, 'gamma_M': 0.03, 'n_jobs': 1, 'random_state': 1}"")",DecisionTreeClassifier(random_state=1),0.874846356453029,0.48166666666666663,0.6533333333333333,0.5281385281385281,0.7743134144191786,0.5461130347316889
249,"OS_('SMOTE_FRST_2T', ""{'n_neighbors': 5, 'gamma_S': 0.7, 'gamma_M': 0.03, 'n_jobs': 1, 'random_state': 1}"")",KNeighborsClassifier(),0.8359525899912205,0.5593355481727574,0.82,0.5991960420531848,0.8280856689582233,0.6372461899566785
250,"OS_('SMOTE_FRST_2T', ""{'n_neighbors': 5, 'gamma_S': 0.7, 'gamma_M': 0.03, 'n_jobs': 1, 'random_state': 1}"")",MLPClassifier(random_state=1),0.8270412642669008,0.5514285714285714,0.8600000000000001,0.6081699346405228,0.841528291909043,0.6492767248336315
251,"OS_('SMOTE_FRST_2T', ""{'n_neighbors': 5, 'gamma_S': 0.7, 'gamma_M': 0.03, 'n_jobs': 1, 'random_state': 1}"")","Pipeline(steps=[('standardscaler', StandardScaler()),
                ('svc',
                 SVC(C=1, gamma='auto', kernel='linear', random_state=1))])",0.7942932396839332,0.49553191489361703,0.7533333333333333,0.5022060957910014,0.7750802044773488,0.5542343788079434
252,"OS_('AND_SMOTE', ""{'proportion': 1.0, 'K': 15, 'n_jobs': 1, 'random_state': 1}"")",DecisionTreeClassifier(random_state=1),0.8568920105355573,0.48316498316498324,0.62,0.4963279857397504,0.7493971443680593,0.5216353964649982
253,"OS_('AND_SMOTE', ""{'proportion': 1.0, 'K': 15, 'n_jobs': 1, 'random_state': 1}"")",KNeighborsClassifier(),0.904609306409131,0.7610582010582011,0.7533333333333333,0.7103729603729603,0.8357095011457784,0.7315708244113776
254,"OS_('AND_SMOTE', ""{'proportion': 1.0, 'K': 15, 'n_jobs': 1, 'random_state': 1}"")",MLPClassifier(random_state=1),0.8807726075504829,0.6542207792207793,0.7533333333333334,0.6282417582417581,0.8225947470474176,0.6613150247891981
255,"OS_('AND_SMOTE', ""{'proportion': 1.0, 'K': 15, 'n_jobs': 1, 'random_state': 1}"")","Pipeline(steps=[('standardscaler', StandardScaler()),
                ('svc',
                 SVC(C=1, gamma='auto', kernel='linear', random_state=1))])",0.8719051799824408,0.5497126436781609,0.72,0.5525396825396827,0.8026758328926494,0.589729454665702
256,"OS_('NRAS', ""{'proportion': 1.0, 'n_neighbors': 5, 't': 0.5, 'n_jobs': 1, 'random_state': 1}"")",DecisionTreeClassifier(random_state=1),0.8926690079016681,0.668944099378882,0.5866666666666667,0.581892130857648,0.75401551207474,0.6034386638340725
257,"OS_('NRAS', ""{'proportion': 1.0, 'n_neighbors': 5, 't': 0.5, 'n_jobs': 1, 'random_state': 1}"")",KNeighborsClassifier(),0.9045654082528534,0.8,0.7533333333333333,0.7234923899629782,0.8356830601092895,0.7476781958082442
258,"OS_('NRAS', ""{'proportion': 1.0, 'n_neighbors': 5, 't': 0.5, 'n_jobs': 1, 'random_state': 1}"")",MLPClassifier(random_state=1),0.8897278314310799,0.7292207792207792,0.7533333333333334,0.6672027972027971,0.8275127798343028,0.699551643326847
259,"OS_('NRAS', ""{'proportion': 1.0, 'n_neighbors': 5, 't': 0.5, 'n_jobs': 1, 'random_state': 1}"")","Pipeline(steps=[('standardscaler', StandardScaler()),
                ('svc',
                 SVC(C=1, gamma='auto', kernel='linear', random_state=1))])",0.8957418788410887,0.6575091575091576,0.6866666666666668,0.6090811965811965,0.8007368235501499,0.6378710148332305
260,"OS_('AMSCO', ""{'n_pop': 5, 'n_iter': 15, 'omega': 0.1, 'r1': 0.1, 'r2': 0.1, 'n_jobs': 1, 'classifier': DecisionTreeClassifier(random_state=2), 'random_state': 1}"")",DecisionTreeClassifier(random_state=1),0.8568920105355575,0.5442857142857143,0.72,0.5582984901277583,0.7944791115811739,0.5901111805912648
261,"OS_('AMSCO', ""{'n_pop': 5, 'n_iter': 15, 'omega': 0.1, 'r1': 0.1, 'r2': 0.1, 'n_jobs': 1, 'classifier': DecisionTreeClassifier(random_state=2), 'random_state': 1}"")",KNeighborsClassifier(),0.8508779631255488,0.5902930402930403,0.8933333333333333,0.6516239316239316,0.8696703684117753,0.6902495783131825
262,"OS_('AMSCO', ""{'n_pop': 5, 'n_iter': 15, 'omega': 0.1, 'r1': 0.1, 'r2': 0.1, 'n_jobs': 1, 'classifier': DecisionTreeClassifier(random_state=2), 'random_state': 1}"")",MLPClassifier(random_state=1),0.8449517120280948,0.5412590299277605,0.8600000000000001,0.601111111111111,0.8513643574828134,0.6448134915814633
263,"OS_('AMSCO', ""{'n_pop': 5, 'n_iter': 15, 'omega': 0.1, 'r1': 0.1, 'r2': 0.1, 'n_jobs': 1, 'classifier': DecisionTreeClassifier(random_state=2), 'random_state': 1}"")","Pipeline(steps=[('standardscaler', StandardScaler()),
                ('svc',
                 SVC(C=1, gamma='auto', kernel='linear', random_state=1))])",0.8420105355575067,0.5275000000000001,0.7866666666666667,0.5491718807508281,0.8163370350784419,0.5972728124935981
264,"OS_('SSO', ""{'proportion': 1.0, 'n_neighbors': 5, 'h': 10, 'n_iter': 5, 'n_jobs': 1, 'random_state': 1}"")",DecisionTreeClassifier(random_state=1),0.8419227392449515,0.6772727272727272,0.6866666666666668,0.5763333333333334,0.7712021857923497,0.6217695166859452
265,"OS_('SSO', ""{'proportion': 1.0, 'n_neighbors': 5, 'h': 10, 'n_iter': 5, 'n_jobs': 1, 'random_state': 1}"")",KNeighborsClassifier(),0.8926690079016681,0.7657142857142857,0.82,0.7204246972539654,0.8592067689053412,0.7515247554269892
266,"OS_('SSO', ""{'proportion': 1.0, 'n_neighbors': 5, 'h': 10, 'n_iter': 5, 'n_jobs': 1, 'random_state': 1}"")",MLPClassifier(random_state=1),0.8599209833187007,0.6357692307692309,0.72,0.6007359307359307,0.796118455843469,0.6333072153700542
267,"OS_('SSO', ""{'proportion': 1.0, 'n_neighbors': 5, 'h': 10, 'n_iter': 5, 'n_jobs': 1, 'random_state': 1}"")","Pipeline(steps=[('standardscaler', StandardScaler()),
                ('svc',
                 SVC(C=1, gamma='auto', kernel='linear', random_state=1))])",0.8718612818261633,0.645,0.7533333333333334,0.6257575757575757,0.817703155297021,0.6571177374061756
268,"OS_('NDO_sampling', ""{'proportion': 1.0, 'n_neighbors': 5, 'T': 0.5, 'n_jobs': 1, 'random_state': 1}"")",DecisionTreeClassifier(random_state=1),0.8807726075504829,0.635823754789272,0.64,0.5219047619047619,0.7708725542041248,0.5723050682899065
269,"OS_('NDO_sampling', ""{'proportion': 1.0, 'n_neighbors': 5, 'T': 0.5, 'n_jobs': 1, 'random_state': 1}"")",KNeighborsClassifier(),0.8449078138718175,0.5994805194805195,0.82,0.6131016042780748,0.8329772607086199,0.6545824019458159
270,"OS_('NDO_sampling', ""{'proportion': 1.0, 'n_neighbors': 5, 'T': 0.5, 'n_jobs': 1, 'random_state': 1}"")",MLPClassifier(random_state=1),0.8180860403863036,0.5606060606060606,0.8600000000000001,0.6074627594627595,0.8366102591221576,0.6505658397953316
271,"OS_('NDO_sampling', ""{'proportion': 1.0, 'n_neighbors': 5, 'T': 0.5, 'n_jobs': 1, 'random_state': 1}"")","Pipeline(steps=[('standardscaler', StandardScaler()),
                ('svc',
                 SVC(C=1, gamma='auto', kernel='linear', random_state=1))])",0.8122036874451274,0.4954545454545454,0.7933333333333333,0.5313802622498274,0.8032769257888243,0.5799529250430497
272,"OS_('DSRBF', ""{'proportion': 1.0, 'n_neighbors': 5, 'm_min': 4, 'm_max': 10, 'Ib': 2, 'Ob': 2, 'n_pop': 500, 'n_init_pop': 5000, 'n_iter': 40, 'n_sampling_epoch': 5, 'n_jobs': 1, 'random_state': 1}"")",DecisionTreeClassifier(random_state=1),0.8152765583845479,0.525,0.72,0.5373015873015874,0.7716076150185087,0.5720401734807269
273,"OS_('DSRBF', ""{'proportion': 1.0, 'n_neighbors': 5, 'm_min': 4, 'm_max': 10, 'Ib': 2, 'Ob': 2, 'n_pop': 500, 'n_init_pop': 5000, 'n_iter': 40, 'n_sampling_epoch': 5, 'n_jobs': 1, 'random_state': 1}"")",KNeighborsClassifier(),0.8568042142230027,0.6207641196013289,0.8533333333333335,0.6628257456828884,0.8545884011986603,0.693142148228054
274,"OS_('DSRBF', ""{'proportion': 1.0, 'n_neighbors': 5, 'm_min': 4, 'm_max': 10, 'Ib': 2, 'Ob': 2, 'n_pop': 500, 'n_init_pop': 5000, 'n_iter': 40, 'n_sampling_epoch': 5, 'n_jobs': 1, 'random_state': 1}"")",MLPClassifier(random_state=1),0.8449517120280948,0.5721978021978023,0.8266666666666665,0.6011111111111112,0.8363105940419532,0.6438346583607085
275,"OS_('DSRBF', ""{'proportion': 1.0, 'n_neighbors': 5, 'm_min': 4, 'm_max': 10, 'Ib': 2, 'Ob': 2, 'n_pop': 500, 'n_init_pop': 5000, 'n_iter': 40, 'n_sampling_epoch': 5, 'n_jobs': 1, 'random_state': 1}"")","Pipeline(steps=[('standardscaler', StandardScaler()),
                ('svc',
                 SVC(C=1, gamma='auto', kernel='linear', random_state=1))])",0.8301141352063214,0.5132692307692308,0.7533333333333333,0.5242424242424242,0.7947523356248899,0.5719968524606054
276,"OS_('Gaussian_SMOTE', ""{'proportion': 1.0, 'n_neighbors': 5, 'sigma': 1.0, 'n_jobs': 1, 'random_state': 1}"")",DecisionTreeClassifier(random_state=1),0.8329675153643548,0.5885714285714285,0.6533333333333333,0.5232323232323232,0.7512832716375815,0.5651333854345991
277,"OS_('Gaussian_SMOTE', ""{'proportion': 1.0, 'n_neighbors': 5, 'sigma': 1.0, 'n_jobs': 1, 'random_state': 1}"")",KNeighborsClassifier(),0.8926251097453907,0.7101382488479262,0.82,0.6844802494802493,0.8591803278688526,0.7204703838747446
278,"OS_('Gaussian_SMOTE', ""{'proportion': 1.0, 'n_neighbors': 5, 'sigma': 1.0, 'n_jobs': 1, 'random_state': 1}"")",MLPClassifier(random_state=1),0.8091308165057068,0.5055260243632336,0.8266666666666665,0.5530536659108087,0.8166649039309007,0.6011896383886932
279,"OS_('Gaussian_SMOTE', ""{'proportion': 1.0, 'n_neighbors': 5, 'sigma': 1.0, 'n_jobs': 1, 'random_state': 1}"")","Pipeline(steps=[('standardscaler', StandardScaler()),
                ('svc',
                 SVC(C=1, gamma='auto', kernel='linear', random_state=1))])",0.8121597892888499,0.5096294647824635,0.8266666666666665,0.5570247492936569,0.8183042481931958,0.604507056798148
280,"OS_('kmeans_SMOTE', ""{'proportion': 1.0, 'n_neighbors': 5, 'n_clusters': 10, 'irt': 2.0, 'n_jobs': 1, 'random_state': 1}"")",DecisionTreeClassifier(random_state=1),0.8718612818261633,0.5611111111111111,0.6133333333333334,0.487012987012987,0.7542340913097126,0.5329040449209057
281,"OS_('kmeans_SMOTE', ""{'proportion': 1.0, 'n_neighbors': 5, 'n_clusters': 10, 'irt': 2.0, 'n_jobs': 1, 'random_state': 1}"")",KNeighborsClassifier(),0.9433713784021072,0.8247619047619048,0.7533333333333333,0.7526240426240426,0.8569945355191256,0.7702842600945643
282,"OS_('kmeans_SMOTE', ""{'proportion': 1.0, 'n_neighbors': 5, 'n_clusters': 10, 'irt': 2.0, 'n_jobs': 1, 'random_state': 1}"")",MLPClassifier(random_state=1),0.9375329236172082,0.7856410256410257,0.5866666666666667,0.6106592238171185,0.7786056760091661,0.646602884609824
283,"OS_('kmeans_SMOTE', ""{'proportion': 1.0, 'n_neighbors': 5, 'n_clusters': 10, 'irt': 2.0, 'n_jobs': 1, 'random_state': 1}"")","Pipeline(steps=[('standardscaler', StandardScaler()),
                ('svc',
                 SVC(C=1, gamma='auto', kernel='linear', random_state=1))])",0.9136523266022827,0.748,0.72,0.6647930922124471,0.825600211528292,0.6964206802195523
284,"OS_('Supervised_SMOTE', ""{'proportion': 1.0, 'th_lower': 0.5, 'th_upper': 1.0, 'classifier': RandomForestClassifier(n_estimators=50, n_jobs=1, random_state=5), 'n_jobs': 1, 'random_state': 1}"")",DecisionTreeClassifier(random_state=1),0.8807287093942054,0.6989247311827957,0.7533333333333334,0.6373873873873873,0.822568306010929,0.677752270500259
285,"OS_('Supervised_SMOTE', ""{'proportion': 1.0, 'th_lower': 0.5, 'th_upper': 1.0, 'classifier': RandomForestClassifier(n_estimators=50, n_jobs=1, random_state=5), 'n_jobs': 1, 'random_state': 1}"")",KNeighborsClassifier(),0.8717734855136084,0.76,0.82,0.7118881118881119,0.8477313590692755,0.7443097829077521
286,"OS_('Supervised_SMOTE', ""{'proportion': 1.0, 'th_lower': 0.5, 'th_upper': 1.0, 'classifier': RandomForestClassifier(n_estimators=50, n_jobs=1, random_state=5), 'n_jobs': 1, 'random_state': 1}"")",MLPClassifier(random_state=1),0.8688323090430202,0.6736263736263737,0.7866666666666667,0.6486080586080585,0.8310646924026089,0.6833487057617088
287,"OS_('Supervised_SMOTE', ""{'proportion': 1.0, 'th_lower': 0.5, 'th_upper': 1.0, 'classifier': RandomForestClassifier(n_estimators=50, n_jobs=1, random_state=5), 'n_jobs': 1, 'random_state': 1}"")","Pipeline(steps=[('standardscaler', StandardScaler()),
                ('svc',
                 SVC(C=1, gamma='auto', kernel='linear', random_state=1))])",0.8689201053555751,0.5772727272727273,0.7533333333333333,0.5806140917905624,0.8160638110347259,0.6181458502195338
288,"OS_('SN_SMOTE', ""{'proportion': 1.0, 'n_neighbors': 5, 'n_jobs': 1, 'random_state': 1}"")",DecisionTreeClassifier(random_state=1),0.8419666374012292,0.38529411764705884,0.5666666666666667,0.40857142857142853,0.7162524237616781,0.43743139985668983
289,"OS_('SN_SMOTE', ""{'proportion': 1.0, 'n_neighbors': 5, 'n_jobs': 1, 'random_state': 1}"")",KNeighborsClassifier(),0.8628182616330113,0.639268292682927,0.82,0.6565183752417794,0.8428397673188789,0.6866986157378442
290,"OS_('SN_SMOTE', ""{'proportion': 1.0, 'n_neighbors': 5, 'n_jobs': 1, 'random_state': 1}"")",MLPClassifier(random_state=1),0.8300263388937663,0.547906976744186,0.8600000000000001,0.605328798185941,0.8431676361713378,0.647256097484322
291,"OS_('SN_SMOTE', ""{'proportion': 1.0, 'n_neighbors': 5, 'n_jobs': 1, 'random_state': 1}"")","Pipeline(steps=[('standardscaler', StandardScaler()),
                ('svc',
                 SVC(C=1, gamma='auto', kernel='linear', random_state=1))])",0.8151448639157154,0.5168873403019745,0.8266666666666665,0.5620065907299949,0.8199435924554909,0.6089455697543885
292,"OS_('CCR', ""{'proportion': 1.0, 'energy': 1.0, 'scaling': 0.0, 'n_jobs': 1, 'random_state': 1}"")",DecisionTreeClassifier(random_state=1),0.8240122914837578,0.6521985815602837,0.6866666666666666,0.5629597865446921,0.7613925612550678,0.6081399030129064
293,"OS_('CCR', ""{'proportion': 1.0, 'energy': 1.0, 'scaling': 0.0, 'n_jobs': 1, 'random_state': 1}"")",KNeighborsClassifier(),0.9075504828797192,0.7175824175824176,0.82,0.6946153846153845,0.8673770491803279,0.728559007144985
294,"OS_('CCR', ""{'proportion': 1.0, 'energy': 1.0, 'scaling': 0.0, 'n_jobs': 1, 'random_state': 1}"")",MLPClassifier(random_state=1),0.8061018437225635,0.5809864603481624,0.8600000000000001,0.6113724849573906,0.8300264410364886,0.6566476557038137
295,"OS_('CCR', ""{'proportion': 1.0, 'energy': 1.0, 'scaling': 0.0, 'n_jobs': 1, 'random_state': 1}"")","Pipeline(steps=[('standardscaler', StandardScaler()),
                ('svc',
                 SVC(C=1, gamma='auto', kernel='linear', random_state=1))])",0.7852502194907813,0.4740432900432901,0.8600000000000001,0.5514410208527856,0.8186039132734002,0.5994122354487625
296,"OS_('ANS', ""{'proportion': 1.0, 'n_jobs': 1, 'random_state': 1}"")",DecisionTreeClassifier(random_state=1),0.8986391571553994,0.6724242424242424,0.6533333333333333,0.603996983408748,0.7873224043715847,0.6321560683446553
297,"OS_('ANS', ""{'proportion': 1.0, 'n_jobs': 1, 'random_state': 1}"")",KNeighborsClassifier(),0.9016242317822651,0.7689285714285714,0.82,0.725046006624954,0.8641248016922264,0.7553194286843505
298,"OS_('ANS', ""{'proportion': 1.0, 'n_jobs': 1, 'random_state': 1}"")",MLPClassifier(random_state=1),0.8837576821773485,0.6948179271708683,0.7533333333333334,0.6505128205128204,0.8242340913097127,0.6823806426578948
299,"OS_('ANS', ""{'proportion': 1.0, 'n_jobs': 1, 'random_state': 1}"")","Pipeline(steps=[('standardscaler', StandardScaler()),
                ('svc',
                 SVC(C=1, gamma='auto', kernel='linear', random_state=1))])",0.8778753292361721,0.628030303030303,0.72,0.6010622710622711,0.8059545214172396,0.6328535124473866
300,"OS_('cluster_SMOTE', ""{'proportion': 1.0, 'n_neighbors': 3, 'n_clusters': 3, 'n_jobs': 1, 'random_state': 1}"")",DecisionTreeClassifier(random_state=1),0.8837137840210711,0.5713793103448276,0.7533333333333333,0.5973593073593073,0.8242605323462012,0.6261145263957968
301,"OS_('cluster_SMOTE', ""{'proportion': 1.0, 'n_neighbors': 3, 'n_clusters': 3, 'n_jobs': 1, 'random_state': 1}"")",KNeighborsClassifier(),0.8539069359086918,0.595,0.7866666666666667,0.6268115942028986,0.8229208531641108,0.6536331349350744
302,"OS_('cluster_SMOTE', ""{'proportion': 1.0, 'n_neighbors': 3, 'n_clusters': 3, 'n_jobs': 1, 'random_state': 1}"")",MLPClassifier(random_state=1),0.8658472344161545,0.6159706959706959,0.82,0.6317484612093083,0.8444791115811741,0.6694522576716824
303,"OS_('cluster_SMOTE', ""{'proportion': 1.0, 'n_neighbors': 3, 'n_clusters': 3, 'n_jobs': 1, 'random_state': 1}"")","Pipeline(steps=[('standardscaler', StandardScaler()),
                ('svc',
                 SVC(C=1, gamma='auto', kernel='linear', random_state=1))])",0.8420105355575066,0.549579831932773,0.82,0.5814285714285713,0.8313907985193019,0.6268709925340663
