,OS,Algorithm,ACC,Precision,recall,F1-Score,AUC,G-measure
0,train_STARM_star_nn_5_rj_0.5,DecisionTreeClassifier(random_state=1),0.9414634146341463,0.7899999999999999,0.8,0.7468253968253968,0.8783783783783783,0.7700029816009156
1,train_STARM_star_nn_5_rj_0.5,KNeighborsClassifier(),0.921951219512195,0.7633333333333333,0.85,0.7453216374269005,0.8898648648648649,0.7735863503361571
2,train_STARM_star_nn_5_rj_0.5,MLPClassifier(random_state=1),0.9121951219512194,0.7333333333333333,0.85,0.7233333333333333,0.8844594594594595,0.7547206724228548
3,train_STARM_star_nn_5_rj_0.5,"Pipeline(steps=[('standardscaler', StandardScaler()),
                ('svc',
                 SVC(C=1, gamma='auto', kernel='linear', random_state=1))])",0.9073170731707316,0.6904761904761905,0.75,0.6288888888888888,0.8371621621621621,0.670203812950515
