,OS,Algorithm,ACC,Precision,recall,F1-Score,AUC,G-measure
0,train_STARM_star_nn_5_rj_0.5,DecisionTreeClassifier(random_state=1),0.9724524076147816,0.8589743589743589,0.8333333333333334,0.789952153110048,0.9075885257065032,0.8164916696053874
1,train_STARM_star_nn_5_rj_0.5,KNeighborsClassifier(),0.9702351623740203,0.8047619047619048,1.0,0.8664335664335663,0.9841164453524003,0.8832082596274908
2,train_STARM_star_nn_5_rj_0.5,MLPClassifier(random_state=1),0.9490929451287794,0.5926406926406926,0.8,0.6521478521478521,0.8795709908069458,0.6721847993629844
3,train_STARM_star_nn_5_rj_0.5,"Pipeline(steps=[('standardscaler', StandardScaler()),
                ('svc',
                 SVC(C=1, gamma='auto', kernel='linear', random_state=1))])",0.9299440089585665,0.5223316912972085,0.8,0.6016716616716618,0.8693692543411643,0.6277408219647373
