,OS,Algorithm,ACC,Precision,recall,F1-Score,AUC,G-measure
0,"OS_('SMOTE', ""{'proportion': 1.0, 'n_neighbors': 5, 'n_jobs': 1, 'random_state': 1}"")",DecisionTreeClassifier(random_state=1),0.9681818181818181,0.9799539170506912,0.9721674876847292,0.9756618819776716,0.9660837438423645,0.9758612550312413
1,"OS_('SMOTE', ""{'proportion': 1.0, 'n_neighbors': 5, 'n_jobs': 1, 'random_state': 1}"")",KNeighborsClassifier(),0.9681818181818181,0.9608602150537635,0.9928571428571429,0.976271186440678,0.9580952380952382,0.9765647750916452
2,"OS_('SMOTE', ""{'proportion': 1.0, 'n_neighbors': 5, 'n_jobs': 1, 'random_state': 1}"")",MLPClassifier(random_state=1),0.9636363636363636,0.9726436781609197,0.972167487684729,0.9720444448350566,0.9602504105090311,0.9722249703094711
3,"OS_('SMOTE', ""{'proportion': 1.0, 'n_neighbors': 5, 'n_jobs': 1, 'random_state': 1}"")","Pipeline(steps=[('standardscaler', StandardScaler()),
                ('svc',
                 SVC(C=1, gamma='auto', kernel='linear', random_state=1))])",0.9772727272727273,0.9733333333333334,0.993103448275862,0.9828150153290883,0.9707183908045977,0.9830166624921363
4,"OS_('SMOTE_TomekLinks', ""{'proportion': 1.0, 'n_neighbors': 5, 'n_jobs': 1, 'random_state': 1}"")",DecisionTreeClassifier(random_state=1),0.9727272727272727,0.9795238095238095,0.9793103448275862,0.9793041926851027,0.9696551724137932,0.9793606307265978
5,"OS_('SMOTE_TomekLinks', ""{'proportion': 1.0, 'n_neighbors': 5, 'n_jobs': 1, 'random_state': 1}"")",KNeighborsClassifier(),0.9681818181818181,0.9608602150537635,0.9928571428571429,0.976271186440678,0.9580952380952382,0.9765647750916452
6,"OS_('SMOTE_TomekLinks', ""{'proportion': 1.0, 'n_neighbors': 5, 'n_jobs': 1, 'random_state': 1}"")",MLPClassifier(random_state=1),0.9636363636363636,0.9726436781609197,0.972167487684729,0.9720444448350566,0.9602504105090311,0.9722249703094711
7,"OS_('SMOTE_TomekLinks', ""{'proportion': 1.0, 'n_neighbors': 5, 'n_jobs': 1, 'random_state': 1}"")","Pipeline(steps=[('standardscaler', StandardScaler()),
                ('svc',
                 SVC(C=1, gamma='auto', kernel='linear', random_state=1))])",0.9818181818181818,0.9733333333333334,1.0,0.986323787258913,0.9741666666666667,0.9864951887159291
8,"OS_('SMOTE_ENN', ""{'proportion': 1.0, 'n_neighbors': 5, 'n_jobs': 1, 'random_state': 1}"")",DecisionTreeClassifier(random_state=1),0.9863636363636363,0.9804301075268818,1.0,0.9899435028248587,0.9800000000000001,0.9900792463799053
9,"OS_('SMOTE_ENN', ""{'proportion': 1.0, 'n_neighbors': 5, 'n_jobs': 1, 'random_state': 1}"")",KNeighborsClassifier(),0.9681818181818181,0.9608602150537635,0.9928571428571429,0.976271186440678,0.9580952380952382,0.9765647750916452
10,"OS_('SMOTE_ENN', ""{'proportion': 1.0, 'n_neighbors': 5, 'n_jobs': 1, 'random_state': 1}"")",MLPClassifier(random_state=1),0.9636363636363636,0.9726436781609197,0.972167487684729,0.9720444448350566,0.9602504105090311,0.9722249703094711
11,"OS_('SMOTE_ENN', ""{'proportion': 1.0, 'n_neighbors': 5, 'n_jobs': 1, 'random_state': 1}"")","Pipeline(steps=[('standardscaler', StandardScaler()),
                ('svc',
                 SVC(C=1, gamma='auto', kernel='linear', random_state=1))])",0.9772727272727273,0.9673118279569893,1.0,0.9830508474576272,0.9679166666666668,0.9833532174246666
12,"OS_('Borderline_SMOTE2', ""{'proportion': 1.0, 'n_neighbors': 5, 'k_neighbors': 5, 'n_jobs': 1, 'random_state': 1}"")",DecisionTreeClassifier(random_state=1),0.9681818181818181,0.9792939244663383,0.9724137931034482,0.9754322246293701,0.9666235632183907,0.975642995809816
13,"OS_('Borderline_SMOTE2', ""{'proportion': 1.0, 'n_neighbors': 5, 'k_neighbors': 5, 'n_jobs': 1, 'random_state': 1}"")",KNeighborsClassifier(),0.9545454545454545,0.9444759972954699,0.993103448275862,0.9668479564137243,0.9394683908045977,0.96781682224709
14,"OS_('Borderline_SMOTE2', ""{'proportion': 1.0, 'n_neighbors': 5, 'k_neighbors': 5, 'n_jobs': 1, 'random_state': 1}"")",MLPClassifier(random_state=1),0.95,0.9622895622895623,0.9655172413793103,0.9623032992316858,0.9448419540229885,0.9631022615130338
15,"OS_('Borderline_SMOTE2', ""{'proportion': 1.0, 'n_neighbors': 5, 'k_neighbors': 5, 'n_jobs': 1, 'random_state': 1}"")","Pipeline(steps=[('standardscaler', StandardScaler()),
                ('svc',
                 SVC(C=1, gamma='auto', kernel='linear', random_state=1))])",0.959090909090909,0.9513725490196079,0.993103448275862,0.9703567283435488,0.9457183908045976,0.9712953484708831
16,"OS_('ADASYN', ""{'n_neighbors': 5, 'd_th': 0.9, 'beta': 1.0, 'n_jobs': 1, 'random_state': 1}"")",DecisionTreeClassifier(random_state=1),0.9636363636363636,0.9859605911330049,0.958128078817734,0.9716609531491563,0.9657307060755336,0.9718525940967264
17,"OS_('ADASYN', ""{'n_neighbors': 5, 'd_th': 0.9, 'beta': 1.0, 'n_jobs': 1, 'random_state': 1}"")",KNeighborsClassifier(),0.940909090909091,0.9707307060755337,0.9376847290640395,0.952527952933733,0.9430090311986865,0.9533660887085667
18,"OS_('ADASYN', ""{'n_neighbors': 5, 'd_th': 0.9, 'beta': 1.0, 'n_jobs': 1, 'random_state': 1}"")",MLPClassifier(random_state=1),0.9545454545454545,0.9856960408684546,0.9440886699507389,0.9639882073433421,0.9587110016420362,0.9644399979285672
19,"OS_('ADASYN', ""{'n_neighbors': 5, 'd_th': 0.9, 'beta': 1.0, 'n_jobs': 1, 'random_state': 1}"")","Pipeline(steps=[('standardscaler', StandardScaler()),
                ('svc',
                 SVC(C=1, gamma='auto', kernel='linear', random_state=1))])",0.940909090909091,0.9777188328912467,0.930049261083744,0.9529616797130409,0.9454412972085386,0.953422612612045
20,"OS_('AHC', ""{'strategy': 'min', 'n_jobs': 1, 'random_state': 1}"")",DecisionTreeClassifier(random_state=1),0.9772727272727273,0.9861904761904763,0.9790640394088669,0.9824474900656881,0.9761986863711002,0.9825373669751991
21,"OS_('AHC', ""{'strategy': 'min', 'n_jobs': 1, 'random_state': 1}"")",KNeighborsClassifier(),0.9727272727272727,0.9616666666666667,1.0,0.9798870056497175,0.9616666666666667,0.9803597014387672
22,"OS_('AHC', ""{'strategy': 'min', 'n_jobs': 1, 'random_state': 1}"")",MLPClassifier(random_state=1),0.9590909090909092,0.9664367816091955,0.972167487684729,0.9687776571762544,0.9540004105090312,0.9690398216191358
23,"OS_('AHC', ""{'strategy': 'min', 'n_jobs': 1, 'random_state': 1}"")","Pipeline(steps=[('standardscaler', StandardScaler()),
                ('svc',
                 SVC(C=1, gamma='auto', kernel='linear', random_state=1))])",0.9727272727272727,0.9673118279569893,0.993103448275862,0.9795420755278025,0.9644683908045977,0.9798746912008737
24,"OS_('LLE_SMOTE', ""{'proportion': 1.0, 'n_neighbors': 5, 'n_components': 2, 'n_jobs': 1, 'random_state': 1}"")",DecisionTreeClassifier(random_state=1),0.9727272727272727,0.9861904761904763,0.9721674876847292,0.9789387181358634,0.9727504105090311,0.9790588407514061
25,"OS_('LLE_SMOTE', ""{'proportion': 1.0, 'n_neighbors': 5, 'n_components': 2, 'n_jobs': 1, 'random_state': 1}"")",KNeighborsClassifier(),0.959090909090909,0.9444759972954699,1.0,0.9703567283435488,0.9429166666666667,0.9712953484708831
26,"OS_('LLE_SMOTE', ""{'proportion': 1.0, 'n_neighbors': 5, 'n_components': 2, 'n_jobs': 1, 'random_state': 1}"")",MLPClassifier(random_state=1),0.9636363636363636,0.9726436781609197,0.972167487684729,0.9720444448350566,0.9602504105090311,0.9722249703094711
27,"OS_('LLE_SMOTE', ""{'proportion': 1.0, 'n_neighbors': 5, 'n_components': 2, 'n_jobs': 1, 'random_state': 1}"")","Pipeline(steps=[('standardscaler', StandardScaler()),
                ('svc',
                 SVC(C=1, gamma='auto', kernel='linear', random_state=1))])",0.9636363636363636,0.9513725490196079,1.0,0.9738655002733735,0.9491666666666667,0.974773874694676
28,"OS_('distance_SMOTE', ""{'proportion': 1.0, 'n_neighbors': 5, 'n_jobs': 1, 'random_state': 1}"")",DecisionTreeClassifier(random_state=1),0.9772727272727273,0.9861904761904763,0.9793103448275862,0.9825750817722272,0.9763218390804598,0.982662739539013
29,"OS_('distance_SMOTE', ""{'proportion': 1.0, 'n_neighbors': 5, 'n_jobs': 1, 'random_state': 1}"")",KNeighborsClassifier(),0.959090909090909,0.9444759972954699,1.0,0.9703567283435488,0.9429166666666667,0.9712953484708831
30,"OS_('distance_SMOTE', ""{'proportion': 1.0, 'n_neighbors': 5, 'n_jobs': 1, 'random_state': 1}"")",MLPClassifier(random_state=1),0.9545454545454547,0.9606303299962923,0.972167487684729,0.9656216080821574,0.9477504105090311,0.9660100635882755
31,"OS_('distance_SMOTE', ""{'proportion': 1.0, 'n_neighbors': 5, 'n_jobs': 1, 'random_state': 1}"")","Pipeline(steps=[('standardscaler', StandardScaler()),
                ('svc',
                 SVC(C=1, gamma='auto', kernel='linear', random_state=1))])",0.9681818181818181,0.9563636363636364,1.0,0.9768268963601001,0.9554166666666667,0.9775033066888053
32,"OS_('SMMO', ""{'proportion': 1.0, 'n_neighbors': 5, 'ensemble': [QuadraticDiscriminantAnalysis(), DecisionTreeClassifier(random_state=2), GaussianNB()], 'n_jobs': 1, 'random_state': 1}"")",DecisionTreeClassifier(random_state=1),0.9727272727272727,0.9861904761904763,0.9721674876847292,0.9789387181358634,0.9727504105090311,0.9790588407514061
33,"OS_('SMMO', ""{'proportion': 1.0, 'n_neighbors': 5, 'ensemble': [QuadraticDiscriminantAnalysis(), DecisionTreeClassifier(random_state=2), GaussianNB()], 'n_jobs': 1, 'random_state': 1}"")",KNeighborsClassifier(),0.959090909090909,0.9444759972954699,1.0,0.9703567283435488,0.9429166666666667,0.9712953484708831
34,"OS_('SMMO', ""{'proportion': 1.0, 'n_neighbors': 5, 'ensemble': [QuadraticDiscriminantAnalysis(), DecisionTreeClassifier(random_state=2), GaussianNB()], 'n_jobs': 1, 'random_state': 1}"")",MLPClassifier(random_state=1),0.9590909090909092,0.9501270772238515,0.993103448275862,0.9700412882720834,0.945301724137931,0.9708271947448477
35,"OS_('SMMO', ""{'proportion': 1.0, 'n_neighbors': 5, 'ensemble': [QuadraticDiscriminantAnalysis(), DecisionTreeClassifier(random_state=2), GaussianNB()], 'n_jobs': 1, 'random_state': 1}"")","Pipeline(steps=[('standardscaler', StandardScaler()),
                ('svc',
                 SVC(C=1, gamma='auto', kernel='linear', random_state=1))])",0.9636363636363636,0.9513725490196079,1.0,0.9738655002733735,0.9491666666666667,0.974773874694676
36,"OS_('polynom_fit_SMOTE', ""{'proportion': 1.0, 'topology': 'star', 'random_state': 1}"")",DecisionTreeClassifier(random_state=1),0.9681818181818181,0.9861904761904763,0.9652709359605911,0.975304632922831,0.9693021346469621,0.9755176232460023
37,"OS_('polynom_fit_SMOTE', ""{'proportion': 1.0, 'topology': 'star', 'random_state': 1}"")",KNeighborsClassifier(),0.959090909090909,0.9513725490196079,0.993103448275862,0.9703567283435488,0.9457183908045976,0.9712953484708831
38,"OS_('polynom_fit_SMOTE', ""{'proportion': 1.0, 'topology': 'star', 'random_state': 1}"")",MLPClassifier(random_state=1),0.9590909090909092,0.9664367816091955,0.972167487684729,0.9687776571762544,0.9540004105090312,0.9690398216191358
39,"OS_('polynom_fit_SMOTE', ""{'proportion': 1.0, 'topology': 'star', 'random_state': 1}"")","Pipeline(steps=[('standardscaler', StandardScaler()),
                ('svc',
                 SVC(C=1, gamma='auto', kernel='linear', random_state=1))])",0.9636363636363636,0.9563636363636364,0.993103448275862,0.9733181244302754,0.9519683908045977,0.9740247804650124
40,"OS_('Stefanowski', ""{'strategy': 'weak_amp', 'n_jobs': 1}"")",DecisionTreeClassifier(random_state=1),0.9818181818181818,0.9861904761904763,0.9862068965517242,0.9860838537020518,0.9797701149425286,0.986141265762806
41,"OS_('Stefanowski', ""{'strategy': 'weak_amp', 'n_jobs': 1}"")",KNeighborsClassifier(),0.9363636363636363,0.9581034482758621,0.9445812807881774,0.9493844278439777,0.9339573070607553,0.9503616146480324
42,"OS_('Stefanowski', ""{'strategy': 'weak_amp', 'n_jobs': 1}"")",MLPClassifier(random_state=1),0.9681818181818181,0.9610752688172044,0.993103448275862,0.9762652393696104,0.9578017241379311,0.9766771054807089
43,"OS_('Stefanowski', ""{'strategy': 'weak_amp', 'n_jobs': 1}"")","Pipeline(steps=[('standardscaler', StandardScaler()),
                ('svc',
                 SVC(C=1, gamma='auto', kernel='linear', random_state=1))])",0.9772727272727273,0.9733333333333334,0.993103448275862,0.9828150153290883,0.9707183908045977,0.9830166624921363
44,"OS_('ADOMS', ""{'proportion': 1.0, 'n_neighbors': 5, 'n_jobs': 1, 'random_state': 1}"")",DecisionTreeClassifier(random_state=1),0.9727272727272727,0.9861904761904763,0.9721674876847292,0.9789387181358634,0.9727504105090311,0.9790588407514061
45,"OS_('ADOMS', ""{'proportion': 1.0, 'n_neighbors': 5, 'n_jobs': 1, 'random_state': 1}"")",KNeighborsClassifier(),0.9818181818181818,0.9733333333333334,1.0,0.986323787258913,0.9741666666666667,0.9864951887159291
46,"OS_('ADOMS', ""{'proportion': 1.0, 'n_neighbors': 5, 'n_jobs': 1, 'random_state': 1}"")",MLPClassifier(random_state=1),0.9590909090909092,0.9724137931034484,0.9652709359605911,0.9685377236193933,0.9568021346469623,0.9686900025352981
47,"OS_('ADOMS', ""{'proportion': 1.0, 'n_neighbors': 5, 'n_jobs': 1, 'random_state': 1}"")","Pipeline(steps=[('standardscaler', StandardScaler()),
                ('svc',
                 SVC(C=1, gamma='auto', kernel='linear', random_state=1))])",0.9772727272727273,0.9733333333333334,0.993103448275862,0.9828150153290883,0.9707183908045977,0.9830166624921363
48,"OS_('Safe_Level_SMOTE', ""{'proportion': 1.0, 'n_neighbors': 5, 'n_jobs': 1, 'random_state': 1}"")",DecisionTreeClassifier(random_state=1),0.9681818181818184,0.9802002224694105,0.97192118226601,0.9756552824066436,0.965960591133005,0.9758579548067257
49,"OS_('Safe_Level_SMOTE', ""{'proportion': 1.0, 'n_neighbors': 5, 'n_jobs': 1, 'random_state': 1}"")",KNeighborsClassifier(),0.959090909090909,0.9554166666666667,0.9859605911330049,0.9697115670532263,0.9483969622331692,0.9701996441671635
50,"OS_('Safe_Level_SMOTE', ""{'proportion': 1.0, 'n_neighbors': 5, 'n_jobs': 1, 'random_state': 1}"")",MLPClassifier(random_state=1),0.9636363636363636,0.9554301075268817,0.993103448275862,0.9731013975617009,0.951551724137931,0.9736835894948094
51,"OS_('Safe_Level_SMOTE', ""{'proportion': 1.0, 'n_neighbors': 5, 'n_jobs': 1, 'random_state': 1}"")","Pipeline(steps=[('standardscaler', StandardScaler()),
                ('svc',
                 SVC(C=1, gamma='auto', kernel='linear', random_state=1))])",0.9727272727272727,0.9673118279569893,0.993103448275862,0.9795420755278025,0.9644683908045977,0.9798746912008737
52,"OS_('MSMOTE', ""{'proportion': 1.0, 'n_neighbors': 5, 'n_jobs': 1, 'random_state': 1}"")",DecisionTreeClassifier(random_state=1),0.9681818181818181,0.9859259259259259,0.9652709359605911,0.9751793196396228,0.9693021346469622,0.9753888304105196
53,"OS_('MSMOTE', ""{'proportion': 1.0, 'n_neighbors': 5, 'n_jobs': 1, 'random_state': 1}"")",KNeighborsClassifier(),0.9772727272727273,0.9673118279569893,1.0,0.9830508474576272,0.9679166666666668,0.9833532174246666
54,"OS_('MSMOTE', ""{'proportion': 1.0, 'n_neighbors': 5, 'n_jobs': 1, 'random_state': 1}"")",MLPClassifier(random_state=1),0.9636363636363636,0.9726436781609197,0.972167487684729,0.9720444448350566,0.9602504105090311,0.9722249703094711
55,"OS_('MSMOTE', ""{'proportion': 1.0, 'n_neighbors': 5, 'n_jobs': 1, 'random_state': 1}"")","Pipeline(steps=[('standardscaler', StandardScaler()),
                ('svc',
                 SVC(C=1, gamma='auto', kernel='linear', random_state=1))])",0.9636363636363636,0.9513725490196079,1.0,0.9738655002733735,0.9491666666666667,0.974773874694676
56,"OS_('DE_oversampling', ""{'proportion': 1.0, 'n_neighbors': 5, 'crossover_rate': 0.5, 'similarity_threshold': 0.5, 'n_clusters': 30, 'n_jobs': 1, 'random_state': 1}"")",DecisionTreeClassifier(random_state=1),0.8954545454545455,0.9853333333333334,0.852463054187192,0.9119121796037464,0.9128981937602628,0.9153959166795185
57,"OS_('DE_oversampling', ""{'proportion': 1.0, 'n_neighbors': 5, 'crossover_rate': 0.5, 'similarity_threshold': 0.5, 'n_clusters': 30, 'n_jobs': 1, 'random_state': 1}"")",KNeighborsClassifier(),0.9454545454545455,0.9367789125964878,0.9862068965517242,0.9596419116891883,0.9297701149425288,0.9605661980154361
58,"OS_('DE_oversampling', ""{'proportion': 1.0, 'n_neighbors': 5, 'crossover_rate': 0.5, 'similarity_threshold': 0.5, 'n_clusters': 30, 'n_jobs': 1, 'random_state': 1}"")",MLPClassifier(random_state=1),0.9136363636363637,0.96875,0.9032019704433496,0.9296764132553605,0.9203509852216747,0.932810738923498
59,"OS_('DE_oversampling', ""{'proportion': 1.0, 'n_neighbors': 5, 'crossover_rate': 0.5, 'similarity_threshold': 0.5, 'n_clusters': 30, 'n_jobs': 1, 'random_state': 1}"")","Pipeline(steps=[('standardscaler', StandardScaler()),
                ('svc',
                 SVC(C=1, gamma='auto', kernel='linear', random_state=1))])",0.9454545454545453,0.9439998068192794,0.9793103448275862,0.959711471132725,0.9325718390804598,0.9606812559098261
60,"OS_('SMOBD', ""{'proportion': 1.0, 'eta1': 0.5, 't': 1.8, 'min_samples': 5, 'max_eps': 1.0, 'n_jobs': 1, 'random_state': 1}"")",DecisionTreeClassifier(random_state=1),0.9727272727272727,0.9861904761904763,0.9721674876847292,0.9789387181358634,0.9727504105090311,0.9790588407514061
61,"OS_('SMOBD', ""{'proportion': 1.0, 'eta1': 0.5, 't': 1.8, 'min_samples': 5, 'max_eps': 1.0, 'n_jobs': 1, 'random_state': 1}"")",KNeighborsClassifier(),0.9636363636363636,0.9611904761904763,0.9862068965517242,0.9727505203687186,0.9547701149425286,0.9732241351015031
62,"OS_('SMOBD', ""{'proportion': 1.0, 'eta1': 0.5, 't': 1.8, 'min_samples': 5, 'max_eps': 1.0, 'n_jobs': 1, 'random_state': 1}"")",MLPClassifier(random_state=1),0.9636363636363636,0.9726436781609197,0.972167487684729,0.9720444448350566,0.9602504105090311,0.9722249703094711
63,"OS_('SMOBD', ""{'proportion': 1.0, 'eta1': 0.5, 't': 1.8, 'min_samples': 5, 'max_eps': 1.0, 'n_jobs': 1, 'random_state': 1}"")","Pipeline(steps=[('standardscaler', StandardScaler()),
                ('svc',
                 SVC(C=1, gamma='auto', kernel='linear', random_state=1))])",0.9636363636363636,0.9563636363636364,0.993103448275862,0.9733181244302754,0.9519683908045977,0.9740247804650124
64,"OS_('SUNDO', ""{'n_jobs': 1, 'random_state': 1}"")",DecisionTreeClassifier(random_state=1),0.9681818181818184,0.9861904761904763,0.9647783251231526,0.9750400826582808,0.9690558292282431,0.9752621893070854
65,"OS_('SUNDO', ""{'n_jobs': 1, 'random_state': 1}"")",KNeighborsClassifier(),0.959090909090909,0.9444759972954699,1.0,0.9703567283435488,0.9429166666666667,0.9712953484708831
66,"OS_('SUNDO', ""{'n_jobs': 1, 'random_state': 1}"")",MLPClassifier(random_state=1),0.9636363636363636,0.9670819428995181,0.9793103448275862,0.9724012690991065,0.9575718390804597,0.9727985059212967
67,"OS_('SUNDO', ""{'n_jobs': 1, 'random_state': 1}"")","Pipeline(steps=[('standardscaler', StandardScaler()),
                ('svc',
                 SVC(C=1, gamma='auto', kernel='linear', random_state=1))])",0.959090909090909,0.9451359898798228,1.0,0.9705886641151812,0.9425000000000001,0.9715762889745113
68,"OS_('MSYN', ""{'pressure': 1.5, 'n_neighbors': 5, 'n_jobs': 1, 'random_state': 1}"")",DecisionTreeClassifier(random_state=1),0.9727272727272727,0.9861904761904763,0.9721674876847292,0.9789387181358634,0.9727504105090311,0.9790588407514061
69,"OS_('MSYN', ""{'pressure': 1.5, 'n_neighbors': 5, 'n_jobs': 1, 'random_state': 1}"")",KNeighborsClassifier(),0.959090909090909,0.9444759972954699,1.0,0.9703567283435488,0.9429166666666667,0.9712953484708831
70,"OS_('MSYN', ""{'pressure': 1.5, 'n_neighbors': 5, 'n_jobs': 1, 'random_state': 1}"")",MLPClassifier(random_state=1),0.9545454545454547,0.9606303299962923,0.972167487684729,0.9656216080821574,0.9477504105090311,0.9660100635882755
71,"OS_('MSYN', ""{'pressure': 1.5, 'n_neighbors': 5, 'n_jobs': 1, 'random_state': 1}"")","Pipeline(steps=[('standardscaler', StandardScaler()),
                ('svc',
                 SVC(C=1, gamma='auto', kernel='linear', random_state=1))])",0.9636363636363636,0.9513725490196079,1.0,0.9738655002733735,0.9491666666666667,0.974773874694676
72,"OS_('SVM_balance', ""{'proportion': 1.0, 'n_neighbors': 5, 'n_jobs': 1, 'random_state': 1}"")",DecisionTreeClassifier(random_state=1),0.9772727272727273,0.9799539170506912,0.9862068965517242,0.9828070175438597,0.973103448275862,0.9829436800426414
73,"OS_('SVM_balance', ""{'proportion': 1.0, 'n_neighbors': 5, 'n_jobs': 1, 'random_state': 1}"")",KNeighborsClassifier(),0.9636363636363636,0.9513725490196079,1.0,0.9738655002733735,0.9491666666666667,0.974773874694676
74,"OS_('SVM_balance', ""{'proportion': 1.0, 'n_neighbors': 5, 'n_jobs': 1, 'random_state': 1}"")",MLPClassifier(random_state=1),0.9636363636363636,0.9670819428995181,0.9793103448275862,0.9724012690991065,0.9575718390804597,0.9727985059212967
75,"OS_('SVM_balance', ""{'proportion': 1.0, 'n_neighbors': 5, 'n_jobs': 1, 'random_state': 1}"")","Pipeline(steps=[('standardscaler', StandardScaler()),
                ('svc',
                 SVC(C=1, gamma='auto', kernel='linear', random_state=1))])",0.9636363636363636,0.9513725490196079,1.0,0.9738655002733735,0.9491666666666667,0.974773874694676
76,"OS_('TRIM_SMOTE', ""{'proportion': 1.0, 'n_neighbors': 5, 'min_precision': 0.3, 'n_jobs': 1, 'random_state': 1}"")",DecisionTreeClassifier(random_state=1),0.9727272727272727,0.9861904761904763,0.9721674876847292,0.9789387181358634,0.9727504105090311,0.9790588407514061
77,"OS_('TRIM_SMOTE', ""{'proportion': 1.0, 'n_neighbors': 5, 'min_precision': 0.3, 'n_jobs': 1, 'random_state': 1}"")",KNeighborsClassifier(),0.9727272727272727,0.9616666666666667,1.0,0.9798870056497175,0.9616666666666667,0.9803597014387672
78,"OS_('TRIM_SMOTE', ""{'proportion': 1.0, 'n_neighbors': 5, 'min_precision': 0.3, 'n_jobs': 1, 'random_state': 1}"")",MLPClassifier(random_state=1),0.9590909090909092,0.9664367816091955,0.972167487684729,0.9687776571762544,0.9540004105090312,0.9690398216191358
79,"OS_('TRIM_SMOTE', ""{'proportion': 1.0, 'n_neighbors': 5, 'min_precision': 0.3, 'n_jobs': 1, 'random_state': 1}"")","Pipeline(steps=[('standardscaler', StandardScaler()),
                ('svc',
                 SVC(C=1, gamma='auto', kernel='linear', random_state=1))])",0.9636363636363636,0.9513725490196079,1.0,0.9738655002733735,0.9491666666666667,0.974773874694676
80,"OS_('SMOTE_RSB', ""{'proportion': 2.0, 'n_neighbors': 5, 'n_jobs': 1, 'random_state': 1}"")",DecisionTreeClassifier(random_state=1),0.9727272727272727,0.9861904761904763,0.9721674876847292,0.9789387181358634,0.9727504105090311,0.9790588407514061
81,"OS_('SMOTE_RSB', ""{'proportion': 2.0, 'n_neighbors': 5, 'n_jobs': 1, 'random_state': 1}"")",KNeighborsClassifier(),0.9636363636363636,0.9494670846394986,1.0,0.9733181244302754,0.9491666666666667,0.9740247804650123
82,"OS_('SMOTE_RSB', ""{'proportion': 2.0, 'n_neighbors': 5, 'n_jobs': 1, 'random_state': 1}"")",MLPClassifier(random_state=1),0.9545454545454545,0.9721674876847292,0.9583743842364532,0.9649079595540575,0.9533538587848932,0.9650894039722072
83,"OS_('SMOTE_RSB', ""{'proportion': 2.0, 'n_neighbors': 5, 'n_jobs': 1, 'random_state': 1}"")","Pipeline(steps=[('standardscaler', StandardScaler()),
                ('svc',
                 SVC(C=1, gamma='auto', kernel='linear', random_state=1))])",0.9636363636363636,0.9513725490196079,1.0,0.9738655002733735,0.9491666666666667,0.974773874694676
84,"OS_('ProWSyn', ""{'proportion': 1.0, 'n_neighbors': 5, 'L': 5, 'theta': 1.0, 'n_jobs': 1, 'random_state': 1}"")",DecisionTreeClassifier(random_state=1),0.9636363636363636,0.9861904761904763,0.9583743842364532,0.9715383991565971,0.9658538587848933,0.9719101975647989
85,"OS_('ProWSyn', ""{'proportion': 1.0, 'n_neighbors': 5, 'L': 5, 'theta': 1.0, 'n_jobs': 1, 'random_state': 1}"")",KNeighborsClassifier(),0.9681818181818181,0.9670819428995181,0.9862068965517242,0.9760353543121392,0.9610201149425288,0.9763397234267007
86,"OS_('ProWSyn', ""{'proportion': 1.0, 'n_neighbors': 5, 'L': 5, 'theta': 1.0, 'n_jobs': 1, 'random_state': 1}"")",MLPClassifier(random_state=1),0.9545454545454545,0.9721674876847292,0.9583743842364532,0.9649079595540575,0.9533538587848932,0.9650894039722072
87,"OS_('ProWSyn', ""{'proportion': 1.0, 'n_neighbors': 5, 'L': 5, 'theta': 1.0, 'n_jobs': 1, 'random_state': 1}"")","Pipeline(steps=[('standardscaler', StandardScaler()),
                ('svc',
                 SVC(C=1, gamma='auto', kernel='linear', random_state=1))])",0.9681818181818181,0.9616666666666667,0.993103448275862,0.976378233719893,0.9582183908045977,0.9768811752149741
88,"OS_('SL_graph_SMOTE', ""{'proportion': 1.0, 'n_neighbors': 5, 'n_jobs': 1, 'random_state': 1}"")",DecisionTreeClassifier(random_state=1),0.9681818181818184,0.9802002224694105,0.97192118226601,0.9756552824066436,0.965960591133005,0.9758579548067257
89,"OS_('SL_graph_SMOTE', ""{'proportion': 1.0, 'n_neighbors': 5, 'n_jobs': 1, 'random_state': 1}"")",KNeighborsClassifier(),0.959090909090909,0.9554166666666667,0.9859605911330049,0.9697115670532263,0.9483969622331692,0.9701996441671635
90,"OS_('SL_graph_SMOTE', ""{'proportion': 1.0, 'n_neighbors': 5, 'n_jobs': 1, 'random_state': 1}"")",MLPClassifier(random_state=1),0.9636363636363636,0.9554301075268817,0.993103448275862,0.9731013975617009,0.951551724137931,0.9736835894948094
91,"OS_('SL_graph_SMOTE', ""{'proportion': 1.0, 'n_neighbors': 5, 'n_jobs': 1, 'random_state': 1}"")","Pipeline(steps=[('standardscaler', StandardScaler()),
                ('svc',
                 SVC(C=1, gamma='auto', kernel='linear', random_state=1))])",0.9727272727272727,0.9673118279569893,0.993103448275862,0.9795420755278025,0.9644683908045977,0.9798746912008737
92,"OS_('NRSBoundary_SMOTE', ""{'proportion': 1.0, 'n_neighbors': 5, 'w': 0.005, 'n_jobs': 1, 'random_state': 1}"")",DecisionTreeClassifier(random_state=1),0.9636363636363636,0.9861904761904763,0.9583743842364532,0.9715383991565971,0.9658538587848933,0.9719101975647989
93,"OS_('NRSBoundary_SMOTE', ""{'proportion': 1.0, 'n_neighbors': 5, 'w': 0.005, 'n_jobs': 1, 'random_state': 1}"")",KNeighborsClassifier(),0.940909090909091,0.9707307060755337,0.9376847290640395,0.952527952933733,0.9430090311986865,0.9533660887085667
94,"OS_('NRSBoundary_SMOTE', ""{'proportion': 1.0, 'n_neighbors': 5, 'w': 0.005, 'n_jobs': 1, 'random_state': 1}"")",MLPClassifier(random_state=1),0.9454545454545455,0.992,0.923152709359606,0.9558031155647839,0.9549096880131364,0.9566888099193905
95,"OS_('NRSBoundary_SMOTE', ""{'proportion': 1.0, 'n_neighbors': 5, 'w': 0.005, 'n_jobs': 1, 'random_state': 1}"")","Pipeline(steps=[('standardscaler', StandardScaler()),
                ('svc',
                 SVC(C=1, gamma='auto', kernel='linear', random_state=1))])",0.9318181818181819,0.9768518518518519,0.9162561576354682,0.9447491799825464,0.9389614121510673,0.9456498406512818
96,"OS_('LVQ_SMOTE', ""{'proportion': 1.0, 'n_neighbors': 5, 'n_clusters': 10, 'n_jobs': 1, 'random_state': 1}"")",DecisionTreeClassifier(random_state=1),0.9545454545454545,0.9859605911330049,0.9440886699507389,0.9643905042997603,0.9587110016420362,0.9647074778037157
97,"OS_('LVQ_SMOTE', ""{'proportion': 1.0, 'n_neighbors': 5, 'n_clusters': 10, 'n_jobs': 1, 'random_state': 1}"")",KNeighborsClassifier(),0.9772727272727273,0.9728735632183909,0.9928571428571429,0.9826940231935772,0.9705952380952381,0.982779681812841
98,"OS_('LVQ_SMOTE', ""{'proportion': 1.0, 'n_neighbors': 5, 'n_clusters': 10, 'n_jobs': 1, 'random_state': 1}"")",MLPClassifier(random_state=1),0.9545454545454545,0.9721674876847292,0.9583743842364532,0.9649079595540575,0.9533538587848932,0.9650894039722072
99,"OS_('LVQ_SMOTE', ""{'proportion': 1.0, 'n_neighbors': 5, 'n_clusters': 10, 'n_jobs': 1, 'random_state': 1}"")","Pipeline(steps=[('standardscaler', StandardScaler()),
                ('svc',
                 SVC(C=1, gamma='auto', kernel='linear', random_state=1))])",0.9590909090909092,0.9561337513061652,0.9862068965517242,0.9698114032146121,0.9485201149425289,0.9704898126908394
100,"OS_('SOI_CJ', ""{'proportion': 1.0, 'n_neighbors': 5, 'method': 'interpolation', 'n_jobs': 1, 'random_state': 1}"")",DecisionTreeClassifier(random_state=1),0.9772727272727273,0.9864367816091955,0.9790640394088671,0.9825684822011993,0.9761986863711002,0.9826594393144973
101,"OS_('SOI_CJ', ""{'proportion': 1.0, 'n_neighbors': 5, 'method': 'interpolation', 'n_jobs': 1, 'random_state': 1}"")",KNeighborsClassifier(),0.9681818181818181,0.9563636363636364,1.0,0.9768268963601001,0.9554166666666667,0.9775033066888053
102,"OS_('SOI_CJ', ""{'proportion': 1.0, 'n_neighbors': 5, 'method': 'interpolation', 'n_jobs': 1, 'random_state': 1}"")",MLPClassifier(random_state=1),0.9545454545454545,0.9662068965517243,0.9652709359605911,0.9652709359605911,0.9505521346469623,0.9655048538449629
103,"OS_('SOI_CJ', ""{'proportion': 1.0, 'n_neighbors': 5, 'method': 'interpolation', 'n_jobs': 1, 'random_state': 1}"")","Pipeline(steps=[('standardscaler', StandardScaler()),
                ('svc',
                 SVC(C=1, gamma='auto', kernel='linear', random_state=1))])",0.9636363636363636,0.9513725490196079,1.0,0.9738655002733735,0.9491666666666667,0.974773874694676
104,"OS_('ROSE', ""{'proportion': 1.0, 'random_state': 1}"")",DecisionTreeClassifier(random_state=1),0.9545454545454547,0.9859259259259259,0.9440886699507389,0.9641378270191829,0.9587110016420362,0.9645724352370019
105,"OS_('ROSE', ""{'proportion': 1.0, 'random_state': 1}"")",KNeighborsClassifier(),0.9681818181818181,0.9547701149425288,1.0,0.976378233719893,0.9554166666666667,0.9768811752149741
106,"OS_('ROSE', ""{'proportion': 1.0, 'random_state': 1}"")",MLPClassifier(random_state=1),0.9681818181818181,0.9728735632183909,0.9790640394088669,0.9755511660507199,0.9636986863711001,0.975759938083644
107,"OS_('ROSE', ""{'proportion': 1.0, 'random_state': 1}"")","Pipeline(steps=[('standardscaler', StandardScaler()),
                ('svc',
                 SVC(C=1, gamma='auto', kernel='linear', random_state=1))])",0.9681818181818181,0.9616666666666667,0.993103448275862,0.976378233719893,0.9582183908045977,0.9768811752149741
108,"OS_('SMOTE_OUT', ""{'proportion': 1.0, 'n_neighbors': 5, 'n_jobs': 1, 'random_state': 1}"")",DecisionTreeClassifier(random_state=1),0.9636363636363636,0.979029374201788,0.9655172413793103,0.9716728261331294,0.9631752873563219,0.9719729854689294
109,"OS_('SMOTE_OUT', ""{'proportion': 1.0, 'n_neighbors': 5, 'n_jobs': 1, 'random_state': 1}"")",KNeighborsClassifier(),0.959090909090909,0.9513725490196079,0.993103448275862,0.9703567283435488,0.9457183908045976,0.9712953484708831
110,"OS_('SMOTE_OUT', ""{'proportion': 1.0, 'n_neighbors': 5, 'n_jobs': 1, 'random_state': 1}"")",MLPClassifier(random_state=1),0.9590909090909092,0.9608602150537635,0.9790640394088669,0.9691283292978208,0.9511986863711002,0.9695450313624484
111,"OS_('SMOTE_OUT', ""{'proportion': 1.0, 'n_neighbors': 5, 'n_jobs': 1, 'random_state': 1}"")","Pipeline(steps=[('standardscaler', StandardScaler()),
                ('svc',
                 SVC(C=1, gamma='auto', kernel='linear', random_state=1))])",0.959090909090909,0.9513725490196079,0.993103448275862,0.9703567283435488,0.9457183908045976,0.9712953484708831
112,"OS_('SMOTE_Cosine', ""{'proportion': 1.0, 'n_neighbors': 5, 'n_jobs': 1, 'random_state': 1}"")",DecisionTreeClassifier(random_state=1),0.9681818181818181,0.9861904761904763,0.9652709359605911,0.975304632922831,0.9693021346469621,0.9755176232460023
113,"OS_('SMOTE_Cosine', ""{'proportion': 1.0, 'n_neighbors': 5, 'n_jobs': 1, 'random_state': 1}"")",KNeighborsClassifier(),0.959090909090909,0.9444759972954699,1.0,0.9703567283435488,0.9429166666666667,0.9712953484708831
114,"OS_('SMOTE_Cosine', ""{'proportion': 1.0, 'n_neighbors': 5, 'n_jobs': 1, 'random_state': 1}"")",MLPClassifier(random_state=1),0.9590909090909092,0.9664367816091955,0.972167487684729,0.9687776571762544,0.9540004105090312,0.9690398216191358
115,"OS_('SMOTE_Cosine', ""{'proportion': 1.0, 'n_neighbors': 5, 'n_jobs': 1, 'random_state': 1}"")","Pipeline(steps=[('standardscaler', StandardScaler()),
                ('svc',
                 SVC(C=1, gamma='auto', kernel='linear', random_state=1))])",0.9636363636363636,0.9513725490196079,1.0,0.9738655002733735,0.9491666666666667,0.974773874694676
116,"OS_('Selected_SMOTE', ""{'proportion': 1.0, 'n_neighbors': 5, 'perc_sign_attr': 0.5, 'n_jobs': 1, 'random_state': 1}"")",DecisionTreeClassifier(random_state=1),0.9727272727272727,0.9861904761904763,0.9721674876847292,0.9789387181358634,0.9727504105090311,0.9790588407514061
117,"OS_('Selected_SMOTE', ""{'proportion': 1.0, 'n_neighbors': 5, 'perc_sign_attr': 0.5, 'n_jobs': 1, 'random_state': 1}"")",KNeighborsClassifier(),0.9772727272727273,0.9673118279569893,1.0,0.9830508474576272,0.9679166666666668,0.9833532174246666
118,"OS_('Selected_SMOTE', ""{'proportion': 1.0, 'n_neighbors': 5, 'perc_sign_attr': 0.5, 'n_jobs': 1, 'random_state': 1}"")",MLPClassifier(random_state=1),0.9590909090909092,0.9724137931034484,0.9652709359605911,0.9685377236193933,0.9568021346469623,0.9686900025352981
119,"OS_('Selected_SMOTE', ""{'proportion': 1.0, 'n_neighbors': 5, 'perc_sign_attr': 0.5, 'n_jobs': 1, 'random_state': 1}"")","Pipeline(steps=[('standardscaler', StandardScaler()),
                ('svc',
                 SVC(C=1, gamma='auto', kernel='linear', random_state=1))])",0.9727272727272727,0.9616666666666667,1.0,0.9798870056497175,0.9616666666666667,0.9803597014387672
120,"OS_('LN_SMOTE', ""{'proportion': 1.0, 'n_neighbors': 5, 'n_jobs': 1, 'random_state': 1}"")",DecisionTreeClassifier(random_state=1),0.9727272727272727,0.9861904761904763,0.9721674876847292,0.9789387181358634,0.9727504105090311,0.9790588407514061
121,"OS_('LN_SMOTE', ""{'proportion': 1.0, 'n_neighbors': 5, 'n_jobs': 1, 'random_state': 1}"")",KNeighborsClassifier(),0.9636363636363636,0.9513725490196079,1.0,0.9738655002733735,0.9491666666666667,0.974773874694676
122,"OS_('LN_SMOTE', ""{'proportion': 1.0, 'n_neighbors': 5, 'n_jobs': 1, 'random_state': 1}"")",MLPClassifier(random_state=1),0.9590909090909092,0.9664367816091955,0.972167487684729,0.9687776571762544,0.9540004105090312,0.9690398216191358
123,"OS_('LN_SMOTE', ""{'proportion': 1.0, 'n_neighbors': 5, 'n_jobs': 1, 'random_state': 1}"")","Pipeline(steps=[('standardscaler', StandardScaler()),
                ('svc',
                 SVC(C=1, gamma='auto', kernel='linear', random_state=1))])",0.959090909090909,0.9513725490196079,0.993103448275862,0.9703567283435488,0.9457183908045976,0.9712953484708831
124,"OS_('MWMOTE', ""{'proportion': 1.0, 'k1': 5, 'k2': 5, 'k3': 5, 'M': 10, 'cf_th': 5.0, 'cmax': 10.0, 'n_jobs': 1, 'random_state': 1}"")",DecisionTreeClassifier(random_state=1),0.9727272727272729,0.9864367816091955,0.97192118226601,0.9789321185648356,0.9726272577996717,0.9790555405268904
125,"OS_('MWMOTE', ""{'proportion': 1.0, 'k1': 5, 'k2': 5, 'k3': 5, 'M': 10, 'cf_th': 5.0, 'cmax': 10.0, 'n_jobs': 1, 'random_state': 1}"")",KNeighborsClassifier(),0.9545454545454547,0.9720000000000001,0.9586206896551724,0.9639826236153407,0.9534770114942528,0.9646457710920711
126,"OS_('MWMOTE', ""{'proportion': 1.0, 'k1': 5, 'k2': 5, 'k3': 5, 'M': 10, 'cf_th': 5.0, 'cmax': 10.0, 'n_jobs': 1, 'random_state': 1}"")",MLPClassifier(random_state=1),0.9590909090909092,0.9721510673234812,0.9650246305418719,0.968285046338816,0.9566789819376027,0.9684364063109859
127,"OS_('MWMOTE', ""{'proportion': 1.0, 'k1': 5, 'k2': 5, 'k3': 5, 'M': 10, 'cf_th': 5.0, 'cmax': 10.0, 'n_jobs': 1, 'random_state': 1}"")","Pipeline(steps=[('standardscaler', StandardScaler()),
                ('svc',
                 SVC(C=1, gamma='auto', kernel='linear', random_state=1))])",0.9727272727272727,0.9673118279569893,0.993103448275862,0.9795420755278025,0.9644683908045977,0.9798746912008737
128,"OS_('PDFOS', ""{'proportion': 1.0, 'n_jobs': 1, 'random_state': 1}"")",DecisionTreeClassifier(random_state=1),0.9590909090909092,0.9859259259259259,0.951231527093596,0.9679088707902267,0.9622824302134646,0.9682437141175088
129,"OS_('PDFOS', ""{'proportion': 1.0, 'n_jobs': 1, 'random_state': 1}"")",KNeighborsClassifier(),0.9727272727272727,0.9604152762328514,1.0,0.9795420755278025,0.9616666666666667,0.9798746912008734
130,"OS_('PDFOS', ""{'proportion': 1.0, 'n_jobs': 1, 'random_state': 1}"")",MLPClassifier(random_state=1),0.9590909090909092,0.9724137931034484,0.9652709359605911,0.9685377236193933,0.9568021346469623,0.9686900025352981
131,"OS_('PDFOS', ""{'proportion': 1.0, 'n_jobs': 1, 'random_state': 1}"")","Pipeline(steps=[('standardscaler', StandardScaler()),
                ('svc',
                 SVC(C=1, gamma='auto', kernel='linear', random_state=1))])",0.959090909090909,0.9513725490196079,0.993103448275862,0.9703567283435488,0.9457183908045976,0.9712953484708831
132,"OS_('NEATER', ""{'proportion': 1.0, 'smote_n_neighbors': 5, 'b': 5, 'alpha': 0.1, 'h': 20, 'n_jobs': 1, 'random_state': 1}"")",DecisionTreeClassifier(random_state=1),0.8318181818181818,0.8215897111532785,0.951231527093596,0.8805197132616488,0.7822824302134648,0.883456887165915
133,"OS_('NEATER', ""{'proportion': 1.0, 'smote_n_neighbors': 5, 'b': 5, 'alpha': 0.1, 'h': 20, 'n_jobs': 1, 'random_state': 1}"")",KNeighborsClassifier(),0.8045454545454545,0.7731175315076244,1.0,0.870761927821787,0.7212500000000001,0.8786137705070095
134,"OS_('NEATER', ""{'proportion': 1.0, 'smote_n_neighbors': 5, 'b': 5, 'alpha': 0.1, 'h': 20, 'n_jobs': 1, 'random_state': 1}"")",MLPClassifier(random_state=1),0.740909090909091,0.7190420819490587,1.0,0.8351985849453069,0.63125,0.8472567778575881
135,"OS_('NEATER', ""{'proportion': 1.0, 'smote_n_neighbors': 5, 'b': 5, 'alpha': 0.1, 'h': 20, 'n_jobs': 1, 'random_state': 1}"")","Pipeline(steps=[('standardscaler', StandardScaler()),
                ('svc',
                 SVC(C=1, gamma='auto', kernel='linear', random_state=1))])",0.7045454545454545,0.6994318181818182,1.0,0.8190832647154227,0.58,0.8342215980879795
136,"OS_('Gazzah', ""{'proportion': 1.0, 'n_components': 2, 'n_jobs': 1, 'random_state': 1}"")",DecisionTreeClassifier(random_state=1),0.7136363636363636,0.7115151515151514,1.0,0.8255294997807188,0.5933333333333334,0.8404656864914166
137,"OS_('Gazzah', ""{'proportion': 1.0, 'n_components': 2, 'n_jobs': 1, 'random_state': 1}"")",KNeighborsClassifier(),0.9545454545454545,0.9444759972954699,0.993103448275862,0.9668479564137243,0.9394683908045977,0.96781682224709
138,"OS_('Gazzah', ""{'proportion': 1.0, 'n_components': 2, 'n_jobs': 1, 'random_state': 1}"")",MLPClassifier(random_state=1),0.959090909090909,0.9732377538829151,0.9652709359605911,0.9683996586226737,0.9572188013136289,0.9688267996850811
139,"OS_('Gazzah', ""{'proportion': 1.0, 'n_components': 2, 'n_jobs': 1, 'random_state': 1}"")","Pipeline(steps=[('standardscaler', StandardScaler()),
                ('svc',
                 SVC(C=1, gamma='auto', kernel='linear', random_state=1))])",0.9454545454545455,0.9525499231950846,0.9652709359605911,0.9582451892442971,0.9376354679802956,0.9585776436573166
140,"OS_('MCT', ""{'proportion': 1.0, 'n_jobs': 1, 'random_state': 1}"")",DecisionTreeClassifier(random_state=1),0.9772727272727273,0.9861904761904763,0.9790640394088669,0.9824474900656881,0.9761986863711002,0.9825373669751991
141,"OS_('MCT', ""{'proportion': 1.0, 'n_jobs': 1, 'random_state': 1}"")",KNeighborsClassifier(),0.9454545454545455,0.9716666666666667,0.9448275862068964,0.9561556662849077,0.946580459770115,0.957199578959845
142,"OS_('MCT', ""{'proportion': 1.0, 'n_jobs': 1, 'random_state': 1}"")",MLPClassifier(random_state=1),0.9590909090909092,0.9724137931034484,0.9652709359605911,0.9685377236193933,0.9568021346469623,0.9686900025352981
143,"OS_('MCT', ""{'proportion': 1.0, 'n_jobs': 1, 'random_state': 1}"")","Pipeline(steps=[('standardscaler', StandardScaler()),
                ('svc',
                 SVC(C=1, gamma='auto', kernel='linear', random_state=1))])",0.9545454545454545,0.9511426639621365,0.9862068965517242,0.9668500071278855,0.9422701149425288,0.9677603806967101
144,"OS_('ADG', ""{'proportion': 1.0, 'kernel': 'inner', 'lam': 1.0, 'mu': 1.0, 'k': 12, 'gamma': 1.0, 'n_jobs': 1, 'random_state': 1}"")",DecisionTreeClassifier(random_state=1),0.9681818181818181,0.9859259259259259,0.9652709359605911,0.9751793196396228,0.9693021346469622,0.9753888304105196
145,"OS_('ADG', ""{'proportion': 1.0, 'kernel': 'inner', 'lam': 1.0, 'mu': 1.0, 'k': 12, 'gamma': 1.0, 'n_jobs': 1, 'random_state': 1}"")",KNeighborsClassifier(),0.9636363636363636,0.9513725490196079,1.0,0.9738655002733735,0.9491666666666667,0.974773874694676
146,"OS_('ADG', ""{'proportion': 1.0, 'kernel': 'inner', 'lam': 1.0, 'mu': 1.0, 'k': 12, 'gamma': 1.0, 'n_jobs': 1, 'random_state': 1}"")",MLPClassifier(random_state=1),0.9454545454545455,0.9556575608299747,0.9655172413793103,0.9590408327205804,0.9381752873563218,0.9598130288481714
147,"OS_('ADG', ""{'proportion': 1.0, 'kernel': 'inner', 'lam': 1.0, 'mu': 1.0, 'k': 12, 'gamma': 1.0, 'n_jobs': 1, 'random_state': 1}"")","Pipeline(steps=[('standardscaler', StandardScaler()),
                ('svc',
                 SVC(C=1, gamma='auto', kernel='linear', random_state=1))])",0.9636363636363636,0.9513725490196079,1.0,0.9738655002733735,0.9491666666666667,0.974773874694676
148,"OS_('SMOTE_IPF', ""{'proportion': 1.0, 'n_neighbors': 5, 'n_folds': 9, 'k': 3, 'p': 0.01, 'voting': 'majority', 'n_jobs': 1, 'classifier': DecisionTreeClassifier(random_state=2), 'random_state': 1}"")",DecisionTreeClassifier(random_state=1),0.9681818181818181,0.9799539170506912,0.9721674876847292,0.9756618819776716,0.9660837438423645,0.9758612550312413
149,"OS_('SMOTE_IPF', ""{'proportion': 1.0, 'n_neighbors': 5, 'n_folds': 9, 'k': 3, 'p': 0.01, 'voting': 'majority', 'n_jobs': 1, 'classifier': DecisionTreeClassifier(random_state=2), 'random_state': 1}"")",KNeighborsClassifier(),0.9681818181818181,0.9608602150537635,0.9928571428571429,0.976271186440678,0.9580952380952382,0.9765647750916452
150,"OS_('SMOTE_IPF', ""{'proportion': 1.0, 'n_neighbors': 5, 'n_folds': 9, 'k': 3, 'p': 0.01, 'voting': 'majority', 'n_jobs': 1, 'classifier': DecisionTreeClassifier(random_state=2), 'random_state': 1}"")",MLPClassifier(random_state=1),0.9636363636363636,0.9726436781609197,0.972167487684729,0.9720444448350566,0.9602504105090311,0.9722249703094711
151,"OS_('SMOTE_IPF', ""{'proportion': 1.0, 'n_neighbors': 5, 'n_folds': 9, 'k': 3, 'p': 0.01, 'voting': 'majority', 'n_jobs': 1, 'classifier': DecisionTreeClassifier(random_state=2), 'random_state': 1}"")","Pipeline(steps=[('standardscaler', StandardScaler()),
                ('svc',
                 SVC(C=1, gamma='auto', kernel='linear', random_state=1))])",0.9772727272727273,0.9733333333333334,0.993103448275862,0.9828150153290883,0.9707183908045977,0.9830166624921363
152,"OS_('KernelADASYN', ""{'proportion': 1.0, 'k': 5, 'h': 1.0, 'n_jobs': 1, 'random_state': 1}"")",DecisionTreeClassifier(random_state=1),0.9681818181818181,0.9866666666666667,0.9652709359605911,0.9747691605318725,0.9693021346469622,0.9753682714895151
153,"OS_('KernelADASYN', ""{'proportion': 1.0, 'k': 5, 'h': 1.0, 'n_jobs': 1, 'random_state': 1}"")",KNeighborsClassifier(),0.9636363636363636,0.9561337513061652,0.993103448275862,0.9733201751444367,0.9519683908045977,0.9739683389146323
154,"OS_('KernelADASYN', ""{'proportion': 1.0, 'k': 5, 'h': 1.0, 'n_jobs': 1, 'random_state': 1}"")",MLPClassifier(random_state=1),0.9636363636363636,0.9664367816091955,0.9790640394088671,0.9724117423892871,0.9574486863711001,0.9725810391245397
155,"OS_('KernelADASYN', ""{'proportion': 1.0, 'k': 5, 'h': 1.0, 'n_jobs': 1, 'random_state': 1}"")","Pipeline(steps=[('standardscaler', StandardScaler()),
                ('svc',
                 SVC(C=1, gamma='auto', kernel='linear', random_state=1))])",0.9363636363636365,0.9305032527724408,0.9790640394088671,0.9530806382831016,0.9195320197044335,0.9539310666369362
156,"OS_('MOT2LD', ""{'proportion': 1.0, 'n_components': 2, 'k': 5, 'd_cut': 'auto', 'n_jobs': 1, 'random_state': 1}"")",DecisionTreeClassifier(random_state=1),0.9636363636363636,0.9799539170506912,0.9647783251231526,0.9714862628268784,0.9623891625615764,0.971925916547255
157,"OS_('MOT2LD', ""{'proportion': 1.0, 'n_components': 2, 'k': 5, 'd_cut': 'auto', 'n_jobs': 1, 'random_state': 1}"")",KNeighborsClassifier(),0.9636363636363636,0.9494670846394986,1.0,0.9733181244302754,0.9491666666666667,0.9740247804650123
158,"OS_('MOT2LD', ""{'proportion': 1.0, 'n_components': 2, 'k': 5, 'd_cut': 'auto', 'n_jobs': 1, 'random_state': 1}"")",MLPClassifier(random_state=1),0.9636363636363636,0.9726436781609197,0.972167487684729,0.9720444448350566,0.9602504105090311,0.9722249703094711
159,"OS_('MOT2LD', ""{'proportion': 1.0, 'n_components': 2, 'k': 5, 'd_cut': 'auto', 'n_jobs': 1, 'random_state': 1}"")","Pipeline(steps=[('standardscaler', StandardScaler()),
                ('svc',
                 SVC(C=1, gamma='auto', kernel='linear', random_state=1))])",0.9681818181818181,0.9563636363636364,1.0,0.9768268963601001,0.9554166666666667,0.9775033066888053
160,"OS_('V_SYNTH', ""{'proportion': 1.0, 'n_components': 3, 'n_jobs': 1, 'random_state': 1}"")",DecisionTreeClassifier(random_state=1),0.940909090909091,0.9850000000000001,0.9233990147783251,0.9520084469652745,0.9483661740558293,0.9531021458882651
161,"OS_('V_SYNTH', ""{'proportion': 1.0, 'n_components': 3, 'n_jobs': 1, 'random_state': 1}"")",KNeighborsClassifier(),0.9454545454545455,0.9711254262978402,0.9443349753694582,0.9571271438785051,0.9463341543513957,0.9574284679486622
162,"OS_('V_SYNTH', ""{'proportion': 1.0, 'n_components': 3, 'n_jobs': 1, 'random_state': 1}"")",MLPClassifier(random_state=1),0.940909090909091,0.9916666666666668,0.9167487684729064,0.9518917839672557,0.9517077175697866,0.9530478848966402
163,"OS_('V_SYNTH', ""{'proportion': 1.0, 'n_components': 3, 'n_jobs': 1, 'random_state': 1}"")","Pipeline(steps=[('standardscaler', StandardScaler()),
                ('svc',
                 SVC(C=1, gamma='auto', kernel='linear', random_state=1))])",0.9454545454545455,0.9913043478260869,0.9241379310344827,0.9549450549450549,0.9554022988505746,0.9563291929273268
164,"OS_('OUPS', ""{'proportion': 1.0, 'n_jobs': 1, 'random_state': 1}"")",DecisionTreeClassifier(random_state=1),0.9727272727272727,0.9861904761904763,0.9721674876847292,0.9789387181358634,0.9727504105090311,0.9790588407514061
165,"OS_('OUPS', ""{'proportion': 1.0, 'n_jobs': 1, 'random_state': 1}"")",KNeighborsClassifier(),0.959090909090909,0.9444759972954699,1.0,0.9703567283435488,0.9429166666666667,0.9712953484708831
166,"OS_('OUPS', ""{'proportion': 1.0, 'n_jobs': 1, 'random_state': 1}"")",MLPClassifier(random_state=1),0.9636363636363636,0.9616666666666667,0.9862068965517242,0.9727441485068603,0.9547701149425286,0.9733399577095702
167,"OS_('OUPS', ""{'proportion': 1.0, 'n_jobs': 1, 'random_state': 1}"")","Pipeline(steps=[('standardscaler', StandardScaler()),
                ('svc',
                 SVC(C=1, gamma='auto', kernel='linear', random_state=1))])",0.9636363636363636,0.9513725490196079,1.0,0.9738655002733735,0.9491666666666667,0.974773874694676
168,"OS_('SMOTE_D', ""{'proportion': 1.0, 'k': 3, 'n_jobs': 1, 'random_state': 1}"")",DecisionTreeClassifier(random_state=1),0.9772727272727273,0.9861904761904763,0.9790640394088669,0.9824474900656881,0.9761986863711002,0.9825373669751991
169,"OS_('SMOTE_D', ""{'proportion': 1.0, 'k': 3, 'n_jobs': 1, 'random_state': 1}"")",KNeighborsClassifier(),0.959090909090909,0.9444759972954699,1.0,0.9703567283435488,0.9429166666666667,0.9712953484708831
170,"OS_('SMOTE_D', ""{'proportion': 1.0, 'k': 3, 'n_jobs': 1, 'random_state': 1}"")",MLPClassifier(random_state=1),0.9681818181818181,0.9616666666666667,0.993103448275862,0.976378233719893,0.9582183908045977,0.9768811752149741
171,"OS_('SMOTE_D', ""{'proportion': 1.0, 'k': 3, 'n_jobs': 1, 'random_state': 1}"")","Pipeline(steps=[('standardscaler', StandardScaler()),
                ('svc',
                 SVC(C=1, gamma='auto', kernel='linear', random_state=1))])",0.9636363636363636,0.9513725490196079,1.0,0.9738655002733735,0.9491666666666667,0.974773874694676
172,"OS_('SMOTE_PSO', ""{'k': 3, 'eps': 0.05, 'n_pop': 10, 'w': 1.0, 'c1': 2.0, 'c2': 2.0, 'num_it': 10, 'n_jobs': 1, 'random_state': 1}"")",DecisionTreeClassifier(random_state=1),0.9681818181818181,0.9856410256410257,0.9652709359605911,0.9747919876733435,0.9693021346469622,0.9751237774447356
173,"OS_('SMOTE_PSO', ""{'k': 3, 'eps': 0.05, 'n_pop': 10, 'w': 1.0, 'c1': 2.0, 'c2': 2.0, 'num_it': 10, 'n_jobs': 1, 'random_state': 1}"")",KNeighborsClassifier(),0.9454545454545455,0.9712068965517242,0.9445812807881774,0.9561599874326046,0.9464573070607554,0.9570252895621607
174,"OS_('SMOTE_PSO', ""{'k': 3, 'eps': 0.05, 'n_pop': 10, 'w': 1.0, 'c1': 2.0, 'c2': 2.0, 'num_it': 10, 'n_jobs': 1, 'random_state': 1}"")",MLPClassifier(random_state=1),0.95,0.992,0.9305418719211822,0.9597187412976886,0.9586042692939245,0.960494077028866
175,"OS_('SMOTE_PSO', ""{'k': 3, 'eps': 0.05, 'n_pop': 10, 'w': 1.0, 'c1': 2.0, 'c2': 2.0, 'num_it': 10, 'n_jobs': 1, 'random_state': 1}"")","Pipeline(steps=[('standardscaler', StandardScaler()),
                ('svc',
                 SVC(C=1, gamma='auto', kernel='linear', random_state=1))])",0.9727272727272727,0.9731034482758621,0.9862068965517242,0.979308294113425,0.9672701149425288,0.9794816947179633
176,"OS_('CURE_SMOTE', ""{'proportion': 1.0, 'n_clusters': 5, 'noise_th': 2, 'n_jobs': 1, 'random_state': 1}"")",DecisionTreeClassifier(random_state=1),0.9681818181818181,0.9861904761904763,0.9652709359605911,0.975304632922831,0.9693021346469621,0.9755176232460023
177,"OS_('CURE_SMOTE', ""{'proportion': 1.0, 'n_clusters': 5, 'noise_th': 2, 'n_jobs': 1, 'random_state': 1}"")",KNeighborsClassifier(),0.959090909090909,0.9444759972954699,1.0,0.9703567283435488,0.9429166666666667,0.9712953484708831
178,"OS_('CURE_SMOTE', ""{'proportion': 1.0, 'n_clusters': 5, 'noise_th': 2, 'n_jobs': 1, 'random_state': 1}"")",MLPClassifier(random_state=1),0.95,0.960400444938821,0.9652709359605911,0.962114886866494,0.9443021346469622,0.9624750958141025
179,"OS_('CURE_SMOTE', ""{'proportion': 1.0, 'n_clusters': 5, 'noise_th': 2, 'n_jobs': 1, 'random_state': 1}"")","Pipeline(steps=[('standardscaler', StandardScaler()),
                ('svc',
                 SVC(C=1, gamma='auto', kernel='linear', random_state=1))])",0.9545454545454545,0.9513725490196079,0.9859605911330049,0.9667203647071853,0.9421469622331692,0.9676914496832761
180,"OS_('SOMO', ""{'proportion': 1.0, 'n_grid': 10, 'sigma': 0.2, 'learning_rate': 0.5, 'n_iter': 100, 'n_jobs': 1, 'random_state': 1}"")",DecisionTreeClassifier(random_state=1),0.9727272727272727,0.9861904761904763,0.9721674876847292,0.9789387181358634,0.9727504105090311,0.9790588407514061
181,"OS_('SOMO', ""{'proportion': 1.0, 'n_grid': 10, 'sigma': 0.2, 'learning_rate': 0.5, 'n_iter': 100, 'n_jobs': 1, 'random_state': 1}"")",KNeighborsClassifier(),0.959090909090909,0.9444759972954699,1.0,0.9703567283435488,0.9429166666666667,0.9712953484708831
182,"OS_('SOMO', ""{'proportion': 1.0, 'n_grid': 10, 'sigma': 0.2, 'learning_rate': 0.5, 'n_iter': 100, 'n_jobs': 1, 'random_state': 1}"")",MLPClassifier(random_state=1),0.9636363636363636,0.9547701149425288,0.993103448275862,0.9728694617900684,0.9519683908045977,0.9734026489911811
183,"OS_('SOMO', ""{'proportion': 1.0, 'n_grid': 10, 'sigma': 0.2, 'learning_rate': 0.5, 'n_iter': 100, 'n_jobs': 1, 'random_state': 1}"")","Pipeline(steps=[('standardscaler', StandardScaler()),
                ('svc',
                 SVC(C=1, gamma='auto', kernel='linear', random_state=1))])",0.9636363636363636,0.9513725490196079,1.0,0.9738655002733735,0.9491666666666667,0.974773874694676
184,"OS_('CE_SMOTE', ""{'proportion': 1.0, 'h': 10, 'k': 5, 'alpha': 0.5, 'n_jobs': 1, 'random_state': 1}"")",DecisionTreeClassifier(random_state=1),0.9681818181818181,0.9861904761904763,0.9652709359605911,0.975304632922831,0.9693021346469621,0.9755176232460023
185,"OS_('CE_SMOTE', ""{'proportion': 1.0, 'h': 10, 'k': 5, 'alpha': 0.5, 'n_jobs': 1, 'random_state': 1}"")",KNeighborsClassifier(),0.959090909090909,0.9513725490196079,0.993103448275862,0.9703567283435488,0.9457183908045976,0.9712953484708831
186,"OS_('CE_SMOTE', ""{'proportion': 1.0, 'h': 10, 'k': 5, 'alpha': 0.5, 'n_jobs': 1, 'random_state': 1}"")",MLPClassifier(random_state=1),0.9590909090909092,0.9724137931034484,0.9652709359605911,0.9685377236193933,0.9568021346469623,0.9686900025352981
187,"OS_('CE_SMOTE', ""{'proportion': 1.0, 'h': 10, 'k': 5, 'alpha': 0.5, 'n_jobs': 1, 'random_state': 1}"")","Pipeline(steps=[('standardscaler', StandardScaler()),
                ('svc',
                 SVC(C=1, gamma='auto', kernel='linear', random_state=1))])",0.959090909090909,0.9513725490196079,0.993103448275862,0.9703567283435488,0.9457183908045976,0.9712953484708831
188,"OS_('Edge_Det_SMOTE', ""{'proportion': 1.0, 'k': 5, 'n_jobs': 1, 'random_state': 1}"")",DecisionTreeClassifier(random_state=1),0.9681818181818181,0.9861904761904763,0.9652709359605911,0.975304632922831,0.9693021346469621,0.9755176232460023
189,"OS_('Edge_Det_SMOTE', ""{'proportion': 1.0, 'k': 5, 'n_jobs': 1, 'random_state': 1}"")",KNeighborsClassifier(),0.9590909090909092,0.9542939244663383,0.9862068965517242,0.9692417484388939,0.9485201149425286,0.96974560887771
190,"OS_('Edge_Det_SMOTE', ""{'proportion': 1.0, 'k': 5, 'n_jobs': 1, 'random_state': 1}"")",MLPClassifier(random_state=1),0.9590909090909092,0.9724137931034484,0.9652709359605911,0.9685377236193933,0.9568021346469623,0.9686900025352981
191,"OS_('Edge_Det_SMOTE', ""{'proportion': 1.0, 'k': 5, 'n_jobs': 1, 'random_state': 1}"")","Pipeline(steps=[('standardscaler', StandardScaler()),
                ('svc',
                 SVC(C=1, gamma='auto', kernel='linear', random_state=1))])",0.9727272727272727,0.9616666666666667,1.0,0.9798870056497175,0.9616666666666667,0.9803597014387672
192,"OS_('DBSMOTE', ""{'proportion': 1.0, 'eps': 0.8, 'min_samples': 3, 'n_jobs': 1, 'random_state': 1}"")",DecisionTreeClassifier(random_state=1),0.9727272727272727,0.9861904761904763,0.9721674876847292,0.9789387181358634,0.9727504105090311,0.9790588407514061
193,"OS_('DBSMOTE', ""{'proportion': 1.0, 'eps': 0.8, 'min_samples': 3, 'n_jobs': 1, 'random_state': 1}"")",KNeighborsClassifier(),0.959090909090909,0.9444759972954699,1.0,0.9703567283435488,0.9429166666666667,0.9712953484708831
194,"OS_('DBSMOTE', ""{'proportion': 1.0, 'eps': 0.8, 'min_samples': 3, 'n_jobs': 1, 'random_state': 1}"")",MLPClassifier(random_state=1),0.9545454545454547,0.9606303299962923,0.972167487684729,0.9656216080821574,0.9477504105090311,0.9660100635882755
195,"OS_('DBSMOTE', ""{'proportion': 1.0, 'eps': 0.8, 'min_samples': 3, 'n_jobs': 1, 'random_state': 1}"")","Pipeline(steps=[('standardscaler', StandardScaler()),
                ('svc',
                 SVC(C=1, gamma='auto', kernel='linear', random_state=1))])",0.9636363636363636,0.9513725490196079,1.0,0.9738655002733735,0.9491666666666667,0.974773874694676
196,"OS_('ASMOBD', ""{'proportion': 1.0, 'min_samples': 3, 'eps': 0.8, 'eta': 0.5, 'T_1': 1.0, 'T_2': 1.0, 't_1': 4.0, 't_2': 4.0, 'a': 0.05, 'smoothing': 'linear', 'n_jobs': 1, 'random_state': 1}"")",DecisionTreeClassifier(random_state=1),0.9727272727272727,0.9861904761904763,0.9721674876847292,0.9789387181358634,0.9727504105090311,0.9790588407514061
197,"OS_('ASMOBD', ""{'proportion': 1.0, 'min_samples': 3, 'eps': 0.8, 'eta': 0.5, 'T_1': 1.0, 'T_2': 1.0, 't_1': 4.0, 't_2': 4.0, 'a': 0.05, 'smoothing': 'linear', 'n_jobs': 1, 'random_state': 1}"")",KNeighborsClassifier(),0.959090909090909,0.9444759972954699,1.0,0.9703567283435488,0.9429166666666667,0.9712953484708831
198,"OS_('ASMOBD', ""{'proportion': 1.0, 'min_samples': 3, 'eps': 0.8, 'eta': 0.5, 'T_1': 1.0, 'T_2': 1.0, 't_1': 4.0, 't_2': 4.0, 'a': 0.05, 'smoothing': 'linear', 'n_jobs': 1, 'random_state': 1}"")",MLPClassifier(random_state=1),0.9590909090909092,0.9664367816091955,0.972167487684729,0.9687776571762544,0.9540004105090312,0.9690398216191358
199,"OS_('ASMOBD', ""{'proportion': 1.0, 'min_samples': 3, 'eps': 0.8, 'eta': 0.5, 'T_1': 1.0, 'T_2': 1.0, 't_1': 4.0, 't_2': 4.0, 'a': 0.05, 'smoothing': 'linear', 'n_jobs': 1, 'random_state': 1}"")","Pipeline(steps=[('standardscaler', StandardScaler()),
                ('svc',
                 SVC(C=1, gamma='auto', kernel='linear', random_state=1))])",0.9636363636363636,0.9513725490196079,1.0,0.9738655002733735,0.9491666666666667,0.974773874694676
200,"OS_('Assembled_SMOTE', ""{'proportion': 1.0, 'n_neighbors': 5, 'pop': 2, 'thres': 0.3, 'n_jobs': 1, 'random_state': 1}"")",DecisionTreeClassifier(random_state=1),0.9636363636363636,0.9861904761904763,0.9583743842364532,0.9715383991565971,0.9658538587848933,0.9719101975647989
201,"OS_('Assembled_SMOTE', ""{'proportion': 1.0, 'n_neighbors': 5, 'pop': 2, 'thres': 0.3, 'n_jobs': 1, 'random_state': 1}"")",KNeighborsClassifier(),0.9318181818181819,0.9522969966629589,0.9445812807881774,0.9462283787498806,0.9277073070607553,0.947331856617172
202,"OS_('Assembled_SMOTE', ""{'proportion': 1.0, 'n_neighbors': 5, 'pop': 2, 'thres': 0.3, 'n_jobs': 1, 'random_state': 1}"")",MLPClassifier(random_state=1),0.9636363636363636,0.9726436781609197,0.972167487684729,0.9720444448350566,0.9602504105090311,0.9722249703094711
203,"OS_('Assembled_SMOTE', ""{'proportion': 1.0, 'n_neighbors': 5, 'pop': 2, 'thres': 0.3, 'n_jobs': 1, 'random_state': 1}"")","Pipeline(steps=[('standardscaler', StandardScaler()),
                ('svc',
                 SVC(C=1, gamma='auto', kernel='linear', random_state=1))])",0.9681818181818181,0.9616666666666667,0.993103448275862,0.976378233719893,0.9582183908045977,0.9768811752149741
204,"OS_('SDSMOTE', ""{'proportion': 1.0, 'n_neighbors': 5, 'n_jobs': 1, 'random_state': 1}"")",DecisionTreeClassifier(random_state=1),0.9727272727272727,0.9859259259259259,0.9724137931034484,0.9788156832759866,0.9728735632183909,0.9789927291981264
205,"OS_('SDSMOTE', ""{'proportion': 1.0, 'n_neighbors': 5, 'n_jobs': 1, 'random_state': 1}"")",KNeighborsClassifier(),0.9727272727272727,0.9616666666666667,1.0,0.9798870056497175,0.9616666666666667,0.9803597014387672
206,"OS_('SDSMOTE', ""{'proportion': 1.0, 'n_neighbors': 5, 'n_jobs': 1, 'random_state': 1}"")",MLPClassifier(random_state=1),0.9590909090909092,0.9724137931034484,0.9652709359605911,0.9685377236193933,0.9568021346469623,0.9686900025352981
207,"OS_('SDSMOTE', ""{'proportion': 1.0, 'n_neighbors': 5, 'n_jobs': 1, 'random_state': 1}"")","Pipeline(steps=[('standardscaler', StandardScaler()),
                ('svc',
                 SVC(C=1, gamma='auto', kernel='linear', random_state=1))])",0.9636363636363636,0.9563636363636364,0.993103448275862,0.9733181244302754,0.9519683908045977,0.9740247804650124
208,"OS_('DSMOTE', ""{'proportion': 1.0, 'n_neighbors': 5, 'rate': 0.1, 'n_step': 50, 'n_jobs': 1, 'random_state': 1}"")",DecisionTreeClassifier(random_state=1),0.9545454545454545,0.938239438155685,1.0,0.9670798921853567,0.93625,0.9680977627507182
209,"OS_('DSMOTE', ""{'proportion': 1.0, 'n_neighbors': 5, 'rate': 0.1, 'n_step': 50, 'n_jobs': 1, 'random_state': 1}"")",KNeighborsClassifier(),0.9545454545454545,0.938239438155685,1.0,0.9670798921853567,0.93625,0.9680977627507182
210,"OS_('DSMOTE', ""{'proportion': 1.0, 'n_neighbors': 5, 'rate': 0.1, 'n_step': 50, 'n_jobs': 1, 'random_state': 1}"")",MLPClassifier(random_state=1),0.9590909090909092,0.9442803030303031,1.0,0.970380661294804,0.9420833333333334,0.9712592182853681
211,"OS_('DSMOTE', ""{'proportion': 1.0, 'n_neighbors': 5, 'rate': 0.1, 'n_step': 50, 'n_jobs': 1, 'random_state': 1}"")","Pipeline(steps=[('standardscaler', StandardScaler()),
                ('svc',
                 SVC(C=1, gamma='auto', kernel='linear', random_state=1))])",0.9454545454545455,0.9272969966629588,1.0,0.9609356725146199,0.9233333333333335,0.9622885726359307
212,"OS_('G_SMOTE', ""{'proportion': 1.0, 'n_neighbors': 5, 'method': 'linear', 'n_jobs': 1, 'random_state': 1}"")",DecisionTreeClassifier(random_state=1),0.9681818181818181,0.9861904761904763,0.9650246305418719,0.9753023544994999,0.9691789819376027,0.9754549419637992
213,"OS_('G_SMOTE', ""{'proportion': 1.0, 'n_neighbors': 5, 'method': 'linear', 'n_jobs': 1, 'random_state': 1}"")",KNeighborsClassifier(),0.9636363636363636,0.9513725490196079,1.0,0.9738655002733735,0.9491666666666667,0.974773874694676
214,"OS_('G_SMOTE', ""{'proportion': 1.0, 'n_neighbors': 5, 'method': 'linear', 'n_jobs': 1, 'random_state': 1}"")",MLPClassifier(random_state=1),0.9545454545454547,0.9606303299962923,0.972167487684729,0.9656216080821574,0.9477504105090311,0.9660100635882755
215,"OS_('G_SMOTE', ""{'proportion': 1.0, 'n_neighbors': 5, 'method': 'linear', 'n_jobs': 1, 'random_state': 1}"")","Pipeline(steps=[('standardscaler', StandardScaler()),
                ('svc',
                 SVC(C=1, gamma='auto', kernel='linear', random_state=1))])",0.9636363636363636,0.9513725490196079,1.0,0.9738655002733735,0.9491666666666667,0.974773874694676
216,"OS_('NT_SMOTE', ""{'proportion': 1.0, 'n_jobs': 1, 'random_state': 1}"")",DecisionTreeClassifier(random_state=1),0.9727272727272727,0.9861904761904763,0.9721674876847292,0.9789387181358634,0.9727504105090311,0.9790588407514061
217,"OS_('NT_SMOTE', ""{'proportion': 1.0, 'n_jobs': 1, 'random_state': 1}"")",KNeighborsClassifier(),0.959090909090909,0.9444759972954699,1.0,0.9703567283435488,0.9429166666666667,0.9712953484708831
218,"OS_('NT_SMOTE', ""{'proportion': 1.0, 'n_jobs': 1, 'random_state': 1}"")",MLPClassifier(random_state=1),0.9590909090909092,0.9664367816091955,0.972167487684729,0.9687776571762544,0.9540004105090312,0.9690398216191358
219,"OS_('NT_SMOTE', ""{'proportion': 1.0, 'n_jobs': 1, 'random_state': 1}"")","Pipeline(steps=[('standardscaler', StandardScaler()),
                ('svc',
                 SVC(C=1, gamma='auto', kernel='linear', random_state=1))])",0.9681818181818181,0.9563636363636364,1.0,0.9768268963601001,0.9554166666666667,0.9775033066888053
220,"OS_('Lee', ""{'proportion': 1.0, 'n_neighbors': 5, 'rejection_level': 0.5, 'n_jobs': 1, 'random_state': 1}"")",DecisionTreeClassifier(random_state=1),0.9727272727272727,0.9861904761904763,0.9721674876847292,0.9789387181358634,0.9727504105090311,0.9790588407514061
221,"OS_('Lee', ""{'proportion': 1.0, 'n_neighbors': 5, 'rejection_level': 0.5, 'n_jobs': 1, 'random_state': 1}"")",KNeighborsClassifier(),0.9727272727272727,0.9604152762328514,1.0,0.9795420755278025,0.9616666666666667,0.9798746912008734
222,"OS_('Lee', ""{'proportion': 1.0, 'n_neighbors': 5, 'rejection_level': 0.5, 'n_jobs': 1, 'random_state': 1}"")",MLPClassifier(random_state=1),0.9681818181818184,0.9731034482758621,0.9793103448275862,0.9756742089003924,0.9638218390804598,0.9759404772125594
223,"OS_('Lee', ""{'proportion': 1.0, 'n_neighbors': 5, 'rejection_level': 0.5, 'n_jobs': 1, 'random_state': 1}"")","Pipeline(steps=[('standardscaler', StandardScaler()),
                ('svc',
                 SVC(C=1, gamma='auto', kernel='linear', random_state=1))])",0.9727272727272727,0.9616666666666667,1.0,0.9798870056497175,0.9616666666666667,0.9803597014387672
224,"OS_('SPY', ""{'n_neighbors': 5, 'threshold': 0.5, 'n_jobs': 1}"")",DecisionTreeClassifier(random_state=1),0.9272727272727274,0.9848571428571429,0.9019704433497537,0.9409506672664568,0.9376518883415436,0.9421806904253444
225,"OS_('SPY', ""{'n_neighbors': 5, 'threshold': 0.5, 'n_jobs': 1}"")",KNeighborsClassifier(),0.9590909090909092,0.9563636363636364,0.9862068965517242,0.9696840392172428,0.9485201149425286,0.9704835629596085
226,"OS_('SPY', ""{'n_neighbors': 5, 'threshold': 0.5, 'n_jobs': 1}"")",MLPClassifier(random_state=1),0.9636363636363636,0.9614367816091954,0.9862068965517242,0.9728715125042295,0.9547701149425288,0.9733462074408011
227,"OS_('SPY', ""{'n_neighbors': 5, 'threshold': 0.5, 'n_jobs': 1}"")","Pipeline(steps=[('standardscaler', StandardScaler()),
                ('svc',
                 SVC(C=1, gamma='auto', kernel='linear', random_state=1))])",0.9636363636363636,0.9670819428995181,0.9793103448275862,0.9724012690991065,0.9575718390804597,0.9727985059212967
228,"OS_('SMOTE_PSOBAT', ""{'maxit': 50, 'c1': 0.3, 'c2': 0.1, 'c3': 0.1, 'alpha': 0.9, 'gamma': 0.9, 'method': 'bat', 'n_jobs': 1, 'random_state': 1}"")",DecisionTreeClassifier(random_state=1),0.9727272727272727,0.9861904761904763,0.9721674876847292,0.9789387181358634,0.9727504105090311,0.9790588407514061
229,"OS_('SMOTE_PSOBAT', ""{'maxit': 50, 'c1': 0.3, 'c2': 0.1, 'c3': 0.1, 'alpha': 0.9, 'gamma': 0.9, 'method': 'bat', 'n_jobs': 1, 'random_state': 1}"")",KNeighborsClassifier(),0.9681818181818181,0.9547701149425288,1.0,0.976378233719893,0.9554166666666667,0.9768811752149741
230,"OS_('SMOTE_PSOBAT', ""{'maxit': 50, 'c1': 0.3, 'c2': 0.1, 'c3': 0.1, 'alpha': 0.9, 'gamma': 0.9, 'method': 'bat', 'n_jobs': 1, 'random_state': 1}"")",MLPClassifier(random_state=1),0.9590909090909092,0.9604301075268818,0.9790640394088669,0.9690075422337256,0.9507820197044335,0.9693772036731441
231,"OS_('SMOTE_PSOBAT', ""{'maxit': 50, 'c1': 0.3, 'c2': 0.1, 'c3': 0.1, 'alpha': 0.9, 'gamma': 0.9, 'method': 'bat', 'n_jobs': 1, 'random_state': 1}"")","Pipeline(steps=[('standardscaler', StandardScaler()),
                ('svc',
                 SVC(C=1, gamma='auto', kernel='linear', random_state=1))])",0.9636363636363636,0.9513725490196079,1.0,0.9738655002733735,0.9491666666666667,0.974773874694676
232,"OS_('MDO', ""{'proportion': 1.0, 'K2': 5, 'K1_frac': 0.5, 'n_jobs': 1, 'random_state': 1}"")",DecisionTreeClassifier(random_state=1),0.9636363636363636,0.9796893667861409,0.9652709359605911,0.9719024834814309,0.9626354679802956,0.9721912446903549
233,"OS_('MDO', ""{'proportion': 1.0, 'K2': 5, 'K1_frac': 0.5, 'n_jobs': 1, 'random_state': 1}"")",KNeighborsClassifier(),0.959090909090909,0.9444759972954699,1.0,0.9703567283435488,0.9429166666666667,0.9712953484708831
234,"OS_('MDO', ""{'proportion': 1.0, 'K2': 5, 'K1_frac': 0.5, 'n_jobs': 1, 'random_state': 1}"")",MLPClassifier(random_state=1),0.9681818181818184,0.9731034482758621,0.9793103448275862,0.9756742089003924,0.9638218390804598,0.9759404772125594
235,"OS_('MDO', ""{'proportion': 1.0, 'K2': 5, 'K1_frac': 0.5, 'n_jobs': 1, 'random_state': 1}"")","Pipeline(steps=[('standardscaler', StandardScaler()),
                ('svc',
                 SVC(C=1, gamma='auto', kernel='linear', random_state=1))])",0.9681818181818181,0.9563636363636364,1.0,0.9768268963601001,0.9554166666666667,0.9775033066888053
236,"OS_('Random_SMOTE', ""{'proportion': 1.0, 'n_neighbors': 5, 'n_jobs': 1, 'random_state': 1}"")",DecisionTreeClassifier(random_state=1),0.9681818181818181,0.9861904761904763,0.9652709359605911,0.975304632922831,0.9693021346469621,0.9755176232460023
237,"OS_('Random_SMOTE', ""{'proportion': 1.0, 'n_neighbors': 5, 'n_jobs': 1, 'random_state': 1}"")",KNeighborsClassifier(),0.9727272727272727,0.9604152762328514,1.0,0.9795420755278025,0.9616666666666667,0.9798746912008734
238,"OS_('Random_SMOTE', ""{'proportion': 1.0, 'n_neighbors': 5, 'n_jobs': 1, 'random_state': 1}"")",MLPClassifier(random_state=1),0.9636363636363636,0.9726436781609197,0.972167487684729,0.9720444448350566,0.9602504105090311,0.9722249703094711
239,"OS_('Random_SMOTE', ""{'proportion': 1.0, 'n_neighbors': 5, 'n_jobs': 1, 'random_state': 1}"")","Pipeline(steps=[('standardscaler', StandardScaler()),
                ('svc',
                 SVC(C=1, gamma='auto', kernel='linear', random_state=1))])",0.9681818181818181,0.9616666666666667,0.993103448275862,0.976378233719893,0.9582183908045977,0.9768811752149741
240,"OS_('ISMOTE', ""{'n_neighbors': 5, 'minority_weight': 0.5, 'n_jobs': 1, 'random_state': 1}"")",DecisionTreeClassifier(random_state=1),0.9681818181818181,0.9861904761904763,0.9652709359605911,0.975304632922831,0.9693021346469621,0.9755176232460023
241,"OS_('ISMOTE', ""{'n_neighbors': 5, 'minority_weight': 0.5, 'n_jobs': 1, 'random_state': 1}"")",KNeighborsClassifier(),0.959090909090909,0.9444759972954699,1.0,0.9703567283435488,0.9429166666666667,0.9712953484708831
242,"OS_('ISMOTE', ""{'n_neighbors': 5, 'minority_weight': 0.5, 'n_jobs': 1, 'random_state': 1}"")",MLPClassifier(random_state=1),0.9590909090909092,0.9614367816091954,0.9793103448275862,0.969237427291197,0.9513218390804598,0.9698049899353972
243,"OS_('ISMOTE', ""{'n_neighbors': 5, 'minority_weight': 0.5, 'n_jobs': 1, 'random_state': 1}"")","Pipeline(steps=[('standardscaler', StandardScaler()),
                ('svc',
                 SVC(C=1, gamma='auto', kernel='linear', random_state=1))])",0.959090909090909,0.9513725490196079,0.993103448275862,0.9703567283435488,0.9457183908045976,0.9712953484708831
244,"OS_('GASMOTE', ""{'n_neighbors': 5, 'maxn': 7, 'n_pop': 10, 'popl3': 5, 'pm': 0.3, 'pr': 0.2, 'Ge': 10, 'n_jobs': 1, 'random_state': 1}"")",DecisionTreeClassifier(random_state=1),0.9636363636363636,0.9861904761904763,0.958128078817734,0.9716682692864673,0.9657307060755336,0.9719137244583955
245,"OS_('GASMOTE', ""{'n_neighbors': 5, 'maxn': 7, 'n_pop': 10, 'popl3': 5, 'pm': 0.3, 'pr': 0.2, 'Ge': 10, 'n_jobs': 1, 'random_state': 1}"")",KNeighborsClassifier(),0.9681818181818181,0.9616666666666667,0.993103448275862,0.976378233719893,0.9582183908045977,0.9768811752149741
246,"OS_('GASMOTE', ""{'n_neighbors': 5, 'maxn': 7, 'n_pop': 10, 'popl3': 5, 'pm': 0.3, 'pr': 0.2, 'Ge': 10, 'n_jobs': 1, 'random_state': 1}"")",MLPClassifier(random_state=1),0.9363636363636363,0.9777142857142858,0.9236453201970443,0.9492063492063492,0.9426559934318555,0.9499423229058616
247,"OS_('GASMOTE', ""{'n_neighbors': 5, 'maxn': 7, 'n_pop': 10, 'popl3': 5, 'pm': 0.3, 'pr': 0.2, 'Ge': 10, 'n_jobs': 1, 'random_state': 1}"")","Pipeline(steps=[('standardscaler', StandardScaler()),
                ('svc',
                 SVC(C=1, gamma='auto', kernel='linear', random_state=1))])",0.9681818181818181,0.9670819428995181,0.9862068965517242,0.9760353543121392,0.9610201149425288,0.9763397234267007
248,"OS_('SMOTE_FRST_2T', ""{'n_neighbors': 5, 'gamma_S': 0.7, 'gamma_M': 0.03, 'n_jobs': 1, 'random_state': 1}"")",DecisionTreeClassifier(random_state=1),0.9727272727272727,0.9861904761904763,0.9721674876847292,0.9789387181358634,0.9727504105090311,0.9790588407514061
249,"OS_('SMOTE_FRST_2T', ""{'n_neighbors': 5, 'gamma_S': 0.7, 'gamma_M': 0.03, 'n_jobs': 1, 'random_state': 1}"")",KNeighborsClassifier(),0.9772727272727273,0.9673118279569893,1.0,0.9830508474576272,0.9679166666666668,0.9833532174246666
250,"OS_('SMOTE_FRST_2T', ""{'n_neighbors': 5, 'gamma_S': 0.7, 'gamma_M': 0.03, 'n_jobs': 1, 'random_state': 1}"")",MLPClassifier(random_state=1),0.9590909090909092,0.9664367816091955,0.972167487684729,0.9687776571762544,0.9540004105090312,0.9690398216191358
251,"OS_('SMOTE_FRST_2T', ""{'n_neighbors': 5, 'gamma_S': 0.7, 'gamma_M': 0.03, 'n_jobs': 1, 'random_state': 1}"")","Pipeline(steps=[('standardscaler', StandardScaler()),
                ('svc',
                 SVC(C=1, gamma='auto', kernel='linear', random_state=1))])",0.9681818181818181,0.9616666666666667,0.993103448275862,0.976378233719893,0.9582183908045977,0.9768811752149741
252,"OS_('AND_SMOTE', ""{'proportion': 1.0, 'K': 15, 'n_jobs': 1, 'random_state': 1}"")",DecisionTreeClassifier(random_state=1),0.9727272727272727,0.9861904761904763,0.9721674876847292,0.9789387181358634,0.9727504105090311,0.9790588407514061
253,"OS_('AND_SMOTE', ""{'proportion': 1.0, 'K': 15, 'n_jobs': 1, 'random_state': 1}"")",KNeighborsClassifier(),0.9636363636363636,0.9513725490196079,1.0,0.9738655002733735,0.9491666666666667,0.974773874694676
254,"OS_('AND_SMOTE', ""{'proportion': 1.0, 'K': 15, 'n_jobs': 1, 'random_state': 1}"")",MLPClassifier(random_state=1),0.9590909090909092,0.9664367816091955,0.972167487684729,0.9687776571762544,0.9540004105090312,0.9690398216191358
255,"OS_('AND_SMOTE', ""{'proportion': 1.0, 'K': 15, 'n_jobs': 1, 'random_state': 1}"")","Pipeline(steps=[('standardscaler', StandardScaler()),
                ('svc',
                 SVC(C=1, gamma='auto', kernel='linear', random_state=1))])",0.9636363636363636,0.9513725490196079,1.0,0.9738655002733735,0.9491666666666667,0.974773874694676
256,"OS_('NRAS', ""{'proportion': 1.0, 'n_neighbors': 5, 't': 0.5, 'n_jobs': 1, 'random_state': 1}"")",DecisionTreeClassifier(random_state=1),0.9681818181818181,0.9795238095238095,0.9721674876847292,0.9756678290487389,0.9660837438423645,0.975756731938991
257,"OS_('NRAS', ""{'proportion': 1.0, 'n_neighbors': 5, 't': 0.5, 'n_jobs': 1, 'random_state': 1}"")",KNeighborsClassifier(),0.9636363636363636,0.9513725490196079,1.0,0.9738655002733735,0.9491666666666667,0.974773874694676
258,"OS_('NRAS', ""{'proportion': 1.0, 'n_neighbors': 5, 't': 0.5, 'n_jobs': 1, 'random_state': 1}"")",MLPClassifier(random_state=1),0.9590909090909092,0.9664367816091955,0.972167487684729,0.9687776571762544,0.9540004105090312,0.9690398216191358
259,"OS_('NRAS', ""{'proportion': 1.0, 'n_neighbors': 5, 't': 0.5, 'n_jobs': 1, 'random_state': 1}"")","Pipeline(steps=[('standardscaler', StandardScaler()),
                ('svc',
                 SVC(C=1, gamma='auto', kernel='linear', random_state=1))])",0.9636363636363636,0.9513725490196079,1.0,0.9738655002733735,0.9491666666666667,0.974773874694676
260,"OS_('AMSCO', ""{'n_pop': 5, 'n_iter': 15, 'omega': 0.1, 'r1': 0.1, 'r2': 0.1, 'n_jobs': 1, 'classifier': DecisionTreeClassifier(random_state=2), 'random_state': 1}"")",DecisionTreeClassifier(random_state=1),0.9545454545454545,0.9799539170506912,0.9514778325123153,0.9643558390926812,0.9557389162561577,0.9650351194320864
261,"OS_('AMSCO', ""{'n_pop': 5, 'n_iter': 15, 'omega': 0.1, 'r1': 0.1, 'r2': 0.1, 'n_jobs': 1, 'classifier': DecisionTreeClassifier(random_state=2), 'random_state': 1}"")",KNeighborsClassifier(),0.9454545454545455,0.9656451612903225,0.9517241379310345,0.9565168116966545,0.943778735632184,0.9575988251739863
262,"OS_('AMSCO', ""{'n_pop': 5, 'n_iter': 15, 'omega': 0.1, 'r1': 0.1, 'r2': 0.1, 'n_jobs': 1, 'classifier': DecisionTreeClassifier(random_state=2), 'random_state': 1}"")",MLPClassifier(random_state=1),0.9454545454545455,0.985103448275862,0.9305418719211822,0.9563309615033754,0.9519376026272578,0.9570760515285212
263,"OS_('AMSCO', ""{'n_pop': 5, 'n_iter': 15, 'omega': 0.1, 'r1': 0.1, 'r2': 0.1, 'n_jobs': 1, 'classifier': DecisionTreeClassifier(random_state=2), 'random_state': 1}"")","Pipeline(steps=[('standardscaler', StandardScaler()),
                ('svc',
                 SVC(C=1, gamma='auto', kernel='linear', random_state=1))])",0.9636363636363636,0.9614367816091954,0.9862068965517242,0.9728715125042295,0.9547701149425288,0.9733462074408011
264,"OS_('SSO', ""{'proportion': 1.0, 'n_neighbors': 5, 'h': 10, 'n_iter': 5, 'n_jobs': 1, 'random_state': 1}"")",DecisionTreeClassifier(random_state=1),0.9636363636363636,0.9859259259259259,0.9583743842364532,0.9715452344265904,0.9658538587848933,0.9718476129051157
265,"OS_('SSO', ""{'proportion': 1.0, 'n_neighbors': 5, 'h': 10, 'n_iter': 5, 'n_jobs': 1, 'random_state': 1}"")",KNeighborsClassifier(),0.9454545454545453,0.9437352565547291,0.9793103448275862,0.9594608445663091,0.9325718390804598,0.9604897717927324
266,"OS_('SSO', ""{'proportion': 1.0, 'n_neighbors': 5, 'h': 10, 'n_iter': 5, 'n_jobs': 1, 'random_state': 1}"")",MLPClassifier(random_state=1),0.9590909090909092,0.9614367816091954,0.9793103448275862,0.969237427291197,0.9513218390804598,0.9698049899353972
267,"OS_('SSO', ""{'proportion': 1.0, 'n_neighbors': 5, 'h': 10, 'n_iter': 5, 'n_jobs': 1, 'random_state': 1}"")","Pipeline(steps=[('standardscaler', StandardScaler()),
                ('svc',
                 SVC(C=1, gamma='auto', kernel='linear', random_state=1))])",0.9454545454545455,0.9506664734859461,0.9724137931034484,0.9597135218468864,0.9353735632183909,0.9606248143594461
268,"OS_('NDO_sampling', ""{'proportion': 1.0, 'n_neighbors': 5, 'T': 0.5, 'n_jobs': 1, 'random_state': 1}"")",DecisionTreeClassifier(random_state=1),0.9590909090909092,0.9856410256410257,0.951231527093596,0.9676468521071554,0.9622824302134647,0.9680413524333357
269,"OS_('NDO_sampling', ""{'proportion': 1.0, 'n_neighbors': 5, 'T': 0.5, 'n_jobs': 1, 'random_state': 1}"")",KNeighborsClassifier(),0.9727272727272727,0.9604152762328514,1.0,0.9795420755278025,0.9616666666666667,0.9798746912008734
270,"OS_('NDO_sampling', ""{'proportion': 1.0, 'n_neighbors': 5, 'T': 0.5, 'n_jobs': 1, 'random_state': 1}"")",MLPClassifier(random_state=1),0.9590909090909092,0.9724137931034484,0.9652709359605911,0.9685377236193933,0.9568021346469623,0.9686900025352981
271,"OS_('NDO_sampling', ""{'proportion': 1.0, 'n_neighbors': 5, 'T': 0.5, 'n_jobs': 1, 'random_state': 1}"")","Pipeline(steps=[('standardscaler', StandardScaler()),
                ('svc',
                 SVC(C=1, gamma='auto', kernel='linear', random_state=1))])",0.9636363636363636,0.9563636363636364,0.993103448275862,0.9733181244302754,0.9519683908045977,0.9740247804650124
272,"OS_('DSRBF', ""{'proportion': 1.0, 'n_neighbors': 5, 'm_min': 4, 'm_max': 10, 'Ib': 2, 'Ob': 2, 'n_pop': 500, 'n_init_pop': 5000, 'n_iter': 40, 'n_sampling_epoch': 5, 'n_jobs': 1, 'random_state': 1}"")",DecisionTreeClassifier(random_state=1),0.9727272727272729,0.9864367816091955,0.9721674876847292,0.9789343969881668,0.9727504105090311,0.9791182218090932
273,"OS_('DSRBF', ""{'proportion': 1.0, 'n_neighbors': 5, 'm_min': 4, 'm_max': 10, 'Ib': 2, 'Ob': 2, 'n_pop': 500, 'n_init_pop': 5000, 'n_iter': 40, 'n_sampling_epoch': 5, 'n_jobs': 1, 'random_state': 1}"")",KNeighborsClassifier(),0.9636363636363636,0.9513725490196079,1.0,0.9738655002733735,0.9491666666666667,0.974773874694676
274,"OS_('DSRBF', ""{'proportion': 1.0, 'n_neighbors': 5, 'm_min': 4, 'm_max': 10, 'Ib': 2, 'Ob': 2, 'n_pop': 500, 'n_init_pop': 5000, 'n_iter': 40, 'n_sampling_epoch': 5, 'n_jobs': 1, 'random_state': 1}"")",MLPClassifier(random_state=1),0.9636363636363636,0.9726436781609197,0.972167487684729,0.9720444448350566,0.9602504105090311,0.9722249703094711
275,"OS_('DSRBF', ""{'proportion': 1.0, 'n_neighbors': 5, 'm_min': 4, 'm_max': 10, 'Ib': 2, 'Ob': 2, 'n_pop': 500, 'n_init_pop': 5000, 'n_iter': 40, 'n_sampling_epoch': 5, 'n_jobs': 1, 'random_state': 1}"")","Pipeline(steps=[('standardscaler', StandardScaler()),
                ('svc',
                 SVC(C=1, gamma='auto', kernel='linear', random_state=1))])",0.959090909090909,0.9513725490196079,0.993103448275862,0.9703567283435488,0.9457183908045976,0.9712953484708831
276,"OS_('Gaussian_SMOTE', ""{'proportion': 1.0, 'n_neighbors': 5, 'sigma': 1.0, 'n_jobs': 1, 'random_state': 1}"")",DecisionTreeClassifier(random_state=1),0.959090909090909,0.9861904761904763,0.9509852216748769,0.9678972255154236,0.962159277504105,0.9682424455778886
277,"OS_('Gaussian_SMOTE', ""{'proportion': 1.0, 'n_neighbors': 5, 'sigma': 1.0, 'n_jobs': 1, 'random_state': 1}"")",KNeighborsClassifier(),0.9772727272727273,0.9664367816091955,1.0,0.9828150153290883,0.9679166666666668,0.9830166624921362
278,"OS_('Gaussian_SMOTE', ""{'proportion': 1.0, 'n_neighbors': 5, 'sigma': 1.0, 'n_jobs': 1, 'random_state': 1}"")",MLPClassifier(random_state=1),0.9545454545454545,0.9662068965517243,0.9652709359605911,0.9652709359605911,0.9505521346469623,0.9655048538449629
279,"OS_('Gaussian_SMOTE', ""{'proportion': 1.0, 'n_neighbors': 5, 'sigma': 1.0, 'n_jobs': 1, 'random_state': 1}"")","Pipeline(steps=[('standardscaler', StandardScaler()),
                ('svc',
                 SVC(C=1, gamma='auto', kernel='linear', random_state=1))])",0.9318181818181819,0.9497058823529413,0.9517241379310345,0.9473314645124008,0.925028735632184,0.9490194824439957
280,"OS_('kmeans_SMOTE', ""{'proportion': 1.0, 'n_neighbors': 5, 'n_clusters': 10, 'irt': 2.0, 'n_jobs': 1, 'random_state': 1}"")",DecisionTreeClassifier(random_state=1),0.9681818181818181,0.9799539170506912,0.9721674876847292,0.9756618819776716,0.9660837438423645,0.9758612550312413
281,"OS_('kmeans_SMOTE', ""{'proportion': 1.0, 'n_neighbors': 5, 'n_clusters': 10, 'irt': 2.0, 'n_jobs': 1, 'random_state': 1}"")",KNeighborsClassifier(),0.9681818181818181,0.9547701149425288,1.0,0.976378233719893,0.9554166666666667,0.9768811752149741
282,"OS_('kmeans_SMOTE', ""{'proportion': 1.0, 'n_neighbors': 5, 'n_clusters': 10, 'irt': 2.0, 'n_jobs': 1, 'random_state': 1}"")",MLPClassifier(random_state=1),0.9681818181818184,0.9790640394088671,0.972167487684729,0.9755552674790424,0.9665004105090313,0.975585513185074
283,"OS_('kmeans_SMOTE', ""{'proportion': 1.0, 'n_neighbors': 5, 'n_clusters': 10, 'irt': 2.0, 'n_jobs': 1, 'random_state': 1}"")","Pipeline(steps=[('standardscaler', StandardScaler()),
                ('svc',
                 SVC(C=1, gamma='auto', kernel='linear', random_state=1))])",0.9636363636363636,0.9513725490196079,1.0,0.9738655002733735,0.9491666666666667,0.974773874694676
284,"OS_('Supervised_SMOTE', ""{'proportion': 1.0, 'th_lower': 0.5, 'th_upper': 1.0, 'classifier': RandomForestClassifier(n_estimators=50, n_jobs=1, random_state=5), 'n_jobs': 1, 'random_state': 1}"")",DecisionTreeClassifier(random_state=1),0.9681818181818181,0.9861904761904763,0.9650246305418719,0.9753023544994999,0.9691789819376027,0.9754549419637992
285,"OS_('Supervised_SMOTE', ""{'proportion': 1.0, 'th_lower': 0.5, 'th_upper': 1.0, 'classifier': RandomForestClassifier(n_estimators=50, n_jobs=1, random_state=5), 'n_jobs': 1, 'random_state': 1}"")",KNeighborsClassifier(),0.9818181818181818,0.9733333333333334,1.0,0.986323787258913,0.9741666666666667,0.9864951887159291
286,"OS_('Supervised_SMOTE', ""{'proportion': 1.0, 'th_lower': 0.5, 'th_upper': 1.0, 'classifier': RandomForestClassifier(n_estimators=50, n_jobs=1, random_state=5), 'n_jobs': 1, 'random_state': 1}"")",MLPClassifier(random_state=1),0.9636363636363636,0.9670819428995181,0.9793103448275862,0.9724012690991065,0.9575718390804597,0.9727985059212967
287,"OS_('Supervised_SMOTE', ""{'proportion': 1.0, 'th_lower': 0.5, 'th_upper': 1.0, 'classifier': RandomForestClassifier(n_estimators=50, n_jobs=1, random_state=5), 'n_jobs': 1, 'random_state': 1}"")","Pipeline(steps=[('standardscaler', StandardScaler()),
                ('svc',
                 SVC(C=1, gamma='auto', kernel='linear', random_state=1))])",0.9681818181818181,0.9563636363636364,1.0,0.9768268963601001,0.9554166666666667,0.9775033066888053
288,"OS_('SN_SMOTE', ""{'proportion': 1.0, 'n_neighbors': 5, 'n_jobs': 1, 'random_state': 1}"")",DecisionTreeClassifier(random_state=1),0.9636363636363636,0.9859259259259259,0.958128078817734,0.9715429560032594,0.9657307060755336,0.9717849316229128
289,"OS_('SN_SMOTE', ""{'proportion': 1.0, 'n_neighbors': 5, 'n_jobs': 1, 'random_state': 1}"")",KNeighborsClassifier(),0.9681818181818181,0.9668356374807988,0.9862068965517242,0.9759143621766281,0.9610201149425286,0.9762176510874025
290,"OS_('SN_SMOTE', ""{'proportion': 1.0, 'n_neighbors': 5, 'n_jobs': 1, 'random_state': 1}"")",MLPClassifier(random_state=1),0.9590909090909092,0.9724137931034484,0.9652709359605911,0.9685377236193933,0.9568021346469623,0.9686900025352981
291,"OS_('SN_SMOTE', ""{'proportion': 1.0, 'n_neighbors': 5, 'n_jobs': 1, 'random_state': 1}"")","Pipeline(steps=[('standardscaler', StandardScaler()),
                ('svc',
                 SVC(C=1, gamma='auto', kernel='linear', random_state=1))])",0.9681818181818181,0.9563636363636364,1.0,0.9768268963601001,0.9554166666666667,0.9775033066888053
292,"OS_('CCR', ""{'proportion': 1.0, 'energy': 1.0, 'scaling': 0.0, 'n_jobs': 1, 'random_state': 1}"")",DecisionTreeClassifier(random_state=1),0.9681818181818181,0.9861904761904763,0.9650246305418719,0.9753023544994999,0.9691789819376027,0.9754549419637992
293,"OS_('CCR', ""{'proportion': 1.0, 'energy': 1.0, 'scaling': 0.0, 'n_jobs': 1, 'random_state': 1}"")",KNeighborsClassifier(),0.9636363636363636,0.9494670846394986,1.0,0.9733181244302754,0.9491666666666667,0.9740247804650123
294,"OS_('CCR', ""{'proportion': 1.0, 'energy': 1.0, 'scaling': 0.0, 'n_jobs': 1, 'random_state': 1}"")",MLPClassifier(random_state=1),0.9454545454545455,0.9717701149425289,0.9448275862068964,0.9568418171866447,0.946580459770115,0.9575695858124942
295,"OS_('CCR', ""{'proportion': 1.0, 'energy': 1.0, 'scaling': 0.0, 'n_jobs': 1, 'random_state': 1}"")","Pipeline(steps=[('standardscaler', StandardScaler()),
                ('svc',
                 SVC(C=1, gamma='auto', kernel='linear', random_state=1))])",0.9272727272727274,0.9483636363636364,0.9448275862068964,0.9440719864865461,0.9211637931034483,0.9453320365233351
296,"OS_('ANS', ""{'proportion': 1.0, 'n_jobs': 1, 'random_state': 1}"")",DecisionTreeClassifier(random_state=1),0.9727272727272727,0.9861904761904763,0.9721674876847292,0.9789387181358634,0.9727504105090311,0.9790588407514061
297,"OS_('ANS', ""{'proportion': 1.0, 'n_jobs': 1, 'random_state': 1}"")",KNeighborsClassifier(),0.9681818181818181,0.9563636363636364,1.0,0.9768268963601001,0.9554166666666667,0.9775033066888053
298,"OS_('ANS', ""{'proportion': 1.0, 'n_jobs': 1, 'random_state': 1}"")",MLPClassifier(random_state=1),0.9681818181818181,0.9728735632183909,0.9790640394088669,0.9755511660507199,0.9636986863711001,0.975759938083644
299,"OS_('ANS', ""{'proportion': 1.0, 'n_jobs': 1, 'random_state': 1}"")","Pipeline(steps=[('standardscaler', StandardScaler()),
                ('svc',
                 SVC(C=1, gamma='auto', kernel='linear', random_state=1))])",0.9681818181818181,0.9563636363636364,1.0,0.9768268963601001,0.9554166666666667,0.9775033066888053
300,"OS_('cluster_SMOTE', ""{'proportion': 1.0, 'n_neighbors': 3, 'n_clusters': 3, 'n_jobs': 1, 'random_state': 1}"")",DecisionTreeClassifier(random_state=1),0.9727272727272727,0.9861904761904763,0.9721674876847292,0.9789387181358634,0.9727504105090311,0.9790588407514061
301,"OS_('cluster_SMOTE', ""{'proportion': 1.0, 'n_neighbors': 3, 'n_clusters': 3, 'n_jobs': 1, 'random_state': 1}"")",KNeighborsClassifier(),0.95,0.9606410256410257,0.9655172413793103,0.9615862460465493,0.9444252873563219,0.9623320193472467
302,"OS_('cluster_SMOTE', ""{'proportion': 1.0, 'n_neighbors': 3, 'n_clusters': 3, 'n_jobs': 1, 'random_state': 1}"")",MLPClassifier(random_state=1),0.9590909090909092,0.9724137931034484,0.9652709359605911,0.9685377236193933,0.9568021346469623,0.9686900025352981
303,"OS_('cluster_SMOTE', ""{'proportion': 1.0, 'n_neighbors': 3, 'n_clusters': 3, 'n_jobs': 1, 'random_state': 1}"")","Pipeline(steps=[('standardscaler', StandardScaler()),
                ('svc',
                 SVC(C=1, gamma='auto', kernel='linear', random_state=1))])",0.9636363636363636,0.9614367816091954,0.9862068965517242,0.9728715125042295,0.9547701149425288,0.9733462074408011
