,OS,Algorithm,ACC,Precision,recall,F1-Score,AUC,G-measure
0,"OS_('SMOTE', ""{'proportion': 1.0, 'n_neighbors': 5, 'n_jobs': 1, 'random_state': 1}"")",DecisionTreeClassifier(random_state=1),0.9385102680125306,0.8519634307015007,0.8992307692307693,0.8736662154956729,0.9248509242695289,0.8746308662186412
1,"OS_('SMOTE', ""{'proportion': 1.0, 'n_neighbors': 5, 'n_jobs': 1, 'random_state': 1}"")",KNeighborsClassifier(),0.9137208492864601,0.7570623761067794,0.9548717948717949,0.8420702285268895,0.9279606440071557,0.8489606547775926
2,"OS_('SMOTE', ""{'proportion': 1.0, 'n_neighbors': 5, 'n_jobs': 1, 'random_state': 1}"")",MLPClassifier(random_state=1),0.9633553776540202,0.8839697497624327,0.9748717948717948,0.9266441831721602,0.9673225998807394,0.9280305288535562
3,"OS_('SMOTE', ""{'proportion': 1.0, 'n_neighbors': 5, 'n_jobs': 1, 'random_state': 1}"")","Pipeline(steps=[('standardscaler', StandardScaler()),
                ('svc',
                 SVC(C=1, gamma='auto', kernel='linear', random_state=1))])",0.9657292029237731,0.8916897307270946,0.9747435897435898,0.9306688449989174,0.9688208109719737,0.9319412193045924
4,"OS_('SMOTE_TomekLinks', ""{'proportion': 1.0, 'n_neighbors': 5, 'n_jobs': 1, 'random_state': 1}"")",DecisionTreeClassifier(random_state=1),0.9373198746954404,0.8542461885940147,0.8892307692307693,0.8701255435810171,0.9206261180679786,0.8709313256882538
5,"OS_('SMOTE_TomekLinks', ""{'proportion': 1.0, 'n_neighbors': 5, 'n_jobs': 1, 'random_state': 1}"")",KNeighborsClassifier(),0.9137208492864601,0.7570623761067794,0.9548717948717949,0.8420702285268895,0.9279606440071557,0.8489606547775926
6,"OS_('SMOTE_TomekLinks', ""{'proportion': 1.0, 'n_neighbors': 5, 'n_jobs': 1, 'random_state': 1}"")",MLPClassifier(random_state=1),0.9633553776540202,0.8839697497624327,0.9748717948717948,0.9266441831721602,0.9673225998807394,0.9280305288535562
7,"OS_('SMOTE_TomekLinks', ""{'proportion': 1.0, 'n_neighbors': 5, 'n_jobs': 1, 'random_state': 1}"")","Pipeline(steps=[('standardscaler', StandardScaler()),
                ('svc',
                 SVC(C=1, gamma='auto', kernel='linear', random_state=1))])",0.9657292029237731,0.8916897307270946,0.9747435897435898,0.9306688449989174,0.9688208109719737,0.9319412193045924
8,"OS_('SMOTE_ENN', ""{'proportion': 1.0, 'n_neighbors': 5, 'n_jobs': 1, 'random_state': 1}"")",DecisionTreeClassifier(random_state=1),0.9349669335189696,0.8244658675835771,0.9193589743589744,0.8690893101426618,0.9295304114490162,0.8704994369702371
9,"OS_('SMOTE_ENN', ""{'proportion': 1.0, 'n_neighbors': 5, 'n_jobs': 1, 'random_state': 1}"")",KNeighborsClassifier(),0.9042603550295858,0.727099186527758,0.9698717948717949,0.8289510292585396,0.9269633273703042,0.8386285791618974
10,"OS_('SMOTE_ENN', ""{'proportion': 1.0, 'n_neighbors': 5, 'n_jobs': 1, 'random_state': 1}"")",MLPClassifier(random_state=1),0.9550852767142359,0.8450615028620143,0.9948717948717949,0.9131613720761008,0.968825283243888,0.9165554706470047
11,"OS_('SMOTE_ENN', ""{'proportion': 1.0, 'n_neighbors': 5, 'n_jobs': 1, 'random_state': 1}"")","Pipeline(steps=[('standardscaler', StandardScaler()),
                ('svc',
                 SVC(C=1, gamma='auto', kernel='linear', random_state=1))])",0.9633623390184477,0.8759334282060861,0.9898717948717948,0.9282114183578589,0.972514907573047,0.9305509441017078
12,"OS_('Borderline_SMOTE2', ""{'proportion': 1.0, 'n_neighbors': 5, 'k_neighbors': 5, 'n_jobs': 1, 'random_state': 1}"")",DecisionTreeClassifier(random_state=1),0.9290776192133657,0.8323960535588443,0.8746153846153847,0.8525389362327358,0.9102653548002385,0.8530219948197422
13,"OS_('Borderline_SMOTE2', ""{'proportion': 1.0, 'n_neighbors': 5, 'k_neighbors': 5, 'n_jobs': 1, 'random_state': 1}"")",KNeighborsClassifier(),0.8971945701357467,0.7100429827103255,0.975,0.8196944728610728,0.9241607036374478,0.831004026930781
14,"OS_('Borderline_SMOTE2', ""{'proportion': 1.0, 'n_neighbors': 5, 'k_neighbors': 5, 'n_jobs': 1, 'random_state': 1}"")",MLPClassifier(random_state=1),0.9468012530455969,0.8237594648302327,0.99,0.8985031737586807,0.9617441860465116,0.9026769708168437
15,"OS_('Borderline_SMOTE2', ""{'proportion': 1.0, 'n_neighbors': 5, 'k_neighbors': 5, 'n_jobs': 1, 'random_state': 1}"")","Pipeline(steps=[('standardscaler', StandardScaler()),
                ('svc',
                 SVC(C=1, gamma='auto', kernel='linear', random_state=1))])",0.9515489035851028,0.8346209353074766,0.9949999999999999,0.9071559009852059,0.9665697674418606,0.9109725157885638
16,"OS_('ADASYN', ""{'n_neighbors': 5, 'd_th': 0.9, 'beta': 1.0, 'n_jobs': 1, 'random_state': 1}"")",DecisionTreeClassifier(random_state=1),0.9385172293769578,0.8674120082815735,0.8792307692307691,0.8719007833698701,0.9179457364341085,0.8726104016551013
17,"OS_('ADASYN', ""{'n_neighbors': 5, 'd_th': 0.9, 'beta': 1.0, 'n_jobs': 1, 'random_state': 1}"")",KNeighborsClassifier(),0.9054507483466759,0.7314160178923326,0.9698717948717949,0.8312858422957629,0.9277564102564103,0.8408738630132915
18,"OS_('ADASYN', ""{'n_neighbors': 5, 'd_th': 0.9, 'beta': 1.0, 'n_jobs': 1, 'random_state': 1}"")",MLPClassifier(random_state=1),0.9598120431604593,0.8692662596707439,0.9798717948717949,0.9206818499545102,0.9667337507453787,0.922622162477541
19,"OS_('ADASYN', ""{'n_neighbors': 5, 'd_th': 0.9, 'beta': 1.0, 'n_jobs': 1, 'random_state': 1}"")","Pipeline(steps=[('standardscaler', StandardScaler()),
                ('svc',
                 SVC(C=1, gamma='auto', kernel='linear', random_state=1))])",0.9645457709711103,0.8877705627705629,0.9747435897435898,0.9285314098695133,0.9680456171735241,0.9298922635633758
20,"OS_('AHC', ""{'strategy': 'min', 'n_jobs': 1, 'random_state': 1}"")",DecisionTreeClassifier(random_state=1),0.9408632091890011,0.888174797458763,0.8585897435897435,0.8701111731369562,0.9122763864042934,0.8717406388085592
21,"OS_('AHC', ""{'strategy': 'min', 'n_jobs': 1, 'random_state': 1}"")",KNeighborsClassifier(),0.9255342847198051,0.7975778174178577,0.9398717948717948,0.8595101471094347,0.9304964221824686,0.8640776468970349
22,"OS_('AHC', ""{'strategy': 'min', 'n_jobs': 1, 'random_state': 1}"")",MLPClassifier(random_state=1),0.9633553776540202,0.8870613429124067,0.9697435897435897,0.9260235728789178,0.9655336911150865,0.9272116632939531
23,"OS_('AHC', ""{'strategy': 'min', 'n_jobs': 1, 'random_state': 1}"")","Pipeline(steps=[('standardscaler', StandardScaler()),
                ('svc',
                 SVC(C=1, gamma='auto', kernel='linear', random_state=1))])",0.9680960668290984,0.9035942918869748,0.9697435897435897,0.9349329247368463,0.9686404293381037,0.935800257173135
24,"OS_('LLE_SMOTE', ""{'proportion': 1.0, 'n_neighbors': 5, 'n_components': 2, 'n_jobs': 1, 'random_state': 1}"")",DecisionTreeClassifier(random_state=1),0.930268012530456,0.8575116306549164,0.8487179487179487,0.8503373100747718,0.901937984496124,0.8517223633043042
25,"OS_('LLE_SMOTE', ""{'proportion': 1.0, 'n_neighbors': 5, 'n_components': 2, 'n_jobs': 1, 'random_state': 1}"")",KNeighborsClassifier(),0.9267107553080404,0.8017219719949751,0.9297435897435896,0.8588555691845814,0.9277459749552772,0.8622740082490955
26,"OS_('LLE_SMOTE', ""{'proportion': 1.0, 'n_neighbors': 5, 'n_components': 2, 'n_jobs': 1, 'random_state': 1}"")",MLPClassifier(random_state=1),0.9645318482422555,0.8880725533350701,0.9748717948717948,0.9288362051286404,0.9680918306499702,0.9301525672315692
27,"OS_('LLE_SMOTE', ""{'proportion': 1.0, 'n_neighbors': 5, 'n_components': 2, 'n_jobs': 1, 'random_state': 1}"")","Pipeline(steps=[('standardscaler', StandardScaler()),
                ('svc',
                 SVC(C=1, gamma='auto', kernel='linear', random_state=1))])",0.9692794987817612,0.9078226216967,0.9697435897435897,0.9372278185980052,0.9694156231365533,0.9380048681921813
28,"OS_('distance_SMOTE', ""{'proportion': 1.0, 'n_neighbors': 5, 'n_jobs': 1, 'random_state': 1}"")",DecisionTreeClassifier(random_state=1),0.9385241907413853,0.8695589520320093,0.8692307692307694,0.8687295192262429,0.9145140131186643,0.8690620913659011
29,"OS_('distance_SMOTE', ""{'proportion': 1.0, 'n_neighbors': 5, 'n_jobs': 1, 'random_state': 1}"")",KNeighborsClassifier(),0.9172572224155935,0.7644560959135427,0.96,0.8484858351330711,0.9320632081097198,0.8552990514948245
30,"OS_('distance_SMOTE', ""{'proportion': 1.0, 'n_neighbors': 5, 'n_jobs': 1, 'random_state': 1}"")",MLPClassifier(random_state=1),0.9621719457013574,0.8836038961038961,0.9697435897435897,0.9239859553240588,0.9647584973166369,0.9253279089174994
31,"OS_('distance_SMOTE', ""{'proportion': 1.0, 'n_neighbors': 5, 'n_jobs': 1, 'random_state': 1}"")","Pipeline(steps=[('standardscaler', StandardScaler()),
                ('svc',
                 SVC(C=1, gamma='auto', kernel='linear', random_state=1))])",0.9692794987817612,0.9078226216967,0.9697435897435897,0.9372278185980052,0.9694156231365533,0.9380048681921813
32,"OS_('SMMO', ""{'proportion': 1.0, 'n_neighbors': 5, 'ensemble': [QuadraticDiscriminantAnalysis(), DecisionTreeClassifier(random_state=2), GaussianNB()], 'n_jobs': 1, 'random_state': 1}"")",DecisionTreeClassifier(random_state=1),0.9208144796380091,0.8170175438596491,0.8592307692307692,0.8368661610985857,0.8994722719141324,0.8374946621556283
33,"OS_('SMMO', ""{'proportion': 1.0, 'n_neighbors': 5, 'ensemble': [QuadraticDiscriminantAnalysis(), DecisionTreeClassifier(random_state=2), GaussianNB()], 'n_jobs': 1, 'random_state': 1}"")",KNeighborsClassifier(),0.9479916463626872,0.9062561134929557,0.8794871794871796,0.8895653847398348,0.9242754919499104,0.891215161205043
34,"OS_('SMMO', ""{'proportion': 1.0, 'n_neighbors': 5, 'ensemble': [QuadraticDiscriminantAnalysis(), DecisionTreeClassifier(random_state=2), GaussianNB()], 'n_jobs': 1, 'random_state': 1}"")",MLPClassifier(random_state=1),0.9586077271145145,0.9040598290598292,0.9246153846153847,0.9137330316742082,0.9468336314847943,0.9140350573080663
35,"OS_('SMMO', ""{'proportion': 1.0, 'n_neighbors': 5, 'ensemble': [QuadraticDiscriminantAnalysis(), DecisionTreeClassifier(random_state=2), GaussianNB()], 'n_jobs': 1, 'random_state': 1}"")","Pipeline(steps=[('standardscaler', StandardScaler()),
                ('svc',
                 SVC(C=1, gamma='auto', kernel='linear', random_state=1))])",0.9669056735120083,0.9142863419730004,0.9497435897435897,0.930897118991361,0.9609540846750149,0.9314557071953802
36,"OS_('polynom_fit_SMOTE', ""{'proportion': 1.0, 'topology': 'star', 'random_state': 1}"")",DecisionTreeClassifier(random_state=1),0.9385102680125306,0.8557660650683907,0.8893589743589743,0.8714629688428259,0.9214713774597495,0.8720124109420127
37,"OS_('polynom_fit_SMOTE', ""{'proportion': 1.0, 'topology': 'star', 'random_state': 1}"")",KNeighborsClassifier(),0.9278663418029934,0.791023842917251,0.9648717948717949,0.8666484268125856,0.9406648777579012,0.8722510564411243
38,"OS_('polynom_fit_SMOTE', ""{'proportion': 1.0, 'topology': 'star', 'random_state': 1}"")",MLPClassifier(random_state=1),0.9657083188304908,0.8961089619600259,0.9697435897435897,0.9306577192203813,0.9670721526535481,0.9317906494337317
39,"OS_('polynom_fit_SMOTE', ""{'proportion': 1.0, 'topology': 'star', 'random_state': 1}"")","Pipeline(steps=[('standardscaler', StandardScaler()),
                ('svc',
                 SVC(C=1, gamma='auto', kernel='linear', random_state=1))])",0.9692794987817612,0.9078226216967,0.9697435897435897,0.9372278185980052,0.9694156231365533,0.9380048681921813
40,"OS_('Stefanowski', ""{'strategy': 'weak_amp', 'n_jobs': 1}"")",DecisionTreeClassifier(random_state=1),0.9456247824573616,0.8784576629846356,0.8946153846153846,0.886114094540762,0.9279695885509838,0.8863252611456396
41,"OS_('Stefanowski', ""{'strategy': 'weak_amp', 'n_jobs': 1}"")",KNeighborsClassifier(),0.927908109989558,0.8078403078403079,0.9197435897435897,0.8585984236449097,0.9250834824090639,0.8611843795307482
42,"OS_('Stefanowski', ""{'strategy': 'weak_amp', 'n_jobs': 1}"")",MLPClassifier(random_state=1),0.9598120431604595,0.8715412683729058,0.9747435897435898,0.9197587100577748,0.9649448419797256,0.92144850950683
43,"OS_('Stefanowski', ""{'strategy': 'weak_amp', 'n_jobs': 1}"")","Pipeline(steps=[('standardscaler', StandardScaler()),
                ('svc',
                 SVC(C=1, gamma='auto', kernel='linear', random_state=1))])",0.9669126348764359,0.8917171530432293,0.9847435897435897,0.9344444002747527,0.9730456171735241,0.9363329126424788
44,"OS_('ADOMS', ""{'proportion': 1.0, 'n_neighbors': 5, 'n_jobs': 1, 'random_state': 1}"")",DecisionTreeClassifier(random_state=1),0.9397076226940481,0.866513186425977,0.8889743589743591,0.8739458518270325,0.9220483005366727,0.8758411068645865
45,"OS_('ADOMS', ""{'proportion': 1.0, 'n_neighbors': 5, 'n_jobs': 1, 'random_state': 1}"")",KNeighborsClassifier(),0.9172920292377306,0.7685342061352843,0.959871794871795,0.8499900350197876,0.9320348837209302,0.8570339700265974
46,"OS_('ADOMS', ""{'proportion': 1.0, 'n_neighbors': 5, 'n_jobs': 1, 'random_state': 1}"")",MLPClassifier(random_state=1),0.9598190045248869,0.8693077476308257,0.9798717948717949,0.9206175162819875,0.9667337507453787,0.9226000953246171
47,"OS_('ADOMS', ""{'proportion': 1.0, 'n_neighbors': 5, 'n_jobs': 1, 'random_state': 1}"")","Pipeline(steps=[('standardscaler', StandardScaler()),
                ('svc',
                 SVC(C=1, gamma='auto', kernel='linear', random_state=1))])",0.9633623390184477,0.8837301587301587,0.9747435897435898,0.9262905135109699,0.9672704233750744,0.92776155403067
48,"OS_('Safe_Level_SMOTE', ""{'proportion': 1.0, 'n_neighbors': 5, 'n_jobs': 1, 'random_state': 1}"")",DecisionTreeClassifier(random_state=1),0.9302610511660285,0.8504952511480981,0.8642307692307692,0.8551198074776346,0.90734496124031,0.8562402977905796
49,"OS_('Safe_Level_SMOTE', ""{'proportion': 1.0, 'n_neighbors': 5, 'n_jobs': 1, 'random_state': 1}"")",KNeighborsClassifier(),0.9137278106508877,0.7548049949515224,0.9448717948717948,0.838383388950686,0.9245229576624926,0.844085605788907
50,"OS_('Safe_Level_SMOTE', ""{'proportion': 1.0, 'n_neighbors': 5, 'n_jobs': 1, 'random_state': 1}"")",MLPClassifier(random_state=1),0.9491681169509224,0.8289184552085519,0.9949999999999999,0.9034849399711348,0.9650134168157424,0.9077080001304761
51,"OS_('Safe_Level_SMOTE', ""{'proportion': 1.0, 'n_neighbors': 5, 'n_jobs': 1, 'random_state': 1}"")","Pipeline(steps=[('standardscaler', StandardScaler()),
                ('svc',
                 SVC(C=1, gamma='auto', kernel='linear', random_state=1))])",0.9598190045248869,0.8639130434782608,0.9898717948717948,0.9215769462797117,0.9701893261776983,0.9242288285375002
52,"OS_('MSMOTE', ""{'proportion': 1.0, 'n_neighbors': 5, 'n_jobs': 1, 'random_state': 1}"")",DecisionTreeClassifier(random_state=1),0.9337904629307344,0.8639742371449689,0.8594871794871795,0.8597673377799226,0.9080799045915325,0.8607471201492644
53,"OS_('MSMOTE', ""{'proportion': 1.0, 'n_neighbors': 5, 'n_jobs': 1, 'random_state': 1}"")",KNeighborsClassifier(),0.9042673163940134,0.7337995245379476,0.9548717948717949,0.8275891194387658,0.9217948717948717,0.8358938875522673
54,"OS_('MSMOTE', ""{'proportion': 1.0, 'n_neighbors': 5, 'n_jobs': 1, 'random_state': 1}"")",MLPClassifier(random_state=1),0.9562756700313262,0.8549514183808794,0.9848717948717949,0.9146447196398195,0.9661449016100179,0.9172730236301596
55,"OS_('MSMOTE', ""{'proportion': 1.0, 'n_neighbors': 5, 'n_jobs': 1, 'random_state': 1}"")","Pipeline(steps=[('standardscaler', StandardScaler()),
                ('svc',
                 SVC(C=1, gamma='auto', kernel='linear', random_state=1))])",0.9645527323355376,0.8844454147133621,0.9797435897435898,0.928983300512396,0.9697763864042933,0.9305366248479741
56,"OS_('DE_oversampling', ""{'proportion': 1.0, 'n_neighbors': 5, 'crossover_rate': 0.5, 'similarity_threshold': 0.5, 'n_clusters': 30, 'n_jobs': 1, 'random_state': 1}"")",DecisionTreeClassifier(random_state=1),0.9184336930038288,0.7953723996109593,0.9142307692307693,0.8454656065458408,0.9168768634466309,0.850089710194673
57,"OS_('DE_oversampling', ""{'proportion': 1.0, 'n_neighbors': 5, 'crossover_rate': 0.5, 'similarity_threshold': 0.5, 'n_clusters': 30, 'n_jobs': 1, 'random_state': 1}"")",KNeighborsClassifier(),0.9066272189349112,0.7397276688453159,0.949871794871795,0.8296290249914537,0.9216264162194395,0.8371614794284354
58,"OS_('DE_oversampling', ""{'proportion': 1.0, 'n_neighbors': 5, 'crossover_rate': 0.5, 'similarity_threshold': 0.5, 'n_clusters': 30, 'n_jobs': 1, 'random_state': 1}"")",MLPClassifier(random_state=1),0.9527184128089103,0.8444818209850586,0.9798717948717949,0.9069509486378206,0.9621124031007751,0.9095596475723697
59,"OS_('DE_oversampling', ""{'proportion': 1.0, 'n_neighbors': 5, 'crossover_rate': 0.5, 'similarity_threshold': 0.5, 'n_clusters': 30, 'n_jobs': 1, 'random_state': 1}"")","Pipeline(steps=[('standardscaler', StandardScaler()),
                ('svc',
                 SVC(C=1, gamma='auto', kernel='linear', random_state=1))])",0.9598190045248867,0.8681448312388657,0.9798717948717949,0.9202150077091703,0.9667456768038164,0.9221089219160508
60,"OS_('SMOBD', ""{'proportion': 1.0, 'eta1': 0.5, 't': 1.8, 'min_samples': 5, 'max_eps': 1.0, 'n_jobs': 1, 'random_state': 1}"")",DecisionTreeClassifier(random_state=1),0.9302332057083188,0.8487392222275943,0.8594871794871795,0.8534317890944397,0.9057602862254026,0.8537723769342713
61,"OS_('SMOBD', ""{'proportion': 1.0, 'eta1': 0.5, 't': 1.8, 'min_samples': 5, 'max_eps': 1.0, 'n_jobs': 1, 'random_state': 1}"")",KNeighborsClassifier(),0.9184476157326836,0.7709614600192107,0.9548717948717949,0.8501576561881258,0.9310494931425165,0.8564814003625729
62,"OS_('SMOBD', ""{'proportion': 1.0, 'eta1': 0.5, 't': 1.8, 'min_samples': 5, 'max_eps': 1.0, 'n_jobs': 1, 'random_state': 1}"")",MLPClassifier(random_state=1),0.9633553776540202,0.8839697497624327,0.9748717948717948,0.9266441831721602,0.9673225998807394,0.9280305288535562
63,"OS_('SMOBD', ""{'proportion': 1.0, 'eta1': 0.5, 't': 1.8, 'min_samples': 5, 'max_eps': 1.0, 'n_jobs': 1, 'random_state': 1}"")","Pipeline(steps=[('standardscaler', StandardScaler()),
                ('svc',
                 SVC(C=1, gamma='auto', kernel='linear', random_state=1))])",0.9669126348764359,0.8995538878465708,0.9697435897435897,0.9326920283783029,0.967865235539654,0.9336695476404293
64,"OS_('SUNDO', ""{'n_jobs': 1, 'random_state': 1}"")",DecisionTreeClassifier(random_state=1),0.9361364427427776,0.839860344586965,0.9097435897435897,0.8719088463711111,0.9270184853905784,0.8733530028176955
65,"OS_('SUNDO', ""{'n_jobs': 1, 'random_state': 1}"")",KNeighborsClassifier(),0.9491750783153498,0.8990623662052235,0.8948717948717949,0.8935333347621006,0.930417412045319,0.8952461195182874
66,"OS_('SUNDO', ""{'n_jobs': 1, 'random_state': 1}"")",MLPClassifier(random_state=1),0.9538879220327183,0.8494324708465978,0.9798717948717949,0.909574568904618,0.9628637447823495,0.9121086598034227
67,"OS_('SUNDO', ""{'n_jobs': 1, 'random_state': 1}"")","Pipeline(steps=[('standardscaler', StandardScaler()),
                ('svc',
                 SVC(C=1, gamma='auto', kernel='linear', random_state=1))])",0.9385450748346675,0.8128490439654122,0.9647435897435898,0.8814948674638596,0.9475834824090639,0.885135447789879
68,"OS_('MSYN', ""{'pressure': 1.5, 'n_neighbors': 5, 'n_jobs': 1, 'random_state': 1}"")",DecisionTreeClassifier(random_state=1),0.9314027149321268,0.8710573946177662,0.8339743589743589,0.8515670059089514,0.8976371496720335,0.8520409602222706
69,"OS_('MSYN', ""{'pressure': 1.5, 'n_neighbors': 5, 'n_jobs': 1, 'random_state': 1}"")",KNeighborsClassifier(),0.9302610511660285,0.8063546087946698,0.9447435897435899,0.8674067628889258,0.9352519379844961,0.8714487211994936
70,"OS_('MSYN', ""{'pressure': 1.5, 'n_neighbors': 5, 'n_jobs': 1, 'random_state': 1}"")",MLPClassifier(random_state=1),0.9645388096066829,0.8874271965709433,0.9748717948717948,0.9286818007270192,0.968097793679189,0.9299142832300097
71,"OS_('MSYN', ""{'pressure': 1.5, 'n_neighbors': 5, 'n_jobs': 1, 'random_state': 1}"")","Pipeline(steps=[('standardscaler', StandardScaler()),
                ('svc',
                 SVC(C=1, gamma='auto', kernel='linear', random_state=1))])",0.9669126348764359,0.8964333204706841,0.9747435897435898,0.9330706625906086,0.9695900417412044,0.9343280261377039
72,"OS_('SVM_balance', ""{'proportion': 1.0, 'n_neighbors': 5, 'n_jobs': 1, 'random_state': 1}"")",DecisionTreeClassifier(random_state=1),0.9302471284371737,0.8426328502415459,0.8691025641025641,0.8545719417659292,0.9090235539654146,0.8552192550740028
73,"OS_('SVM_balance', ""{'proportion': 1.0, 'n_neighbors': 5, 'n_jobs': 1, 'random_state': 1}"")",KNeighborsClassifier(),0.9160807518273583,0.7561298987680178,0.9698717948717949,0.8476898459677769,0.9346854502087061,0.8552841197106169
74,"OS_('SVM_balance', ""{'proportion': 1.0, 'n_neighbors': 5, 'n_jobs': 1, 'random_state': 1}"")",MLPClassifier(random_state=1),0.9621789070657849,0.8797615548565634,0.9748717948717948,0.9244108596341055,0.9665533691115087,0.9258617874180913
75,"OS_('SVM_balance', ""{'proportion': 1.0, 'n_neighbors': 5, 'n_jobs': 1, 'random_state': 1}"")","Pipeline(steps=[('standardscaler', StandardScaler()),
                ('svc',
                 SVC(C=1, gamma='auto', kernel='linear', random_state=1))])",0.9669126348764359,0.8964333204706841,0.9747435897435898,0.9330706625906086,0.9695900417412044,0.9343280261377039
76,"OS_('TRIM_SMOTE', ""{'proportion': 1.0, 'n_neighbors': 5, 'min_precision': 0.3, 'n_jobs': 1, 'random_state': 1}"")",DecisionTreeClassifier(random_state=1),0.931423599025409,0.846769125498564,0.8693589743589744,0.857198129464561,0.9099209898628503,0.857630949742067
77,"OS_('TRIM_SMOTE', ""{'proportion': 1.0, 'n_neighbors': 5, 'min_precision': 0.3, 'n_jobs': 1, 'random_state': 1}"")",KNeighborsClassifier(),0.920814479638009,0.7718107545155128,0.9550000000000001,0.8520154465371299,0.9326639833035182,0.8576762879713492
78,"OS_('TRIM_SMOTE', ""{'proportion': 1.0, 'n_neighbors': 5, 'min_precision': 0.3, 'n_jobs': 1, 'random_state': 1}"")",MLPClassifier(random_state=1),0.9657152801949183,0.891840669277099,0.9748717948717948,0.9309702680561369,0.9688670244484199,0.9321618927332105
79,"OS_('TRIM_SMOTE', ""{'proportion': 1.0, 'n_neighbors': 5, 'min_precision': 0.3, 'n_jobs': 1, 'random_state': 1}"")","Pipeline(steps=[('standardscaler', StandardScaler()),
                ('svc',
                 SVC(C=1, gamma='auto', kernel='linear', random_state=1))])",0.9680960668290984,0.9004737245110883,0.9747435897435898,0.935311558949152,0.970365235539654,0.9364587356704096
80,"OS_('SMOTE_RSB', ""{'proportion': 2.0, 'n_neighbors': 5, 'n_jobs': 1, 'random_state': 1}"")",DecisionTreeClassifier(random_state=1),0.9255412460842326,0.8318726163234172,0.8592307692307692,0.8446021392107609,0.9025730471079308,0.8450764082930732
81,"OS_('SMOTE_RSB', ""{'proportion': 2.0, 'n_neighbors': 5, 'n_jobs': 1, 'random_state': 1}"")",KNeighborsClassifier(),0.9479916463626872,0.9062561134929557,0.8794871794871796,0.8895653847398348,0.9242754919499104,0.891215161205043
82,"OS_('SMOTE_RSB', ""{'proportion': 2.0, 'n_neighbors': 5, 'n_jobs': 1, 'random_state': 1}"")",MLPClassifier(random_state=1),0.9586077271145145,0.9042839823135074,0.9246153846153847,0.913784955059465,0.9468276684555754,0.9141170561039109
83,"OS_('SMOTE_RSB', ""{'proportion': 2.0, 'n_neighbors': 5, 'n_jobs': 1, 'random_state': 1}"")","Pipeline(steps=[('standardscaler', StandardScaler()),
                ('svc',
                 SVC(C=1, gamma='auto', kernel='linear', random_state=1))])",0.9680821441002436,0.9147293098578289,0.9547435897435899,0.9334830725617401,0.9634540846750148,0.9341093939816195
84,"OS_('ProWSyn', ""{'proportion': 1.0, 'n_neighbors': 5, 'L': 5, 'theta': 1.0, 'n_jobs': 1, 'random_state': 1}"")",DecisionTreeClassifier(random_state=1),0.9396867386007658,0.8684090242328228,0.8793589743589744,0.872870443755048,0.9187909958258796,0.873376683704185
85,"OS_('ProWSyn', ""{'proportion': 1.0, 'n_neighbors': 5, 'L': 5, 'theta': 1.0, 'n_jobs': 1, 'random_state': 1}"")",KNeighborsClassifier(),0.9208075182735815,0.7671250882866809,0.9698717948717949,0.8548585131386333,0.9377623732856291,0.8616314008979102
86,"OS_('ProWSyn', ""{'proportion': 1.0, 'n_neighbors': 5, 'L': 5, 'theta': 1.0, 'n_jobs': 1, 'random_state': 1}"")",MLPClassifier(random_state=1),0.9621719457013574,0.8832932269703777,0.9697435897435897,0.9238895099514213,0.9647584973166369,0.9252023377923118
87,"OS_('ProWSyn', ""{'proportion': 1.0, 'n_neighbors': 5, 'L': 5, 'theta': 1.0, 'n_jobs': 1, 'random_state': 1}"")","Pipeline(steps=[('standardscaler', StandardScaler()),
                ('svc',
                 SVC(C=1, gamma='auto', kernel='linear', random_state=1))])",0.9669126348764359,0.8995538878465708,0.9697435897435897,0.9326920283783029,0.967865235539654,0.9336695476404293
88,"OS_('SL_graph_SMOTE', ""{'proportion': 1.0, 'n_neighbors': 5, 'n_jobs': 1, 'random_state': 1}"")",DecisionTreeClassifier(random_state=1),0.9302610511660285,0.8504952511480981,0.8642307692307692,0.8551198074776346,0.90734496124031,0.8562402977905796
89,"OS_('SL_graph_SMOTE', ""{'proportion': 1.0, 'n_neighbors': 5, 'n_jobs': 1, 'random_state': 1}"")",KNeighborsClassifier(),0.9137278106508877,0.7548049949515224,0.9448717948717948,0.838383388950686,0.9245229576624926,0.844085605788907
90,"OS_('SL_graph_SMOTE', ""{'proportion': 1.0, 'n_neighbors': 5, 'n_jobs': 1, 'random_state': 1}"")",MLPClassifier(random_state=1),0.9491681169509224,0.8289184552085519,0.9949999999999999,0.9034849399711348,0.9650134168157424,0.9077080001304761
91,"OS_('SL_graph_SMOTE', ""{'proportion': 1.0, 'n_neighbors': 5, 'n_jobs': 1, 'random_state': 1}"")","Pipeline(steps=[('standardscaler', StandardScaler()),
                ('svc',
                 SVC(C=1, gamma='auto', kernel='linear', random_state=1))])",0.9598190045248869,0.8639130434782608,0.9898717948717948,0.9215769462797117,0.9701893261776983,0.9242288285375002
92,"OS_('NRSBoundary_SMOTE', ""{'proportion': 1.0, 'n_neighbors': 5, 'w': 0.005, 'n_jobs': 1, 'random_state': 1}"")",DecisionTreeClassifier(random_state=1),0.9231674208144798,0.8221402911703537,0.8593589743589742,0.840270603643118,0.9010867620751343,0.8405100653185709
93,"OS_('NRSBoundary_SMOTE', ""{'proportion': 1.0, 'n_neighbors': 5, 'w': 0.005, 'n_jobs': 1, 'random_state': 1}"")",KNeighborsClassifier(),0.9172641837800208,0.7640343804656038,0.959871794871795,0.8482691316891044,0.9320169946332737,0.8550576529860944
94,"OS_('NRSBoundary_SMOTE', ""{'proportion': 1.0, 'n_neighbors': 5, 'w': 0.005, 'n_jobs': 1, 'random_state': 1}"")",MLPClassifier(random_state=1),0.9550922380786634,0.8518670927181565,0.9848717948717949,0.9126424151758543,0.9653756708407872,0.9154979210727656
95,"OS_('NRSBoundary_SMOTE', ""{'proportion': 1.0, 'n_neighbors': 5, 'w': 0.005, 'n_jobs': 1, 'random_state': 1}"")","Pipeline(steps=[('standardscaler', StandardScaler()),
                ('svc',
                 SVC(C=1, gamma='auto', kernel='linear', random_state=1))])",0.9669056735120083,0.888716126574027,0.9848717948717949,0.9337067375808159,0.9731097197376266,0.935248082038993
96,"OS_('LVQ_SMOTE', ""{'proportion': 1.0, 'n_neighbors': 5, 'n_clusters': 10, 'n_jobs': 1, 'random_state': 1}"")",DecisionTreeClassifier(random_state=1),0.9337486947441699,0.8579819976771196,0.8685897435897436,0.8602836390933264,0.9110748360166966,0.8617814811338373
97,"OS_('LVQ_SMOTE', ""{'proportion': 1.0, 'n_neighbors': 5, 'n_clusters': 10, 'n_jobs': 1, 'random_state': 1}"")",KNeighborsClassifier(),0.9279011486251305,0.789363600512669,0.9548717948717949,0.8630761071086391,0.9372331544424568,0.8675766524041657
98,"OS_('LVQ_SMOTE', ""{'proportion': 1.0, 'n_neighbors': 5, 'n_clusters': 10, 'n_jobs': 1, 'random_state': 1}"")",MLPClassifier(random_state=1),0.9609885137486949,0.879563492063492,0.9697435897435897,0.9217450589655154,0.9639833035181873,0.9231971993847935
99,"OS_('LVQ_SMOTE', ""{'proportion': 1.0, 'n_neighbors': 5, 'n_clusters': 10, 'n_jobs': 1, 'random_state': 1}"")","Pipeline(steps=[('standardscaler', StandardScaler()),
                ('svc',
                 SVC(C=1, gamma='auto', kernel='linear', random_state=1))])",0.9621928297946397,0.8874765931605804,0.9647435897435898,0.9236633006081251,0.9630456171735242,0.9248853302625278
100,"OS_('SOI_CJ', ""{'proportion': 1.0, 'n_neighbors': 5, 'method': 'interpolation', 'n_jobs': 1, 'random_state': 1}"")",DecisionTreeClassifier(random_state=1),0.9385798816568048,0.8474274650256113,0.9044871794871794,0.8743678516009219,0.9267456768038164,0.8751616123321462
101,"OS_('SOI_CJ', ""{'proportion': 1.0, 'n_neighbors': 5, 'method': 'interpolation', 'n_jobs': 1, 'random_state': 1}"")",KNeighborsClassifier(),0.9184336930038288,0.7661862702070075,0.959871794871795,0.8498307113342325,0.9327742993440669,0.8563788367078349
102,"OS_('SOI_CJ', ""{'proportion': 1.0, 'n_neighbors': 5, 'method': 'interpolation', 'n_jobs': 1, 'random_state': 1}"")",MLPClassifier(random_state=1),0.964524886877828,0.8892492528680227,0.9748717948717948,0.929144266586127,0.9680858676207513,0.9306001894916938
103,"OS_('SOI_CJ', ""{'proportion': 1.0, 'n_neighbors': 5, 'method': 'interpolation', 'n_jobs': 1, 'random_state': 1}"")","Pipeline(steps=[('standardscaler', StandardScaler()),
                ('svc',
                 SVC(C=1, gamma='auto', kernel='linear', random_state=1))])",0.9692725374173337,0.90465277158641,0.9747435897435898,0.9375697373261683,0.9711285032796659,0.9386329921100558
104,"OS_('ROSE', ""{'proportion': 1.0, 'random_state': 1}"")",DecisionTreeClassifier(random_state=1),0.9136999651931779,0.7936025855501363,0.863974358974359,0.825098584413347,0.8964177101967798,0.8269394265934042
105,"OS_('ROSE', ""{'proportion': 1.0, 'random_state': 1}"")",KNeighborsClassifier(),0.95036547163244,0.9023997493734337,0.8946153846153846,0.8961435231435232,0.9310703637447825,0.8973236298210097
106,"OS_('ROSE', ""{'proportion': 1.0, 'random_state': 1}"")",MLPClassifier(random_state=1),0.9420536025060912,0.8079917024079837,0.9949999999999999,0.8910144282482104,0.9603741800834824,0.8962343388007403
107,"OS_('ROSE', ""{'proportion': 1.0, 'random_state': 1}"")","Pipeline(steps=[('standardscaler', StandardScaler()),
                ('svc',
                 SVC(C=1, gamma='auto', kernel='linear', random_state=1))])",0.9302401670727463,0.7837124668049038,0.9798717948717949,0.8698430979546453,0.9473896839594514,0.8757901678121588
108,"OS_('SMOTE_OUT', ""{'proportion': 1.0, 'n_neighbors': 5, 'n_jobs': 1, 'random_state': 1}"")",DecisionTreeClassifier(random_state=1),0.9349738948833972,0.8682011279572256,0.8543589743589743,0.8606237816764132,0.9070721526535481,0.8609517470239039
109,"OS_('SMOTE_OUT', ""{'proportion': 1.0, 'n_neighbors': 5, 'n_jobs': 1, 'random_state': 1}"")",KNeighborsClassifier(),0.9172781065088758,0.7624750631208944,0.959871794871795,0.8478599827341758,0.9320169946332737,0.8544696994790877
110,"OS_('SMOTE_OUT', ""{'proportion': 1.0, 'n_neighbors': 5, 'n_jobs': 1, 'random_state': 1}"")",MLPClassifier(random_state=1),0.9633553776540202,0.8839697497624327,0.9748717948717948,0.9266441831721602,0.9673225998807394,0.9280305288535562
111,"OS_('SMOTE_OUT', ""{'proportion': 1.0, 'n_neighbors': 5, 'n_jobs': 1, 'random_state': 1}"")","Pipeline(steps=[('standardscaler', StandardScaler()),
                ('svc',
                 SVC(C=1, gamma='auto', kernel='linear', random_state=1))])",0.9680960668290984,0.9019208775819816,0.9747435897435898,0.9356858972545247,0.9703592725104352,0.9370070935385668
112,"OS_('SMOTE_Cosine', ""{'proportion': 1.0, 'n_neighbors': 5, 'n_jobs': 1, 'random_state': 1}"")",DecisionTreeClassifier(random_state=1),0.9373268360598678,0.8579049405878674,0.8793589743589744,0.8678863425351387,0.9172704233750746,0.8682588717516027
113,"OS_('SMOTE_Cosine', ""{'proportion': 1.0, 'n_neighbors': 5, 'n_jobs': 1, 'random_state': 1}"")",KNeighborsClassifier(),0.9243508527671424,0.7797928458430778,0.9548717948717949,0.85718573590547,0.9349194991055457,0.8622340256334086
114,"OS_('SMOTE_Cosine', ""{'proportion': 1.0, 'n_neighbors': 5, 'n_jobs': 1, 'random_state': 1}"")",MLPClassifier(random_state=1),0.9633553776540202,0.8839697497624327,0.9748717948717948,0.9266441831721602,0.9673225998807394,0.9280305288535562
115,"OS_('SMOTE_Cosine', ""{'proportion': 1.0, 'n_neighbors': 5, 'n_jobs': 1, 'random_state': 1}"")","Pipeline(steps=[('standardscaler', StandardScaler()),
                ('svc',
                 SVC(C=1, gamma='auto', kernel='linear', random_state=1))])",0.9657292029237731,0.8957857719045418,0.9697435897435897,0.9305579654508064,0.9670900417412044,0.931660222138788
116,"OS_('Selected_SMOTE', ""{'proportion': 1.0, 'n_neighbors': 5, 'perc_sign_attr': 0.5, 'n_jobs': 1, 'random_state': 1}"")",DecisionTreeClassifier(random_state=1),0.9361573268360598,0.857122755293487,0.8746153846153846,0.8655453977183936,0.914892665474061,0.8657071903948257
117,"OS_('Selected_SMOTE', ""{'proportion': 1.0, 'n_neighbors': 5, 'perc_sign_attr': 0.5, 'n_jobs': 1, 'random_state': 1}"")",KNeighborsClassifier(),0.9149182039679777,0.7636625977450446,0.9548717948717949,0.8452608100874324,0.9287418008348242,0.8521981029356727
118,"OS_('Selected_SMOTE', ""{'proportion': 1.0, 'n_neighbors': 5, 'perc_sign_attr': 0.5, 'n_jobs': 1, 'random_state': 1}"")",MLPClassifier(random_state=1),0.9621789070657849,0.8766409874806769,0.9798717948717949,0.9247894938464112,0.9682781753130592,0.926520265915366
119,"OS_('Selected_SMOTE', ""{'proportion': 1.0, 'n_neighbors': 5, 'perc_sign_attr': 0.5, 'n_jobs': 1, 'random_state': 1}"")","Pipeline(steps=[('standardscaler', StandardScaler()),
                ('svc',
                 SVC(C=1, gamma='auto', kernel='linear', random_state=1))])",0.9621789070657849,0.8812076536300137,0.9747435897435898,0.9244606476936156,0.966489266547406,0.9262149089414263
120,"OS_('LN_SMOTE', ""{'proportion': 1.0, 'n_neighbors': 5, 'n_jobs': 1, 'random_state': 1}"")",DecisionTreeClassifier(random_state=1),0.944427427775844,0.8640991528796407,0.9097435897435897,0.8857715753905875,0.9324388789505068,0.8863460977825254
121,"OS_('LN_SMOTE', ""{'proportion': 1.0, 'n_neighbors': 5, 'n_jobs': 1, 'random_state': 1}"")",KNeighborsClassifier(),0.9137486947441698,0.754955591520941,0.959871794871795,0.8425614270786685,0.929721228384019,0.8499337303866294
122,"OS_('LN_SMOTE', ""{'proportion': 1.0, 'n_neighbors': 5, 'n_jobs': 1, 'random_state': 1}"")",MLPClassifier(random_state=1),0.9598190045248869,0.8724283150067123,0.9748717948717948,0.9202388820696819,0.9650089445438284,0.9219416168273424
123,"OS_('LN_SMOTE', ""{'proportion': 1.0, 'n_neighbors': 5, 'n_jobs': 1, 'random_state': 1}"")","Pipeline(steps=[('standardscaler', StandardScaler()),
                ('svc',
                 SVC(C=1, gamma='auto', kernel='linear', random_state=1))])",0.9633623390184477,0.8856211263361695,0.9747435897435898,0.9267491150227333,0.9672644603458556,0.9284625184446271
124,"OS_('MWMOTE', ""{'proportion': 1.0, 'k1': 5, 'k2': 5, 'k3': 5, 'M': 10, 'cf_th': 5.0, 'cmax': 10.0, 'n_jobs': 1, 'random_state': 1}"")",DecisionTreeClassifier(random_state=1),0.9491541942220675,0.8907479641754353,0.8947435897435897,0.8919703602630431,0.9303711985688731,0.8923579551962009
125,"OS_('MWMOTE', ""{'proportion': 1.0, 'k1': 5, 'k2': 5, 'k3': 5, 'M': 10, 'cf_th': 5.0, 'cmax': 10.0, 'n_jobs': 1, 'random_state': 1}"")",KNeighborsClassifier(),0.9172641837800208,0.7564507165448895,0.9748717948717948,0.8499869993366108,0.9371914132379249,0.8577656325837302
126,"OS_('MWMOTE', ""{'proportion': 1.0, 'k1': 5, 'k2': 5, 'k3': 5, 'M': 10, 'cf_th': 5.0, 'cmax': 10.0, 'n_jobs': 1, 'random_state': 1}"")",MLPClassifier(random_state=1),0.9633553776540202,0.8839697497624327,0.9748717948717948,0.9266441831721602,0.9673225998807394,0.9280305288535562
127,"OS_('MWMOTE', ""{'proportion': 1.0, 'k1': 5, 'k2': 5, 'k3': 5, 'M': 10, 'cf_th': 5.0, 'cmax': 10.0, 'n_jobs': 1, 'random_state': 1}"")","Pipeline(steps=[('standardscaler', StandardScaler()),
                ('svc',
                 SVC(C=1, gamma='auto', kernel='linear', random_state=1))])",0.9657292029237731,0.8957857719045418,0.9697435897435897,0.9305579654508064,0.9670900417412044,0.931660222138788
128,"OS_('PDFOS', ""{'proportion': 1.0, 'n_jobs': 1, 'random_state': 1}"")",DecisionTreeClassifier(random_state=1),0.9290636964845109,0.8202898898091167,0.9044871794871796,0.8587168682258322,0.920526237328563,0.8605491496606282
129,"OS_('PDFOS', ""{'proportion': 1.0, 'n_jobs': 1, 'random_state': 1}"")",KNeighborsClassifier(),0.9409049773755657,0.8402663271989688,0.9394871794871795,0.8842820305389827,0.9403577817531306,0.8870694840542329
130,"OS_('PDFOS', ""{'proportion': 1.0, 'n_jobs': 1, 'random_state': 1}"")",MLPClassifier(random_state=1),0.9598050817960321,0.8701443215674394,0.9798717948717949,0.9207922102476838,0.966721824686941,0.9228956422478655
131,"OS_('PDFOS', ""{'proportion': 1.0, 'n_jobs': 1, 'random_state': 1}"")","Pipeline(steps=[('standardscaler', StandardScaler()),
                ('svc',
                 SVC(C=1, gamma='auto', kernel='linear', random_state=1))])",0.9645457709711103,0.8815918223068655,0.9848717948717949,0.9295951067305136,0.9715593321407274,0.9314102224091144
132,"OS_('NEATER', ""{'proportion': 1.0, 'smote_n_neighbors': 5, 'b': 5, 'alpha': 0.1, 'h': 20, 'n_jobs': 1, 'random_state': 1}"")",DecisionTreeClassifier(random_state=1),0.9420466411416639,0.8681638704894519,0.8897435897435898,0.8779134983980299,0.9239892665474061,0.8784333932886719
133,"OS_('NEATER', ""{'proportion': 1.0, 'smote_n_neighbors': 5, 'b': 5, 'alpha': 0.1, 'h': 20, 'n_jobs': 1, 'random_state': 1}"")",KNeighborsClassifier(),0.8983571179951271,0.7108080808080809,0.9800000000000001,0.8222547419737077,0.9266249254621348,0.8337189076263742
134,"OS_('NEATER', ""{'proportion': 1.0, 'smote_n_neighbors': 5, 'b': 5, 'alpha': 0.1, 'h': 20, 'n_jobs': 1, 'random_state': 1}"")",MLPClassifier(random_state=1),0.9598190045248869,0.8632471415702196,0.9898717948717948,0.9214833171477883,0.9701952892069171,0.9240163892030099
135,"OS_('NEATER', ""{'proportion': 1.0, 'smote_n_neighbors': 5, 'b': 5, 'alpha': 0.1, 'h': 20, 'n_jobs': 1, 'random_state': 1}"")","Pipeline(steps=[('standardscaler', StandardScaler()),
                ('svc',
                 SVC(C=1, gamma='auto', kernel='linear', random_state=1))])",0.9645388096066829,0.8843098688750862,0.9797435897435898,0.9288076133741712,0.9697704233750745,0.9304147525702303
136,"OS_('Gazzah', ""{'proportion': 1.0, 'n_components': 2, 'n_jobs': 1, 'random_state': 1}"")",DecisionTreeClassifier(random_state=1),0.826265227984685,0.6687357687357687,0.5167948717948718,0.5773160173160173,0.7189937388193202,0.5849032382875052
137,"OS_('Gazzah', ""{'proportion': 1.0, 'n_components': 2, 'n_jobs': 1, 'random_state': 1}"")",KNeighborsClassifier(),0.8900591715976331,0.69569426051958,0.9547435897435896,0.8039428742634576,0.9124463327370306,0.8144977332973781
138,"OS_('Gazzah', ""{'proportion': 1.0, 'n_components': 2, 'n_jobs': 1, 'random_state': 1}"")",MLPClassifier(random_state=1),0.8664323007309432,0.6637851795490721,0.8839743589743589,0.7571272141375234,0.8724642218246869,0.765446092394638
139,"OS_('Gazzah', ""{'proportion': 1.0, 'n_components': 2, 'n_jobs': 1, 'random_state': 1}"")","Pipeline(steps=[('standardscaler', StandardScaler()),
                ('svc',
                 SVC(C=1, gamma='auto', kernel='linear', random_state=1))])",0.9586355725722241,0.8772040646883429,0.9597435897435898,0.9162303097813831,0.9590071556350628,0.9173509289693932
140,"OS_('MCT', ""{'proportion': 1.0, 'n_jobs': 1, 'random_state': 1}"")",DecisionTreeClassifier(random_state=1),0.9314305603898363,0.8628867623604466,0.8437179487179488,0.8516605616605617,0.9009764460345856,0.8524803541329484
141,"OS_('MCT', ""{'proportion': 1.0, 'n_jobs': 1, 'random_state': 1}"")",KNeighborsClassifier(),0.909014966933519,0.7481984065028561,0.949871794871795,0.8339630926411067,0.92317084078712,0.8414431572997596
142,"OS_('MCT', ""{'proportion': 1.0, 'n_jobs': 1, 'random_state': 1}"")",MLPClassifier(random_state=1),0.9621719457013576,0.8799293457220287,0.9748717948717948,0.9244032868136168,0.9665474060822898,0.9258998193208503
143,"OS_('MCT', ""{'proportion': 1.0, 'n_jobs': 1, 'random_state': 1}"")","Pipeline(steps=[('standardscaler', StandardScaler()),
                ('svc',
                 SVC(C=1, gamma='auto', kernel='linear', random_state=1))])",0.9645457709711103,0.8890224868803871,0.9747435897435898,0.9287920159420388,0.9680396541443053,0.9303351236986324
144,"OS_('ADG', ""{'proportion': 1.0, 'kernel': 'inner', 'lam': 1.0, 'mu': 1.0, 'k': 12, 'gamma': 1.0, 'n_jobs': 1, 'random_state': 1}"")",DecisionTreeClassifier(random_state=1),0.9208144796380091,0.8170175438596491,0.8592307692307692,0.8368661610985857,0.8994722719141324,0.8374946621556283
145,"OS_('ADG', ""{'proportion': 1.0, 'kernel': 'inner', 'lam': 1.0, 'mu': 1.0, 'k': 12, 'gamma': 1.0, 'n_jobs': 1, 'random_state': 1}"")",KNeighborsClassifier(),0.9479916463626872,0.9062561134929557,0.8794871794871796,0.8895653847398348,0.9242754919499104,0.891215161205043
146,"OS_('ADG', ""{'proportion': 1.0, 'kernel': 'inner', 'lam': 1.0, 'mu': 1.0, 'k': 12, 'gamma': 1.0, 'n_jobs': 1, 'random_state': 1}"")",MLPClassifier(random_state=1),0.9574242951618517,0.903654970760234,0.9194871794871796,0.9109358288770053,0.9442695289206917,0.9112531894058276
147,"OS_('ADG', ""{'proportion': 1.0, 'kernel': 'inner', 'lam': 1.0, 'mu': 1.0, 'k': 12, 'gamma': 1.0, 'n_jobs': 1, 'random_state': 1}"")","Pipeline(steps=[('standardscaler', StandardScaler()),
                ('svc',
                 SVC(C=1, gamma='auto', kernel='linear', random_state=1))])",0.9669056735120083,0.9142863419730004,0.9497435897435897,0.930897118991361,0.9609540846750149,0.9314557071953802
148,"OS_('SMOTE_IPF', ""{'proportion': 1.0, 'n_neighbors': 5, 'n_folds': 9, 'k': 3, 'p': 0.01, 'voting': 'majority', 'n_jobs': 1, 'classifier': DecisionTreeClassifier(random_state=2), 'random_state': 1}"")",DecisionTreeClassifier(random_state=1),0.9385102680125306,0.8519634307015007,0.8992307692307693,0.8736662154956729,0.9248509242695289,0.8746308662186412
149,"OS_('SMOTE_IPF', ""{'proportion': 1.0, 'n_neighbors': 5, 'n_folds': 9, 'k': 3, 'p': 0.01, 'voting': 'majority', 'n_jobs': 1, 'classifier': DecisionTreeClassifier(random_state=2), 'random_state': 1}"")",KNeighborsClassifier(),0.9137208492864601,0.7570623761067794,0.9548717948717949,0.8420702285268895,0.9279606440071557,0.8489606547775926
150,"OS_('SMOTE_IPF', ""{'proportion': 1.0, 'n_neighbors': 5, 'n_folds': 9, 'k': 3, 'p': 0.01, 'voting': 'majority', 'n_jobs': 1, 'classifier': DecisionTreeClassifier(random_state=2), 'random_state': 1}"")",MLPClassifier(random_state=1),0.9633553776540202,0.8839697497624327,0.9748717948717948,0.9266441831721602,0.9673225998807394,0.9280305288535562
151,"OS_('SMOTE_IPF', ""{'proportion': 1.0, 'n_neighbors': 5, 'n_folds': 9, 'k': 3, 'p': 0.01, 'voting': 'majority', 'n_jobs': 1, 'classifier': DecisionTreeClassifier(random_state=2), 'random_state': 1}"")","Pipeline(steps=[('standardscaler', StandardScaler()),
                ('svc',
                 SVC(C=1, gamma='auto', kernel='linear', random_state=1))])",0.9657292029237731,0.8916897307270946,0.9747435897435898,0.9306688449989174,0.9688208109719737,0.9319412193045924
152,"OS_('KernelADASYN', ""{'proportion': 1.0, 'k': 5, 'h': 1.0, 'n_jobs': 1, 'random_state': 1}"")",DecisionTreeClassifier(random_state=1),0.8947580925861469,0.7593815572753322,0.8080769230769231,0.7797368945423807,0.8646049493142517,0.7817296238504505
153,"OS_('KernelADASYN', ""{'proportion': 1.0, 'k': 5, 'h': 1.0, 'n_jobs': 1, 'random_state': 1}"")",KNeighborsClassifier(),0.9385241907413853,0.8936995834181835,0.849102564102564,0.8669979697454014,0.9075387596899225,0.8691928708614658
154,"OS_('KernelADASYN', ""{'proportion': 1.0, 'k': 5, 'h': 1.0, 'n_jobs': 1, 'random_state': 1}"")",MLPClassifier(random_state=1),0.9491611555864949,0.9002310807188858,0.8843589743589743,0.8917387587054965,0.926705426356589,0.892016821434671
155,"OS_('KernelADASYN', ""{'proportion': 1.0, 'k': 5, 'h': 1.0, 'n_jobs': 1, 'random_state': 1}"")","Pipeline(steps=[('standardscaler', StandardScaler()),
                ('svc',
                 SVC(C=1, gamma='auto', kernel='linear', random_state=1))])",0.7883049077619213,0.5681012410851889,0.6269230769230769,0.5675629217564762,0.7322927847346452,0.5820576904902851
156,"OS_('MOT2LD', ""{'proportion': 1.0, 'n_components': 2, 'k': 5, 'd_cut': 'auto', 'n_jobs': 1, 'random_state': 1}"")",DecisionTreeClassifier(random_state=1),0.9349738948833972,0.8608026130162442,0.8646153846153848,0.8622092654943044,0.9106559332140728,0.8624590770430693
157,"OS_('MOT2LD', ""{'proportion': 1.0, 'n_components': 2, 'k': 5, 'd_cut': 'auto', 'n_jobs': 1, 'random_state': 1}"")",KNeighborsClassifier(),0.9184267316394014,0.7671997189406692,0.9548717948717949,0.8487544905252353,0.9310435301132974,0.8548511101171838
158,"OS_('MOT2LD', ""{'proportion': 1.0, 'n_components': 2, 'k': 5, 'd_cut': 'auto', 'n_jobs': 1, 'random_state': 1}"")",MLPClassifier(random_state=1),0.9586425339366516,0.8744338692738107,0.9647435897435898,0.9168369093049329,0.9607200357781753,0.9182111681351431
159,"OS_('MOT2LD', ""{'proportion': 1.0, 'n_components': 2, 'k': 5, 'd_cut': 'auto', 'n_jobs': 1, 'random_state': 1}"")","Pipeline(steps=[('standardscaler', StandardScaler()),
                ('svc',
                 SVC(C=1, gamma='auto', kernel='linear', random_state=1))])",0.9680960668290984,0.9035942918869748,0.9697435897435897,0.9349329247368463,0.9686404293381037,0.935800257173135
160,"OS_('V_SYNTH', ""{'proportion': 1.0, 'n_components': 3, 'n_jobs': 1, 'random_state': 1}"")",DecisionTreeClassifier(random_state=1),0.921970066132962,0.8057764930105357,0.8842307692307692,0.8421756170337578,0.9088655336911151,0.8435876990644152
161,"OS_('V_SYNTH', ""{'proportion': 1.0, 'n_components': 3, 'n_jobs': 1, 'random_state': 1}"")",KNeighborsClassifier(),0.8605221023320571,0.6434740001233701,0.9397435897435897,0.762257645074406,0.8879218843172332,0.7767516926792319
162,"OS_('V_SYNTH', ""{'proportion': 1.0, 'n_components': 3, 'n_jobs': 1, 'random_state': 1}"")",MLPClassifier(random_state=1),0.9041977027497389,0.726965075597614,0.97,0.8289818342322827,0.9270035778175313,0.8386528461587757
163,"OS_('V_SYNTH', ""{'proportion': 1.0, 'n_components': 3, 'n_jobs': 1, 'random_state': 1}"")","Pipeline(steps=[('standardscaler', StandardScaler()),
                ('svc',
                 SVC(C=1, gamma='auto', kernel='linear', random_state=1))])",0.8535120083536374,0.6263841133215768,0.9748717948717948,0.7606881083164024,0.8955158020274301,0.780333392563335
164,"OS_('OUPS', ""{'proportion': 1.0, 'n_jobs': 1, 'random_state': 1}"")",DecisionTreeClassifier(random_state=1),0.9373268360598678,0.8542377451190181,0.8844871794871796,0.8685162520895698,0.9190414430530709,0.8689391882615629
165,"OS_('OUPS', ""{'proportion': 1.0, 'n_jobs': 1, 'random_state': 1}"")",KNeighborsClassifier(),0.9196171249564914,0.7588466939606711,0.974871794871795,0.8522812673142004,0.9387418008348242,0.859527838666329
166,"OS_('OUPS', ""{'proportion': 1.0, 'n_jobs': 1, 'random_state': 1}"")",MLPClassifier(random_state=1),0.9621649843369301,0.8903119271334271,0.9597435897435898,0.9232214981796864,0.9613029218843172,0.924123783594523
167,"OS_('OUPS', ""{'proportion': 1.0, 'n_jobs': 1, 'random_state': 1}"")","Pipeline(steps=[('standardscaler', StandardScaler()),
                ('svc',
                 SVC(C=1, gamma='auto', kernel='linear', random_state=1))])",0.9657292029237731,0.9028438228438229,0.9597435897435898,0.9295570847618502,0.9636404293381038,0.9304247198847729
168,"OS_('SMOTE_D', ""{'proportion': 1.0, 'k': 3, 'n_jobs': 1, 'random_state': 1}"")",DecisionTreeClassifier(random_state=1),0.9468151757744516,0.8794790414928959,0.9043589743589745,0.889534723800209,0.9320602265951102,0.8907253552689915
169,"OS_('SMOTE_D', ""{'proportion': 1.0, 'k': 3, 'n_jobs': 1, 'random_state': 1}"")",KNeighborsClassifier(),0.9479916463626872,0.9062561134929557,0.8794871794871796,0.8895653847398348,0.9242754919499104,0.891215161205043
170,"OS_('SMOTE_D', ""{'proportion': 1.0, 'k': 3, 'n_jobs': 1, 'random_state': 1}"")",MLPClassifier(random_state=1),0.9645248868778282,0.9199304560174125,0.9343589743589742,0.925848436329521,0.9540250447227192,0.9264959814842098
171,"OS_('SMOTE_D', ""{'proportion': 1.0, 'k': 3, 'n_jobs': 1, 'random_state': 1}"")","Pipeline(steps=[('standardscaler', StandardScaler()),
                ('svc',
                 SVC(C=1, gamma='auto', kernel='linear', random_state=1))])",0.9645388096066828,0.9185193334506836,0.9347435897435897,0.9256261180679786,0.9542233154442457,0.9261282389653529
172,"OS_('SMOTE_PSO', ""{'k': 3, 'eps': 0.05, 'n_pop': 10, 'w': 1.0, 'c1': 2.0, 'c2': 2.0, 'num_it': 10, 'n_jobs': 1, 'random_state': 1}"")",DecisionTreeClassifier(random_state=1),0.93734772015315,0.857102174377497,0.883846153846154,0.8681955039755916,0.9187328562909958,0.8693337128919136
173,"OS_('SMOTE_PSO', ""{'k': 3, 'eps': 0.05, 'n_pop': 10, 'w': 1.0, 'c1': 2.0, 'c2': 2.0, 'num_it': 10, 'n_jobs': 1, 'random_state': 1}"")",KNeighborsClassifier(),0.9149251653324051,0.750955591520941,0.9648717948717949,0.8437042842215255,0.9322152653548003,0.8507721647705356
174,"OS_('SMOTE_PSO', ""{'k': 3, 'eps': 0.05, 'n_pop': 10, 'w': 1.0, 'c1': 2.0, 'c2': 2.0, 'num_it': 10, 'n_jobs': 1, 'random_state': 1}"")",MLPClassifier(random_state=1),0.9680891054646711,0.8962488236401279,0.9798717948717949,0.9356889678909825,0.9721422182468695,0.9368734107101604
175,"OS_('SMOTE_PSO', ""{'k': 3, 'eps': 0.05, 'n_pop': 10, 'w': 1.0, 'c1': 2.0, 'c2': 2.0, 'num_it': 10, 'n_jobs': 1, 'random_state': 1}"")","Pipeline(steps=[('standardscaler', StandardScaler()),
                ('svc',
                 SVC(C=1, gamma='auto', kernel='linear', random_state=1))])",0.9633623390184475,0.8842788971367975,0.9747435897435898,0.9263901983503476,0.9672704233750744,0.9279483168655208
176,"OS_('CURE_SMOTE', ""{'proportion': 1.0, 'n_clusters': 5, 'noise_th': 2, 'n_jobs': 1, 'random_state': 1}"")",DecisionTreeClassifier(random_state=1),0.937361642882005,0.8511510453370918,0.8943589743589744,0.8712358003442342,0.9224329159212881,0.8719950536790183
177,"OS_('CURE_SMOTE', ""{'proportion': 1.0, 'n_clusters': 5, 'noise_th': 2, 'n_jobs': 1, 'random_state': 1}"")",KNeighborsClassifier(),0.9196101635920642,0.7750164578727585,0.9448717948717947,0.8493560701156884,0.9283750745378653,0.8546164135303078
178,"OS_('CURE_SMOTE', ""{'proportion': 1.0, 'n_clusters': 5, 'noise_th': 2, 'n_jobs': 1, 'random_state': 1}"")",MLPClassifier(random_state=1),0.9657222415593456,0.891505787356851,0.9747435897435898,0.930729455231859,0.9688088849135361,0.9319257085018634
179,"OS_('CURE_SMOTE', ""{'proportion': 1.0, 'n_clusters': 5, 'noise_th': 2, 'n_jobs': 1, 'random_state': 1}"")","Pipeline(steps=[('standardscaler', StandardScaler()),
                ('svc',
                 SVC(C=1, gamma='auto', kernel='linear', random_state=1))])",0.9692794987817612,0.903942723942724,0.9747435897435898,0.9375225061882164,0.9711404293381036,0.9384321480346769
180,"OS_('SOMO', ""{'proportion': 1.0, 'n_grid': 10, 'sigma': 0.2, 'learning_rate': 0.5, 'n_iter': 100, 'n_jobs': 1, 'random_state': 1}"")",DecisionTreeClassifier(random_state=1),0.9208144796380091,0.8170175438596491,0.8592307692307692,0.8368661610985857,0.8994722719141324,0.8374946621556283
181,"OS_('SOMO', ""{'proportion': 1.0, 'n_grid': 10, 'sigma': 0.2, 'learning_rate': 0.5, 'n_iter': 100, 'n_jobs': 1, 'random_state': 1}"")",KNeighborsClassifier(),0.9479916463626872,0.9062561134929557,0.8794871794871796,0.8895653847398348,0.9242754919499104,0.891215161205043
182,"OS_('SOMO', ""{'proportion': 1.0, 'n_grid': 10, 'sigma': 0.2, 'learning_rate': 0.5, 'n_iter': 100, 'n_jobs': 1, 'random_state': 1}"")",MLPClassifier(random_state=1),0.9586077271145145,0.9040598290598292,0.9246153846153847,0.9137330316742082,0.9468336314847943,0.9140350573080663
183,"OS_('SOMO', ""{'proportion': 1.0, 'n_grid': 10, 'sigma': 0.2, 'learning_rate': 0.5, 'n_iter': 100, 'n_jobs': 1, 'random_state': 1}"")","Pipeline(steps=[('standardscaler', StandardScaler()),
                ('svc',
                 SVC(C=1, gamma='auto', kernel='linear', random_state=1))])",0.9669056735120083,0.9142863419730004,0.9497435897435897,0.930897118991361,0.9609540846750149,0.9314557071953802
184,"OS_('CE_SMOTE', ""{'proportion': 1.0, 'h': 10, 'k': 5, 'alpha': 0.5, 'n_jobs': 1, 'random_state': 1}"")",DecisionTreeClassifier(random_state=1),0.9420605638705186,0.8776283740949585,0.879102564102564,0.8772315033854342,0.920207215265355,0.8777979618308276
185,"OS_('CE_SMOTE', ""{'proportion': 1.0, 'h': 10, 'k': 5, 'alpha': 0.5, 'n_jobs': 1, 'random_state': 1}"")",KNeighborsClassifier(),0.9137208492864601,0.7516281179138321,0.96,0.8412715618082439,0.9297674418604652,0.8484946581319844
186,"OS_('CE_SMOTE', ""{'proportion': 1.0, 'h': 10, 'k': 5, 'alpha': 0.5, 'n_jobs': 1, 'random_state': 1}"")",MLPClassifier(random_state=1),0.9609954751131221,0.8759934389145345,0.9748717948717948,0.922276796706609,0.9657781753130591,0.9238524619164503
187,"OS_('CE_SMOTE', ""{'proportion': 1.0, 'h': 10, 'k': 5, 'alpha': 0.5, 'n_jobs': 1, 'random_state': 1}"")","Pipeline(steps=[('standardscaler', StandardScaler()),
                ('svc',
                 SVC(C=1, gamma='auto', kernel='linear', random_state=1))])",0.9633623390184475,0.8880173688100518,0.9697435897435897,0.9262744226531765,0.965545617173524,0.9275755184207002
188,"OS_('Edge_Det_SMOTE', ""{'proportion': 1.0, 'k': 5, 'n_jobs': 1, 'random_state': 1}"")",DecisionTreeClassifier(random_state=1),0.9373268360598678,0.8644621638524077,0.8693589743589744,0.8668299734333489,0.9138088849135361,0.8668702696823658
189,"OS_('Edge_Det_SMOTE', ""{'proportion': 1.0, 'k': 5, 'n_jobs': 1, 'random_state': 1}"")",KNeighborsClassifier(),0.914890358510268,0.7562638984214137,0.959871794871795,0.843947129061198,0.9304606440071556,0.8509540623323273
190,"OS_('Edge_Det_SMOTE', ""{'proportion': 1.0, 'k': 5, 'n_jobs': 1, 'random_state': 1}"")",MLPClassifier(random_state=1),0.9633553776540202,0.8839697497624327,0.9748717948717948,0.9266441831721602,0.9673225998807394,0.9280305288535562
191,"OS_('Edge_Det_SMOTE', ""{'proportion': 1.0, 'k': 5, 'n_jobs': 1, 'random_state': 1}"")","Pipeline(steps=[('standardscaler', StandardScaler()),
                ('svc',
                 SVC(C=1, gamma='auto', kernel='linear', random_state=1))])",0.9645457709711105,0.8884737484737485,0.9747435897435898,0.928692331102661,0.9680396541443053,0.9301483608637815
192,"OS_('DBSMOTE', ""{'proportion': 1.0, 'eps': 0.8, 'min_samples': 3, 'n_jobs': 1, 'random_state': 1}"")",DecisionTreeClassifier(random_state=1),0.9361573268360599,0.8444901421833112,0.8942307692307694,0.867661099763707,0.9216115086463924,0.8685097073858838
193,"OS_('DBSMOTE', ""{'proportion': 1.0, 'eps': 0.8, 'min_samples': 3, 'n_jobs': 1, 'random_state': 1}"")",KNeighborsClassifier(),0.9432579185520362,0.8943971391339811,0.8794871794871796,0.8822531317754079,0.921174716756112,0.8845897728794172
194,"OS_('DBSMOTE', ""{'proportion': 1.0, 'eps': 0.8, 'min_samples': 3, 'n_jobs': 1, 'random_state': 1}"")",MLPClassifier(random_state=1),0.9668917507831534,0.9195459619355919,0.9447435897435899,0.9310733033252904,0.9592173524150269,0.931608486999763
195,"OS_('DBSMOTE', ""{'proportion': 1.0, 'eps': 0.8, 'min_samples': 3, 'n_jobs': 1, 'random_state': 1}"")","Pipeline(steps=[('standardscaler', StandardScaler()),
                ('svc',
                 SVC(C=1, gamma='auto', kernel='linear', random_state=1))])",0.9669056735120083,0.9109967809967812,0.9547435897435899,0.9316818371018105,0.9626848539057841,0.9322756132118389
196,"OS_('ASMOBD', ""{'proportion': 1.0, 'min_samples': 3, 'eps': 0.8, 'eta': 0.5, 'T_1': 1.0, 'T_2': 1.0, 't_1': 4.0, 't_2': 4.0, 'a': 0.05, 'smoothing': 'linear', 'n_jobs': 1, 'random_state': 1}"")",DecisionTreeClassifier(random_state=1),0.936143404107205,0.853315211919863,0.8841025641025642,0.8669671007445634,0.9180739415623137,0.8678373883163903
197,"OS_('ASMOBD', ""{'proportion': 1.0, 'min_samples': 3, 'eps': 0.8, 'eta': 0.5, 'T_1': 1.0, 'T_2': 1.0, 't_1': 4.0, 't_2': 4.0, 'a': 0.05, 'smoothing': 'linear', 'n_jobs': 1, 'random_state': 1}"")",KNeighborsClassifier(),0.9397076226940481,0.8633386062367411,0.8944871794871796,0.8759776935215532,0.9240414430530709,0.8774406926147588
198,"OS_('ASMOBD', ""{'proportion': 1.0, 'min_samples': 3, 'eps': 0.8, 'eta': 0.5, 'T_1': 1.0, 'T_2': 1.0, 't_1': 4.0, 't_2': 4.0, 'a': 0.05, 'smoothing': 'linear', 'n_jobs': 1, 'random_state': 1}"")",MLPClassifier(random_state=1),0.9657083188304908,0.9069014795738021,0.9548717948717949,0.9297643606927026,0.9619618366129995,0.9303249536358381
199,"OS_('ASMOBD', ""{'proportion': 1.0, 'min_samples': 3, 'eps': 0.8, 'eta': 0.5, 'T_1': 1.0, 'T_2': 1.0, 't_1': 4.0, 't_2': 4.0, 'a': 0.05, 'smoothing': 'linear', 'n_jobs': 1, 'random_state': 1}"")","Pipeline(steps=[('standardscaler', StandardScaler()),
                ('svc',
                 SVC(C=1, gamma='auto', kernel='linear', random_state=1))])",0.9657222415593456,0.9064989895285146,0.9546153846153846,0.9293328815471332,0.9618395945140131,0.9299446330211609
200,"OS_('Assembled_SMOTE', ""{'proportion': 1.0, 'n_neighbors': 5, 'pop': 2, 'thres': 0.3, 'n_jobs': 1, 'random_state': 1}"")",DecisionTreeClassifier(random_state=1),0.9456247824573616,0.8947281602159652,0.874102564102564,0.8834954450808109,0.9208199165175909,0.8839551561579778
201,"OS_('Assembled_SMOTE', ""{'proportion': 1.0, 'n_neighbors': 5, 'pop': 2, 'thres': 0.3, 'n_jobs': 1, 'random_state': 1}"")",KNeighborsClassifier(),0.9089801601113818,0.7478520303110948,0.9448717948717948,0.8328666016087671,0.9214102564102562,0.8395632616710156
202,"OS_('Assembled_SMOTE', ""{'proportion': 1.0, 'n_neighbors': 5, 'pop': 2, 'thres': 0.3, 'n_jobs': 1, 'random_state': 1}"")",MLPClassifier(random_state=1),0.9621719457013574,0.8836038961038961,0.9697435897435897,0.9239859553240588,0.9647584973166369,0.9253279089174994
203,"OS_('Assembled_SMOTE', ""{'proportion': 1.0, 'n_neighbors': 5, 'pop': 2, 'thres': 0.3, 'n_jobs': 1, 'random_state': 1}"")","Pipeline(steps=[('standardscaler', StandardScaler()),
                ('svc',
                 SVC(C=1, gamma='auto', kernel='linear', random_state=1))])",0.9680960668290984,0.9035942918869748,0.9697435897435897,0.9349329247368463,0.9686404293381037,0.935800257173135
204,"OS_('SDSMOTE', ""{'proportion': 1.0, 'n_neighbors': 5, 'n_jobs': 1, 'random_state': 1}"")",DecisionTreeClassifier(random_state=1),0.9396936999651931,0.8726069103267061,0.8743589743589745,0.8728962093098132,0.9170602265951103,0.8731894810484476
205,"OS_('SDSMOTE', ""{'proportion': 1.0, 'n_neighbors': 5, 'n_jobs': 1, 'random_state': 1}"")",KNeighborsClassifier(),0.9137138879220327,0.7585884655280551,0.9548717948717949,0.8426463671436697,0.927948717948718,0.8496241150527494
206,"OS_('SDSMOTE', ""{'proportion': 1.0, 'n_neighbors': 5, 'n_jobs': 1, 'random_state': 1}"")",MLPClassifier(random_state=1),0.9633553776540202,0.8839697497624327,0.9748717948717948,0.9266441831721602,0.9673225998807394,0.9280305288535562
207,"OS_('SDSMOTE', ""{'proportion': 1.0, 'n_neighbors': 5, 'n_jobs': 1, 'random_state': 1}"")","Pipeline(steps=[('standardscaler', StandardScaler()),
                ('svc',
                 SVC(C=1, gamma='auto', kernel='linear', random_state=1))])",0.9657292029237731,0.8962184053621522,0.9697435897435897,0.9307138577997266,0.9670900417412044,0.9318460796302652
208,"OS_('DSMOTE', ""{'proportion': 1.0, 'n_neighbors': 5, 'rate': 0.1, 'n_step': 50, 'n_jobs': 1, 'random_state': 1}"")",DecisionTreeClassifier(random_state=1),0.9136999651931779,0.8674249280700893,0.7485897435897437,0.8030231993433146,0.8565071556350625,0.8055095255107723
209,"OS_('DSMOTE', ""{'proportion': 1.0, 'n_neighbors': 5, 'rate': 0.1, 'n_step': 50, 'n_jobs': 1, 'random_state': 1}"")",KNeighborsClassifier(),0.9255273233553776,0.856751437417072,0.8339743589743589,0.842063820382583,0.8937790697674419,0.8437103672045587
210,"OS_('DSMOTE', ""{'proportion': 1.0, 'n_neighbors': 5, 'rate': 0.1, 'n_step': 50, 'n_jobs': 1, 'random_state': 1}"")",MLPClassifier(random_state=1),0.9325931082492168,0.8957885357885358,0.8085897435897437,0.8483233339766085,0.8895960047704234,0.8502497405489763
211,"OS_('DSMOTE', ""{'proportion': 1.0, 'n_neighbors': 5, 'rate': 0.1, 'n_step': 50, 'n_jobs': 1, 'random_state': 1}"")","Pipeline(steps=[('standardscaler', StandardScaler()),
                ('svc',
                 SVC(C=1, gamma='auto', kernel='linear', random_state=1))])",0.9562617473024714,0.9137405230428486,0.9041025641025641,0.9066683110300827,0.9381276088252832,0.9077927109539091
212,"OS_('G_SMOTE', ""{'proportion': 1.0, 'n_neighbors': 5, 'method': 'linear', 'n_jobs': 1, 'random_state': 1}"")",DecisionTreeClassifier(random_state=1),0.9266689871214757,0.8450069942297604,0.8439743589743591,0.8434541909843114,0.8979979129397734,0.8439721730011776
213,"OS_('G_SMOTE', ""{'proportion': 1.0, 'n_neighbors': 5, 'method': 'linear', 'n_jobs': 1, 'random_state': 1}"")",KNeighborsClassifier(),0.9255203619909501,0.7841148594657145,0.9650000000000001,0.8625318804346118,0.9391964818127608,0.8684958939009265
214,"OS_('G_SMOTE', ""{'proportion': 1.0, 'n_neighbors': 5, 'method': 'linear', 'n_jobs': 1, 'random_state': 1}"")",MLPClassifier(random_state=1),0.9621719457013574,0.8836038961038961,0.9697435897435897,0.9239859553240588,0.9647584973166369,0.9253279089174994
215,"OS_('G_SMOTE', ""{'proportion': 1.0, 'n_neighbors': 5, 'method': 'linear', 'n_jobs': 1, 'random_state': 1}"")","Pipeline(steps=[('standardscaler', StandardScaler()),
                ('svc',
                 SVC(C=1, gamma='auto', kernel='linear', random_state=1))])",0.9680960668290984,0.8972760572760572,0.9797435897435898,0.9358112762416922,0.9720900417412045,0.9371585707612299
216,"OS_('NT_SMOTE', ""{'proportion': 1.0, 'n_jobs': 1, 'random_state': 1}"")",DecisionTreeClassifier(random_state=1),0.9313957535676993,0.8479691002890096,0.863974358974359,0.8550074807886542,0.9080038759689921,0.8554893698502193
217,"OS_('NT_SMOTE', ""{'proportion': 1.0, 'n_jobs': 1, 'random_state': 1}"")",KNeighborsClassifier(),0.9196240863209189,0.7686369684010453,0.959871794871795,0.8515453502046275,0.9335554561717352,0.857854439944181
218,"OS_('NT_SMOTE', ""{'proportion': 1.0, 'n_jobs': 1, 'random_state': 1}"")",MLPClassifier(random_state=1),0.9621789070657849,0.8797615548565634,0.9748717948717948,0.9244108596341055,0.9665533691115087,0.9258617874180913
219,"OS_('NT_SMOTE', ""{'proportion': 1.0, 'n_jobs': 1, 'random_state': 1}"")","Pipeline(steps=[('standardscaler', StandardScaler()),
                ('svc',
                 SVC(C=1, gamma='auto', kernel='linear', random_state=1))])",0.9669126348764359,0.899826175944946,0.9697435897435897,0.9327988618093498,0.967865235539654,0.9337909316714936
220,"OS_('Lee', ""{'proportion': 1.0, 'n_neighbors': 5, 'rejection_level': 0.5, 'n_jobs': 1, 'random_state': 1}"")",DecisionTreeClassifier(random_state=1),0.9278733031674207,0.8502637700312119,0.8441025641025641,0.8461435348322002,0.8988491353607632,0.8466631110119465
221,"OS_('Lee', ""{'proportion': 1.0, 'n_neighbors': 5, 'rejection_level': 0.5, 'n_jobs': 1, 'random_state': 1}"")",KNeighborsClassifier(),0.9184615384615384,0.772124842199936,0.9548717948717949,0.850557747318668,0.931061419200954,0.8569707127868055
222,"OS_('Lee', ""{'proportion': 1.0, 'n_neighbors': 5, 'rejection_level': 0.5, 'n_jobs': 1, 'random_state': 1}"")",MLPClassifier(random_state=1),0.9633553776540202,0.8839697497624327,0.9748717948717948,0.9266441831721602,0.9673225998807394,0.9280305288535562
223,"OS_('Lee', ""{'proportion': 1.0, 'n_neighbors': 5, 'rejection_level': 0.5, 'n_jobs': 1, 'random_state': 1}"")","Pipeline(steps=[('standardscaler', StandardScaler()),
                ('svc',
                 SVC(C=1, gamma='auto', kernel='linear', random_state=1))])",0.9680960668290984,0.9004737245110883,0.9747435897435898,0.935311558949152,0.970365235539654,0.9364587356704096
224,"OS_('SPY', ""{'n_neighbors': 5, 'threshold': 0.5, 'n_jobs': 1}"")",DecisionTreeClassifier(random_state=1),0.885339366515837,0.6927035496766922,0.9346153846153846,0.7937924287383508,0.9023524150268336,0.803642439615863
225,"OS_('SPY', ""{'n_neighbors': 5, 'threshold': 0.5, 'n_jobs': 1}"")",KNeighborsClassifier(),0.8865227984684999,0.6908774030271025,0.96,0.8009719256824726,0.9119856887298748,0.8130749250226842
226,"OS_('SPY', ""{'n_neighbors': 5, 'threshold': 0.5, 'n_jobs': 1}"")",MLPClassifier(random_state=1),0.9219561434041073,0.755913811128028,1.0,0.8597090782115169,0.9489505068574836,0.8687689110492951
227,"OS_('SPY', ""{'n_neighbors': 5, 'threshold': 0.5, 'n_jobs': 1}"")","Pipeline(steps=[('standardscaler', StandardScaler()),
                ('svc',
                 SVC(C=1, gamma='auto', kernel='linear', random_state=1))])",0.933783501566307,0.7886577587388947,0.9949999999999999,0.8783769100763787,0.9549418604651162,0.8850654264225142
228,"OS_('SMOTE_PSOBAT', ""{'maxit': 50, 'c1': 0.3, 'c2': 0.1, 'c3': 0.1, 'alpha': 0.9, 'gamma': 0.9, 'method': 'bat', 'n_jobs': 1, 'random_state': 1}"")",DecisionTreeClassifier(random_state=1),0.9373337974242952,0.872121883284674,0.8684615384615384,0.8645773108739989,0.9133422778771616,0.8674188426729733
229,"OS_('SMOTE_PSOBAT', ""{'maxit': 50, 'c1': 0.3, 'c2': 0.1, 'c3': 0.1, 'alpha': 0.9, 'gamma': 0.9, 'method': 'bat', 'n_jobs': 1, 'random_state': 1}"")",KNeighborsClassifier(),0.9409119387399929,0.8605233369135808,0.9047435897435898,0.8797748735090506,0.9284123434704832,0.881200805357395
230,"OS_('SMOTE_PSOBAT', ""{'maxit': 50, 'c1': 0.3, 'c2': 0.1, 'c3': 0.1, 'alpha': 0.9, 'gamma': 0.9, 'method': 'bat', 'n_jobs': 1, 'random_state': 1}"")",MLPClassifier(random_state=1),0.964524886877828,0.9067737211533606,0.949871794871795,0.9272319909245604,0.9594618366129994,0.9277768299076733
231,"OS_('SMOTE_PSOBAT', ""{'maxit': 50, 'c1': 0.3, 'c2': 0.1, 'c3': 0.1, 'alpha': 0.9, 'gamma': 0.9, 'method': 'bat', 'n_jobs': 1, 'random_state': 1}"")","Pipeline(steps=[('standardscaler', StandardScaler()),
                ('svc',
                 SVC(C=1, gamma='auto', kernel='linear', random_state=1))])",0.9657292029237731,0.8957857719045418,0.9697435897435897,0.9305579654508064,0.9670900417412044,0.931660222138788
232,"OS_('MDO', ""{'proportion': 1.0, 'K2': 5, 'K1_frac': 0.5, 'n_jobs': 1, 'random_state': 1}"")",DecisionTreeClassifier(random_state=1),0.9267037939436129,0.8279773054123261,0.8794871794871796,0.8511028227529677,0.910345855694693,0.8524131770224305
233,"OS_('MDO', ""{'proportion': 1.0, 'K2': 5, 'K1_frac': 0.5, 'n_jobs': 1, 'random_state': 1}"")",KNeighborsClassifier(),0.9468082144100244,0.8966745902815901,0.8844871794871796,0.8877584798637432,0.92523106738223,0.8891672631970348
234,"OS_('MDO', ""{'proportion': 1.0, 'K2': 5, 'K1_frac': 0.5, 'n_jobs': 1, 'random_state': 1}"")",MLPClassifier(random_state=1),0.9621789070657849,0.8710872606828731,0.9898717948717948,0.9258758138901092,0.9717337507453786,0.928173532382673
235,"OS_('MDO', ""{'proportion': 1.0, 'K2': 5, 'K1_frac': 0.5, 'n_jobs': 1, 'random_state': 1}"")","Pipeline(steps=[('standardscaler', StandardScaler()),
                ('svc',
                 SVC(C=1, gamma='auto', kernel='linear', random_state=1))])",0.9420814479638009,0.809938928289992,0.99,0.8902879015498237,0.9586553369111508,0.8951113153698212
236,"OS_('Random_SMOTE', ""{'proportion': 1.0, 'n_neighbors': 5, 'n_jobs': 1, 'random_state': 1}"")",DecisionTreeClassifier(random_state=1),0.9219491820396797,0.8334656142370266,0.8394871794871795,0.8355757783575765,0.8934525939177101,0.8360258774058451
237,"OS_('Random_SMOTE', ""{'proportion': 1.0, 'n_neighbors': 5, 'n_jobs': 1, 'random_state': 1}"")",KNeighborsClassifier(),0.9196240863209187,0.7687114150624789,0.9650000000000001,0.8530835362824964,0.9353384019081694,0.8599117075349689
238,"OS_('Random_SMOTE', ""{'proportion': 1.0, 'n_neighbors': 5, 'n_jobs': 1, 'random_state': 1}"")",MLPClassifier(random_state=1),0.9633553776540202,0.8839697497624327,0.9748717948717948,0.9266441831721602,0.9673225998807394,0.9280305288535562
239,"OS_('Random_SMOTE', ""{'proportion': 1.0, 'n_neighbors': 5, 'n_jobs': 1, 'random_state': 1}"")","Pipeline(steps=[('standardscaler', StandardScaler()),
                ('svc',
                 SVC(C=1, gamma='auto', kernel='linear', random_state=1))])",0.9669126348764359,0.8969276252203082,0.9747435897435898,0.9332216947903224,0.9695900417412044,0.934526679899688
240,"OS_('ISMOTE', ""{'n_neighbors': 5, 'minority_weight': 0.5, 'n_jobs': 1, 'random_state': 1}"")",DecisionTreeClassifier(random_state=1),0.8781970066132961,0.7131966537056675,0.8589743589743589,0.7755481096566368,0.8714728682170543,0.7807654078371613
241,"OS_('ISMOTE', ""{'n_neighbors': 5, 'minority_weight': 0.5, 'n_jobs': 1, 'random_state': 1}"")",KNeighborsClassifier(),0.9208284023668639,0.778467759196702,0.95,0.8525365959341864,0.9309570661896244,0.8583437897518834
242,"OS_('ISMOTE', ""{'n_neighbors': 5, 'minority_weight': 0.5, 'n_jobs': 1, 'random_state': 1}"")",MLPClassifier(random_state=1),0.9621789070657849,0.8765523349984073,0.9798717948717949,0.9247372472424404,0.9682781753130592,0.9264719645210981
243,"OS_('ISMOTE', ""{'n_neighbors': 5, 'minority_weight': 0.5, 'n_jobs': 1, 'random_state': 1}"")","Pipeline(steps=[('standardscaler', StandardScaler()),
                ('svc',
                 SVC(C=1, gamma='auto', kernel='linear', random_state=1))])",0.9645527323355377,0.8868595980094238,0.9797435897435898,0.9294675639244927,0.9697763864042933,0.9313804973722359
244,"OS_('GASMOTE', ""{'n_neighbors': 5, 'maxn': 7, 'n_pop': 10, 'popl3': 5, 'pm': 0.3, 'pr': 0.2, 'Ge': 10, 'n_jobs': 1, 'random_state': 1}"")",DecisionTreeClassifier(random_state=1),0.937312913331013,0.8707729197107639,0.8635897435897435,0.8647274917193617,0.9116756112104948,0.8659509084181988
245,"OS_('GASMOTE', ""{'n_neighbors': 5, 'maxn': 7, 'n_pop': 10, 'popl3': 5, 'pm': 0.3, 'pr': 0.2, 'Ge': 10, 'n_jobs': 1, 'random_state': 1}"")",KNeighborsClassifier(),0.9066202575704839,0.7364112534645966,0.959871794871795,0.8309887549173629,0.9250581395348838,0.8394902234256181
246,"OS_('GASMOTE', ""{'n_neighbors': 5, 'maxn': 7, 'n_pop': 10, 'popl3': 5, 'pm': 0.3, 'pr': 0.2, 'Ge': 10, 'n_jobs': 1, 'random_state': 1}"")",MLPClassifier(random_state=1),0.9657222415593456,0.8880069067158709,0.9798717948717949,0.9311989005902201,0.9705977936791891,0.93256748176957
247,"OS_('GASMOTE', ""{'n_neighbors': 5, 'maxn': 7, 'n_pop': 10, 'popl3': 5, 'pm': 0.3, 'pr': 0.2, 'Ge': 10, 'n_jobs': 1, 'random_state': 1}"")","Pipeline(steps=[('standardscaler', StandardScaler()),
                ('svc',
                 SVC(C=1, gamma='auto', kernel='linear', random_state=1))])",0.9680960668290984,0.9004737245110883,0.9747435897435898,0.935311558949152,0.970365235539654,0.9364587356704096
248,"OS_('SMOTE_FRST_2T', ""{'n_neighbors': 5, 'gamma_S': 0.7, 'gamma_M': 0.03, 'n_jobs': 1, 'random_state': 1}"")",DecisionTreeClassifier(random_state=1),0.9325931082492168,0.8659843205574912,0.8488461538461539,0.855606978213757,0.9035286225402505,0.8565090739688015
249,"OS_('SMOTE_FRST_2T', ""{'n_neighbors': 5, 'gamma_S': 0.7, 'gamma_M': 0.03, 'n_jobs': 1, 'random_state': 1}"")",KNeighborsClassifier(),0.9090080055690916,0.7408957492875994,0.96,0.8344490892756842,0.9266845557543231,0.8423910540150883
250,"OS_('SMOTE_FRST_2T', ""{'n_neighbors': 5, 'gamma_S': 0.7, 'gamma_M': 0.03, 'n_jobs': 1, 'random_state': 1}"")",MLPClassifier(random_state=1),0.9645388096066829,0.8874271965709433,0.9748717948717948,0.9286818007270192,0.968097793679189,0.9299142832300097
251,"OS_('SMOTE_FRST_2T', ""{'n_neighbors': 5, 'gamma_S': 0.7, 'gamma_M': 0.03, 'n_jobs': 1, 'random_state': 1}"")","Pipeline(steps=[('standardscaler', StandardScaler()),
                ('svc',
                 SVC(C=1, gamma='auto', kernel='linear', random_state=1))])",0.9645457709711103,0.8910421821609521,0.9697435897435897,0.9281561478591153,0.9663208109719736,0.9292734153056765
252,"OS_('AND_SMOTE', ""{'proportion': 1.0, 'K': 15, 'n_jobs': 1, 'random_state': 1}"")",DecisionTreeClassifier(random_state=1),0.9314027149321266,0.8511237373737373,0.8689743589743589,0.8569728172959324,0.9097167561121051,0.8585083676439146
253,"OS_('AND_SMOTE', ""{'proportion': 1.0, 'K': 15, 'n_jobs': 1, 'random_state': 1}"")",KNeighborsClassifier(),0.9160946745562131,0.7575419578032958,0.9648717948717949,0.8466781093609788,0.9329785330948122,0.8538907598973846
254,"OS_('AND_SMOTE', ""{'proportion': 1.0, 'K': 15, 'n_jobs': 1, 'random_state': 1}"")",MLPClassifier(random_state=1),0.9633553776540202,0.8839697497624327,0.9748717948717948,0.9266441831721602,0.9673225998807394,0.9280305288535562
255,"OS_('AND_SMOTE', ""{'proportion': 1.0, 'K': 15, 'n_jobs': 1, 'random_state': 1}"")","Pipeline(steps=[('standardscaler', StandardScaler()),
                ('svc',
                 SVC(C=1, gamma='auto', kernel='linear', random_state=1))])",0.9669126348764359,0.8995538878465708,0.9697435897435897,0.9326920283783029,0.967865235539654,0.9336695476404293
256,"OS_('NRAS', ""{'proportion': 1.0, 'n_neighbors': 5, 't': 0.5, 'n_jobs': 1, 'random_state': 1}"")",DecisionTreeClassifier(random_state=1),0.9184267316394011,0.8359446527867581,0.8193589743589744,0.8268361463098305,0.8841457960644007,0.8272438183567316
257,"OS_('NRAS', ""{'proportion': 1.0, 'n_neighbors': 5, 't': 0.5, 'n_jobs': 1, 'random_state': 1}"")",KNeighborsClassifier(),0.9219909502262442,0.7770972317547471,0.96,0.8561665906672747,0.9351580202742994,0.8623076420073952
258,"OS_('NRAS', ""{'proportion': 1.0, 'n_neighbors': 5, 't': 0.5, 'n_jobs': 1, 'random_state': 1}"")",MLPClassifier(random_state=1),0.9645388096066829,0.8874271965709433,0.9748717948717948,0.9286818007270192,0.968097793679189,0.9299142832300097
259,"OS_('NRAS', ""{'proportion': 1.0, 'n_neighbors': 5, 't': 0.5, 'n_jobs': 1, 'random_state': 1}"")","Pipeline(steps=[('standardscaler', StandardScaler()),
                ('svc',
                 SVC(C=1, gamma='auto', kernel='linear', random_state=1))])",0.9692794987817612,0.903942723942724,0.9747435897435898,0.9375225061882164,0.9711404293381036,0.9384321480346769
260,"OS_('AMSCO', ""{'n_pop': 5, 'n_iter': 15, 'omega': 0.1, 'r1': 0.1, 'r2': 0.1, 'n_jobs': 1, 'classifier': DecisionTreeClassifier(random_state=2), 'random_state': 1}"")",DecisionTreeClassifier(random_state=1),0.9396728158719109,0.8617893217893219,0.8889743589743591,0.8737894709630721,0.9220423375074537,0.8745850919924016
261,"OS_('AMSCO', ""{'n_pop': 5, 'n_iter': 15, 'omega': 0.1, 'r1': 0.1, 'r2': 0.1, 'n_jobs': 1, 'classifier': DecisionTreeClassifier(random_state=2), 'random_state': 1}"")",KNeighborsClassifier(),0.8995405499477898,0.7189212883552506,0.97,0.8228956865235707,0.923944543828265,0.833571697723358
262,"OS_('AMSCO', ""{'n_pop': 5, 'n_iter': 15, 'omega': 0.1, 'r1': 0.1, 'r2': 0.1, 'n_jobs': 1, 'classifier': DecisionTreeClassifier(random_state=2), 'random_state': 1}"")",MLPClassifier(random_state=1),0.9621719457013576,0.8731291246664885,0.9848717948717949,0.9251303530816715,0.9700029815146095,0.9270624888607942
263,"OS_('AMSCO', ""{'n_pop': 5, 'n_iter': 15, 'omega': 0.1, 'r1': 0.1, 'r2': 0.1, 'n_jobs': 1, 'classifier': DecisionTreeClassifier(random_state=2), 'random_state': 1}"")","Pipeline(steps=[('standardscaler', StandardScaler()),
                ('svc',
                 SVC(C=1, gamma='auto', kernel='linear', random_state=1))])",0.9657222415593456,0.8887233415812419,0.9797435897435898,0.9310960807032889,0.9705456171735241,0.9326623620734311
264,"OS_('SSO', ""{'proportion': 1.0, 'n_neighbors': 5, 'h': 10, 'n_iter': 5, 'n_jobs': 1, 'random_state': 1}"")",DecisionTreeClassifier(random_state=1),0.933783501566307,0.8365806164459777,0.8942307692307692,0.863970166379805,0.9200491949910555,0.8646875571640195
265,"OS_('SSO', ""{'proportion': 1.0, 'n_neighbors': 5, 'h': 10, 'n_iter': 5, 'n_jobs': 1, 'random_state': 1}"")",KNeighborsClassifier(),0.9409049773755657,0.8444028079094806,0.9296153846153846,0.8829806197228498,0.9369722719141323,0.8849865522748555
266,"OS_('SSO', ""{'proportion': 1.0, 'n_neighbors': 5, 'h': 10, 'n_iter': 5, 'n_jobs': 1, 'random_state': 1}"")",MLPClassifier(random_state=1),0.9597911590671773,0.8657679546658927,0.9848717948717949,0.920845212578884,0.9684525939177101,0.9230785489374194
267,"OS_('SSO', ""{'proportion': 1.0, 'n_neighbors': 5, 'h': 10, 'n_iter': 5, 'n_jobs': 1, 'random_state': 1}"")","Pipeline(steps=[('standardscaler', StandardScaler()),
                ('svc',
                 SVC(C=1, gamma='auto', kernel='linear', random_state=1))])",0.9598050817960321,0.8758391517667595,0.9698717948717949,0.9196111083467405,0.963278175313059,0.9212306559245557
268,"OS_('NDO_sampling', ""{'proportion': 1.0, 'n_neighbors': 5, 'T': 0.5, 'n_jobs': 1, 'random_state': 1}"")",DecisionTreeClassifier(random_state=1),0.934953010790115,0.8514036140123096,0.8792307692307691,0.8639289643006546,0.9156380441264164,0.8646224476975286
269,"OS_('NDO_sampling', ""{'proportion': 1.0, 'n_neighbors': 5, 'T': 0.5, 'n_jobs': 1, 'random_state': 1}"")",KNeighborsClassifier(),0.9137417333797424,0.7553810956157141,0.9550000000000001,0.8413372364902196,0.9280485986881336,0.8482168878548493
270,"OS_('NDO_sampling', ""{'proportion': 1.0, 'n_neighbors': 5, 'T': 0.5, 'n_jobs': 1, 'random_state': 1}"")",MLPClassifier(random_state=1),0.9621719457013574,0.8806534232318205,0.9748717948717948,0.9246523547758374,0.9665474060822898,0.926204738730901
271,"OS_('NDO_sampling', ""{'proportion': 1.0, 'n_neighbors': 5, 'T': 0.5, 'n_jobs': 1, 'random_state': 1}"")","Pipeline(steps=[('standardscaler', StandardScaler()),
                ('svc',
                 SVC(C=1, gamma='auto', kernel='linear', random_state=1))])",0.9669126348764359,0.8964333204706841,0.9747435897435898,0.9330706625906086,0.9695900417412044,0.9343280261377039
272,"OS_('DSRBF', ""{'proportion': 1.0, 'n_neighbors': 5, 'm_min': 4, 'm_max': 10, 'Ib': 2, 'Ob': 2, 'n_pop': 500, 'n_init_pop': 5000, 'n_iter': 40, 'n_sampling_epoch': 5, 'n_jobs': 1, 'random_state': 1}"")",DecisionTreeClassifier(random_state=1),0.9337974242951619,0.8562787706690145,0.8642307692307691,0.859565866232533,0.9097122838401909,0.8599101544416898
273,"OS_('DSRBF', ""{'proportion': 1.0, 'n_neighbors': 5, 'm_min': 4, 'm_max': 10, 'Ib': 2, 'Ob': 2, 'n_pop': 500, 'n_init_pop': 5000, 'n_iter': 40, 'n_sampling_epoch': 5, 'n_jobs': 1, 'random_state': 1}"")",KNeighborsClassifier(),0.9160807518273583,0.7538896643403123,0.9650000000000001,0.8453441689396746,0.933030709600477,0.8523534577363409
274,"OS_('DSRBF', ""{'proportion': 1.0, 'n_neighbors': 5, 'm_min': 4, 'm_max': 10, 'Ib': 2, 'Ob': 2, 'n_pop': 500, 'n_init_pop': 5000, 'n_iter': 40, 'n_sampling_epoch': 5, 'n_jobs': 1, 'random_state': 1}"")",MLPClassifier(random_state=1),0.9645388096066829,0.8837475428912895,0.9798717948717949,0.9290302327827684,0.9698285629099583,0.930418474272679
275,"OS_('DSRBF', ""{'proportion': 1.0, 'n_neighbors': 5, 'm_min': 4, 'm_max': 10, 'Ib': 2, 'Ob': 2, 'n_pop': 500, 'n_init_pop': 5000, 'n_iter': 40, 'n_sampling_epoch': 5, 'n_jobs': 1, 'random_state': 1}"")","Pipeline(steps=[('standardscaler', StandardScaler()),
                ('svc',
                 SVC(C=1, gamma='auto', kernel='linear', random_state=1))])",0.9692794987817612,0.9041740020319023,0.9747435897435898,0.9374500246000474,0.9711404293381036,0.9384534557126953
276,"OS_('Gaussian_SMOTE', ""{'proportion': 1.0, 'n_neighbors': 5, 'sigma': 1.0, 'n_jobs': 1, 'random_state': 1}"")",DecisionTreeClassifier(random_state=1),0.9243230073094326,0.8185042735042736,0.8793589743589745,0.8454252115307831,0.9087432915921289,0.8471720146612884
277,"OS_('Gaussian_SMOTE', ""{'proportion': 1.0, 'n_neighbors': 5, 'sigma': 1.0, 'n_jobs': 1, 'random_state': 1}"")",KNeighborsClassifier(),0.9479916463626872,0.9062561134929557,0.8794871794871796,0.8895653847398348,0.9242754919499104,0.891215161205043
278,"OS_('Gaussian_SMOTE', ""{'proportion': 1.0, 'n_neighbors': 5, 'sigma': 1.0, 'n_jobs': 1, 'random_state': 1}"")",MLPClassifier(random_state=1),0.9562408632091891,0.8664746478301465,0.9697435897435897,0.9137752637661437,0.9608825283243888,0.9159366467133309
279,"OS_('Gaussian_SMOTE', ""{'proportion': 1.0, 'n_neighbors': 5, 'sigma': 1.0, 'n_jobs': 1, 'random_state': 1}"")","Pipeline(steps=[('standardscaler', StandardScaler()),
                ('svc',
                 SVC(C=1, gamma='auto', kernel='linear', random_state=1))])",0.917250261051166,0.7488544096884036,0.985,0.8499199366941301,0.9406932021466904,0.8583696235557674
280,"OS_('kmeans_SMOTE', ""{'proportion': 1.0, 'n_neighbors': 5, 'n_clusters': 10, 'irt': 2.0, 'n_jobs': 1, 'random_state': 1}"")",DecisionTreeClassifier(random_state=1),0.9243230073094327,0.8284275674523197,0.8588461538461539,0.8420722994147727,0.9015876565295169,0.8428536388268727
281,"OS_('kmeans_SMOTE', ""{'proportion': 1.0, 'n_neighbors': 5, 'n_clusters': 10, 'irt': 2.0, 'n_jobs': 1, 'random_state': 1}"")",KNeighborsClassifier(),0.9397076226940481,0.8829454329454329,0.8844871794871795,0.8773799962886235,0.9205739415623135,0.8805303304057672
282,"OS_('kmeans_SMOTE', ""{'proportion': 1.0, 'n_neighbors': 5, 'n_clusters': 10, 'irt': 2.0, 'n_jobs': 1, 'random_state': 1}"")",MLPClassifier(random_state=1),0.9668917507831536,0.9089102564102565,0.9597435897435898,0.9326260731138779,0.9643917710196781,0.933474949017954
283,"OS_('kmeans_SMOTE', ""{'proportion': 1.0, 'n_neighbors': 5, 'n_clusters': 10, 'irt': 2.0, 'n_jobs': 1, 'random_state': 1}"")","Pipeline(steps=[('standardscaler', StandardScaler()),
                ('svc',
                 SVC(C=1, gamma='auto', kernel='linear', random_state=1))])",0.9669126348764356,0.9067352390670897,0.9596153846153846,0.9318054403620197,0.964345557543232,0.9324899367936066
284,"OS_('Supervised_SMOTE', ""{'proportion': 1.0, 'th_lower': 0.5, 'th_upper': 1.0, 'classifier': RandomForestClassifier(n_estimators=50, n_jobs=1, random_state=5), 'n_jobs': 1, 'random_state': 1}"")",DecisionTreeClassifier(random_state=1),0.9420396797772363,0.8730299035177085,0.8843589743589744,0.8781537176274019,0.9220542635658916,0.8784239564686359
285,"OS_('Supervised_SMOTE', ""{'proportion': 1.0, 'th_lower': 0.5, 'th_upper': 1.0, 'classifier': RandomForestClassifier(n_estimators=50, n_jobs=1, random_state=5), 'n_jobs': 1, 'random_state': 1}"")",KNeighborsClassifier(),0.9137069265576052,0.7489344876248372,0.9748717948717948,0.8449361682794965,0.9348658318425761,0.8533476616399328
286,"OS_('Supervised_SMOTE', ""{'proportion': 1.0, 'th_lower': 0.5, 'th_upper': 1.0, 'classifier': RandomForestClassifier(n_estimators=50, n_jobs=1, random_state=5), 'n_jobs': 1, 'random_state': 1}"")",MLPClassifier(random_state=1),0.9621719457013574,0.8802016338204037,0.9748717948717948,0.9245101202446637,0.9665474060822898,0.926021203351915
287,"OS_('Supervised_SMOTE', ""{'proportion': 1.0, 'th_lower': 0.5, 'th_upper': 1.0, 'classifier': RandomForestClassifier(n_estimators=50, n_jobs=1, random_state=5), 'n_jobs': 1, 'random_state': 1}"")","Pipeline(steps=[('standardscaler', StandardScaler()),
                ('svc',
                 SVC(C=1, gamma='auto', kernel='linear', random_state=1))])",0.9680960668290984,0.9035942918869748,0.9697435897435897,0.9349329247368463,0.9686404293381037,0.935800257173135
288,"OS_('SN_SMOTE', ""{'proportion': 1.0, 'n_neighbors': 5, 'n_jobs': 1, 'random_state': 1}"")",DecisionTreeClassifier(random_state=1),0.9255551688130874,0.8433504960090955,0.8488461538461539,0.8426423431347952,0.8989013118664282,0.8443660341464312
289,"OS_('SN_SMOTE', ""{'proportion': 1.0, 'n_neighbors': 5, 'n_jobs': 1, 'random_state': 1}"")",KNeighborsClassifier(),0.9172711451444483,0.7653701298701299,0.959871794871795,0.8488385070273251,0.932011031604055,0.8556715348322863
290,"OS_('SN_SMOTE', ""{'proportion': 1.0, 'n_neighbors': 5, 'n_jobs': 1, 'random_state': 1}"")",MLPClassifier(random_state=1),0.9633553776540202,0.8839697497624327,0.9748717948717948,0.9266441831721602,0.9673225998807394,0.9280305288535562
291,"OS_('SN_SMOTE', ""{'proportion': 1.0, 'n_neighbors': 5, 'n_jobs': 1, 'random_state': 1}"")","Pipeline(steps=[('standardscaler', StandardScaler()),
                ('svc',
                 SVC(C=1, gamma='auto', kernel='linear', random_state=1))])",0.9669126348764359,0.8995538878465708,0.9697435897435897,0.9326920283783029,0.967865235539654,0.9336695476404293
292,"OS_('CCR', ""{'proportion': 1.0, 'energy': 1.0, 'scaling': 0.0, 'n_jobs': 1, 'random_state': 1}"")",DecisionTreeClassifier(random_state=1),0.937333797424295,0.8550353028613898,0.8893589743589743,0.8703181705747344,0.9207021466905188,0.8712567993663709
293,"OS_('CCR', ""{'proportion': 1.0, 'energy': 1.0, 'scaling': 0.0, 'n_jobs': 1, 'random_state': 1}"")",KNeighborsClassifier(),0.9479916463626872,0.9062561134929557,0.8794871794871796,0.8895653847398348,0.9242754919499104,0.891215161205043
294,"OS_('CCR', ""{'proportion': 1.0, 'energy': 1.0, 'scaling': 0.0, 'n_jobs': 1, 'random_state': 1}"")",MLPClassifier(random_state=1),0.9479638009049773,0.8935086118012947,0.8843589743589743,0.8887535881428841,0.9259361955873583,0.8888436787751484
295,"OS_('CCR', ""{'proportion': 1.0, 'energy': 1.0, 'scaling': 0.0, 'n_jobs': 1, 'random_state': 1}"")","Pipeline(steps=[('standardscaler', StandardScaler()),
                ('svc',
                 SVC(C=1, gamma='auto', kernel='linear', random_state=1))])",0.8322102332057083,0.5913381785146491,0.99,0.7381995732524782,0.8868962432915921,0.7639130796560354
296,"OS_('ANS', ""{'proportion': 1.0, 'n_jobs': 1, 'random_state': 1}"")",DecisionTreeClassifier(random_state=1),0.9172641837800211,0.818119658119658,0.838974358974359,0.8271278232812111,0.8901192605843768,0.8278368738465403
297,"OS_('ANS', ""{'proportion': 1.0, 'n_jobs': 1, 'random_state': 1}"")",KNeighborsClassifier(),0.9420744865993734,0.869001107588064,0.8998717948717949,0.8800508080984741,0.9275268336314847,0.8822392496197209
298,"OS_('ANS', ""{'proportion': 1.0, 'n_jobs': 1, 'random_state': 1}"")",MLPClassifier(random_state=1),0.9621580229725024,0.8990096618357487,0.9497435897435897,0.9228547680479317,0.9578473464519976,0.9236148932100212
299,"OS_('ANS', ""{'proportion': 1.0, 'n_jobs': 1, 'random_state': 1}"")","Pipeline(steps=[('standardscaler', StandardScaler()),
                ('svc',
                 SVC(C=1, gamma='auto', kernel='linear', random_state=1))])",0.9704559693699965,0.9154416693157476,0.9647435897435898,0.9390642604918359,0.9684540846750149,0.9395781189439003
300,"OS_('cluster_SMOTE', ""{'proportion': 1.0, 'n_neighbors': 3, 'n_clusters': 3, 'n_jobs': 1, 'random_state': 1}"")",DecisionTreeClassifier(random_state=1),0.9349738948833972,0.8509006113316946,0.879102564102564,0.8638383074782793,0.9155799045915325,0.8644195917986022
301,"OS_('cluster_SMOTE', ""{'proportion': 1.0, 'n_neighbors': 3, 'n_clusters': 3, 'n_jobs': 1, 'random_state': 1}"")",KNeighborsClassifier(),0.9113609467455621,0.7444095870424322,0.96,0.8372444129841237,0.9282230172927847,0.8446788891824826
302,"OS_('cluster_SMOTE', ""{'proportion': 1.0, 'n_neighbors': 3, 'n_clusters': 3, 'n_jobs': 1, 'random_state': 1}"")",MLPClassifier(random_state=1),0.9621789070657849,0.8763507021433851,0.9798717948717949,0.9248077412783295,0.9682841383422778,0.9264572781018371
303,"OS_('cluster_SMOTE', ""{'proportion': 1.0, 'n_neighbors': 3, 'n_clusters': 3, 'n_jobs': 1, 'random_state': 1}"")","Pipeline(steps=[('standardscaler', StandardScaler()),
                ('svc',
                 SVC(C=1, gamma='auto', kernel='linear', random_state=1))])",0.9680960668290984,0.9004737245110883,0.9747435897435898,0.935311558949152,0.970365235539654,0.9364587356704096
