,OS,Algorithm,ACC,Precision,recall,F1-Score,AUC,G-measure
0,train_STARM_star_nn_5_rj_0.5,DecisionTreeClassifier(random_state=1),0.9627710843373494,0.5173076923076924,0.6476190476190476,0.5361480823182951,0.8111082715733879,0.5571875729967474
1,train_STARM_star_nn_5_rj_0.5,KNeighborsClassifier(),0.9744928482402517,0.79286133960047,0.5809523809523809,0.5545851619644724,0.7851094641792316,0.6098408619815059
2,train_STARM_star_nn_5_rj_0.5,MLPClassifier(random_state=1),0.9748323342631611,0.7216695254431104,0.819047619047619,0.7282433078702806,0.8998637021892837,0.7485182345278321
3,train_STARM_star_nn_5_rj_0.5,"Pipeline(steps=[('standardscaler', StandardScaler()),
                ('svc',
                 SVC(C=1, gamma='auto', kernel='linear', random_state=1))])",0.9713804973588938,0.6964933341757755,0.8761904761904763,0.7334157626712183,0.9255728767356676,0.7585307636090529
