,OS,Algorithm,ACC,Precision,recall,F1-Score,AUC,G-measure
0,train_STARM_star_nn_5_rj_0.5,DecisionTreeClassifier(random_state=1),0.7991140642303434,0.7029030910609858,0.7285714285714285,0.6881465273856578,0.7814039408866995,0.7017651880804052
1,train_STARM_star_nn_5_rj_0.5,KNeighborsClassifier(),0.7716500553709855,0.6327179487179486,0.9285714285714286,0.7355052790346909,0.8124384236453203,0.7576090042483701
2,train_STARM_star_nn_5_rj_0.5,MLPClassifier(random_state=1),0.711295681063123,0.5927928657672817,0.8857142857142858,0.6914922480620155,0.7565270935960591,0.7146484472922954
3,train_STARM_star_nn_5_rj_0.5,"Pipeline(steps=[('standardscaler', StandardScaler()),
                ('svc',
                 SVC(C=1, gamma='auto', kernel='linear', random_state=1))])",0.6967884828349945,0.5481579520697168,0.8285714285714286,0.6516429623353306,0.7309113300492611,0.6695903418918696
