,OS,Algorithm,ACC,Precision,recall,F1-Score,AUC,G-measure
0,"OS_('SMOTE', ""{'proportion': 1.0, 'n_neighbors': 5, 'n_jobs': 1, 'random_state': 1}"")",DecisionTreeClassifier(random_state=1),0.6725361725361725,0.45162748595523106,0.5408207934336525,0.4904708162741713,0.6334435720722766,0.4933230832596581
1,"OS_('SMOTE', ""{'proportion': 1.0, 'n_neighbors': 5, 'n_jobs': 1, 'random_state': 1}"")",KNeighborsClassifier(),0.6846573846573847,0.4679287206498701,0.6599452804377565,0.546868077011141,0.6773660051477883,0.5553263926757965
2,"OS_('SMOTE', ""{'proportion': 1.0, 'n_neighbors': 5, 'n_jobs': 1, 'random_state': 1}"")",MLPClassifier(random_state=1),0.7176722176722177,0.5093464019851116,0.7297400820793433,0.5997484514022846,0.7212681453050745,0.6095622848795808
3,"OS_('SMOTE', ""{'proportion': 1.0, 'n_neighbors': 5, 'n_jobs': 1, 'random_state': 1}"")","Pipeline(steps=[('standardscaler', StandardScaler()),
                ('svc',
                 SVC(C=1, gamma='auto', kernel='linear', random_state=1))])",0.7001478751478751,0.4878632523928858,0.7274418604651162,0.5838333847109977,0.7082706932657336,0.595619696538102
4,"OS_('SMOTE_TomekLinks', ""{'proportion': 1.0, 'n_neighbors': 5, 'n_jobs': 1, 'random_state': 1}"")",DecisionTreeClassifier(random_state=1),0.6866571116571116,0.4669489007724302,0.5546922024623803,0.5063554054686589,0.647488281325977,0.5085784817593565
5,"OS_('SMOTE_TomekLinks', ""{'proportion': 1.0, 'n_neighbors': 5, 'n_jobs': 1, 'random_state': 1}"")",KNeighborsClassifier(),0.6826326326326326,0.4656295558751582,0.6529411764705882,0.5428366053299302,0.6738639531642041,0.5509883897384205
6,"OS_('SMOTE_TomekLinks', ""{'proportion': 1.0, 'n_neighbors': 5, 'n_jobs': 1, 'random_state': 1}"")",MLPClassifier(random_state=1),0.6994767494767494,0.48738014287956605,0.7483994528043775,0.5901423353213012,0.7140101529424732,0.603852683967531
7,"OS_('SMOTE_TomekLinks', ""{'proportion': 1.0, 'n_neighbors': 5, 'n_jobs': 1, 'random_state': 1}"")","Pipeline(steps=[('standardscaler', StandardScaler()),
                ('svc',
                 SVC(C=1, gamma='auto', kernel='linear', random_state=1))])",0.7014946764946765,0.4894908743533639,0.7274418604651162,0.5849636558908518,0.7092185605643118,0.5965944658447323
8,"OS_('SMOTE_ENN', ""{'proportion': 1.0, 'n_neighbors': 5, 'n_jobs': 1, 'random_state': 1}"")",DecisionTreeClassifier(random_state=1),0.6819592319592319,0.4638049814520403,0.63406292749658,0.5356595321055252,0.6677423642222236,0.542255315695191
9,"OS_('SMOTE_ENN', ""{'proportion': 1.0, 'n_neighbors': 5, 'n_jobs': 1, 'random_state': 1}"")",KNeighborsClassifier(),0.6576940576940575,0.4441540493247177,0.7274965800273596,0.5511541265231561,0.6784402331416419,0.5682123385837062
10,"OS_('SMOTE_ENN', ""{'proportion': 1.0, 'n_neighbors': 5, 'n_jobs': 1, 'random_state': 1}"")",MLPClassifier(random_state=1),0.6617367367367367,0.45278916222169147,0.8019151846785226,0.5786052625233133,0.7033272605857068,0.6024784219748669
11,"OS_('SMOTE_ENN', ""{'proportion': 1.0, 'n_neighbors': 5, 'n_jobs': 1, 'random_state': 1}"")","Pipeline(steps=[('standardscaler', StandardScaler()),
                ('svc',
                 SVC(C=1, gamma='auto', kernel='linear', random_state=1))])",0.6671171171171172,0.45699741636109464,0.7902872777017784,0.5789279905326714,0.7036744445380929,0.6008621942349699
12,"OS_('Borderline_SMOTE2', ""{'proportion': 1.0, 'n_neighbors': 5, 'k_neighbors': 5, 'n_jobs': 1, 'random_state': 1}"")",DecisionTreeClassifier(random_state=1),0.6745290745290745,0.44740762324347216,0.5198632010943912,0.4806315156265109,0.628651979694115,0.48213047147236077
13,"OS_('Borderline_SMOTE2', ""{'proportion': 1.0, 'n_neighbors': 5, 'k_neighbors': 5, 'n_jobs': 1, 'random_state': 1}"")",KNeighborsClassifier(),0.6785763035763035,0.4640618907360454,0.6645417236662107,0.5452349175990777,0.6744509566198351,0.5546653737035245
14,"OS_('Borderline_SMOTE2', ""{'proportion': 1.0, 'n_neighbors': 5, 'k_neighbors': 5, 'n_jobs': 1, 'random_state': 1}"")",MLPClassifier(random_state=1),0.6812585312585312,0.47308392291420864,0.7880164158686731,0.5898215956536651,0.7129655539059006,0.6097979720593927
15,"OS_('Borderline_SMOTE2', ""{'proportion': 1.0, 'n_neighbors': 5, 'k_neighbors': 5, 'n_jobs': 1, 'random_state': 1}"")","Pipeline(steps=[('standardscaler', StandardScaler()),
                ('svc',
                 SVC(C=1, gamma='auto', kernel='linear', random_state=1))])",0.6617321867321868,0.4534511490663059,0.7949931600547196,0.5765443629470383,0.7012880492216725,0.5998689411342039
16,"OS_('ADASYN', ""{'n_neighbors': 5, 'd_th': 0.9, 'beta': 1.0, 'n_jobs': 1, 'random_state': 1}"")",DecisionTreeClassifier(random_state=1),0.6778915278915278,0.4542085727494881,0.5361149110807113,0.4914282087926563,0.6358299673886968,0.4932898881813392
17,"OS_('ADASYN', ""{'n_neighbors': 5, 'd_th': 0.9, 'beta': 1.0, 'n_jobs': 1, 'random_state': 1}"")",KNeighborsClassifier(),0.6711802711802711,0.45409833989024884,0.6855540355677154,0.5460266020920007,0.6754784395848056,0.5577929791766769
18,"OS_('ADASYN', ""{'n_neighbors': 5, 'd_th': 0.9, 'beta': 1.0, 'n_jobs': 1, 'random_state': 1}"")",MLPClassifier(random_state=1),0.6907066157066157,0.47922123310803,0.7554309165526676,0.5858043711441511,0.7099429464279926,0.6013421205661145
19,"OS_('ADASYN', ""{'n_neighbors': 5, 'd_th': 0.9, 'beta': 1.0, 'n_jobs': 1, 'random_state': 1}"")","Pipeline(steps=[('standardscaler', StandardScaler()),
                ('svc',
                 SVC(C=1, gamma='auto', kernel='linear', random_state=1))])",0.6718468468468469,0.46202726031732483,0.7926675786593708,0.5829966877482636,0.7077081969126239,0.6047345100592032
20,"OS_('AHC', ""{'strategy': 'min', 'n_jobs': 1, 'random_state': 1}"")",DecisionTreeClassifier(random_state=1),0.667806442806443,0.43696863061459146,0.4917920656634747,0.4621508788459314,0.615564279277235,0.46326284081713653
21,"OS_('AHC', ""{'strategy': 'min', 'n_jobs': 1, 'random_state': 1}"")",KNeighborsClassifier(),0.7041951041951042,0.49123973582913594,0.6203009575923393,0.5476543363076657,0.6793447915923781,0.5516926953574726
22,"OS_('AHC', ""{'strategy': 'min', 'n_jobs': 1, 'random_state': 1}"")",MLPClassifier(random_state=1),0.7338361088361087,0.5350878461628068,0.6691928864569083,0.5936634541476494,0.7146912299583119,0.5978803227280249
23,"OS_('AHC', ""{'strategy': 'min', 'n_jobs': 1, 'random_state': 1}"")","Pipeline(steps=[('standardscaler', StandardScaler()),
                ('svc',
                 SVC(C=1, gamma='auto', kernel='linear', random_state=1))])",0.7324847574847576,0.5342364743246609,0.650560875512996,0.5849967880976257,0.7082188263820904,0.5886786548533008
24,"OS_('LLE_SMOTE', ""{'proportion': 1.0, 'n_neighbors': 5, 'n_components': 2, 'n_jobs': 1, 'random_state': 1}"")",DecisionTreeClassifier(random_state=1),0.6603785603785605,0.4295128594566006,0.5056634746922025,0.4634544606149963,0.6144431117536842,0.4655112504711479
25,"OS_('LLE_SMOTE', ""{'proportion': 1.0, 'n_neighbors': 5, 'n_components': 2, 'n_jobs': 1, 'random_state': 1}"")",KNeighborsClassifier(),0.7197015197015197,0.5163084853291039,0.6110533515731874,0.5570744785382112,0.687517197113608,0.5603623631800833
26,"OS_('LLE_SMOTE', ""{'proportion': 1.0, 'n_neighbors': 5, 'n_components': 2, 'n_jobs': 1, 'random_state': 1}"")",MLPClassifier(random_state=1),0.7446264446264446,0.5505871531815739,0.6785499316005472,0.6066838732278728,0.7250569563216006,0.6106065079265256
27,"OS_('LLE_SMOTE', ""{'proportion': 1.0, 'n_neighbors': 5, 'n_components': 2, 'n_jobs': 1, 'random_state': 1}"")","Pipeline(steps=[('standardscaler', StandardScaler()),
                ('svc',
                 SVC(C=1, gamma='auto', kernel='linear', random_state=1))])",0.6988033488033489,0.4875645890455673,0.7158413132694937,0.5791234435282935,0.7038922206157896,0.5902890594853434
28,"OS_('distance_SMOTE', ""{'proportion': 1.0, 'n_neighbors': 5, 'n_jobs': 1, 'random_state': 1}"")",DecisionTreeClassifier(random_state=1),0.6657657657657657,0.4314471132582588,0.4848153214774282,0.4562131497755086,0.6120759071842118,0.45717050165021755
29,"OS_('distance_SMOTE', ""{'proportion': 1.0, 'n_neighbors': 5, 'n_jobs': 1, 'random_state': 1}"")",KNeighborsClassifier(),0.6967854217854217,0.4824921299357586,0.6670314637482899,0.5587357605905815,0.6880181015423914,0.566673761928778
30,"OS_('distance_SMOTE', ""{'proportion': 1.0, 'n_neighbors': 5, 'n_jobs': 1, 'random_state': 1}"")",MLPClassifier(random_state=1),0.7176676676676677,0.510044952601071,0.722735978112175,0.5977461806486197,0.7191878942693577,0.6069921694121356
31,"OS_('distance_SMOTE', ""{'proportion': 1.0, 'n_neighbors': 5, 'n_jobs': 1, 'random_state': 1}"")","Pipeline(steps=[('standardscaler', StandardScaler()),
                ('svc',
                 SVC(C=1, gamma='auto', kernel='linear', random_state=1))])",0.6927336427336428,0.4811690017721724,0.7320930232558138,0.58007051421711,0.704435137220324,0.5931885218096234
32,"OS_('SMMO', ""{'proportion': 1.0, 'n_neighbors': 5, 'ensemble': [QuadraticDiscriminantAnalysis(), DecisionTreeClassifier(random_state=2), GaussianNB()], 'n_jobs': 1, 'random_state': 1}"")",DecisionTreeClassifier(random_state=1),0.6799299299299298,0.4515962254120149,0.49896032831737347,0.4738841358872504,0.626257415343521,0.47458049355118775
33,"OS_('SMMO', ""{'proportion': 1.0, 'n_neighbors': 5, 'ensemble': [QuadraticDiscriminantAnalysis(), DecisionTreeClassifier(random_state=2), GaussianNB()], 'n_jobs': 1, 'random_state': 1}"")",KNeighborsClassifier(),0.7304645554645555,0.5493731380337636,0.41742818057455544,0.47210741932560757,0.6376240428939128,0.4776963414899142
34,"OS_('SMMO', ""{'proportion': 1.0, 'n_neighbors': 5, 'ensemble': [QuadraticDiscriminantAnalysis(), DecisionTreeClassifier(random_state=2), GaussianNB()], 'n_jobs': 1, 'random_state': 1}"")",MLPClassifier(random_state=1),0.7574392574392574,0.6490382205513784,0.3755403556771546,0.47287845392968497,0.6441682821039801,0.49208837285071205
35,"OS_('SMMO', ""{'proportion': 1.0, 'n_neighbors': 5, 'ensemble': [QuadraticDiscriminantAnalysis(), DecisionTreeClassifier(random_state=2), GaussianNB()], 'n_jobs': 1, 'random_state': 1}"")","Pipeline(steps=[('standardscaler', StandardScaler()),
                ('svc',
                 SVC(C=1, gamma='auto', kernel='linear', random_state=1))])",0.7399194649194649,0.6551966873706003,0.25206566347469217,0.35630553105826634,0.5952271445335546,0.4008777351877918
36,"OS_('polynom_fit_SMOTE', ""{'proportion': 1.0, 'topology': 'star', 'random_state': 1}"")",DecisionTreeClassifier(random_state=1),0.6832969332969333,0.46358494796966737,0.4989603283173734,0.4787424748411363,0.6286270835899664,0.4800020095782657
37,"OS_('polynom_fit_SMOTE', ""{'proportion': 1.0, 'topology': 'star', 'random_state': 1}"")",KNeighborsClassifier(),0.735863135863136,0.5433847914516187,0.5946922024623803,0.5657821367710064,0.6940285656861664,0.5674045043226752
38,"OS_('polynom_fit_SMOTE', ""{'proportion': 1.0, 'topology': 'star', 'random_state': 1}"")",MLPClassifier(random_state=1),0.7554054054054055,0.5796687254932389,0.6202462380300957,0.5971687533993559,0.715336389157228,0.5985593733640098
39,"OS_('polynom_fit_SMOTE', ""{'proportion': 1.0, 'topology': 'star', 'random_state': 1}"")","Pipeline(steps=[('standardscaler', StandardScaler()),
                ('svc',
                 SVC(C=1, gamma='auto', kernel='linear', random_state=1))])",0.7324847574847576,0.5346380615495234,0.6388508891928866,0.5808743160719502,0.7047335014684812,0.5837961781892591
40,"OS_('Stefanowski', ""{'strategy': 'weak_amp', 'n_jobs': 1}"")",DecisionTreeClassifier(random_state=1),0.681947856947857,0.46164115912527315,0.5734610123119015,0.5104442050961163,0.649763681511401,0.5139756192366989
41,"OS_('Stefanowski', ""{'strategy': 'weak_amp', 'n_jobs': 1}"")",KNeighborsClassifier(),0.6570274820274821,0.4445502886673257,0.7414227086183309,0.5554202137164911,0.6820857618921039,0.5738835085326899
42,"OS_('Stefanowski', ""{'strategy': 'weak_amp', 'n_jobs': 1}"")",MLPClassifier(random_state=1),0.6859973609973611,0.47486256923221826,0.7763337893296853,0.5889628343616236,0.7128114444278759,0.6069949707543578
43,"OS_('Stefanowski', ""{'strategy': 'weak_amp', 'n_jobs': 1}"")","Pipeline(steps=[('standardscaler', StandardScaler()),
                ('svc',
                 SVC(C=1, gamma='auto', kernel='linear', random_state=1))])",0.6974519974519975,0.4858788696286858,0.7553488372093022,0.5911434983788524,0.7146412432492009,0.6056938515087575
44,"OS_('ADOMS', ""{'proportion': 1.0, 'n_neighbors': 5, 'n_jobs': 1, 'random_state': 1}"")",DecisionTreeClassifier(random_state=1),0.6859996359996361,0.4683710018489955,0.587250341997264,0.5199342948914112,0.6566583463540823,0.523852532428063
45,"OS_('ADOMS', ""{'proportion': 1.0, 'n_neighbors': 5, 'n_jobs': 1, 'random_state': 1}"")",KNeighborsClassifier(),0.6900514150514151,0.4763463890329562,0.6459644322845417,0.547065387318135,0.6770106521612282,0.5540497567140346
46,"OS_('ADOMS', ""{'proportion': 1.0, 'n_neighbors': 5, 'n_jobs': 1, 'random_state': 1}"")",MLPClassifier(random_state=1),0.719019019019019,0.5120574488584404,0.7204651162790696,0.5981083727042018,0.7194742643006723,0.6071092008329432
47,"OS_('ADOMS', ""{'proportion': 1.0, 'n_neighbors': 5, 'n_jobs': 1, 'random_state': 1}"")","Pipeline(steps=[('standardscaler', StandardScaler()),
                ('svc',
                 SVC(C=1, gamma='auto', kernel='linear', random_state=1))])",0.7055373555373554,0.49461030241230847,0.7227906976744185,0.5869930598909562,0.7106844483632756,0.597742199597733
48,"OS_('Safe_Level_SMOTE', ""{'proportion': 1.0, 'n_neighbors': 5, 'n_jobs': 1, 'random_state': 1}"")",DecisionTreeClassifier(random_state=1),0.6502843752843753,0.41840427376702644,0.5222161422708618,0.464047239399354,0.6122929052586537,0.46716350192633627
49,"OS_('Safe_Level_SMOTE', ""{'proportion': 1.0, 'n_neighbors': 5, 'n_jobs': 1, 'random_state': 1}"")",KNeighborsClassifier(),0.6570161070161069,0.43589044984506764,0.6365253077975377,0.517178151922501,0.6509640756997166,0.5266020773835898
50,"OS_('Safe_Level_SMOTE', ""{'proportion': 1.0, 'n_neighbors': 5, 'n_jobs': 1, 'random_state': 1}"")",MLPClassifier(random_state=1),0.7028414778414779,0.49271128847515333,0.7367715458276333,0.5897181477097682,0.712935535946992,0.6020826633323692
51,"OS_('Safe_Level_SMOTE', ""{'proportion': 1.0, 'n_neighbors': 5, 'n_jobs': 1, 'random_state': 1}"")","Pipeline(steps=[('standardscaler', StandardScaler()),
                ('svc',
                 SVC(C=1, gamma='auto', kernel='linear', random_state=1))])",0.7061925561925563,0.4992647120867697,0.6971819425444596,0.5784089350951636,0.7035672745897653,0.5881806133739376
52,"OS_('MSMOTE', ""{'proportion': 1.0, 'n_neighbors': 5, 'n_jobs': 1, 'random_state': 1}"")",DecisionTreeClassifier(random_state=1),0.6826212576212576,0.4561053650366381,0.5057729138166895,0.47877043247654943,0.6301376417424679,0.4798526563887509
53,"OS_('MSMOTE', ""{'proportion': 1.0, 'n_neighbors': 5, 'n_jobs': 1, 'random_state': 1}"")",KNeighborsClassifier(),0.6832969332969333,0.46515966870875214,0.6272229822161423,0.5337691383722307,0.6666920598284503,0.539939740128192
54,"OS_('MSMOTE', ""{'proportion': 1.0, 'n_neighbors': 5, 'n_jobs': 1, 'random_state': 1}"")",MLPClassifier(random_state=1),0.7136204386204387,0.5058028205973366,0.7274418604651162,0.5958696323122,0.7177493662515155,0.6061419455612713
55,"OS_('MSMOTE', ""{'proportion': 1.0, 'n_neighbors': 5, 'n_jobs': 1, 'random_state': 1}"")","Pipeline(steps=[('standardscaler', StandardScaler()),
                ('svc',
                 SVC(C=1, gamma='auto', kernel='linear', random_state=1))])",0.7021703521703522,0.4902428916604874,0.715813953488372,0.5815387624288535,0.7062482089716742,0.5921792396604781
56,"OS_('DE_oversampling', ""{'proportion': 1.0, 'n_neighbors': 5, 'crossover_rate': 0.5, 'similarity_threshold': 0.5, 'n_clusters': 30, 'n_jobs': 1, 'random_state': 1}"")",DecisionTreeClassifier(random_state=1),0.659049959049959,0.4291906664265703,0.5199179206566347,0.46978620924547804,0.6177788655415875,0.47216226380782766
57,"OS_('DE_oversampling', ""{'proportion': 1.0, 'n_neighbors': 5, 'crossover_rate': 0.5, 'similarity_threshold': 0.5, 'n_clusters': 30, 'n_jobs': 1, 'random_state': 1}"")",KNeighborsClassifier(),0.6792701792701793,0.46044975968912977,0.6389329685362517,0.5347387367053188,0.6673337828463249,0.5421574497507645
58,"OS_('DE_oversampling', ""{'proportion': 1.0, 'n_neighbors': 5, 'crossover_rate': 0.5, 'similarity_threshold': 0.5, 'n_clusters': 30, 'n_jobs': 1, 'random_state': 1}"")",MLPClassifier(random_state=1),0.6987965237965237,0.4878545394331596,0.7530506155950751,0.5917592277802415,0.7149139333899547,0.6059272775439533
59,"OS_('DE_oversampling', ""{'proportion': 1.0, 'n_neighbors': 5, 'crossover_rate': 0.5, 'similarity_threshold': 0.5, 'n_clusters': 30, 'n_jobs': 1, 'random_state': 1}"")","Pipeline(steps=[('standardscaler', StandardScaler()),
                ('svc',
                 SVC(C=1, gamma='auto', kernel='linear', random_state=1))])",0.7075530075530075,0.4983279771213914,0.7227906976744185,0.5892625432819607,0.712106249311143,0.5998041493643728
60,"OS_('SMOBD', ""{'proportion': 1.0, 'eta1': 0.5, 't': 1.8, 'min_samples': 5, 'max_eps': 1.0, 'n_jobs': 1, 'random_state': 1}"")",DecisionTreeClassifier(random_state=1),0.6731640731640732,0.4452946883523218,0.5079343365253078,0.47383789122608333,0.6241093483574407,0.4752219269875505
61,"OS_('SMOBD', ""{'proportion': 1.0, 'eta1': 0.5, 't': 1.8, 'min_samples': 5, 'max_eps': 1.0, 'n_jobs': 1, 'random_state': 1}"")",KNeighborsClassifier(),0.6907134407134408,0.47736259841523,0.6715731874145007,0.5568338527678891,0.6850756932333166,0.5655636411070528
62,"OS_('SMOBD', ""{'proportion': 1.0, 'eta1': 0.5, 't': 1.8, 'min_samples': 5, 'max_eps': 1.0, 'n_jobs': 1, 'random_state': 1}"")",MLPClassifier(random_state=1),0.716980616980617,0.5098625666489985,0.7390971272229822,0.6025639204280179,0.7235769996304485,0.6134074468335219
63,"OS_('SMOBD', ""{'proportion': 1.0, 'eta1': 0.5, 't': 1.8, 'min_samples': 5, 'max_eps': 1.0, 'n_jobs': 1, 'random_state': 1}"")","Pipeline(steps=[('standardscaler', StandardScaler()),
                ('svc',
                 SVC(C=1, gamma='auto', kernel='linear', random_state=1))])",0.7001410501410502,0.48985001155656177,0.7367715458276333,0.5877479289065413,0.7110398013498356,0.6003774446619031
64,"OS_('SUNDO', ""{'n_jobs': 1, 'random_state': 1}"")",DecisionTreeClassifier(random_state=1),0.6738738738738739,0.447247010183225,0.5175102599179207,0.47875715094629295,0.6274755091058799,0.48056124540641293
65,"OS_('SUNDO', ""{'n_jobs': 1, 'random_state': 1}"")",KNeighborsClassifier(),0.7021749021749022,0.49078058106600553,0.5083720930232558,0.4968094722146545,0.644707373525846,0.49818946926414875
66,"OS_('SUNDO', ""{'n_jobs': 1, 'random_state': 1}"")",MLPClassifier(random_state=1),0.7149808899808899,0.5133133121097847,0.5969904240766074,0.5503163269326962,0.6800117997160288,0.5527216722815779
67,"OS_('SUNDO', ""{'n_jobs': 1, 'random_state': 1}"")","Pipeline(steps=[('standardscaler', StandardScaler()),
                ('svc',
                 SVC(C=1, gamma='auto', kernel='linear', random_state=1))])",0.7035262535262535,0.49460557212698697,0.6668125854993161,0.5664341882122803,0.6926479989107954,0.5735023887358361
68,"OS_('MSYN', ""{'pressure': 1.5, 'n_neighbors': 5, 'n_jobs': 1, 'random_state': 1}"")",DecisionTreeClassifier(random_state=1),0.6806056056056056,0.45575359189774883,0.5082079343365253,0.4800008160412075,0.6294594174052295,0.48098876342826113
69,"OS_('MSYN', ""{'pressure': 1.5, 'n_neighbors': 5, 'n_jobs': 1, 'random_state': 1}"")",KNeighborsClassifier(),0.6967649467649468,0.48435430291579873,0.6178659370725035,0.5417459415177623,0.6733879448395692,0.5463985035934313
70,"OS_('MSYN', ""{'pressure': 1.5, 'n_neighbors': 5, 'n_jobs': 1, 'random_state': 1}"")",MLPClassifier(random_state=1),0.7311447811447811,0.5320852758352758,0.6901778385772914,0.599578674963262,0.7190225685777452,0.605315166696038
71,"OS_('MSYN', ""{'pressure': 1.5, 'n_neighbors': 5, 'n_jobs': 1, 'random_state': 1}"")","Pipeline(steps=[('standardscaler', StandardScaler()),
                ('svc',
                 SVC(C=1, gamma='auto', kernel='linear', random_state=1))])",0.7176631176631176,0.5114422201719755,0.7088098495212037,0.5932016749744774,0.7150684318696066,0.6015911077026561
72,"OS_('SVM_balance', ""{'proportion': 1.0, 'n_neighbors': 5, 'n_jobs': 1, 'random_state': 1}"")",DecisionTreeClassifier(random_state=1),0.6832946582946583,0.4679152276383662,0.7041039671682626,0.5619693653198261,0.6894927418779702,0.5738583220636341
73,"OS_('SVM_balance', ""{'proportion': 1.0, 'n_neighbors': 5, 'n_jobs': 1, 'random_state': 1}"")",KNeighborsClassifier(),0.6832992082992083,0.4697511799538508,0.743857729138167,0.5753911379798662,0.7013127508250078,0.5908743066848168
74,"OS_('SVM_balance', ""{'proportion': 1.0, 'n_neighbors': 5, 'n_jobs': 1, 'random_state': 1}"")",MLPClassifier(random_state=1),0.6812994812994813,0.46833386137491734,0.7530506155950751,0.5773331408346567,0.7025916585084382,0.5937731252770132
75,"OS_('SVM_balance', ""{'proportion': 1.0, 'n_neighbors': 5, 'n_jobs': 1, 'random_state': 1}"")","Pipeline(steps=[('standardscaler', StandardScaler()),
                ('svc',
                 SVC(C=1, gamma='auto', kernel='linear', random_state=1))])",0.6725247975247974,0.4592123416530791,0.7460465116279069,0.568364566860218,0.694350270031963,0.5852420754330944
76,"OS_('TRIM_SMOTE', ""{'proportion': 1.0, 'n_neighbors': 5, 'min_precision': 0.3, 'n_jobs': 1, 'random_state': 1}"")",DecisionTreeClassifier(random_state=1),0.6724997724997726,0.44357085575985267,0.5103693570451437,0.47396303008336355,0.6243789913187804,0.47546131135630354
77,"OS_('TRIM_SMOTE', ""{'proportion': 1.0, 'n_neighbors': 5, 'min_precision': 0.3, 'n_jobs': 1, 'random_state': 1}"")",KNeighborsClassifier(),0.6988010738010738,0.4829030077181235,0.6552941176470588,0.5552525971155167,0.6859408976860887,0.5621224742195162
78,"OS_('TRIM_SMOTE', ""{'proportion': 1.0, 'n_neighbors': 5, 'min_precision': 0.3, 'n_jobs': 1, 'random_state': 1}"")",MLPClassifier(random_state=1),0.7142870142870142,0.504443920105768,0.7041586867305061,0.5870196426071207,0.7113210495263905,0.5955858231449757
79,"OS_('TRIM_SMOTE', ""{'proportion': 1.0, 'n_neighbors': 5, 'min_precision': 0.3, 'n_jobs': 1, 'random_state': 1}"")","Pipeline(steps=[('standardscaler', StandardScaler()),
                ('svc',
                 SVC(C=1, gamma='auto', kernel='linear', random_state=1))])",0.7001433251433251,0.48634408643621596,0.7158686730506156,0.57842781561151,0.7048537678049287,0.589642443887086
80,"OS_('SMOTE_RSB', ""{'proportion': 2.0, 'n_neighbors': 5, 'n_jobs': 1, 'random_state': 1}"")",DecisionTreeClassifier(random_state=1),0.687994812994813,0.46722240343145194,0.5591518467852257,0.5077982861235442,0.6497181034873997,0.5104806522642396
81,"OS_('SMOTE_RSB', ""{'proportion': 2.0, 'n_neighbors': 5, 'n_jobs': 1, 'random_state': 1}"")",KNeighborsClassifier(),0.6934275184275184,0.506028613251296,0.6337072503419973,0.5452018548465631,0.6756213976828469,0.5573328963931371
82,"OS_('SMOTE_RSB', ""{'proportion': 2.0, 'n_neighbors': 5, 'n_jobs': 1, 'random_state': 1}"")",MLPClassifier(random_state=1),0.7109723359723359,0.5780578656995423,0.6826265389876881,0.5779122877328364,0.7024507102521379,0.6034311463985145
83,"OS_('SMOTE_RSB', ""{'proportion': 2.0, 'n_neighbors': 5, 'n_jobs': 1, 'random_state': 1}"")","Pipeline(steps=[('standardscaler', StandardScaler()),
                ('svc',
                 SVC(C=1, gamma='auto', kernel='linear', random_state=1))])",0.6887455637455637,0.5960191769015297,0.6334883720930232,0.5199640986813118,0.6721944230133363,0.5641342026449842
84,"OS_('ProWSyn', ""{'proportion': 1.0, 'n_neighbors': 5, 'L': 5, 'theta': 1.0, 'n_jobs': 1, 'random_state': 1}"")",DecisionTreeClassifier(random_state=1),0.6806056056056056,0.45947679418536913,0.5569630642954857,0.5022660067942855,0.6438843757496386,0.5052295533560646
85,"OS_('ProWSyn', ""{'proportion': 1.0, 'n_neighbors': 5, 'L': 5, 'theta': 1.0, 'n_jobs': 1, 'random_state': 1}"")",KNeighborsClassifier(),0.7116138866138866,0.49946344200967785,0.6554309165526676,0.5655558740905595,0.6950140364753858,0.5714534489570849
86,"OS_('ProWSyn', ""{'proportion': 1.0, 'n_neighbors': 5, 'L': 5, 'theta': 1.0, 'n_jobs': 1, 'random_state': 1}"")",MLPClassifier(random_state=1),0.745968695968696,0.5553920201051732,0.6808481532147743,0.6096681169545763,0.7266800007780032,0.6138722960161125
87,"OS_('ProWSyn', ""{'proportion': 1.0, 'n_neighbors': 5, 'L': 5, 'theta': 1.0, 'n_jobs': 1, 'random_state': 1}"")","Pipeline(steps=[('standardscaler', StandardScaler()),
                ('svc',
                 SVC(C=1, gamma='auto', kernel='linear', random_state=1))])",0.7291245791245791,0.5270410787035711,0.6575376196990425,0.5837745613148494,0.7079157292808009,0.5880097131671272
88,"OS_('SL_graph_SMOTE', ""{'proportion': 1.0, 'n_neighbors': 5, 'n_jobs': 1, 'random_state': 1}"")",DecisionTreeClassifier(random_state=1),0.6765424515424515,0.45417322892120443,0.554610123119015,0.49881679753672126,0.6403382369149578,0.5015924849273138
89,"OS_('SL_graph_SMOTE', ""{'proportion': 1.0, 'n_neighbors': 5, 'n_jobs': 1, 'random_state': 1}"")",KNeighborsClassifier(),0.6745427245427246,0.4576494954043886,0.6435567715458277,0.5343480811041943,0.6653802815075109,0.5424057753202033
90,"OS_('SL_graph_SMOTE', ""{'proportion': 1.0, 'n_neighbors': 5, 'n_jobs': 1, 'random_state': 1}"")",MLPClassifier(random_state=1),0.6879993629993629,0.4786431361516268,0.778686730506156,0.5915453984596244,0.7149357823146893,0.6097835574679484
91,"OS_('SL_graph_SMOTE', ""{'proportion': 1.0, 'n_neighbors': 5, 'n_jobs': 1, 'random_state': 1}"")","Pipeline(steps=[('standardscaler', StandardScaler()),
                ('svc',
                 SVC(C=1, gamma='auto', kernel='linear', random_state=1))])",0.6617344617344617,0.45304791411943174,0.7833652530779754,0.5731205366108953,0.6978437639797459,0.5951995211103567
92,"OS_('NRSBoundary_SMOTE', ""{'proportion': 1.0, 'n_neighbors': 5, 'w': 0.005, 'n_jobs': 1, 'random_state': 1}"")",DecisionTreeClassifier(random_state=1),0.685970060970061,0.4634495864959782,0.5267578659370724,0.4927790484033129,0.638734383205503,0.4939393821678039
93,"OS_('NRSBoundary_SMOTE', ""{'proportion': 1.0, 'n_neighbors': 5, 'w': 0.005, 'n_jobs': 1, 'random_state': 1}"")",KNeighborsClassifier(),0.6752229502229502,0.45852345709712106,0.657482900136799,0.5397189944558366,0.669973677556551,0.5487761581727042
94,"OS_('NRSBoundary_SMOTE', ""{'proportion': 1.0, 'n_neighbors': 5, 'w': 0.005, 'n_jobs': 1, 'random_state': 1}"")",MLPClassifier(random_state=1),0.6974451724451725,0.4866224059292185,0.7530506155950751,0.5905832513057183,0.7139660660913765,0.6050184974724908
95,"OS_('NRSBoundary_SMOTE', ""{'proportion': 1.0, 'n_neighbors': 5, 'w': 0.005, 'n_jobs': 1, 'random_state': 1}"")","Pipeline(steps=[('standardscaler', StandardScaler()),
                ('svc',
                 SVC(C=1, gamma='auto', kernel='linear', random_state=1))])",0.6913913913913914,0.48071276418440834,0.7647058823529411,0.5896209842914351,0.7131586283802621,0.6059181762100792
96,"OS_('LVQ_SMOTE', ""{'proportion': 1.0, 'n_neighbors': 5, 'n_clusters': 10, 'n_jobs': 1, 'random_state': 1}"")",DecisionTreeClassifier(random_state=1),0.685988260988261,0.4606472318434219,0.4964705882352941,0.4775725915664079,0.6297518817953722,0.478065293034987
97,"OS_('LVQ_SMOTE', ""{'proportion': 1.0, 'n_neighbors': 5, 'n_clusters': 10, 'n_jobs': 1, 'random_state': 1}"")",KNeighborsClassifier(),0.7075575575575576,0.4957911726543558,0.5899589603283175,0.5377270051939428,0.672704598647571,0.5402919053410249
98,"OS_('LVQ_SMOTE', ""{'proportion': 1.0, 'n_neighbors': 5, 'n_clusters': 10, 'n_jobs': 1, 'random_state': 1}"")",MLPClassifier(random_state=1),0.7237487487487488,0.5195785810857982,0.6691928864569083,0.5844942161927115,0.7075822252189754,0.5894154906321578
99,"OS_('LVQ_SMOTE', ""{'proportion': 1.0, 'n_neighbors': 5, 'n_clusters': 10, 'n_jobs': 1, 'random_state': 1}"")","Pipeline(steps=[('standardscaler', StandardScaler()),
                ('svc',
                 SVC(C=1, gamma='auto', kernel='linear', random_state=1))])",0.7156520156520157,0.5076323361313103,0.6714911080711354,0.5778336057255153,0.7025701985853309,0.5836645706418107
100,"OS_('SOI_CJ', ""{'proportion': 1.0, 'n_neighbors': 5, 'method': 'interpolation', 'n_jobs': 1, 'random_state': 1}"")",DecisionTreeClassifier(random_state=1),0.6772249522249522,0.4563290239009813,0.5360875512995896,0.4918459329828936,0.635342353848847,0.49401559193926775
101,"OS_('SOI_CJ', ""{'proportion': 1.0, 'n_neighbors': 5, 'method': 'interpolation', 'n_jobs': 1, 'random_state': 1}"")",KNeighborsClassifier(),0.716989716989717,0.5114063107425939,0.5783584131326951,0.5406716727080788,0.6759090643862526,0.5427674940951388
102,"OS_('SOI_CJ', ""{'proportion': 1.0, 'n_neighbors': 5, 'method': 'interpolation', 'n_jobs': 1, 'random_state': 1}"")",MLPClassifier(random_state=1),0.7426016926016927,0.5505123889282152,0.659890560875513,0.5986855086977486,0.7180969392055291,0.6019307153024567
103,"OS_('SOI_CJ', ""{'proportion': 1.0, 'n_neighbors': 5, 'method': 'interpolation', 'n_jobs': 1, 'random_state': 1}"")","Pipeline(steps=[('standardscaler', StandardScaler()),
                ('svc',
                 SVC(C=1, gamma='auto', kernel='linear', random_state=1))])",0.7217057967057967,0.5161459644518719,0.6668399452804378,0.5813052708136135,0.705457887332162,0.5863717785980354
104,"OS_('ROSE', ""{'proportion': 1.0, 'random_state': 1}"")",DecisionTreeClassifier(random_state=1),0.6765538265538266,0.44847232444176266,0.46393980848153216,0.45475206473026175,0.6134864919184913,0.4554777285684507
105,"OS_('ROSE', ""{'proportion': 1.0, 'random_state': 1}"")",KNeighborsClassifier(),0.7176790426790427,0.514856298048492,0.5526949384404924,0.5311732957447243,0.6687645308316206,0.5324710369663915
106,"OS_('ROSE', ""{'proportion': 1.0, 'random_state': 1}"")",MLPClassifier(random_state=1),0.7095959595959596,0.5001233766410853,0.6854172366621067,0.5781118760733139,0.7024242581414799,0.5853928614545634
107,"OS_('ROSE', ""{'proportion': 1.0, 'random_state': 1}"")","Pipeline(steps=[('standardscaler', StandardScaler()),
                ('svc',
                 SVC(C=1, gamma='auto', kernel='linear', random_state=1))])",0.6974565474565475,0.48670664910480177,0.7181121751025991,0.5794848441140299,0.703605850584475,0.5908210767379971
108,"OS_('SMOTE_OUT', ""{'proportion': 1.0, 'n_neighbors': 5, 'n_jobs': 1, 'random_state': 1}"")",DecisionTreeClassifier(random_state=1),0.6886955136955136,0.4702643981148654,0.5641039671682627,0.5118413937401172,0.6517202300296291,0.5145014676574708
109,"OS_('SMOTE_OUT', ""{'proportion': 1.0, 'n_neighbors': 5, 'n_jobs': 1, 'random_state': 1}"")",KNeighborsClassifier(),0.6826394576394577,0.4657968722060987,0.6506429548563611,0.5422042038930084,0.6731887760063797,0.5501432378968822
110,"OS_('SMOTE_OUT', ""{'proportion': 1.0, 'n_neighbors': 5, 'n_jobs': 1, 'random_state': 1}"")",MLPClassifier(random_state=1),0.7082332332332333,0.5004813145021261,0.7414227086183309,0.5965229699142479,0.7181047192380754,0.6085912585427222
111,"OS_('SMOTE_OUT', ""{'proportion': 1.0, 'n_neighbors': 5, 'n_jobs': 1, 'random_state': 1}"")","Pipeline(steps=[('standardscaler', StandardScaler()),
                ('svc',
                 SVC(C=1, gamma='auto', kernel='linear', random_state=1))])",0.6940849940849941,0.4853196121617174,0.7413953488372093,0.5853207442260584,0.7081384327124435,0.599143240312109
112,"OS_('SMOTE_Cosine', ""{'proportion': 1.0, 'n_neighbors': 5, 'n_jobs': 1, 'random_state': 1}"")",DecisionTreeClassifier(random_state=1),0.6698220948220948,0.4427589200489158,0.540766073871409,0.48638616352228536,0.6315204776939984,0.48906416455537355
113,"OS_('SMOTE_Cosine', ""{'proportion': 1.0, 'n_neighbors': 5, 'n_jobs': 1, 'random_state': 1}"")",KNeighborsClassifier(),0.6887000637000636,0.47310543745326356,0.662298221614227,0.5510101336026205,0.680912143982469,0.5592792350472051
114,"OS_('SMOTE_Cosine', ""{'proportion': 1.0, 'n_neighbors': 5, 'n_jobs': 1, 'random_state': 1}"")",MLPClassifier(random_state=1),0.7156406406406407,0.5085330746329385,0.727469220246238,0.5978013878515076,0.7191848470899436,0.6078031621882557
115,"OS_('SMOTE_Cosine', ""{'proportion': 1.0, 'n_neighbors': 5, 'n_jobs': 1, 'random_state': 1}"")","Pipeline(steps=[('standardscaler', StandardScaler()),
                ('svc',
                 SVC(C=1, gamma='auto', kernel='linear', random_state=1))])",0.7001433251433251,0.4934284622178273,0.7414227086183309,0.5905742272879413,0.7124175154466063,0.6038027772822839
116,"OS_('Selected_SMOTE', ""{'proportion': 1.0, 'n_neighbors': 5, 'perc_sign_attr': 0.5, 'n_jobs': 1, 'random_state': 1}"")",DecisionTreeClassifier(random_state=1),0.6758804258804259,0.44914972063591796,0.5315458276333789,0.486653428667141,0.6330714920157418,0.488496299224827
117,"OS_('Selected_SMOTE', ""{'proportion': 1.0, 'n_neighbors': 5, 'perc_sign_attr': 0.5, 'n_jobs': 1, 'random_state': 1}"")",KNeighborsClassifier(),0.6853421603421603,0.46848099905757684,0.6389876880984952,0.540058998761394,0.6716265454710486,0.5468467739172501
118,"OS_('Selected_SMOTE', ""{'proportion': 1.0, 'n_neighbors': 5, 'perc_sign_attr': 0.5, 'n_jobs': 1, 'random_state': 1}"")",MLPClassifier(random_state=1),0.7244062244062244,0.5189185041514827,0.7320656634746922,0.6066620258580058,0.7266963388463508,0.6159947842089648
119,"OS_('Selected_SMOTE', ""{'proportion': 1.0, 'n_neighbors': 5, 'perc_sign_attr': 0.5, 'n_jobs': 1, 'random_state': 1}"")","Pipeline(steps=[('standardscaler', StandardScaler()),
                ('svc',
                 SVC(C=1, gamma='auto', kernel='linear', random_state=1))])",0.7014969514969515,0.491437286587079,0.7344186046511627,0.5882565063191638,0.7112851317094676,0.6004527393910501
120,"OS_('LN_SMOTE', ""{'proportion': 1.0, 'n_neighbors': 5, 'n_jobs': 1, 'random_state': 1}"")",DecisionTreeClassifier(random_state=1),0.6839748839748839,0.45794358812943925,0.4965253077975376,0.47640001067746274,0.6283574406286266,0.4768170055302492
121,"OS_('LN_SMOTE', ""{'proportion': 1.0, 'n_neighbors': 5, 'n_jobs': 1, 'random_state': 1}"")",KNeighborsClassifier(),0.6961097461097461,0.4757941723883149,0.6110807113543091,0.5312210692164748,0.6709431992790504,0.5372845250214487
122,"OS_('LN_SMOTE', ""{'proportion': 1.0, 'n_neighbors': 5, 'n_jobs': 1, 'random_state': 1}"")",MLPClassifier(random_state=1),0.7196742196742197,0.5079115790233424,0.6622708618331054,0.5672491604222836,0.7026994119592066,0.5760951286102702
123,"OS_('LN_SMOTE', ""{'proportion': 1.0, 'n_neighbors': 5, 'n_jobs': 1, 'random_state': 1}"")","Pipeline(steps=[('standardscaler', StandardScaler()),
                ('svc',
                 SVC(C=1, gamma='auto', kernel='linear', random_state=1))])",0.7061971061971062,0.4864058854109228,0.6390424076607386,0.5375093237555282,0.6863458483801324,0.549942749883731
124,"OS_('MWMOTE', ""{'proportion': 1.0, 'k1': 5, 'k2': 5, 'k3': 5, 'M': 10, 'cf_th': 5.0, 'cmax': 10.0, 'n_jobs': 1, 'random_state': 1}"")",DecisionTreeClassifier(random_state=1),0.6873236873236873,0.46759241288653064,0.5617510259917922,0.5101501131353937,0.6500698257921046,0.5124048684869676
125,"OS_('MWMOTE', ""{'proportion': 1.0, 'k1': 5, 'k2': 5, 'k3': 5, 'M': 10, 'cf_th': 5.0, 'cmax': 10.0, 'n_jobs': 1, 'random_state': 1}"")",KNeighborsClassifier(),0.6981322231322231,0.4859713126003159,0.7088645690834474,0.5759278208443417,0.7013517158213445,0.5865606359830652
126,"OS_('MWMOTE', ""{'proportion': 1.0, 'k1': 5, 'k2': 5, 'k3': 5, 'M': 10, 'cf_th': 5.0, 'cmax': 10.0, 'n_jobs': 1, 'random_state': 1}"")",MLPClassifier(random_state=1),0.723057148057148,0.5184566156562184,0.7228180574555403,0.6027521675952585,0.7230204031353531,0.6116145408354283
127,"OS_('MWMOTE', ""{'proportion': 1.0, 'k1': 5, 'k2': 5, 'k3': 5, 'M': 10, 'cf_th': 5.0, 'cmax': 10.0, 'n_jobs': 1, 'random_state': 1}"")","Pipeline(steps=[('standardscaler', StandardScaler()),
                ('svc',
                 SVC(C=1, gamma='auto', kernel='linear', random_state=1))])",0.6981231231231231,0.4868920328336107,0.729767441860465,0.5834659016318113,0.7075377493662515,0.5957562518046136
128,"OS_('PDFOS', ""{'proportion': 1.0, 'n_jobs': 1, 'random_state': 1}"")",DecisionTreeClassifier(random_state=1),0.6745336245336245,0.44925384288420006,0.47789329685362514,0.4605930738472104,0.6161978332609357,0.4620743028061618
129,"OS_('PDFOS', ""{'proportion': 1.0, 'n_jobs': 1, 'random_state': 1}"")",KNeighborsClassifier(),0.7109382109382109,0.5059127134724857,0.5339534883720931,0.517252216290642,0.6584459384988428,0.5185872201673782
130,"OS_('PDFOS', ""{'proportion': 1.0, 'n_jobs': 1, 'random_state': 1}"")",MLPClassifier(random_state=1),0.7291268541268542,0.5338339965845366,0.6318467852257182,0.5755553800141655,0.7002835821863187,0.5791656698279596
131,"OS_('PDFOS', ""{'proportion': 1.0, 'n_jobs': 1, 'random_state': 1}"")","Pipeline(steps=[('standardscaler', StandardScaler()),
                ('svc',
                 SVC(C=1, gamma='auto', kernel='linear', random_state=1))])",0.696100646100646,0.48365919846616734,0.7041313269493845,0.5726855157398943,0.6985111611050239,0.5831823935605555
132,"OS_('NEATER', ""{'proportion': 1.0, 'smote_n_neighbors': 5, 'b': 5, 'alpha': 0.1, 'h': 20, 'n_jobs': 1, 'random_state': 1}"")",DecisionTreeClassifier(random_state=1),0.6974315224315224,0.48014646264839833,0.545389876880985,0.5100198624604795,0.6523157915210612,0.5113900906776638
133,"OS_('NEATER', ""{'proportion': 1.0, 'smote_n_neighbors': 5, 'b': 5, 'alpha': 0.1, 'h': 20, 'n_jobs': 1, 'random_state': 1}"")",KNeighborsClassifier(),0.671865046865047,0.45907187959929735,0.7135157318741451,0.5577926298767448,0.6842460175958403,0.5718437822745713
134,"OS_('NEATER', ""{'proportion': 1.0, 'smote_n_neighbors': 5, 'b': 5, 'alpha': 0.1, 'h': 20, 'n_jobs': 1, 'random_state': 1}"")",MLPClassifier(random_state=1),0.6536445536445536,0.4482148634233599,0.832175102599179,0.5819556354152468,0.7066088783138077,0.6103427743772063
135,"OS_('NEATER', ""{'proportion': 1.0, 'smote_n_neighbors': 5, 'b': 5, 'alpha': 0.1, 'h': 20, 'n_jobs': 1, 'random_state': 1}"")","Pipeline(steps=[('standardscaler', StandardScaler()),
                ('svc',
                 SVC(C=1, gamma='auto', kernel='linear', random_state=1))])",0.6314155064155065,0.4313250775622753,0.8438850889192887,0.5705196911667578,0.6944543928008765,0.6031077018537037
136,"OS_('Gazzah', ""{'proportion': 1.0, 'n_components': 2, 'n_jobs': 1, 'random_state': 1}"")",DecisionTreeClassifier(random_state=1),0.7109177359177359,0.0,0.0,0.0,0.5,0.0
137,"OS_('Gazzah', ""{'proportion': 1.0, 'n_components': 2, 'n_jobs': 1, 'random_state': 1}"")",KNeighborsClassifier(),0.7540449540449542,0.5982158897177825,0.4733515731874145,0.5267408776282516,0.6707990093425223,0.5312320125568545
138,"OS_('Gazzah', ""{'proportion': 1.0, 'n_components': 2, 'n_jobs': 1, 'random_state': 1}"")",MLPClassifier(random_state=1),0.7648261898261899,0.6069464272561353,0.545608755129959,0.5733234172788448,0.6998185955744582,0.5747971378230917
139,"OS_('Gazzah', ""{'proportion': 1.0, 'n_components': 2, 'n_jobs': 1, 'random_state': 1}"")","Pipeline(steps=[('standardscaler', StandardScaler()),
                ('svc',
                 SVC(C=1, gamma='auto', kernel='linear', random_state=1))])",0.741912366912367,0.55531301626472,0.5781942544459644,0.5654075544118685,0.6933625300665842,0.5660798608691524
140,"OS_('MCT', ""{'proportion': 1.0, 'n_jobs': 1, 'random_state': 1}"")",DecisionTreeClassifier(random_state=1),0.6947606697606699,0.47433328053706186,0.4709165526675786,0.4719688631459992,0.6283492715944529,0.47229664883045713
141,"OS_('MCT', ""{'proportion': 1.0, 'n_jobs': 1, 'random_state': 1}"")",KNeighborsClassifier(),0.6893780143780144,0.47299489206621087,0.648235294117647,0.5465608320816984,0.6771982157792027,0.5535393111038838
142,"OS_('MCT', ""{'proportion': 1.0, 'n_jobs': 1, 'random_state': 1}"")",MLPClassifier(random_state=1),0.706881881881882,0.49780804466224343,0.7460465116279069,0.5965596385058768,0.7185208861457071,0.6090978568335828
143,"OS_('MCT', ""{'proportion': 1.0, 'n_jobs': 1, 'random_state': 1}"")","Pipeline(steps=[('standardscaler', StandardScaler()),
                ('svc',
                 SVC(C=1, gamma='auto', kernel='linear', random_state=1))])",0.6974565474565473,0.487835971646443,0.7367715458276333,0.5861352750898734,0.7091440667526793,0.5990558488860677
144,"OS_('ADG', ""{'proportion': 1.0, 'kernel': 'inner', 'lam': 1.0, 'mu': 1.0, 'k': 12, 'gamma': 1.0, 'n_jobs': 1, 'random_state': 1}"")",DecisionTreeClassifier(random_state=1),0.6718445718445718,0.4408975966990038,0.4591792065663475,0.4491352254677282,0.6087365227144534,0.4495857675178154
145,"OS_('ADG', ""{'proportion': 1.0, 'kernel': 'inner', 'lam': 1.0, 'mu': 1.0, 'k': 12, 'gamma': 1.0, 'n_jobs': 1, 'random_state': 1}"")",KNeighborsClassifier(),0.7055487305487306,0.4957530142714762,0.5971545827633379,0.5387380691566916,0.6734588079693467,0.5425698885567444
146,"OS_('ADG', ""{'proportion': 1.0, 'kernel': 'inner', 'lam': 1.0, 'mu': 1.0, 'k': 12, 'gamma': 1.0, 'n_jobs': 1, 'random_state': 1}"")",MLPClassifier(random_state=1),0.7230366730366731,0.5408812846529092,0.6647058823529411,0.5783819224188387,0.705812656816281,0.5904176984382475
147,"OS_('ADG', ""{'proportion': 1.0, 'kernel': 'inner', 'lam': 1.0, 'mu': 1.0, 'k': 12, 'gamma': 1.0, 'n_jobs': 1, 'random_state': 1}"")","Pipeline(steps=[('standardscaler', StandardScaler()),
                ('svc',
                 SVC(C=1, gamma='auto', kernel='linear', random_state=1))])",0.725056875056875,0.561340036102614,0.6320930232558138,0.5662395628332118,0.6975630993056321,0.581148784981947
148,"OS_('SMOTE_IPF', ""{'proportion': 1.0, 'n_neighbors': 5, 'n_folds': 9, 'k': 3, 'p': 0.01, 'voting': 'majority', 'n_jobs': 1, 'classifier': DecisionTreeClassifier(random_state=2), 'random_state': 1}"")",DecisionTreeClassifier(random_state=1),0.6725361725361725,0.45162748595523106,0.5408207934336525,0.4904708162741713,0.6334435720722766,0.4933230832596581
149,"OS_('SMOTE_IPF', ""{'proportion': 1.0, 'n_neighbors': 5, 'n_folds': 9, 'k': 3, 'p': 0.01, 'voting': 'majority', 'n_jobs': 1, 'classifier': DecisionTreeClassifier(random_state=2), 'random_state': 1}"")",KNeighborsClassifier(),0.6846573846573847,0.4679287206498701,0.6599452804377565,0.546868077011141,0.6773660051477883,0.5553263926757965
150,"OS_('SMOTE_IPF', ""{'proportion': 1.0, 'n_neighbors': 5, 'n_folds': 9, 'k': 3, 'p': 0.01, 'voting': 'majority', 'n_jobs': 1, 'classifier': DecisionTreeClassifier(random_state=2), 'random_state': 1}"")",MLPClassifier(random_state=1),0.7176722176722177,0.5093464019851116,0.7297400820793433,0.5997484514022846,0.7212681453050745,0.6095622848795808
151,"OS_('SMOTE_IPF', ""{'proportion': 1.0, 'n_neighbors': 5, 'n_folds': 9, 'k': 3, 'p': 0.01, 'voting': 'majority', 'n_jobs': 1, 'classifier': DecisionTreeClassifier(random_state=2), 'random_state': 1}"")","Pipeline(steps=[('standardscaler', StandardScaler()),
                ('svc',
                 SVC(C=1, gamma='auto', kernel='linear', random_state=1))])",0.7001478751478751,0.4878632523928858,0.7274418604651162,0.5838333847109977,0.7082706932657336,0.595619696538102
152,"OS_('KernelADASYN', ""{'proportion': 1.0, 'k': 5, 'h': 1.0, 'n_jobs': 1, 'random_state': 1}"")",DecisionTreeClassifier(random_state=1),0.5721812721812721,0.3431554365935596,0.44000000000000006,0.36454568587486874,0.5327962085308057,0.3776911703299447
153,"OS_('KernelADASYN', ""{'proportion': 1.0, 'k': 5, 'h': 1.0, 'n_jobs': 1, 'random_state': 1}"")",KNeighborsClassifier(),0.7237100737100738,0.5283317957088449,0.41477428180574555,0.462998287777802,0.632031690665906,0.4672386006526278
154,"OS_('KernelADASYN', ""{'proportion': 1.0, 'k': 5, 'h': 1.0, 'n_jobs': 1, 'random_state': 1}"")",MLPClassifier(random_state=1),0.721018746018746,0.5427605213587692,0.24700410396716826,0.3382397164631065,0.5803740898982761,0.3653612874597246
155,"OS_('KernelADASYN', ""{'proportion': 1.0, 'k': 5, 'h': 1.0, 'n_jobs': 1, 'random_state': 1}"")","Pipeline(steps=[('standardscaler', StandardScaler()),
                ('svc',
                 SVC(C=1, gamma='auto', kernel='linear', random_state=1))])",0.7075484575484575,0.03333333333333333,0.002325581395348837,0.004347826086956523,0.4983191888019398,0.008804509063256239
156,"OS_('MOT2LD', ""{'proportion': 1.0, 'n_components': 2, 'k': 5, 'd_cut': 'auto', 'n_jobs': 1, 'random_state': 1}"")",DecisionTreeClassifier(random_state=1),0.6731754481754482,0.4463320371673734,0.5361696306429549,0.4865782430160045,0.6325397916247949,0.48890652028574877
157,"OS_('MOT2LD', ""{'proportion': 1.0, 'n_components': 2, 'k': 5, 'd_cut': 'auto', 'n_jobs': 1, 'random_state': 1}"")",KNeighborsClassifier(),0.7116093366093367,0.5020394176054552,0.6506703146374828,0.5658092659742182,0.6935816028163717,0.5710474985824299
158,"OS_('MOT2LD', ""{'proportion': 1.0, 'n_components': 2, 'k': 5, 'd_cut': 'auto', 'n_jobs': 1, 'random_state': 1}"")",MLPClassifier(random_state=1),0.710924560924561,0.5007241377920085,0.7227086183310533,0.5913864781565663,0.7144348778859058,0.6014625804666689
159,"OS_('MOT2LD', ""{'proportion': 1.0, 'n_components': 2, 'k': 5, 'd_cut': 'auto', 'n_jobs': 1, 'random_state': 1}"")","Pipeline(steps=[('standardscaler', StandardScaler()),
                ('svc',
                 SVC(C=1, gamma='auto', kernel='linear', random_state=1))])",0.7196878696878697,0.5122253981691005,0.6994801641586866,0.5908339645791102,0.7137211247333719,0.5982900848384801
160,"OS_('V_SYNTH', ""{'proportion': 1.0, 'n_components': 3, 'n_jobs': 1, 'random_state': 1}"")",DecisionTreeClassifier(random_state=1),0.6806033306033306,0.45542834096730767,0.44746922024623803,0.44903698978006873,0.6114123352416023,0.4502394835753038
161,"OS_('V_SYNTH', ""{'proportion': 1.0, 'n_components': 3, 'n_jobs': 1, 'random_state': 1}"")",KNeighborsClassifier(),0.6772204022204023,0.45044048239410406,0.5176470588235295,0.48070706538006647,0.6299135768051297,0.48236984301928915
162,"OS_('V_SYNTH', ""{'proportion': 1.0, 'n_components': 3, 'n_jobs': 1, 'random_state': 1}"")",MLPClassifier(random_state=1),0.7398830648830649,0.5608832787295521,0.5245690834473324,0.5390837768973542,0.6760286175530501,0.5408982609230265
163,"OS_('V_SYNTH', ""{'proportion': 1.0, 'n_components': 3, 'n_jobs': 1, 'random_state': 1}"")","Pipeline(steps=[('standardscaler', StandardScaler()),
                ('svc',
                 SVC(C=1, gamma='auto', kernel='linear', random_state=1))])",0.6886818636818637,0.4750307262793422,0.7274145006839945,0.5744463228711897,0.7002001413372579,0.5876750167384064
164,"OS_('OUPS', ""{'proportion': 1.0, 'n_jobs': 1, 'random_state': 1}"")",DecisionTreeClassifier(random_state=1),0.6529688779688779,0.4185887953203145,0.5033926128590972,0.45644883187749424,0.6085683443442406,0.4587116007868894
165,"OS_('OUPS', ""{'proportion': 1.0, 'n_jobs': 1, 'random_state': 1}"")",KNeighborsClassifier(),0.7264378014378015,0.5252074553739678,0.6133242134062927,0.5650401858255443,0.6929180308737625,0.5671462754597474
166,"OS_('OUPS', ""{'proportion': 1.0, 'n_jobs': 1, 'random_state': 1}"")",MLPClassifier(random_state=1),0.7425994175994176,0.5493619755787523,0.6365526675786594,0.5888396043095795,0.7111673290499931,0.5908928193893064
167,"OS_('OUPS', ""{'proportion': 1.0, 'n_jobs': 1, 'random_state': 1}"")","Pipeline(steps=[('standardscaler', StandardScaler()),
                ('svc',
                 SVC(C=1, gamma='auto', kernel='linear', random_state=1))])",0.7338361088361087,0.5361796536796537,0.6505061559507525,0.5862184659713932,0.7091393338995469,0.5897631696622341
168,"OS_('SMOTE_D', ""{'proportion': 1.0, 'k': 3, 'n_jobs': 1, 'random_state': 1}"")",DecisionTreeClassifier(random_state=1),0.6657680407680407,0.4332904209601307,0.47318741450068397,0.4513513516989681,0.6086316219422852,0.4522922745355655
169,"OS_('SMOTE_D', ""{'proportion': 1.0, 'k': 3, 'n_jobs': 1, 'random_state': 1}"")",KNeighborsClassifier(),0.7318113568113568,0.5528214138958327,0.41742818057455544,0.4732489718370231,0.6385719101924909,0.4791242552997484
170,"OS_('SMOTE_D', ""{'proportion': 1.0, 'k': 3, 'n_jobs': 1, 'random_state': 1}"")",MLPClassifier(random_state=1),0.7574324324324324,0.6651102941176471,0.3709712722298222,0.4680609563610424,0.6428316076788921,0.492054825102248
171,"OS_('SMOTE_D', ""{'proportion': 1.0, 'k': 3, 'n_jobs': 1, 'random_state': 1}"")","Pipeline(steps=[('standardscaler', StandardScaler()),
                ('svc',
                 SVC(C=1, gamma='auto', kernel='linear', random_state=1))])",0.745989170989171,0.7188220551378446,0.2148016415868673,0.32302855776622763,0.5884434748218698,0.38647071125466964
172,"OS_('SMOTE_PSO', ""{'k': 3, 'eps': 0.05, 'n_pop': 10, 'w': 1.0, 'c1': 2.0, 'c2': 2.0, 'num_it': 10, 'n_jobs': 1, 'random_state': 1}"")",DecisionTreeClassifier(random_state=1),0.681952406952407,0.4657289308310963,0.554610123119015,0.5042614596055676,0.6441297061092707,0.5071928681712364
173,"OS_('SMOTE_PSO', ""{'k': 3, 'eps': 0.05, 'n_pop': 10, 'w': 1.0, 'c1': 2.0, 'c2': 2.0, 'num_it': 10, 'n_jobs': 1, 'random_state': 1}"")",KNeighborsClassifier(),0.6381608881608881,0.42953224034976484,0.774172366621067,0.5523040405408135,0.6785553776233296,0.5765355483287775
174,"OS_('SMOTE_PSO', ""{'k': 3, 'eps': 0.05, 'n_pop': 10, 'w': 1.0, 'c1': 2.0, 'c2': 2.0, 'num_it': 10, 'n_jobs': 1, 'random_state': 1}"")",MLPClassifier(random_state=1),0.625989625989626,0.42917817868248304,0.8625444596443229,0.5723113927983275,0.696201139774768,0.6079209932699768
175,"OS_('SMOTE_PSO', ""{'k': 3, 'eps': 0.05, 'n_pop': 10, 'w': 1.0, 'c1': 2.0, 'c2': 2.0, 'num_it': 10, 'n_jobs': 1, 'random_state': 1}"")","Pipeline(steps=[('standardscaler', StandardScaler()),
                ('svc',
                 SVC(C=1, gamma='auto', kernel='linear', random_state=1))])",0.6172399672399672,0.4226385291754218,0.8695212038303695,0.5682974180391154,0.6921065734791656,0.6059089478712079
176,"OS_('CURE_SMOTE', ""{'proportion': 1.0, 'n_clusters': 5, 'noise_th': 2, 'n_jobs': 1, 'random_state': 1}"")",DecisionTreeClassifier(random_state=1),0.6698334698334698,0.4405449143340965,0.5175102599179207,0.4756664387416335,0.6246319072101452,0.47734320809578146
177,"OS_('CURE_SMOTE', ""{'proportion': 1.0, 'n_clusters': 5, 'noise_th': 2, 'n_jobs': 1, 'random_state': 1}"")",KNeighborsClassifier(),0.7075734825734826,0.4955477596458362,0.6157045143638851,0.5481741082287744,0.6803641055231748,0.5518814570907257
178,"OS_('CURE_SMOTE', ""{'proportion': 1.0, 'n_clusters': 5, 'noise_th': 2, 'n_jobs': 1, 'random_state': 1}"")",MLPClassifier(random_state=1),0.7500113750113749,0.5647874842642284,0.6575102599179207,0.6059691627404397,0.722593992518202,0.6085482581418917
179,"OS_('CURE_SMOTE', ""{'proportion': 1.0, 'n_clusters': 5, 'noise_th': 2, 'n_jobs': 1, 'random_state': 1}"")","Pipeline(steps=[('standardscaler', StandardScaler()),
                ('svc',
                 SVC(C=1, gamma='auto', kernel='linear', random_state=1))])",0.7021726271726272,0.4914692868079652,0.7367715458276333,0.5892692237213202,0.712461602297703,0.6015588396289708
180,"OS_('SOMO', ""{'proportion': 1.0, 'n_grid': 10, 'sigma': 0.2, 'learning_rate': 0.5, 'n_iter': 100, 'n_jobs': 1, 'random_state': 1}"")",DecisionTreeClassifier(random_state=1),0.681941031941032,0.4633697692445059,0.491764705882353,0.47523517963076883,0.6255032060217453,0.47639451466773386
181,"OS_('SOMO', ""{'proportion': 1.0, 'n_grid': 10, 'sigma': 0.2, 'learning_rate': 0.5, 'n_iter': 100, 'n_jobs': 1, 'random_state': 1}"")",KNeighborsClassifier(),0.7324870324870325,0.5539834097946706,0.419781121751026,0.47507398525623934,0.6397483807807263,0.4809155450291952
182,"OS_('SOMO', ""{'proportion': 1.0, 'n_grid': 10, 'sigma': 0.2, 'learning_rate': 0.5, 'n_iter': 100, 'n_jobs': 1, 'random_state': 1}"")",MLPClassifier(random_state=1),0.7527254527254528,0.6400294486866176,0.38487004103967165,0.4741465481886534,0.6436198546430586,0.4927543020427249
183,"OS_('SOMO', ""{'proportion': 1.0, 'n_grid': 10, 'sigma': 0.2, 'learning_rate': 0.5, 'n_iter': 100, 'n_jobs': 1, 'random_state': 1}"")","Pipeline(steps=[('standardscaler', StandardScaler()),
                ('svc',
                 SVC(C=1, gamma='auto', kernel='linear', random_state=1))])",0.7513695513695514,0.6980697399527187,0.28930232558139535,0.40186378793041555,0.6143194092361954,0.4446645010562008
184,"OS_('CE_SMOTE', ""{'proportion': 1.0, 'h': 10, 'k': 5, 'alpha': 0.5, 'n_jobs': 1, 'random_state': 1}"")",DecisionTreeClassifier(random_state=1),0.6947447447447448,0.4770207622912829,0.5686456908344734,0.5184211150835184,0.657308627407758,0.5206210005957802
185,"OS_('CE_SMOTE', ""{'proportion': 1.0, 'h': 10, 'k': 5, 'alpha': 0.5, 'n_jobs': 1, 'random_state': 1}"")",KNeighborsClassifier(),0.6799322049322049,0.4602818816312281,0.6273050615595075,0.5302757769377082,0.6643634312536875,0.5369827099004432
186,"OS_('CE_SMOTE', ""{'proportion': 1.0, 'h': 10, 'k': 5, 'alpha': 0.5, 'n_jobs': 1, 'random_state': 1}"")",MLPClassifier(random_state=1),0.7055373555373556,0.4945828540311939,0.715813953488372,0.5845583999320342,0.7086178772181196,0.594781410324701
187,"OS_('CE_SMOTE', ""{'proportion': 1.0, 'h': 10, 'k': 5, 'alpha': 0.5, 'n_jobs': 1, 'random_state': 1}"")","Pipeline(steps=[('standardscaler', StandardScaler()),
                ('svc',
                 SVC(C=1, gamma='auto', kernel='linear', random_state=1))])",0.6947492947492948,0.48300636181689416,0.7344186046511627,0.5823645554162213,0.7065457952165766,0.595383852842201
188,"OS_('Edge_Det_SMOTE', ""{'proportion': 1.0, 'k': 5, 'n_jobs': 1, 'random_state': 1}"")",DecisionTreeClassifier(random_state=1),0.6866593866593866,0.46446348712457874,0.5361149110807113,0.49763059258684506,0.6419911048294553,0.49895785816885513
189,"OS_('Edge_Det_SMOTE', ""{'proportion': 1.0, 'k': 5, 'n_jobs': 1, 'random_state': 1}"")",KNeighborsClassifier(),0.6826394576394577,0.4668067698724633,0.6529138166894665,0.5433600525569489,0.6738502732736431,0.551533591591436
190,"OS_('Edge_Det_SMOTE', ""{'proportion': 1.0, 'k': 5, 'n_jobs': 1, 'random_state': 1}"")",MLPClassifier(random_state=1),0.7176767676767677,0.5114369844247892,0.7320656634746922,0.6013959038551538,0.7219570023534598,0.611474638222685
191,"OS_('Edge_Det_SMOTE', ""{'proportion': 1.0, 'k': 5, 'n_jobs': 1, 'random_state': 1}"")","Pipeline(steps=[('standardscaler', StandardScaler()),
                ('svc',
                 SVC(C=1, gamma='auto', kernel='linear', random_state=1))])",0.6947697697697697,0.48369932404803045,0.7437482900136798,0.585772136846042,0.7093149033006789,0.5995739213119567
192,"OS_('DBSMOTE', ""{'proportion': 1.0, 'eps': 0.8, 'min_samples': 3, 'n_jobs': 1, 'random_state': 1}"")",DecisionTreeClassifier(random_state=1),0.6792451542451542,0.45152875398570985,0.47548563611491107,0.4623892521944411,0.6187854720858915,0.4629467044252789
193,"OS_('DBSMOTE', ""{'proportion': 1.0, 'eps': 0.8, 'min_samples': 3, 'n_jobs': 1, 'random_state': 1}"")",KNeighborsClassifier(),0.7001365001365001,0.48468584692064176,0.5690013679890561,0.5224693134275065,0.6612779351793623,0.5246464059518188
194,"OS_('DBSMOTE', ""{'proportion': 1.0, 'eps': 0.8, 'min_samples': 3, 'n_jobs': 1, 'random_state': 1}"")",MLPClassifier(random_state=1),0.6900468650468651,0.4787285683504171,0.7507250341997264,0.5838260320617714,0.708063938900811,0.599059176716521
195,"OS_('DBSMOTE', ""{'proportion': 1.0, 'eps': 0.8, 'min_samples': 3, 'n_jobs': 1, 'random_state': 1}"")","Pipeline(steps=[('standardscaler', StandardScaler()),
                ('svc',
                 SVC(C=1, gamma='auto', kernel='linear', random_state=1))])",0.659022659022659,0.4504211942749121,0.773953488372093,0.5687015529194991,0.6931378816268048,0.5900147557628579
196,"OS_('ASMOBD', ""{'proportion': 1.0, 'min_samples': 3, 'eps': 0.8, 'eta': 0.5, 'T_1': 1.0, 'T_2': 1.0, 't_1': 4.0, 't_2': 4.0, 'a': 0.05, 'smoothing': 'linear', 'n_jobs': 1, 'random_state': 1}"")",DecisionTreeClassifier(random_state=1),0.6691486941486942,0.4391454565050624,0.5035841313269493,0.4685494662591171,0.6200385111611051,0.46995354943804823
197,"OS_('ASMOBD', ""{'proportion': 1.0, 'min_samples': 3, 'eps': 0.8, 'eta': 0.5, 'T_1': 1.0, 'T_2': 1.0, 't_1': 4.0, 't_2': 4.0, 'a': 0.05, 'smoothing': 'linear', 'n_jobs': 1, 'random_state': 1}"")",KNeighborsClassifier(),0.6806033306033306,0.46108089147773923,0.618030095759234,0.5268850934074226,0.6620956165999962,0.5331664793391002
198,"OS_('ASMOBD', ""{'proportion': 1.0, 'min_samples': 3, 'eps': 0.8, 'eta': 0.5, 'T_1': 1.0, 'T_2': 1.0, 't_1': 4.0, 't_2': 4.0, 'a': 0.05, 'smoothing': 'linear', 'n_jobs': 1, 'random_state': 1}"")",MLPClassifier(random_state=1),0.6960983710983711,0.48452508076501033,0.7413679890560875,0.5855002600472352,0.70954655376975,0.5990529071821158
199,"OS_('ASMOBD', ""{'proportion': 1.0, 'min_samples': 3, 'eps': 0.8, 'eta': 0.5, 'T_1': 1.0, 'T_2': 1.0, 't_1': 4.0, 't_2': 4.0, 'a': 0.05, 'smoothing': 'linear', 'n_jobs': 1, 'random_state': 1}"")","Pipeline(steps=[('standardscaler', StandardScaler()),
                ('svc',
                 SVC(C=1, gamma='auto', kernel='linear', random_state=1))])",0.6684616434616434,0.4577573444321542,0.76703146374829,0.5726652071204471,0.697733741352818,0.592171955459794
200,"OS_('Assembled_SMOTE', ""{'proportion': 1.0, 'n_neighbors': 5, 'pop': 2, 'thres': 0.3, 'n_jobs': 1, 'random_state': 1}"")",DecisionTreeClassifier(random_state=1),0.6873350623350623,0.4646758964816538,0.5175649794801641,0.4894742494481072,0.6369815418727836,0.490296268058498
201,"OS_('Assembled_SMOTE', ""{'proportion': 1.0, 'n_neighbors': 5, 'pop': 2, 'thres': 0.3, 'n_jobs': 1, 'random_state': 1}"")",KNeighborsClassifier(),0.6893780143780143,0.47323463540089755,0.6529685362517099,0.5477082835532187,0.6786169695476559,0.5553391223502115
202,"OS_('Assembled_SMOTE', ""{'proportion': 1.0, 'n_neighbors': 5, 'pop': 2, 'thres': 0.3, 'n_jobs': 1, 'random_state': 1}"")",MLPClassifier(random_state=1),0.7129447629447629,0.505654888047669,0.7436935704514364,0.6010603592480417,0.7220837520503628,0.6127335370318397
203,"OS_('Assembled_SMOTE', ""{'proportion': 1.0, 'n_neighbors': 5, 'pop': 2, 'thres': 0.3, 'n_jobs': 1, 'random_state': 1}"")","Pipeline(steps=[('standardscaler', StandardScaler()),
                ('svc',
                 SVC(C=1, gamma='auto', kernel='linear', random_state=1))])",0.6954181454181454,0.48515357628725,0.7436935704514364,0.586400407395553,0.7097614771688461,0.600227875093653
204,"OS_('SDSMOTE', ""{'proportion': 1.0, 'n_neighbors': 5, 'n_jobs': 1, 'random_state': 1}"")",DecisionTreeClassifier(random_state=1),0.6792451542451542,0.4548756361060464,0.5151573187414501,0.4824726416052611,0.6305644413612465,0.4837421827056808
205,"OS_('SDSMOTE', ""{'proportion': 1.0, 'n_neighbors': 5, 'n_jobs': 1, 'random_state': 1}"")",KNeighborsClassifier(),0.6785876785876785,0.4613390876090245,0.655266757865937,0.5404888306920403,0.6717092083168549,0.5493094436438908
206,"OS_('SDSMOTE', ""{'proportion': 1.0, 'n_neighbors': 5, 'n_jobs': 1, 'random_state': 1}"")",MLPClassifier(random_state=1),0.7136090636090635,0.5064125551676437,0.7391244870041038,0.5998192568276031,0.7212210112745638,0.611162686339181
207,"OS_('SDSMOTE', ""{'proportion': 1.0, 'n_neighbors': 5, 'n_jobs': 1, 'random_state': 1}"")","Pipeline(steps=[('standardscaler', StandardScaler()),
                ('svc',
                 SVC(C=1, gamma='auto', kernel='linear', random_state=1))])",0.6967763217763218,0.4852460520423307,0.7390971272229822,0.5853906188770877,0.7093589901517755,0.5986203545314003
208,"OS_('DSMOTE', ""{'proportion': 1.0, 'n_neighbors': 5, 'rate': 0.1, 'n_step': 50, 'n_jobs': 1, 'random_state': 1}"")",DecisionTreeClassifier(random_state=1),0.7062039312039312,0.5020074725343842,0.4941997264021888,0.49597140798731276,0.6433083940067817,0.4970342557758542
209,"OS_('DSMOTE', ""{'proportion': 1.0, 'n_neighbors': 5, 'rate': 0.1, 'n_step': 50, 'n_jobs': 1, 'random_state': 1}"")",KNeighborsClassifier(),0.7432796432796432,0.5720064135555645,0.4618604651162791,0.5081078180241915,0.6598401851647745,0.5124864061835975
210,"OS_('DSMOTE', ""{'proportion': 1.0, 'n_neighbors': 5, 'rate': 0.1, 'n_step': 50, 'n_jobs': 1, 'random_state': 1}"")",MLPClassifier(random_state=1),0.7567726817726819,0.6180227957621015,0.4595348837209302,0.5225163860671931,0.6686300011021713,0.5305060308642214
211,"OS_('DSMOTE', ""{'proportion': 1.0, 'n_neighbors': 5, 'rate': 0.1, 'n_step': 50, 'n_jobs': 1, 'random_state': 1}"")","Pipeline(steps=[('standardscaler', StandardScaler()),
                ('svc',
                 SVC(C=1, gamma='auto', kernel='linear', random_state=1))])",0.7540699790699791,0.6276402029208704,0.4176470588235294,0.4946308476676606,0.6543211597435182,0.5082994896184405
212,"OS_('G_SMOTE', ""{'proportion': 1.0, 'n_neighbors': 5, 'method': 'linear', 'n_jobs': 1, 'random_state': 1}"")",DecisionTreeClassifier(random_state=1),0.6772158522158522,0.45286629037505904,0.5105061559507524,0.4786279216010524,0.6277649263166083,0.48015049611975613
213,"OS_('G_SMOTE', ""{'proportion': 1.0, 'n_neighbors': 5, 'method': 'linear', 'n_jobs': 1, 'random_state': 1}"")",KNeighborsClassifier(),0.6839839839839841,0.4664001960437717,0.6412859097127223,0.5394331276258517,0.6713538553302948,0.5465829087405824
214,"OS_('G_SMOTE', ""{'proportion': 1.0, 'n_neighbors': 5, 'method': 'linear', 'n_jobs': 1, 'random_state': 1}"")",MLPClassifier(random_state=1),0.7109291109291109,0.5016933832180557,0.7273871409028727,0.5935024474216467,0.7158262718732373,0.6039241798774138
215,"OS_('G_SMOTE', ""{'proportion': 1.0, 'n_neighbors': 5, 'method': 'linear', 'n_jobs': 1, 'random_state': 1}"")","Pipeline(steps=[('standardscaler', StandardScaler()),
                ('svc',
                 SVC(C=1, gamma='auto', kernel='linear', random_state=1))])",0.6934070434070435,0.48172802245613394,0.7390971272229822,0.5827303498416014,0.70698932190533,0.5963976795022603
216,"OS_('NT_SMOTE', ""{'proportion': 1.0, 'n_jobs': 1, 'random_state': 1}"")",DecisionTreeClassifier(random_state=1),0.6698289198289198,0.44145769465789175,0.5314911080711354,0.48197964675692495,0.628778729391018,0.48422005594313555
217,"OS_('NT_SMOTE', ""{'proportion': 1.0, 'n_jobs': 1, 'random_state': 1}"")",KNeighborsClassifier(),0.6833242333242333,0.46449752517268783,0.6460465116279069,0.5399314290899865,0.6723123553400198,0.5475411854414873
218,"OS_('NT_SMOTE', ""{'proportion': 1.0, 'n_jobs': 1, 'random_state': 1}"")",MLPClassifier(random_state=1),0.710920010920011,0.5026686469084876,0.7343638850889193,0.5961108216580127,0.7178928430183933,0.6071973025655089
219,"OS_('NT_SMOTE', ""{'proportion': 1.0, 'n_jobs': 1, 'random_state': 1}"")","Pipeline(steps=[('standardscaler', StandardScaler()),
                ('svc',
                 SVC(C=1, gamma='auto', kernel='linear', random_state=1))])",0.69003549003549,0.48095912493848675,0.7460465116279069,0.5836737980216241,0.7066725449134795,0.5983679809973121
220,"OS_('Lee', ""{'proportion': 1.0, 'n_neighbors': 5, 'rejection_level': 0.5, 'n_jobs': 1, 'random_state': 1}"")",DecisionTreeClassifier(random_state=1),0.679914004914005,0.4556515926528714,0.5196990424076608,0.4850826550094716,0.6323613695450627,0.4863757482715818
221,"OS_('Lee', ""{'proportion': 1.0, 'n_neighbors': 5, 'rejection_level': 0.5, 'n_jobs': 1, 'random_state': 1}"")",KNeighborsClassifier(),0.6974633724633724,0.4810142171916665,0.5784404924760602,0.5234558262602846,0.6622060282285515,0.5265746113442655
222,"OS_('Lee', ""{'proportion': 1.0, 'n_neighbors': 5, 'rejection_level': 0.5, 'n_jobs': 1, 'random_state': 1}"")",MLPClassifier(random_state=1),0.7345140595140596,0.5347639927450982,0.6971272229822161,0.6042767472723924,0.7234451280787859,0.6100768195428833
223,"OS_('Lee', ""{'proportion': 1.0, 'n_neighbors': 5, 'rejection_level': 0.5, 'n_jobs': 1, 'random_state': 1}"")","Pipeline(steps=[('standardscaler', StandardScaler()),
                ('svc',
                 SVC(C=1, gamma='auto', kernel='linear', random_state=1))])",0.719007644007644,0.5120726463273787,0.7088098495212037,0.5938347557667888,0.7160162991681849,0.6020698492535381
224,"OS_('SPY', ""{'n_neighbors': 5, 'threshold': 0.5, 'n_jobs': 1}"")",DecisionTreeClassifier(random_state=1),0.6704636454636455,0.45142672209802237,0.6408755129958961,0.529567277517766,0.6616699839860997,0.5377928100695919
225,"OS_('SPY', ""{'n_neighbors': 5, 'threshold': 0.5, 'n_jobs': 1}"")",KNeighborsClassifier(),0.7109200109200109,0.5049777734153165,0.6133515731874145,0.5511461043228612,0.6820312368306741,0.5551273015271947
226,"OS_('SPY', ""{'n_neighbors': 5, 'threshold': 0.5, 'n_jobs': 1}"")",MLPClassifier(random_state=1),0.7466352716352718,0.5575791160974823,0.6506155950752394,0.5981166171505643,0.7181987927982831,0.6010928931666337
227,"OS_('SPY', ""{'n_neighbors': 5, 'threshold': 0.5, 'n_jobs': 1}"")","Pipeline(steps=[('standardscaler', StandardScaler()),
                ('svc',
                 SVC(C=1, gamma='auto', kernel='linear', random_state=1))])",0.7426039676039675,0.5559037119754793,0.6109712722298222,0.5794860446293532,0.7035899015177548,0.5814558419550953
228,"OS_('SMOTE_PSOBAT', ""{'maxit': 50, 'c1': 0.3, 'c2': 0.1, 'c3': 0.1, 'alpha': 0.9, 'gamma': 0.9, 'method': 'bat', 'n_jobs': 1, 'random_state': 1}"")",DecisionTreeClassifier(random_state=1),0.6839362089362089,0.46042887601966304,0.5010123119015049,0.4795681895368772,0.629653075382032,0.48014363102430757
229,"OS_('SMOTE_PSOBAT', ""{'maxit': 50, 'c1': 0.3, 'c2': 0.1, 'c3': 0.1, 'alpha': 0.9, 'gamma': 0.9, 'method': 'bat', 'n_jobs': 1, 'random_state': 1}"")",KNeighborsClassifier(),0.7082332332332333,0.49840935672514625,0.5992886456908344,0.543067060620797,0.6759476403809623,0.5459455682418184
230,"OS_('SMOTE_PSOBAT', ""{'maxit': 50, 'c1': 0.3, 'c2': 0.1, 'c3': 0.1, 'alpha': 0.9, 'gamma': 0.9, 'method': 'bat', 'n_jobs': 1, 'random_state': 1}"")",MLPClassifier(random_state=1),0.7439462189462189,0.5533848462242186,0.6365800273597813,0.5903936452240398,0.7121288762391323,0.5926810654465419
231,"OS_('SMOTE_PSOBAT', ""{'maxit': 50, 'c1': 0.3, 'c2': 0.1, 'c3': 0.1, 'alpha': 0.9, 'gamma': 0.9, 'method': 'bat', 'n_jobs': 1, 'random_state': 1}"")","Pipeline(steps=[('standardscaler', StandardScaler()),
                ('svc',
                 SVC(C=1, gamma='auto', kernel='linear', random_state=1))])",0.7452998452998453,0.5667576998471577,0.5900410396716826,0.5733531975030811,0.6992859226794432,0.5758685974261394
232,"OS_('MDO', ""{'proportion': 1.0, 'K2': 5, 'K1_frac': 0.5, 'n_jobs': 1, 'random_state': 1}"")",DecisionTreeClassifier(random_state=1),0.6731890981890982,0.45045756537173515,0.49181942544459645,0.468261015884738,0.6193694283621087,0.46968871691578284
233,"OS_('MDO', ""{'proportion': 1.0, 'K2': 5, 'K1_frac': 0.5, 'n_jobs': 1, 'random_state': 1}"")",KNeighborsClassifier(),0.7196946946946947,0.5193596900039477,0.5456634746922024,0.5302911202007131,0.6680924008532102,0.5313982529287894
234,"OS_('MDO', ""{'proportion': 1.0, 'K2': 5, 'K1_frac': 0.5, 'n_jobs': 1, 'random_state': 1}"")",MLPClassifier(random_state=1),0.7358631358631358,0.5539598997493733,0.606265389876881,0.5754931278637294,0.6974454911469713,0.5777924449947077
235,"OS_('MDO', ""{'proportion': 1.0, 'K2': 5, 'K1_frac': 0.5, 'n_jobs': 1, 'random_state': 1}"")","Pipeline(steps=[('standardscaler', StandardScaler()),
                ('svc',
                 SVC(C=1, gamma='auto', kernel='linear', random_state=1))])",0.7095868595868595,0.5016620323128262,0.6762243502051983,0.5748761099341768,0.6997235495101821,0.5818544089330974
236,"OS_('Random_SMOTE', ""{'proportion': 1.0, 'n_neighbors': 5, 'n_jobs': 1, 'random_state': 1}"")",DecisionTreeClassifier(random_state=1),0.6711734461734461,0.4482153992888369,0.5337619699042407,0.48557607809527753,0.6303880939568598,0.4882677461240449
237,"OS_('Random_SMOTE', ""{'proportion': 1.0, 'n_neighbors': 5, 'n_jobs': 1, 'random_state': 1}"")",KNeighborsClassifier(),0.6846664846664847,0.4681869200574938,0.6669493844049248,0.5497636430585933,0.6794462561835051,0.55858853303952
238,"OS_('Random_SMOTE', ""{'proportion': 1.0, 'n_neighbors': 5, 'n_jobs': 1, 'random_state': 1}"")",MLPClassifier(random_state=1),0.7109200109200109,0.5032577422677853,0.7320930232558138,0.5954200023654488,0.7172313457511297,0.6064262217249526
239,"OS_('Random_SMOTE', ""{'proportion': 1.0, 'n_neighbors': 5, 'n_jobs': 1, 'random_state': 1}"")","Pipeline(steps=[('standardscaler', StandardScaler()),
                ('svc',
                 SVC(C=1, gamma='auto', kernel='linear', random_state=1))])",0.6866707616707617,0.4763149752227118,0.7414227086183309,0.5791275223010152,0.7029388424608243,0.5937872690528744
240,"OS_('ISMOTE', ""{'n_neighbors': 5, 'minority_weight': 0.5, 'n_jobs': 1, 'random_state': 1}"")",DecisionTreeClassifier(random_state=1),0.6091500591500592,0.37854107133971887,0.543091655266758,0.445496166973275,0.5895553063063648,0.45308094516698416
241,"OS_('ISMOTE', ""{'n_neighbors': 5, 'minority_weight': 0.5, 'n_jobs': 1, 'random_state': 1}"")",KNeighborsClassifier(),0.6563745563745564,0.43403567766941736,0.6296853625170998,0.5136451872088126,0.6484919703580759,0.5226699538926673
242,"OS_('ISMOTE', ""{'n_neighbors': 5, 'minority_weight': 0.5, 'n_jobs': 1, 'random_state': 1}"")",MLPClassifier(random_state=1),0.7250819000819001,0.5237748724705247,0.6317920656634747,0.5723464908068208,0.6974126205094624,0.5750563218275767
243,"OS_('ISMOTE', ""{'n_neighbors': 5, 'minority_weight': 0.5, 'n_jobs': 1, 'random_state': 1}"")","Pipeline(steps=[('standardscaler', StandardScaler()),
                ('svc',
                 SVC(C=1, gamma='auto', kernel='linear', random_state=1))])",0.7311402311402311,0.537906976744186,0.5783036935704514,0.5558650919274322,0.685834311240202,0.5569822478201073
244,"OS_('GASMOTE', ""{'n_neighbors': 5, 'maxn': 7, 'n_pop': 10, 'popl3': 5, 'pm': 0.3, 'pr': 0.2, 'Ge': 10, 'n_jobs': 1, 'random_state': 1}"")",DecisionTreeClassifier(random_state=1),0.685990535990536,0.4644507571466335,0.5453625170998632,0.501104308651425,0.6442452395925857,0.5029998086554625
245,"OS_('GASMOTE', ""{'n_neighbors': 5, 'maxn': 7, 'n_pop': 10, 'popl3': 5, 'pm': 0.3, 'pr': 0.2, 'Ge': 10, 'n_jobs': 1, 'random_state': 1}"")",KNeighborsClassifier(),0.6590476840476841,0.44719506275570353,0.7415321477428181,0.5569325229773538,0.6835622824022147,0.5753079454185277
246,"OS_('GASMOTE', ""{'n_neighbors': 5, 'maxn': 7, 'n_pop': 10, 'popl3': 5, 'pm': 0.3, 'pr': 0.2, 'Ge': 10, 'n_jobs': 1, 'random_state': 1}"")",MLPClassifier(random_state=1),0.6442078442078442,0.4417957853926281,0.8555403556771546,0.5820414339769754,0.7069170972698569,0.6144193542541128
247,"OS_('GASMOTE', ""{'n_neighbors': 5, 'maxn': 7, 'n_pop': 10, 'popl3': 5, 'pm': 0.3, 'pr': 0.2, 'Ge': 10, 'n_jobs': 1, 'random_state': 1}"")","Pipeline(steps=[('standardscaler', StandardScaler()),
                ('svc',
                 SVC(C=1, gamma='auto', kernel='linear', random_state=1))])",0.6206206206206206,0.42489777409625756,0.8578385772913817,0.5676264914510545,0.691004596702563,0.6033296837274131
248,"OS_('SMOTE_FRST_2T', ""{'n_neighbors': 5, 'gamma_S': 0.7, 'gamma_M': 0.03, 'n_jobs': 1, 'random_state': 1}"")",DecisionTreeClassifier(random_state=1),0.6805896805896806,0.4608633589139629,0.5570177838577292,0.5034364640286758,0.6439117355307603,0.5061745204174907
249,"OS_('SMOTE_FRST_2T', ""{'n_neighbors': 5, 'gamma_S': 0.7, 'gamma_M': 0.03, 'n_jobs': 1, 'random_state': 1}"")",KNeighborsClassifier(),0.681954681954682,0.4666334861679884,0.659890560875513,0.545776900229605,0.67544291076951,0.5544381137528565
250,"OS_('SMOTE_FRST_2T', ""{'n_neighbors': 5, 'gamma_S': 0.7, 'gamma_M': 0.03, 'n_jobs': 1, 'random_state': 1}"")",MLPClassifier(random_state=1),0.6853262353262354,0.47545392414022036,0.7762790697674419,0.5891010840997476,0.712310150997465,0.6071848292979466
251,"OS_('SMOTE_FRST_2T', ""{'n_neighbors': 5, 'gamma_S': 0.7, 'gamma_M': 0.03, 'n_jobs': 1, 'random_state': 1}"")","Pipeline(steps=[('standardscaler', StandardScaler()),
                ('svc',
                 SVC(C=1, gamma='auto', kernel='linear', random_state=1))])",0.6711848211848211,0.46162289960617214,0.7553488372093022,0.5720731645858036,0.6961578309269261,0.5899605680352689
252,"OS_('AND_SMOTE', ""{'proportion': 1.0, 'K': 15, 'n_jobs': 1, 'random_state': 1}"")",DecisionTreeClassifier(random_state=1),0.6833014833014832,0.4622502428019829,0.5292476060191518,0.4925868847890995,0.6376095850000973,0.49416212236967183
253,"OS_('AND_SMOTE', ""{'proportion': 1.0, 'K': 15, 'n_jobs': 1, 'random_state': 1}"")",KNeighborsClassifier(),0.6981526981526981,0.4844919839539948,0.6506429548563611,0.5551915382318487,0.6840892499400288,0.5613429127175112
254,"OS_('AND_SMOTE', ""{'proportion': 1.0, 'K': 15, 'n_jobs': 1, 'random_state': 1}"")",MLPClassifier(random_state=1),0.7142938392938393,0.5064451731490331,0.7414227086183309,0.600948031126286,0.7223701220816774,0.6123163987060792
255,"OS_('AND_SMOTE', ""{'proportion': 1.0, 'K': 15, 'n_jobs': 1, 'random_state': 1}"")","Pipeline(steps=[('standardscaler', StandardScaler()),
                ('svc',
                 SVC(C=1, gamma='auto', kernel='linear', random_state=1))])",0.6981185731185732,0.487731746031746,0.727469220246238,0.5829205960684573,0.7068625722084271,0.5951124998789247
256,"OS_('NRAS', ""{'proportion': 1.0, 'n_neighbors': 5, 't': 0.5, 'n_jobs': 1, 'random_state': 1}"")",DecisionTreeClassifier(random_state=1),0.7553872053872054,0.6113374050939473,0.42653898768809856,0.5002525252525253,0.6578192568772245,0.5094540998033289
257,"OS_('NRAS', ""{'proportion': 1.0, 'n_neighbors': 5, 't': 0.5, 'n_jobs': 1, 'random_state': 1}"")",KNeighborsClassifier(),0.7291268541268542,0.5347845423074256,0.5061285909712722,0.5181574329829272,0.6630169021207072,0.5193047270759101
258,"OS_('NRAS', ""{'proportion': 1.0, 'n_neighbors': 5, 't': 0.5, 'n_jobs': 1, 'random_state': 1}"")",MLPClassifier(random_state=1),0.7493379743379744,0.5711775296730954,0.5783036935704514,0.5720937509622134,0.6986305197710078,0.5734154871040467
259,"OS_('NRAS', ""{'proportion': 1.0, 'n_neighbors': 5, 't': 0.5, 'n_jobs': 1, 'random_state': 1}"")","Pipeline(steps=[('standardscaler', StandardScaler()),
                ('svc',
                 SVC(C=1, gamma='auto', kernel='linear', random_state=1))])",0.7452884702884703,0.559691139700137,0.5922571819425444,0.5737848217171921,0.6999200601655851,0.5748779400064113
260,"OS_('AMSCO', ""{'n_pop': 5, 'n_iter': 15, 'omega': 0.1, 'r1': 0.1, 'r2': 0.1, 'n_jobs': 1, 'classifier': DecisionTreeClassifier(random_state=2), 'random_state': 1}"")",DecisionTreeClassifier(random_state=1),0.6738420238420237,0.4469115466951751,0.5591244870041039,0.4958286236526641,0.6397518169617676,0.49940660336722276
261,"OS_('AMSCO', ""{'n_pop': 5, 'n_iter': 15, 'omega': 0.1, 'r1': 0.1, 'r2': 0.1, 'n_jobs': 1, 'classifier': DecisionTreeClassifier(random_state=2), 'random_state': 1}"")",KNeighborsClassifier(),0.6348143598143597,0.4280643365911832,0.7670588235294118,0.549297771003625,0.6740507387789239,0.5729128833746204
262,"OS_('AMSCO', ""{'n_pop': 5, 'n_iter': 15, 'omega': 0.1, 'r1': 0.1, 'r2': 0.1, 'n_jobs': 1, 'classifier': DecisionTreeClassifier(random_state=2), 'random_state': 1}"")",MLPClassifier(random_state=1),0.6166006916006916,0.42211101625319936,0.8811217510259919,0.5705620080909984,0.6950632451812423,0.609726575322824
263,"OS_('AMSCO', ""{'n_pop': 5, 'n_iter': 15, 'omega': 0.1, 'r1': 0.1, 'r2': 0.1, 'n_jobs': 1, 'classifier': DecisionTreeClassifier(random_state=2), 'random_state': 1}"")","Pipeline(steps=[('standardscaler', StandardScaler()),
                ('svc',
                 SVC(C=1, gamma='auto', kernel='linear', random_state=1))])",0.5741514241514242,0.39767348648502204,0.9113269493844051,0.5533110802208633,0.6741468870144772,0.6017425950030392
264,"OS_('SSO', ""{'proportion': 1.0, 'n_neighbors': 5, 'h': 10, 'n_iter': 5, 'n_jobs': 1, 'random_state': 1}"")",DecisionTreeClassifier(random_state=1),0.6785808535808535,0.4529795336407879,0.4708344733242134,0.46029090248428545,0.6169338243398318,0.461096256929398
265,"OS_('SSO', ""{'proportion': 1.0, 'n_neighbors': 5, 'h': 10, 'n_iter': 5, 'n_jobs': 1, 'random_state': 1}"")",KNeighborsClassifier(),0.7176835926835927,0.5131942041544374,0.5760328317373462,0.5414148142616217,0.6756941409871564,0.5430093086789156
266,"OS_('SSO', ""{'proportion': 1.0, 'n_neighbors': 5, 'h': 10, 'n_iter': 5, 'n_jobs': 1, 'random_state': 1}"")",MLPClassifier(random_state=1),0.7311447811447811,0.5299970850090387,0.6691108071135432,0.5912052855933578,0.7127544556894729,0.5953630545452508
267,"OS_('SSO', ""{'proportion': 1.0, 'n_neighbors': 5, 'h': 10, 'n_iter': 5, 'n_jobs': 1, 'random_state': 1}"")","Pipeline(steps=[('standardscaler', StandardScaler()),
                ('svc',
                 SVC(C=1, gamma='auto', kernel='linear', random_state=1))])",0.7304713804713805,0.5303746760395246,0.6435294117647059,0.5807178108404343,0.7047030945079453,0.5838235895667261
268,"OS_('NDO_sampling', ""{'proportion': 1.0, 'n_neighbors': 5, 'T': 0.5, 'n_jobs': 1, 'random_state': 1}"")",DecisionTreeClassifier(random_state=1),0.6832741832741833,0.4615892798957315,0.5453351573187415,0.49801257644315483,0.6423358251048683,0.5007160659617029
269,"OS_('NDO_sampling', ""{'proportion': 1.0, 'n_neighbors': 5, 'T': 0.5, 'n_jobs': 1, 'random_state': 1}"")",KNeighborsClassifier(),0.6913982163982164,0.47528716183678144,0.6366073871409028,0.5435609927829608,0.6751757314851434,0.5497118910341998
270,"OS_('NDO_sampling', ""{'proportion': 1.0, 'n_neighbors': 5, 'T': 0.5, 'n_jobs': 1, 'random_state': 1}"")",MLPClassifier(random_state=1),0.7176562926562926,0.511499709142932,0.750752393980848,0.6071540684529864,0.7275088984122251,0.6190024953373086
271,"OS_('NDO_sampling', ""{'proportion': 1.0, 'n_neighbors': 5, 'T': 0.5, 'n_jobs': 1, 'random_state': 1}"")","Pipeline(steps=[('standardscaler', StandardScaler()),
                ('svc',
                 SVC(C=1, gamma='auto', kernel='linear', random_state=1))])",0.7014946764946766,0.49227422683635746,0.7321477428180574,0.5877461384501579,0.710623634442204,0.5998332540752747
272,"OS_('DSRBF', ""{'proportion': 1.0, 'n_neighbors': 5, 'm_min': 4, 'm_max': 10, 'Ib': 2, 'Ob': 2, 'n_pop': 500, 'n_init_pop': 5000, 'n_iter': 40, 'n_sampling_epoch': 5, 'n_jobs': 1, 'random_state': 1}"")",DecisionTreeClassifier(random_state=1),0.6765379015379016,0.45572613536901185,0.547688098495212,0.496485272553384,0.6382990255509235,0.4990828893629522
273,"OS_('DSRBF', ""{'proportion': 1.0, 'n_neighbors': 5, 'm_min': 4, 'm_max': 10, 'Ib': 2, 'Ob': 2, 'n_pop': 500, 'n_init_pop': 5000, 'n_iter': 40, 'n_sampling_epoch': 5, 'n_jobs': 1, 'random_state': 1}"")",KNeighborsClassifier(),0.6806124306124307,0.46295820673259325,0.6412859097127223,0.537030496699936,0.6689841870838493,0.5445145806273777
274,"OS_('DSRBF', ""{'proportion': 1.0, 'n_neighbors': 5, 'm_min': 4, 'm_max': 10, 'Ib': 2, 'Ob': 2, 'n_pop': 500, 'n_init_pop': 5000, 'n_iter': 40, 'n_sampling_epoch': 5, 'n_jobs': 1, 'random_state': 1}"")",MLPClassifier(random_state=1),0.7102375102375104,0.5022600145411333,0.7390424076607387,0.5970161934166108,0.7188103033564357,0.6086986806762883
275,"OS_('DSRBF', ""{'proportion': 1.0, 'n_neighbors': 5, 'm_min': 4, 'm_max': 10, 'Ib': 2, 'Ob': 2, 'n_pop': 500, 'n_init_pop': 5000, 'n_iter': 40, 'n_sampling_epoch': 5, 'n_jobs': 1, 'random_state': 1}"")","Pipeline(steps=[('standardscaler', StandardScaler()),
                ('svc',
                 SVC(C=1, gamma='auto', kernel='linear', random_state=1))])",0.692055692055692,0.48078273199555605,0.7367441860465116,0.5812819954846893,0.7053389176678057,0.5948494860356752
276,"OS_('Gaussian_SMOTE', ""{'proportion': 1.0, 'n_neighbors': 5, 'sigma': 1.0, 'n_jobs': 1, 'random_state': 1}"")",DecisionTreeClassifier(random_state=1),0.681941031941032,0.46252579878293787,0.48952120383036934,0.4732154349658531,0.6248553886450425,0.4746145065481282
277,"OS_('Gaussian_SMOTE', ""{'proportion': 1.0, 'n_neighbors': 5, 'sigma': 1.0, 'n_jobs': 1, 'random_state': 1}"")",KNeighborsClassifier(),0.7264287014287014,0.5378440310761464,0.4501231190150479,0.48729005528628894,0.6444928391283771,0.49061378314911136
278,"OS_('Gaussian_SMOTE', ""{'proportion': 1.0, 'n_neighbors': 5, 'sigma': 1.0, 'n_jobs': 1, 'random_state': 1}"")",MLPClassifier(random_state=1),0.7648443898443898,0.6272709585166464,0.48976744186046506,0.5477691565804548,0.6832723465226497,0.5531031898299456
279,"OS_('Gaussian_SMOTE', ""{'proportion': 1.0, 'n_neighbors': 5, 'sigma': 1.0, 'n_jobs': 1, 'random_state': 1}"")","Pipeline(steps=[('standardscaler', StandardScaler()),
                ('svc',
                 SVC(C=1, gamma='auto', kernel='linear', random_state=1))])",0.7291177541177541,0.5280224864740994,0.6901778385772914,0.5965225358094629,0.7176007676298779,0.6027616045835936
280,"OS_('kmeans_SMOTE', ""{'proportion': 1.0, 'n_neighbors': 5, 'n_clusters': 10, 'irt': 2.0, 'n_jobs': 1, 'random_state': 1}"")",DecisionTreeClassifier(random_state=1),0.6772499772499773,0.4565553835977051,0.5035020519835841,0.47719143379070444,0.6256846752808917,0.4786007134116481
281,"OS_('kmeans_SMOTE', ""{'proportion': 1.0, 'n_neighbors': 5, 'n_clusters': 10, 'irt': 2.0, 'n_jobs': 1, 'random_state': 1}"")",KNeighborsClassifier(),0.7291154791154791,0.5363189694482443,0.5013406292749658,0.5169125182507697,0.6615707885711322,0.5178686822382502
282,"OS_('kmeans_SMOTE', ""{'proportion': 1.0, 'n_neighbors': 5, 'n_clusters': 10, 'irt': 2.0, 'n_jobs': 1, 'random_state': 1}"")",MLPClassifier(random_state=1),0.7594526344526344,0.6075267657549477,0.5130232558139535,0.5543181131649891,0.6863694478121901,0.5572817146000768
283,"OS_('kmeans_SMOTE', ""{'proportion': 1.0, 'n_neighbors': 5, 'n_clusters': 10, 'irt': 2.0, 'n_jobs': 1, 'random_state': 1}"")","Pipeline(steps=[('standardscaler', StandardScaler()),
                ('svc',
                 SVC(C=1, gamma='auto', kernel='linear', random_state=1))])",0.7560833560833561,0.6041106070311317,0.47811217510259924,0.5311859542591614,0.673653243949404,0.5361083299016505
284,"OS_('Supervised_SMOTE', ""{'proportion': 1.0, 'th_lower': 0.5, 'th_upper': 1.0, 'classifier': RandomForestClassifier(n_estimators=50, n_jobs=1, random_state=5), 'n_jobs': 1, 'random_state': 1}"")",DecisionTreeClassifier(random_state=1),0.6886886886886886,0.4686733722052228,0.5385225718194254,0.5005856738434568,0.6441428024973905,0.5020883149820411
285,"OS_('Supervised_SMOTE', ""{'proportion': 1.0, 'th_lower': 0.5, 'th_upper': 1.0, 'classifier': RandomForestClassifier(n_estimators=50, n_jobs=1, random_state=5), 'n_jobs': 1, 'random_state': 1}"")",KNeighborsClassifier(),0.7244175994175995,0.5203342705764558,0.6412859097127223,0.5735266506430277,0.6997898742876407,0.5771517852377915
286,"OS_('Supervised_SMOTE', ""{'proportion': 1.0, 'th_lower': 0.5, 'th_upper': 1.0, 'classifier': RandomForestClassifier(n_estimators=50, n_jobs=1, random_state=5), 'n_jobs': 1, 'random_state': 1}"")",MLPClassifier(random_state=1),0.739901264901265,0.547195973357059,0.6528317373461012,0.594085032069721,0.714093593791534,0.5970371764012697
287,"OS_('Supervised_SMOTE', ""{'proportion': 1.0, 'th_lower': 0.5, 'th_upper': 1.0, 'classifier': RandomForestClassifier(n_estimators=50, n_jobs=1, random_state=5), 'n_jobs': 1, 'random_state': 1}"")","Pipeline(steps=[('standardscaler', StandardScaler()),
                ('svc',
                 SVC(C=1, gamma='auto', kernel='linear', random_state=1))])",0.7318181818181818,0.5296491576856113,0.6645417236662107,0.5887288697887811,0.7118917149136742,0.5928929605556372
288,"OS_('SN_SMOTE', ""{'proportion': 1.0, 'n_neighbors': 5, 'n_jobs': 1, 'random_state': 1}"")",DecisionTreeClassifier(random_state=1),0.6711575211575211,0.4443464407378781,0.5221887824897401,0.4785984340013991,0.6269711684960548,0.48092599287520643
289,"OS_('SN_SMOTE', ""{'proportion': 1.0, 'n_neighbors': 5, 'n_jobs': 1, 'random_state': 1}"")",KNeighborsClassifier(),0.6745518245518246,0.45626975133115194,0.6506703146374828,0.5356006891862414,0.6675152521054712,0.5444485028816489
290,"OS_('SN_SMOTE', ""{'proportion': 1.0, 'n_neighbors': 5, 'n_jobs': 1, 'random_state': 1}"")",MLPClassifier(random_state=1),0.7075575575575576,0.4976553208746557,0.7321203830369356,0.5920252946748794,0.7148753573952451,0.6033383743667737
291,"OS_('SN_SMOTE', ""{'proportion': 1.0, 'n_neighbors': 5, 'n_jobs': 1, 'random_state': 1}"")","Pipeline(steps=[('standardscaler', StandardScaler()),
                ('svc',
                 SVC(C=1, gamma='auto', kernel='linear', random_state=1))])",0.6974474474474475,0.48623122273392994,0.7297948016415867,0.5830901386423383,0.7070774956075233,0.5954096212325009
292,"OS_('CCR', ""{'proportion': 1.0, 'energy': 1.0, 'scaling': 0.0, 'n_jobs': 1, 'random_state': 1}"")",DecisionTreeClassifier(random_state=1),0.6752070252070252,0.4505725039279584,0.48021887824897397,0.4634078164474816,0.6173606239586102,0.46439735509452573
293,"OS_('CCR', ""{'proportion': 1.0, 'energy': 1.0, 'scaling': 0.0, 'n_jobs': 1, 'random_state': 1}"")",KNeighborsClassifier(),0.7257530257530258,0.5360019098821678,0.4337619699042408,0.4771819922134551,0.639155866468708,0.4810039530708252
294,"OS_('CCR', ""{'proportion': 1.0, 'energy': 1.0, 'scaling': 0.0, 'n_jobs': 1, 'random_state': 1}"")",MLPClassifier(random_state=1),0.7527163527163527,0.6122133871962956,0.4640492476060191,0.5227799642380399,0.6670957138504029,0.5303246954715606
295,"OS_('CCR', ""{'proportion': 1.0, 'energy': 1.0, 'scaling': 0.0, 'n_jobs': 1, 'random_state': 1}"")","Pipeline(steps=[('standardscaler', StandardScaler()),
                ('svc',
                 SVC(C=1, gamma='auto', kernel='linear', random_state=1))])",0.6853194103194102,0.47105840071323224,0.708782489740082,0.5655669269089899,0.6923059368131689,0.5776076419138494
296,"OS_('ANS', ""{'proportion': 1.0, 'n_jobs': 1, 'random_state': 1}"")",DecisionTreeClassifier(random_state=1),0.6657907907907908,0.43979507644642013,0.5384952120383037,0.4836793528244331,0.6280153785310002,0.4864015260213429
297,"OS_('ANS', ""{'proportion': 1.0, 'n_jobs': 1, 'random_state': 1}"")",KNeighborsClassifier(),0.7035171535171534,0.49072336653226445,0.6692476060191519,0.5656855437110483,0.6933915755214242,0.5727829042167719
298,"OS_('ANS', ""{'proportion': 1.0, 'n_jobs': 1, 'random_state': 1}"")",MLPClassifier(random_state=1),0.7297979797979798,0.5292570876099342,0.7041586867305062,0.6031464183964184,0.7222215234600398,0.6098766160254481
299,"OS_('ANS', ""{'proportion': 1.0, 'n_jobs': 1, 'random_state': 1}"")","Pipeline(steps=[('standardscaler', StandardScaler()),
                ('svc',
                 SVC(C=1, gamma='auto', kernel='linear', random_state=1))])",0.7142961142961143,0.5049536301616634,0.7181121751025991,0.5925970442450723,0.7154541918167026,0.6019848566685966
300,"OS_('cluster_SMOTE', ""{'proportion': 1.0, 'n_neighbors': 3, 'n_clusters': 3, 'n_jobs': 1, 'random_state': 1}"")",DecisionTreeClassifier(random_state=1),0.6657816907816908,0.4353661192553734,0.4988235294117647,0.4644917126812659,0.6162364092556454,0.4657899388178154
301,"OS_('cluster_SMOTE', ""{'proportion': 1.0, 'n_neighbors': 3, 'n_clusters': 3, 'n_jobs': 1, 'random_state': 1}"")",KNeighborsClassifier(),0.7028346528346529,0.49108504308337214,0.6551846785225718,0.5598603708795189,0.6887297800195797,0.5664460600037386
302,"OS_('cluster_SMOTE', ""{'proportion': 1.0, 'n_neighbors': 3, 'n_clusters': 3, 'n_jobs': 1, 'random_state': 1}"")",MLPClassifier(random_state=1),0.7270998270998271,0.5239831749718267,0.6970998632010945,0.5976964756679479,0.7182181780460448,0.6040790918622923
303,"OS_('cluster_SMOTE', ""{'proportion': 1.0, 'n_neighbors': 3, 'n_clusters': 3, 'n_jobs': 1, 'random_state': 1}"")","Pipeline(steps=[('standardscaler', StandardScaler()),
                ('svc',
                 SVC(C=1, gamma='auto', kernel='linear', random_state=1))])",0.7163094913094914,0.5094049800463594,0.6925034199726402,0.5860027897114424,0.7092848853417704,0.5934189634188982
