,OS,Algorithm,ACC,Precision,recall,F1-Score,AUC,G-measure
0,train_STARM_star_nn_5_rj_0.5,DecisionTreeClassifier(random_state=1),0.9750841750841751,0.32936507936507936,0.44000000000000006,0.36774336774336774,0.7121232876712329,0.37607240864864033
1,train_STARM_star_nn_5_rj_0.5,KNeighborsClassifier(),0.9939393939393939,0.7928571428571429,0.96,0.8521367521367521,0.9772602739726027,0.8641440551625245
2,train_STARM_star_nn_5_rj_0.5,MLPClassifier(random_state=1),1.0,1.0,1.0,1.0,1.0,1.0
3,train_STARM_star_nn_5_rj_0.5,"Pipeline(steps=[('standardscaler', StandardScaler()),
                ('svc',
                 SVC(C=1, gamma='auto', kernel='linear', random_state=1))])",0.5757575757575758,0.013783303133269498,0.36000000000000004,0.02650112896501298,0.46972602739726027,0.07004617960801332
