,OS,Algorithm,ACC,Precision,recall,F1-Score,AUC,G-measure
0,train_STARM_star_nn_5_rj_0.5,DecisionTreeClassifier(random_state=1),0.8181324014754416,0.21405713481564875,0.34,0.2562835249042146,0.6052603917821309,0.2663705674425426
1,train_STARM_star_nn_5_rj_0.5,KNeighborsClassifier(),0.8378955542613085,0.30863597612958227,0.45999999999999996,0.36396270396270397,0.6696440516005733,0.37389175393366364
2,train_STARM_star_nn_5_rj_0.5,MLPClassifier(random_state=1),0.8123277033585712,0.27730808922759387,0.48,0.34697550214791595,0.6643549928332537,0.36230946287898835
3,train_STARM_star_nn_5_rj_0.5,"Pipeline(steps=[('standardscaler', StandardScaler()),
                ('svc',
                 SVC(C=1, gamma='auto', kernel='linear', random_state=1))])",0.7925063094544749,0.2634605263157895,0.54,0.34939244663382596,0.6800692785475393,0.37424358094190613
