,OS,Algorithm,ACC,Precision,recall,F1-Score,AUC,G-measure
0,train_STARM_star_nn_5_rj_0.5,DecisionTreeClassifier(random_state=1),0.933783501566307,0.8501838987885499,0.874102564102564,0.8611429970754095,0.9130739415623136,0.8616429008271368
1,train_STARM_star_nn_5_rj_0.5,KNeighborsClassifier(),0.9184406543682563,0.7691107994389902,0.9548717948717949,0.8494908040735674,0.9310435301132977,0.8556912610830455
2,train_STARM_star_nn_5_rj_0.5,MLPClassifier(random_state=1),0.9657083188304908,0.8961089619600259,0.9697435897435897,0.9306577192203813,0.9670721526535481,0.9317906494337317
3,train_STARM_star_nn_5_rj_0.5,"Pipeline(steps=[('standardscaler', StandardScaler()),
                ('svc',
                 SVC(C=1, gamma='auto', kernel='linear', random_state=1))])",0.9692794987817612,0.9078226216967,0.9697435897435897,0.9372278185980052,0.9694156231365533,0.9380048681921813
