,OS,Algorithm,ACC,Precision,recall,F1-Score,AUC,G-measure
0,"OS_('SMOTE', ""{'proportion': 1.0, 'n_neighbors': 5, 'n_jobs': 1, 'random_state': 1}"")",DecisionTreeClassifier(random_state=1),0.9764127764127764,0.6309523809523809,0.7972222222222222,0.6705936382458122,0.8895833333333334,0.6919464892174212
1,"OS_('SMOTE', ""{'proportion': 1.0, 'n_neighbors': 5, 'n_jobs': 1, 'random_state': 1}"")",KNeighborsClassifier(),0.9663026663026664,0.5086666666666667,0.9555555555555555,0.6460603842262859,0.961111111111111,0.6870160681308554
2,"OS_('SMOTE', ""{'proportion': 1.0, 'n_neighbors': 5, 'n_jobs': 1, 'random_state': 1}"")",MLPClassifier(random_state=1),0.9575393575393575,0.4267080745341615,0.9555555555555555,0.5831884057971014,0.9565972222222223,0.634348095416611
3,"OS_('SMOTE', ""{'proportion': 1.0, 'n_neighbors': 5, 'n_jobs': 1, 'random_state': 1}"")","Pipeline(steps=[('standardscaler', StandardScaler()),
                ('svc',
                 SVC(C=1, gamma='auto', kernel='linear', random_state=1))])",0.9575416325416326,0.4246442687747036,1.0,0.5909457478005865,0.9781249999999998,0.6483764641589843
4,"OS_('SMOTE_TomekLinks', ""{'proportion': 1.0, 'n_neighbors': 5, 'n_jobs': 1, 'random_state': 1}"")",DecisionTreeClassifier(random_state=1),0.9764127764127764,0.6309523809523809,0.7972222222222222,0.6705936382458122,0.8895833333333334,0.6919464892174212
5,"OS_('SMOTE_TomekLinks', ""{'proportion': 1.0, 'n_neighbors': 5, 'n_jobs': 1, 'random_state': 1}"")",KNeighborsClassifier(),0.9663026663026664,0.5086666666666667,0.9555555555555555,0.6460603842262859,0.961111111111111,0.6870160681308554
6,"OS_('SMOTE_TomekLinks', ""{'proportion': 1.0, 'n_neighbors': 5, 'n_jobs': 1, 'random_state': 1}"")",MLPClassifier(random_state=1),0.9575393575393575,0.4267080745341615,0.9555555555555555,0.5831884057971014,0.9565972222222223,0.634348095416611
7,"OS_('SMOTE_TomekLinks', ""{'proportion': 1.0, 'n_neighbors': 5, 'n_jobs': 1, 'random_state': 1}"")","Pipeline(steps=[('standardscaler', StandardScaler()),
                ('svc',
                 SVC(C=1, gamma='auto', kernel='linear', random_state=1))])",0.9575416325416326,0.4246442687747036,1.0,0.5909457478005865,0.9781249999999998,0.6483764641589843
8,"OS_('SMOTE_ENN', ""{'proportion': 1.0, 'n_neighbors': 5, 'n_jobs': 1, 'random_state': 1}"")",DecisionTreeClassifier(random_state=1),0.9750659750659751,0.6050980392156863,0.888888888888889,0.6869230769230769,0.9333333333333332,0.716256237681796
9,"OS_('SMOTE_ENN', ""{'proportion': 1.0, 'n_neighbors': 5, 'n_jobs': 1, 'random_state': 1}"")",KNeighborsClassifier(),0.9636067886067886,0.4895388924800689,0.9555555555555555,0.6288378771863344,0.9597222222222224,0.6732835815975957
10,"OS_('SMOTE_ENN', ""{'proportion': 1.0, 'n_neighbors': 5, 'n_jobs': 1, 'random_state': 1}"")",MLPClassifier(random_state=1),0.9541723541723541,0.4077846790890269,0.9777777777777779,0.5691666666666666,0.965625,0.6273509647509211
11,"OS_('SMOTE_ENN', ""{'proportion': 1.0, 'n_neighbors': 5, 'n_jobs': 1, 'random_state': 1}"")","Pipeline(steps=[('standardscaler', StandardScaler()),
                ('svc',
                 SVC(C=1, gamma='auto', kernel='linear', random_state=1))])",0.9622577122577123,0.46526164032046385,0.9777777777777779,0.6213135883724119,0.9697916666666668,0.6689188465130032
12,"OS_('Borderline_SMOTE2', ""{'proportion': 1.0, 'n_neighbors': 5, 'k_neighbors': 5, 'n_jobs': 1, 'random_state': 1}"")",DecisionTreeClassifier(random_state=1),0.9730412230412231,0.569047619047619,0.6833333333333333,0.6027598640870951,0.8326388888888887,0.6143183364330459
13,"OS_('Borderline_SMOTE2', ""{'proportion': 1.0, 'n_neighbors': 5, 'k_neighbors': 5, 'n_jobs': 1, 'random_state': 1}"")",KNeighborsClassifier(),0.9683251433251433,0.5180933101985734,0.9111111111111111,0.6450168961239742,0.940625,0.6784089446753271
14,"OS_('Borderline_SMOTE2', ""{'proportion': 1.0, 'n_neighbors': 5, 'k_neighbors': 5, 'n_jobs': 1, 'random_state': 1}"")",MLPClassifier(random_state=1),0.9474315224315225,0.404661558109834,1.0,0.5575939849624061,0.9729166666666668,0.6244286021293326
15,"OS_('Borderline_SMOTE2', ""{'proportion': 1.0, 'n_neighbors': 5, 'k_neighbors': 5, 'n_jobs': 1, 'random_state': 1}"")","Pipeline(steps=[('standardscaler', StandardScaler()),
                ('svc',
                 SVC(C=1, gamma='auto', kernel='linear', random_state=1))])",0.9501296751296753,0.41206896551724137,0.9777777777777779,0.5631351105035316,0.9635416666666666,0.6244260353196331
16,"OS_('ADASYN', ""{'n_neighbors': 5, 'd_th': 0.9, 'beta': 1.0, 'n_jobs': 1, 'random_state': 1}"")",DecisionTreeClassifier(random_state=1),0.9757371007371007,0.6356410256410256,0.7277777777777776,0.6397435897435898,0.8555555555555555,0.6601709642263984
17,"OS_('ADASYN', ""{'n_neighbors': 5, 'd_th': 0.9, 'beta': 1.0, 'n_jobs': 1, 'random_state': 1}"")",KNeighborsClassifier(),0.9656292656292657,0.5043809523809524,0.9555555555555555,0.6419224531918031,0.960763888888889,0.6837827236224634
18,"OS_('ADASYN', ""{'n_neighbors': 5, 'd_th': 0.9, 'beta': 1.0, 'n_jobs': 1, 'random_state': 1}"")",MLPClassifier(random_state=1),0.9561902811902812,0.4225800865800865,0.9777777777777779,0.5821694879660394,0.9666666666666666,0.6377971347431977
19,"OS_('ADASYN', ""{'n_neighbors': 5, 'd_th': 0.9, 'beta': 1.0, 'n_jobs': 1, 'random_state': 1}"")","Pipeline(steps=[('standardscaler', StandardScaler()),
                ('svc',
                 SVC(C=1, gamma='auto', kernel='linear', random_state=1))])",0.9582150332150331,0.42854037267080736,1.0,0.594816715542522,0.9784722222222222,0.6513867684872136
20,"OS_('AHC', ""{'strategy': 'min', 'n_jobs': 1, 'random_state': 1}"")",DecisionTreeClassifier(random_state=1),0.9804509054509054,0.6653846153846155,0.8166666666666667,0.7204545454545455,0.9010416666666666,0.7306482887420904
21,"OS_('AHC', ""{'strategy': 'min', 'n_jobs': 1, 'random_state': 1}"")",KNeighborsClassifier(),0.9797775047775048,0.6371017871017871,0.8166666666666667,0.7108513708513708,0.9006944444444445,0.7187878681346184
22,"OS_('AHC', ""{'strategy': 'min', 'n_jobs': 1, 'random_state': 1}"")",MLPClassifier(random_state=1),0.9743880243880245,0.6095238095238095,0.6361111111111112,0.6095238095238096,0.8104166666666666,0.6161287497262103
23,"OS_('AHC', ""{'strategy': 'min', 'n_jobs': 1, 'random_state': 1}"")","Pipeline(steps=[('standardscaler', StandardScaler()),
                ('svc',
                 SVC(C=1, gamma='auto', kernel='linear', random_state=1))])",0.9716898716898716,0.5714285714285714,0.6805555555555556,0.6070771581359817,0.8305555555555555,0.6163741106044025
24,"OS_('LLE_SMOTE', ""{'proportion': 1.0, 'n_neighbors': 5, 'n_components': 2, 'n_jobs': 1, 'random_state': 1}"")",DecisionTreeClassifier(random_state=1),0.9757371007371007,0.6256410256410256,0.5944444444444444,0.5928822055137845,0.7909722222222222,0.6013612440335075
25,"OS_('LLE_SMOTE', ""{'proportion': 1.0, 'n_neighbors': 5, 'n_components': 2, 'n_jobs': 1, 'random_state': 1}"")",KNeighborsClassifier(),0.9757325507325507,0.594024864024864,0.7722222222222223,0.6645498462889767,0.8770833333333332,0.6736826854710591
26,"OS_('LLE_SMOTE', ""{'proportion': 1.0, 'n_neighbors': 5, 'n_components': 2, 'n_jobs': 1, 'random_state': 1}"")",MLPClassifier(random_state=1),0.9656269906269905,0.47678362573099414,0.8638888888888889,0.6079365079365079,0.9163194444444445,0.6381025617225272
27,"OS_('LLE_SMOTE', ""{'proportion': 1.0, 'n_neighbors': 5, 'n_components': 2, 'n_jobs': 1, 'random_state': 1}"")","Pipeline(steps=[('standardscaler', StandardScaler()),
                ('svc',
                 SVC(C=1, gamma='auto', kernel='linear', random_state=1))])",0.96494903994904,0.48088721134386764,0.8583333333333332,0.6072380952380951,0.9131944444444444,0.6373550810994456
28,"OS_('distance_SMOTE', ""{'proportion': 1.0, 'n_neighbors': 5, 'n_jobs': 1, 'random_state': 1}"")",DecisionTreeClassifier(random_state=1),0.9750659750659751,0.627807486631016,0.7083333333333334,0.6319398248810013,0.8458333333333332,0.6496290103365178
29,"OS_('distance_SMOTE', ""{'proportion': 1.0, 'n_neighbors': 5, 'n_jobs': 1, 'random_state': 1}"")",KNeighborsClassifier(),0.968998543998544,0.522695374800638,0.9555555555555555,0.6605398677759781,0.9625,0.6982225284420964
30,"OS_('distance_SMOTE', ""{'proportion': 1.0, 'n_neighbors': 5, 'n_jobs': 1, 'random_state': 1}"")",MLPClassifier(random_state=1),0.9588884338884339,0.43785359567968263,0.9333333333333332,0.5879893484342872,0.9465277777777776,0.6344042448666214
31,"OS_('distance_SMOTE', ""{'proportion': 1.0, 'n_neighbors': 5, 'n_jobs': 1, 'random_state': 1}"")","Pipeline(steps=[('standardscaler', StandardScaler()),
                ('svc',
                 SVC(C=1, gamma='auto', kernel='linear', random_state=1))])",0.9622577122577123,0.4627438351122562,1.0,0.6240944002234323,0.9805555555555555,0.6750589539735363
32,"OS_('SMMO', ""{'proportion': 1.0, 'n_neighbors': 5, 'ensemble': [QuadraticDiscriminantAnalysis(), DecisionTreeClassifier(random_state=2), GaussianNB()], 'n_jobs': 1, 'random_state': 1}"")",DecisionTreeClassifier(random_state=1),0.9791041041041041,0.6696969696969697,0.7527777777777778,0.6891075514874142,0.8694444444444442,0.6999840357120035
33,"OS_('SMMO', ""{'proportion': 1.0, 'n_neighbors': 5, 'ensemble': [QuadraticDiscriminantAnalysis(), DecisionTreeClassifier(random_state=2), GaussianNB()], 'n_jobs': 1, 'random_state': 1}"")",KNeighborsClassifier(),0.9824779324779325,0.7342568542568543,0.6833333333333333,0.6931746031746031,0.8375,0.7008676763455124
34,"OS_('SMMO', ""{'proportion': 1.0, 'n_neighbors': 5, 'ensemble': [QuadraticDiscriminantAnalysis(), DecisionTreeClassifier(random_state=2), GaussianNB()], 'n_jobs': 1, 'random_state': 1}"")",MLPClassifier(random_state=1),0.9757416507416508,0.7476190476190476,0.4111111111111111,0.49132376395534283,0.7020833333333333,0.5309309208904107
35,"OS_('SMMO', ""{'proportion': 1.0, 'n_neighbors': 5, 'ensemble': [QuadraticDiscriminantAnalysis(), DecisionTreeClassifier(random_state=2), GaussianNB()], 'n_jobs': 1, 'random_state': 1}"")","Pipeline(steps=[('standardscaler', StandardScaler()),
                ('svc',
                 SVC(C=1, gamma='auto', kernel='linear', random_state=1))])",0.9757439257439258,0.7533333333333333,0.4111111111111111,0.48701298701298706,0.7020833333333334,0.5301337847719734
36,"OS_('polynom_fit_SMOTE', ""{'proportion': 1.0, 'topology': 'star', 'random_state': 1}"")",DecisionTreeClassifier(random_state=1),0.9804554554554554,0.6780952380952381,0.7777777777777778,0.6975514874141877,0.8822916666666666,0.7124722317362314
37,"OS_('polynom_fit_SMOTE', ""{'proportion': 1.0, 'topology': 'star', 'random_state': 1}"")",KNeighborsClassifier(),0.9696719446719447,0.5265914786967418,0.9555555555555555,0.6644108355179135,0.9628472222222223,0.7012328327703257
38,"OS_('polynom_fit_SMOTE', ""{'proportion': 1.0, 'topology': 'star', 'random_state': 1}"")",MLPClassifier(random_state=1),0.9656224406224405,0.5033918128654971,0.9083333333333332,0.632586254909304,0.9378472222222222,0.6677478911547776
39,"OS_('polynom_fit_SMOTE', ""{'proportion': 1.0, 'topology': 'star', 'random_state': 1}"")","Pipeline(steps=[('standardscaler', StandardScaler()),
                ('svc',
                 SVC(C=1, gamma='auto', kernel='linear', random_state=1))])",0.9636045136045137,0.4736545910230121,0.9555555555555555,0.6236781609195402,0.9597222222222224,0.6670988925028484
40,"OS_('Stefanowski', ""{'strategy': 'weak_amp', 'n_jobs': 1}"")",DecisionTreeClassifier(random_state=1),0.9770884520884522,0.6424242424242423,0.7055555555555555,0.6560127591706539,0.845486111111111,0.6649231643631774
41,"OS_('Stefanowski', ""{'strategy': 'weak_amp', 'n_jobs': 1}"")",KNeighborsClassifier(),0.9764105014105015,0.5959979889391654,0.8666666666666666,0.6951717171717172,0.9232638888888889,0.7128195592197413
42,"OS_('Stefanowski', ""{'strategy': 'weak_amp', 'n_jobs': 1}"")",MLPClassifier(random_state=1),0.9743902993902994,0.60995670995671,0.6361111111111111,0.6055633649340744,0.8104166666666666,0.614224540308703
43,"OS_('Stefanowski', ""{'strategy': 'weak_amp', 'n_jobs': 1}"")","Pipeline(steps=[('standardscaler', StandardScaler()),
                ('svc',
                 SVC(C=1, gamma='auto', kernel='linear', random_state=1))])",0.9723632723632724,0.5764285714285714,0.6805555555555556,0.6110771581359817,0.8309027777777777,0.619653666503267
44,"OS_('ADOMS', ""{'proportion': 1.0, 'n_neighbors': 5, 'n_jobs': 1, 'random_state': 1}"")",DecisionTreeClassifier(random_state=1),0.9764036764036763,0.6473748473748474,0.7972222222222222,0.6669446495533453,0.8895833333333334,0.6937468627172416
45,"OS_('ADOMS', ""{'proportion': 1.0, 'n_neighbors': 5, 'n_jobs': 1, 'random_state': 1}"")",KNeighborsClassifier(),0.9649513149513149,0.4824641148325359,0.9555555555555555,0.6300432900432901,0.9604166666666666,0.6723946116083208
46,"OS_('ADOMS', ""{'proportion': 1.0, 'n_neighbors': 5, 'n_jobs': 1, 'random_state': 1}"")",MLPClassifier(random_state=1),0.9555168805168804,0.4228744588744589,1.0,0.5857495006162607,0.9770833333333332,0.6448047436019599
47,"OS_('ADOMS', ""{'proportion': 1.0, 'n_neighbors': 5, 'n_jobs': 1, 'random_state': 1}"")","Pipeline(steps=[('standardscaler', StandardScaler()),
                ('svc',
                 SVC(C=1, gamma='auto', kernel='linear', random_state=1))])",0.9541723541723541,0.40971561771561776,1.0,0.5748685280563838,0.976388888888889,0.6359794985824985
48,"OS_('Safe_Level_SMOTE', ""{'proportion': 1.0, 'n_neighbors': 5, 'n_jobs': 1, 'random_state': 1}"")",DecisionTreeClassifier(random_state=1),0.9743834743834745,0.6176573426573426,0.7277777777777776,0.6374025974025975,0.8548611111111111,0.6547026013860313
49,"OS_('Safe_Level_SMOTE', ""{'proportion': 1.0, 'n_neighbors': 5, 'n_jobs': 1, 'random_state': 1}"")",KNeighborsClassifier(),0.9797820547820548,0.6376923076923076,0.775,0.6947368421052632,0.8805555555555555,0.7004756056900235
50,"OS_('Safe_Level_SMOTE', ""{'proportion': 1.0, 'n_neighbors': 5, 'n_jobs': 1, 'random_state': 1}"")",MLPClassifier(random_state=1),0.9743902993902994,0.6076190476190476,0.7305555555555555,0.6436700767263428,0.85625,0.6561608896006332
51,"OS_('Safe_Level_SMOTE', ""{'proportion': 1.0, 'n_neighbors': 5, 'n_jobs': 1, 'random_state': 1}"")","Pipeline(steps=[('standardscaler', StandardScaler()),
                ('svc',
                 SVC(C=1, gamma='auto', kernel='linear', random_state=1))])",0.9710232960232961,0.5429939668174962,0.7305555555555555,0.6084913874656774,0.8545138888888889,0.6223260986290137
52,"OS_('MSMOTE', ""{'proportion': 1.0, 'n_neighbors': 5, 'n_jobs': 1, 'random_state': 1}"")",DecisionTreeClassifier(random_state=1),0.977081627081627,0.672987012987013,0.6611111111111112,0.6227751196172249,0.8239583333333332,0.6436287537582425
53,"OS_('MSMOTE', ""{'proportion': 1.0, 'n_neighbors': 5, 'n_jobs': 1, 'random_state': 1}"")",KNeighborsClassifier(),0.9696696696696696,0.5271031746031747,0.9555555555555555,0.6652252854358118,0.9628472222222223,0.701784521301586
54,"OS_('MSMOTE', ""{'proportion': 1.0, 'n_neighbors': 5, 'n_jobs': 1, 'random_state': 1}"")",MLPClassifier(random_state=1),0.9534944034944035,0.4132982959069915,1.0,0.5756393861892584,0.9760416666666666,0.6369841350989154
55,"OS_('MSMOTE', ""{'proportion': 1.0, 'n_neighbors': 5, 'n_jobs': 1, 'random_state': 1}"")","Pipeline(steps=[('standardscaler', StandardScaler()),
                ('svc',
                 SVC(C=1, gamma='auto', kernel='linear', random_state=1))])",0.9494562744562746,0.3843974358974359,1.0,0.5497091927680162,0.9739583333333334,0.6162768199106832
56,"OS_('DE_oversampling', ""{'proportion': 1.0, 'n_neighbors': 5, 'crossover_rate': 0.5, 'similarity_threshold': 0.5, 'n_clusters': 30, 'n_jobs': 1, 'random_state': 1}"")",DecisionTreeClassifier(random_state=1),0.9426722176722176,0.39968160562407806,0.7944444444444445,0.498515406162465,0.8708333333333333,0.5430683484823728
57,"OS_('DE_oversampling', ""{'proportion': 1.0, 'n_neighbors': 5, 'crossover_rate': 0.5, 'similarity_threshold': 0.5, 'n_clusters': 30, 'n_jobs': 1, 'random_state': 1}"")",KNeighborsClassifier(),0.9454135954135955,0.3596561085972851,0.9777777777777779,0.5212669683257919,0.961111111111111,0.58983688409879
58,"OS_('DE_oversampling', ""{'proportion': 1.0, 'n_neighbors': 5, 'crossover_rate': 0.5, 'similarity_threshold': 0.5, 'n_clusters': 30, 'n_jobs': 1, 'random_state': 1}"")",MLPClassifier(random_state=1),0.9177814177814178,0.26842728555977197,1.0,0.422081837535365,0.9576388888888889,0.5170220648173469
59,"OS_('DE_oversampling', ""{'proportion': 1.0, 'n_neighbors': 5, 'crossover_rate': 0.5, 'similarity_threshold': 0.5, 'n_clusters': 30, 'n_jobs': 1, 'random_state': 1}"")","Pipeline(steps=[('standardscaler', StandardScaler()),
                ('svc',
                 SVC(C=1, gamma='auto', kernel='linear', random_state=1))])",0.94003094003094,0.3429161138139466,1.0,0.5068869533985814,0.9690972222222222,0.5827973290513039
60,"OS_('SMOBD', ""{'proportion': 1.0, 'eta1': 0.5, 't': 1.8, 'min_samples': 5, 'max_eps': 1.0, 'n_jobs': 1, 'random_state': 1}"")",DecisionTreeClassifier(random_state=1),0.977081627081627,0.6388611388611388,0.7944444444444444,0.6843636363636363,0.8885416666666666,0.7002580876490074
61,"OS_('SMOBD', ""{'proportion': 1.0, 'eta1': 0.5, 't': 1.8, 'min_samples': 5, 'max_eps': 1.0, 'n_jobs': 1, 'random_state': 1}"")",KNeighborsClassifier(),0.9663026663026664,0.5073809523809524,0.9555555555555555,0.6451310093415357,0.9611111111111112,0.6862572107616224
62,"OS_('SMOBD', ""{'proportion': 1.0, 'eta1': 0.5, 't': 1.8, 'min_samples': 5, 'max_eps': 1.0, 'n_jobs': 1, 'random_state': 1}"")",MLPClassifier(random_state=1),0.9568659568659568,0.42524675324675326,0.9777777777777779,0.5851997909963425,0.967013888888889,0.6401301035912753
63,"OS_('SMOBD', ""{'proportion': 1.0, 'eta1': 0.5, 't': 1.8, 'min_samples': 5, 'max_eps': 1.0, 'n_jobs': 1, 'random_state': 1}"")","Pipeline(steps=[('standardscaler', StandardScaler()),
                ('svc',
                 SVC(C=1, gamma='auto', kernel='linear', random_state=1))])",0.9568682318682319,0.4216442687747035,1.0,0.5877371916508538,0.9777777777777776,0.6459019770198255
64,"OS_('SUNDO', ""{'n_jobs': 1, 'random_state': 1}"")",DecisionTreeClassifier(random_state=1),0.9602306852306853,0.4379147422625683,0.7972222222222222,0.551410654364814,0.88125,0.582915939951205
65,"OS_('SUNDO', ""{'n_jobs': 1, 'random_state': 1}"")",KNeighborsClassifier(),0.9703453453453454,0.5106862745098039,0.8861111111111111,0.6437142857142857,0.929513888888889,0.6703497714692626
66,"OS_('SUNDO', ""{'n_jobs': 1, 'random_state': 1}"")",MLPClassifier(random_state=1),0.9528255528255528,0.4066320346320347,0.9777777777777779,0.5656298985232241,0.9649305555555555,0.6250039015462971
67,"OS_('SUNDO', ""{'n_jobs': 1, 'random_state': 1}"")","Pipeline(steps=[('standardscaler', StandardScaler()),
                ('svc',
                 SVC(C=1, gamma='auto', kernel='linear', random_state=1))])",0.9474360724360725,0.372446455505279,1.0,0.5382883782883783,0.9729166666666667,0.607268248770408
68,"OS_('MSYN', ""{'pressure': 1.5, 'n_neighbors': 5, 'n_jobs': 1, 'random_state': 1}"")",DecisionTreeClassifier(random_state=1),0.9764082264082263,0.6440476190476191,0.6833333333333333,0.636261777438248,0.8343749999999999,0.6497417962223373
69,"OS_('MSYN', ""{'pressure': 1.5, 'n_neighbors': 5, 'n_jobs': 1, 'random_state': 1}"")",KNeighborsClassifier(),0.9743857493857494,0.5716812865497076,0.9055555555555556,0.6880303657694963,0.9409722222222221,0.7126778041329673
70,"OS_('MSYN', ""{'pressure': 1.5, 'n_neighbors': 5, 'n_jobs': 1, 'random_state': 1}"")",MLPClassifier(random_state=1),0.9622554372554373,0.45179487179487177,0.8861111111111111,0.5927551375827238,0.9253472222222221,0.6293816230365377
71,"OS_('MSYN', ""{'pressure': 1.5, 'n_neighbors': 5, 'n_jobs': 1, 'random_state': 1}"")","Pipeline(steps=[('standardscaler', StandardScaler()),
                ('svc',
                 SVC(C=1, gamma='auto', kernel='linear', random_state=1))])",0.9602375102375103,0.44664335664335664,0.9555555555555555,0.6008925742407388,0.9579861111111111,0.6485927727946461
72,"OS_('SVM_balance', ""{'proportion': 1.0, 'n_neighbors': 5, 'n_jobs': 1, 'random_state': 1}"")",DecisionTreeClassifier(random_state=1),0.971023296023296,0.5480952380952381,0.8638888888888889,0.6458770614692654,0.9190972222222221,0.6750659693908683
73,"OS_('SVM_balance', ""{'proportion': 1.0, 'n_neighbors': 5, 'n_jobs': 1, 'random_state': 1}"")",KNeighborsClassifier(),0.9642824642824642,0.49494505494505486,0.9555555555555555,0.6335639097744361,0.9600694444444444,0.6770796635068879
74,"OS_('SVM_balance', ""{'proportion': 1.0, 'n_neighbors': 5, 'n_jobs': 1, 'random_state': 1}"")",MLPClassifier(random_state=1),0.9561925561925563,0.41991341991341996,0.9555555555555555,0.5762871350248628,0.9559027777777779,0.6289963143816388
75,"OS_('SVM_balance', ""{'proportion': 1.0, 'n_neighbors': 5, 'n_jobs': 1, 'random_state': 1}"")","Pipeline(steps=[('standardscaler', StandardScaler()),
                ('svc',
                 SVC(C=1, gamma='auto', kernel='linear', random_state=1))])",0.9595641095641095,0.4390259740259741,0.9777777777777779,0.5996430523741061,0.9684027777777778,0.6513068974906986
76,"OS_('TRIM_SMOTE', ""{'proportion': 1.0, 'n_neighbors': 5, 'min_precision': 0.3, 'n_jobs': 1, 'random_state': 1}"")",DecisionTreeClassifier(random_state=1),0.9757348257348258,0.6329365079365078,0.6166666666666667,0.6089601901366607,0.8017361111111111,0.6167620105082935
77,"OS_('TRIM_SMOTE', ""{'proportion': 1.0, 'n_neighbors': 5, 'min_precision': 0.3, 'n_jobs': 1, 'random_state': 1}"")",KNeighborsClassifier(),0.9764082264082266,0.5960470085470085,0.8638888888888889,0.6951717171717172,0.921875,0.7122048959313715
78,"OS_('TRIM_SMOTE', ""{'proportion': 1.0, 'n_neighbors': 5, 'min_precision': 0.3, 'n_jobs': 1, 'random_state': 1}"")",MLPClassifier(random_state=1),0.9656247156247156,0.4842105263157895,0.9083333333333332,0.6240591133004927,0.9378472222222222,0.6588301490604027
79,"OS_('TRIM_SMOTE', ""{'proportion': 1.0, 'n_neighbors': 5, 'min_precision': 0.3, 'n_jobs': 1, 'random_state': 1}"")","Pipeline(steps=[('standardscaler', StandardScaler()),
                ('svc',
                 SVC(C=1, gamma='auto', kernel='linear', random_state=1))])",0.9622577122577123,0.4530227743271221,0.9305555555555556,0.6036884057971015,0.946875,0.6458613198134554
80,"OS_('SMOTE_RSB', ""{'proportion': 2.0, 'n_neighbors': 5, 'n_jobs': 1, 'random_state': 1}"")",DecisionTreeClassifier(random_state=1),0.9723723723723724,0.5669663669663669,0.6194444444444445,0.5715151515151515,0.8013888888888887,0.582215425712288
81,"OS_('SMOTE_RSB', ""{'proportion': 2.0, 'n_neighbors': 5, 'n_jobs': 1, 'random_state': 1}"")",KNeighborsClassifier(),0.9818045318045318,0.7014285714285714,0.7055555555555555,0.6917543859649122,0.8479166666666667,0.6975859499972681
82,"OS_('SMOTE_RSB', ""{'proportion': 2.0, 'n_neighbors': 5, 'n_jobs': 1, 'random_state': 1}"")",MLPClassifier(random_state=1),0.9770884520884522,0.7521367521367521,0.5027777777777778,0.5473906485671192,0.7472222222222221,0.5837616242655479
83,"OS_('SMOTE_RSB', ""{'proportion': 2.0, 'n_neighbors': 5, 'n_jobs': 1, 'random_state': 1}"")","Pipeline(steps=[('standardscaler', StandardScaler()),
                ('svc',
                 SVC(C=1, gamma='auto', kernel='linear', random_state=1))])",0.9764173264173264,0.7589743589743589,0.45555555555555555,0.5300432900432901,0.7239583333333334,0.5662164115491847
84,"OS_('ProWSyn', ""{'proportion': 1.0, 'n_neighbors': 5, 'L': 5, 'theta': 1.0, 'n_jobs': 1, 'random_state': 1}"")",DecisionTreeClassifier(random_state=1),0.9743857493857494,0.6223529411764706,0.8194444444444444,0.663764025448236,0.8993055555555556,0.6915668739487772
85,"OS_('ProWSyn', ""{'proportion': 1.0, 'n_neighbors': 5, 'L': 5, 'theta': 1.0, 'n_jobs': 1, 'random_state': 1}"")",KNeighborsClassifier(),0.9636045136045137,0.48954545454545456,0.9555555555555555,0.6283076606472192,0.9597222222222224,0.6729875966592775
86,"OS_('ProWSyn', ""{'proportion': 1.0, 'n_neighbors': 5, 'L': 5, 'theta': 1.0, 'n_jobs': 1, 'random_state': 1}"")",MLPClassifier(random_state=1),0.9602375102375103,0.4402164502164503,0.9555555555555555,0.5972188099498636,0.9579861111111111,0.645215285144069
87,"OS_('ProWSyn', ""{'proportion': 1.0, 'n_neighbors': 5, 'L': 5, 'theta': 1.0, 'n_jobs': 1, 'random_state': 1}"")","Pipeline(steps=[('standardscaler', StandardScaler()),
                ('svc',
                 SVC(C=1, gamma='auto', kernel='linear', random_state=1))])",0.9588907088907088,0.443006993006993,1.0,0.6046138807429129,0.9788194444444445,0.6598840007903582
88,"OS_('SL_graph_SMOTE', ""{'proportion': 1.0, 'n_neighbors': 5, 'n_jobs': 1, 'random_state': 1}"")",DecisionTreeClassifier(random_state=1),0.9750591500591501,0.6195804195804195,0.7027777777777777,0.6326406926406928,0.8430555555555556,0.6466946517771412
89,"OS_('SL_graph_SMOTE', ""{'proportion': 1.0, 'n_neighbors': 5, 'n_jobs': 1, 'random_state': 1}"")",KNeighborsClassifier(),0.9811288561288561,0.6576923076923077,0.7972222222222223,0.7157894736842104,0.8920138888888889,0.7215574567578127
90,"OS_('SL_graph_SMOTE', ""{'proportion': 1.0, 'n_neighbors': 5, 'n_jobs': 1, 'random_state': 1}"")",MLPClassifier(random_state=1),0.9723700973700973,0.5460805860805861,0.7527777777777778,0.6190711462450593,0.8659722222222221,0.6340091401517893
91,"OS_('SL_graph_SMOTE', ""{'proportion': 1.0, 'n_neighbors': 5, 'n_jobs': 1, 'random_state': 1}"")","Pipeline(steps=[('standardscaler', StandardScaler()),
                ('svc',
                 SVC(C=1, gamma='auto', kernel='linear', random_state=1))])",0.9710255710255711,0.5131221719457013,0.775,0.6129554655870446,0.8760416666666666,0.6282302106884121
92,"OS_('NRSBoundary_SMOTE', ""{'proportion': 1.0, 'n_neighbors': 5, 'w': 0.005, 'n_jobs': 1, 'random_state': 1}"")",DecisionTreeClassifier(random_state=1),0.979110929110929,0.6782251082251082,0.7277777777777779,0.6688740245261984,0.8572916666666666,0.6854570979504827
93,"OS_('NRSBoundary_SMOTE', ""{'proportion': 1.0, 'n_neighbors': 5, 'w': 0.005, 'n_jobs': 1, 'random_state': 1}"")",KNeighborsClassifier(),0.9683228683228684,0.5184848484848484,0.9555555555555555,0.6563070635431739,0.9621527777777779,0.6949364979442216
94,"OS_('NRSBoundary_SMOTE', ""{'proportion': 1.0, 'n_neighbors': 5, 'w': 0.005, 'n_jobs': 1, 'random_state': 1}"")",MLPClassifier(random_state=1),0.9568659568659568,0.42281197063805764,0.9555555555555555,0.5793174380551659,0.95625,0.631337791088382
95,"OS_('NRSBoundary_SMOTE', ""{'proportion': 1.0, 'n_neighbors': 5, 'w': 0.005, 'n_jobs': 1, 'random_state': 1}"")","Pipeline(steps=[('standardscaler', StandardScaler()),
                ('svc',
                 SVC(C=1, gamma='auto', kernel='linear', random_state=1))])",0.9588884338884338,0.43282608695652164,1.0,0.5989546465770047,0.9788194444444442,0.6546201129956055
96,"OS_('LVQ_SMOTE', ""{'proportion': 1.0, 'n_neighbors': 5, 'n_clusters': 10, 'n_jobs': 1, 'random_state': 1}"")",DecisionTreeClassifier(random_state=1),0.9683251433251433,0.48716783216783216,0.7499999999999999,0.5875415019762846,0.8625,0.6027910145513312
97,"OS_('LVQ_SMOTE', ""{'proportion': 1.0, 'n_neighbors': 5, 'n_clusters': 10, 'n_jobs': 1, 'random_state': 1}"")",KNeighborsClassifier(),0.946096096096096,0.3601782531194296,0.9333333333333332,0.5152044352044352,0.9399305555555555,0.5766747836131728
98,"OS_('LVQ_SMOTE', ""{'proportion': 1.0, 'n_neighbors': 5, 'n_clusters': 10, 'n_jobs': 1, 'random_state': 1}"")",MLPClassifier(random_state=1),0.944071344071344,0.36583333333333334,1.0,0.5286153846153846,0.9711805555555555,0.6000291306779167
99,"OS_('LVQ_SMOTE', ""{'proportion': 1.0, 'n_neighbors': 5, 'n_clusters': 10, 'n_jobs': 1, 'random_state': 1}"")","Pipeline(steps=[('standardscaler', StandardScaler()),
                ('svc',
                 SVC(C=1, gamma='auto', kernel='linear', random_state=1))])",0.94002639002639,0.3437409087019766,1.0,0.5069246646026832,0.9690972222222222,0.5829589825108826
100,"OS_('SOI_CJ', ""{'proportion': 1.0, 'n_neighbors': 5, 'method': 'interpolation', 'n_jobs': 1, 'random_state': 1}"")",DecisionTreeClassifier(random_state=1),0.9743880243880245,0.6255555555555555,0.6805555555555556,0.6210247841826789,0.8319444444444445,0.636665583066962
101,"OS_('SOI_CJ', ""{'proportion': 1.0, 'n_neighbors': 5, 'method': 'interpolation', 'n_jobs': 1, 'random_state': 1}"")",KNeighborsClassifier(),0.9737146237146238,0.569551282051282,0.8416666666666668,0.6675084175084176,0.9097222222222221,0.6860894282681389
102,"OS_('SOI_CJ', ""{'proportion': 1.0, 'n_neighbors': 5, 'method': 'interpolation', 'n_jobs': 1, 'random_state': 1}"")",MLPClassifier(random_state=1),0.9642779142779144,0.4753883371530431,0.9111111111111111,0.6155311355311355,0.9385416666666668,0.6527281184168554
103,"OS_('SOI_CJ', ""{'proportion': 1.0, 'n_neighbors': 5, 'method': 'interpolation', 'n_jobs': 1, 'random_state': 1}"")","Pipeline(steps=[('standardscaler', StandardScaler()),
                ('svc',
                 SVC(C=1, gamma='auto', kernel='linear', random_state=1))])",0.960910910910911,0.4451941261353026,0.9333333333333332,0.5958513855189047,0.9475694444444445,0.640308004515845
104,"OS_('ROSE', ""{'proportion': 1.0, 'random_state': 1}"")",DecisionTreeClassifier(random_state=1),0.9595618345618344,0.43005541346973564,0.7249999999999999,0.526,0.8458333333333334,0.5507831286170362
105,"OS_('ROSE', ""{'proportion': 1.0, 'random_state': 1}"")",KNeighborsClassifier(),0.9447470197470198,0.3729360576310085,1.0,0.5354400921658986,0.9715277777777777,0.6052719881476462
106,"OS_('ROSE', ""{'proportion': 1.0, 'random_state': 1}"")",MLPClassifier(random_state=1),0.9400263900263901,0.34783556102341684,1.0,0.5098764828176594,0.9690972222222222,0.5853771186017436
107,"OS_('ROSE', ""{'proportion': 1.0, 'random_state': 1}"")","Pipeline(steps=[('standardscaler', StandardScaler()),
                ('svc',
                 SVC(C=1, gamma='auto', kernel='linear', random_state=1))])",0.9346346346346348,0.3277073732718894,1.0,0.4878319783197832,0.9663194444444445,0.5682210685743085
108,"OS_('SMOTE_OUT', ""{'proportion': 1.0, 'n_neighbors': 5, 'n_jobs': 1, 'random_state': 1}"")",DecisionTreeClassifier(random_state=1),0.9797820547820548,0.6533333333333333,0.8222222222222222,0.7051705350332352,0.9034722222222221,0.721186308384534
109,"OS_('SMOTE_OUT', ""{'proportion': 1.0, 'n_neighbors': 5, 'n_jobs': 1, 'random_state': 1}"")",KNeighborsClassifier(),0.966976066976067,0.5082608695652173,0.9333333333333332,0.6410838283865586,0.9506944444444445,0.6791405549257457
110,"OS_('SMOTE_OUT', ""{'proportion': 1.0, 'n_neighbors': 5, 'n_jobs': 1, 'random_state': 1}"")",MLPClassifier(random_state=1),0.9595641095641095,0.444045954045954,0.9555555555555555,0.5980773249738766,0.9576388888888889,0.6464277609315543
111,"OS_('SMOTE_OUT', ""{'proportion': 1.0, 'n_neighbors': 5, 'n_jobs': 1, 'random_state': 1}"")","Pipeline(steps=[('standardscaler', StandardScaler()),
                ('svc',
                 SVC(C=1, gamma='auto', kernel='linear', random_state=1))])",0.9602375102375103,0.44228684359119147,0.9777777777777779,0.603052143283197,0.96875,0.6539410587857846
112,"OS_('SMOTE_Cosine', ""{'proportion': 1.0, 'n_neighbors': 5, 'n_jobs': 1, 'random_state': 1}"")",DecisionTreeClassifier(random_state=1),0.9777504777504777,0.6614801864801865,0.7499999999999999,0.6806060606060607,0.867361111111111,0.6929347629242214
113,"OS_('SMOTE_Cosine', ""{'proportion': 1.0, 'n_neighbors': 5, 'n_jobs': 1, 'random_state': 1}"")",KNeighborsClassifier(),0.966976066976067,0.5082608695652173,0.9333333333333332,0.6410838283865586,0.9506944444444445,0.6791405549257457
114,"OS_('SMOTE_Cosine', ""{'proportion': 1.0, 'n_neighbors': 5, 'n_jobs': 1, 'random_state': 1}"")",MLPClassifier(random_state=1),0.9609086359086361,0.4571592023537104,0.9305555555555556,0.6032183908045977,0.9461805555555556,0.6464574283423248
115,"OS_('SMOTE_Cosine', ""{'proportion': 1.0, 'n_neighbors': 5, 'n_jobs': 1, 'random_state': 1}"")","Pipeline(steps=[('standardscaler', StandardScaler()),
                ('svc',
                 SVC(C=1, gamma='auto', kernel='linear', random_state=1))])",0.9582173082173082,0.4272924901185771,0.9777777777777779,0.5898955067920585,0.9677083333333334,0.6433701249656549
116,"OS_('Selected_SMOTE', ""{'proportion': 1.0, 'n_neighbors': 5, 'perc_sign_attr': 0.5, 'n_jobs': 1, 'random_state': 1}"")",DecisionTreeClassifier(random_state=1),0.9737123487123487,0.6023199023199023,0.6583333333333334,0.6026224982746722,0.8208333333333332,0.6162497600380739
117,"OS_('Selected_SMOTE', ""{'proportion': 1.0, 'n_neighbors': 5, 'perc_sign_attr': 0.5, 'n_jobs': 1, 'random_state': 1}"")",KNeighborsClassifier(),0.9663026663026664,0.5221587301587302,0.9555555555555555,0.6512791783380019,0.9611111111111112,0.6929056928579277
118,"OS_('Selected_SMOTE', ""{'proportion': 1.0, 'n_neighbors': 5, 'perc_sign_attr': 0.5, 'n_jobs': 1, 'random_state': 1}"")",MLPClassifier(random_state=1),0.9555191555191556,0.4186813186813187,0.9555555555555555,0.5746169772256728,0.9555555555555555,0.6277356799932027
119,"OS_('Selected_SMOTE', ""{'proportion': 1.0, 'n_neighbors': 5, 'perc_sign_attr': 0.5, 'n_jobs': 1, 'random_state': 1}"")","Pipeline(steps=[('standardscaler', StandardScaler()),
                ('svc',
                 SVC(C=1, gamma='auto', kernel='linear', random_state=1))])",0.9548503048503049,0.4143389943389944,1.0,0.5795238095238096,0.976736111111111,0.6395943407418331
120,"OS_('LN_SMOTE', ""{'proportion': 1.0, 'n_neighbors': 5, 'n_jobs': 1, 'random_state': 1}"")",DecisionTreeClassifier(random_state=1),0.9723678223678224,0.6267965367965368,0.6805555555555556,0.5940350877192981,0.8309027777777777,0.6221932528572343
121,"OS_('LN_SMOTE', ""{'proportion': 1.0, 'n_neighbors': 5, 'n_jobs': 1, 'random_state': 1}"")",KNeighborsClassifier(),0.971016471016471,0.5607647907647908,0.9333333333333332,0.6762014230979749,0.9527777777777778,0.7100689911123854
122,"OS_('LN_SMOTE', ""{'proportion': 1.0, 'n_neighbors': 5, 'n_jobs': 1, 'random_state': 1}"")",MLPClassifier(random_state=1),0.9588861588861588,0.4369275362318841,0.9111111111111111,0.5736455108359133,0.9357638888888887,0.6209072914594127
123,"OS_('LN_SMOTE', ""{'proportion': 1.0, 'n_neighbors': 5, 'n_jobs': 1, 'random_state': 1}"")","Pipeline(steps=[('standardscaler', StandardScaler()),
                ('svc',
                 SVC(C=1, gamma='auto', kernel='linear', random_state=1))])",0.9629288379288379,0.45782608695652166,0.9333333333333332,0.60414945177181,0.9486111111111111,0.6476156796943717
124,"OS_('MWMOTE', ""{'proportion': 1.0, 'k1': 5, 'k2': 5, 'k3': 5, 'M': 10, 'cf_th': 5.0, 'cmax': 10.0, 'n_jobs': 1, 'random_state': 1}"")",DecisionTreeClassifier(random_state=1),0.9797775047775048,0.6846212121212121,0.8194444444444444,0.7011970058926581,0.9020833333333333,0.7259013856432462
125,"OS_('MWMOTE', ""{'proportion': 1.0, 'k1': 5, 'k2': 5, 'k3': 5, 'M': 10, 'cf_th': 5.0, 'cmax': 10.0, 'n_jobs': 1, 'random_state': 1}"")",KNeighborsClassifier(),0.9663026663026664,0.5039751552795031,0.9555555555555555,0.6432067669172933,0.9611111111111112,0.6845186308582224
126,"OS_('MWMOTE', ""{'proportion': 1.0, 'k1': 5, 'k2': 5, 'k3': 5, 'M': 10, 'cf_th': 5.0, 'cmax': 10.0, 'n_jobs': 1, 'random_state': 1}"")",MLPClassifier(random_state=1),0.9575416325416326,0.4236777715038585,0.9333333333333332,0.5767367928938756,0.9458333333333334,0.6251175866381151
127,"OS_('MWMOTE', ""{'proportion': 1.0, 'k1': 5, 'k2': 5, 'k3': 5, 'M': 10, 'cf_th': 5.0, 'cmax': 10.0, 'n_jobs': 1, 'random_state': 1}"")","Pipeline(steps=[('standardscaler', StandardScaler()),
                ('svc',
                 SVC(C=1, gamma='auto', kernel='linear', random_state=1))])",0.9582150332150332,0.4348998827259697,1.0,0.5987337206972551,0.9784722222222222,0.6548311551092445
128,"OS_('PDFOS', ""{'proportion': 1.0, 'n_jobs': 1, 'random_state': 1}"")",DecisionTreeClassifier(random_state=1),0.9689962689962691,0.49249427043544686,0.7944444444444444,0.6039464882943144,0.884375,0.6232841302742228
129,"OS_('PDFOS', ""{'proportion': 1.0, 'n_jobs': 1, 'random_state': 1}"")",KNeighborsClassifier(),0.946091546091546,0.3821544269881866,1.0,0.5435182275298553,0.9722222222222223,0.6117865291087401
130,"OS_('PDFOS', ""{'proportion': 1.0, 'n_jobs': 1, 'random_state': 1}"")",MLPClassifier(random_state=1),0.9406952406952407,0.36624999999999996,1.0,0.5228204956730937,0.9694444444444444,0.5962611124942079
131,"OS_('PDFOS', ""{'proportion': 1.0, 'n_jobs': 1, 'random_state': 1}"")","Pipeline(steps=[('standardscaler', StandardScaler()),
                ('svc',
                 SVC(C=1, gamma='auto', kernel='linear', random_state=1))])",0.931938756938757,0.32557571147581293,0.9777777777777779,0.47705991381544416,0.9541666666666666,0.5561629826565034
132,"OS_('NEATER', ""{'proportion': 1.0, 'smote_n_neighbors': 5, 'b': 5, 'alpha': 0.1, 'h': 20, 'n_jobs': 1, 'random_state': 1}"")",DecisionTreeClassifier(random_state=1),0.9784352534352536,0.6503496503496503,0.7277777777777777,0.6717703349282298,0.8569444444444445,0.6803488739878503
133,"OS_('NEATER', ""{'proportion': 1.0, 'smote_n_neighbors': 5, 'b': 5, 'alpha': 0.1, 'h': 20, 'n_jobs': 1, 'random_state': 1}"")",KNeighborsClassifier(),0.9649535899535898,0.4990810359231411,0.7972222222222223,0.5983896940418679,0.8836805555555556,0.6224339099056839
134,"OS_('NEATER', ""{'proportion': 1.0, 'smote_n_neighbors': 5, 'b': 5, 'alpha': 0.1, 'h': 20, 'n_jobs': 1, 'random_state': 1}"")",MLPClassifier(random_state=1),0.9602352352352354,0.45939205721814425,0.9111111111111111,0.5967890248424175,0.9364583333333332,0.6388500442130841
135,"OS_('NEATER', ""{'proportion': 1.0, 'smote_n_neighbors': 5, 'b': 5, 'alpha': 0.1, 'h': 20, 'n_jobs': 1, 'random_state': 1}"")","Pipeline(steps=[('standardscaler', StandardScaler()),
                ('svc',
                 SVC(C=1, gamma='auto', kernel='linear', random_state=1))])",0.9386818636818635,0.33490013434841026,1.0,0.49885605312102593,0.9684027777777777,0.576554302022253
136,"OS_('Gazzah', ""{'proportion': 1.0, 'n_components': 2, 'n_jobs': 1, 'random_state': 1}"")",DecisionTreeClassifier(random_state=1),0.9487942487942489,0.39492165898617515,0.9777777777777779,0.55222239777227,0.9628472222222223,0.6146670413396896
137,"OS_('Gazzah', ""{'proportion': 1.0, 'n_components': 2, 'n_jobs': 1, 'random_state': 1}"")",KNeighborsClassifier(),0.9413754663754663,0.3663535604180766,0.9777777777777779,0.5181385281385282,0.9590277777777777,0.5887369659439841
138,"OS_('Gazzah', ""{'proportion': 1.0, 'n_components': 2, 'n_jobs': 1, 'random_state': 1}"")",MLPClassifier(random_state=1),0.9278960778960779,0.3108199643493761,1.0,0.46697907559596663,0.9628472222222222,0.5520466567950979
139,"OS_('Gazzah', ""{'proportion': 1.0, 'n_components': 2, 'n_jobs': 1, 'random_state': 1}"")","Pipeline(steps=[('standardscaler', StandardScaler()),
                ('svc',
                 SVC(C=1, gamma='auto', kernel='linear', random_state=1))])",0.9440690690690691,0.3706359447004609,1.0,0.5315642915642915,0.9711805555555555,0.6025982838597456
140,"OS_('MCT', ""{'proportion': 1.0, 'n_jobs': 1, 'random_state': 1}"")",DecisionTreeClassifier(random_state=1),0.9750659750659751,0.6338888888888888,0.5222222222222221,0.5559286602630256,0.7555555555555555,0.5665644588267152
141,"OS_('MCT', ""{'proportion': 1.0, 'n_jobs': 1, 'random_state': 1}"")",KNeighborsClassifier(),0.9737123487123487,0.5692741658066736,0.9555555555555555,0.6966625966625968,0.9649305555555555,0.7284318045583439
142,"OS_('MCT', ""{'proportion': 1.0, 'n_jobs': 1, 'random_state': 1}"")",MLPClassifier(random_state=1),0.956192556192556,0.41953379953379955,1.0,0.5851152073732718,0.9774305555555556,0.6438999283958647
143,"OS_('MCT', ""{'proportion': 1.0, 'n_jobs': 1, 'random_state': 1}"")","Pipeline(steps=[('standardscaler', StandardScaler()),
                ('svc',
                 SVC(C=1, gamma='auto', kernel='linear', random_state=1))])",0.9541746291746293,0.40126575215066274,1.0,0.5695810830535689,0.976388888888889,0.6313953697590838
144,"OS_('ADG', ""{'proportion': 1.0, 'kernel': 'inner', 'lam': 1.0, 'mu': 1.0, 'k': 12, 'gamma': 1.0, 'n_jobs': 1, 'random_state': 1}"")",DecisionTreeClassifier(random_state=1),0.9535148785148785,0.4286694531522118,0.6861111111111111,0.5188207233058492,0.8239583333333332,0.5373180364397808
145,"OS_('ADG', ""{'proportion': 1.0, 'kernel': 'inner', 'lam': 1.0, 'mu': 1.0, 'k': 12, 'gamma': 1.0, 'n_jobs': 1, 'random_state': 1}"")",KNeighborsClassifier(),0.9494790244790245,0.4083622555605314,0.9277777777777778,0.5479879444103366,0.9388888888888889,0.6034130327554643
146,"OS_('ADG', ""{'proportion': 1.0, 'kernel': 'inner', 'lam': 1.0, 'mu': 1.0, 'k': 12, 'gamma': 1.0, 'n_jobs': 1, 'random_state': 1}"")",MLPClassifier(random_state=1),0.9467785967785968,0.3691634396705391,0.8777777777777779,0.5047712521396732,0.9131944444444444,0.5596941013918046
147,"OS_('ADG', ""{'proportion': 1.0, 'kernel': 'inner', 'lam': 1.0, 'mu': 1.0, 'k': 12, 'gamma': 1.0, 'n_jobs': 1, 'random_state': 1}"")","Pipeline(steps=[('standardscaler', StandardScaler()),
                ('svc',
                 SVC(C=1, gamma='auto', kernel='linear', random_state=1))])",0.9413891163891164,0.2996029776674938,0.7722222222222223,0.4249971767363072,0.859375,0.4765526589553887
148,"OS_('SMOTE_IPF', ""{'proportion': 1.0, 'n_neighbors': 5, 'n_folds': 9, 'k': 3, 'p': 0.01, 'voting': 'majority', 'n_jobs': 1, 'classifier': DecisionTreeClassifier(random_state=2), 'random_state': 1}"")",DecisionTreeClassifier(random_state=1),0.9764127764127764,0.6309523809523809,0.7972222222222222,0.6705936382458122,0.8895833333333334,0.6919464892174212
149,"OS_('SMOTE_IPF', ""{'proportion': 1.0, 'n_neighbors': 5, 'n_folds': 9, 'k': 3, 'p': 0.01, 'voting': 'majority', 'n_jobs': 1, 'classifier': DecisionTreeClassifier(random_state=2), 'random_state': 1}"")",KNeighborsClassifier(),0.9663026663026664,0.5086666666666667,0.9555555555555555,0.6460603842262859,0.961111111111111,0.6870160681308554
150,"OS_('SMOTE_IPF', ""{'proportion': 1.0, 'n_neighbors': 5, 'n_folds': 9, 'k': 3, 'p': 0.01, 'voting': 'majority', 'n_jobs': 1, 'classifier': DecisionTreeClassifier(random_state=2), 'random_state': 1}"")",MLPClassifier(random_state=1),0.9575393575393575,0.4267080745341615,0.9555555555555555,0.5831884057971014,0.9565972222222223,0.634348095416611
151,"OS_('SMOTE_IPF', ""{'proportion': 1.0, 'n_neighbors': 5, 'n_folds': 9, 'k': 3, 'p': 0.01, 'voting': 'majority', 'n_jobs': 1, 'classifier': DecisionTreeClassifier(random_state=2), 'random_state': 1}"")","Pipeline(steps=[('standardscaler', StandardScaler()),
                ('svc',
                 SVC(C=1, gamma='auto', kernel='linear', random_state=1))])",0.9575416325416326,0.4246442687747036,1.0,0.5909457478005865,0.9781249999999998,0.6483764641589843
152,"OS_('KernelADASYN', ""{'proportion': 1.0, 'k': 5, 'h': 1.0, 'n_jobs': 1, 'random_state': 1}"")",DecisionTreeClassifier(random_state=1),0.8686527436527436,0.17322284291290888,0.5472222222222222,0.2554455909943715,0.7128472222222222,0.3004646501769747
153,"OS_('KernelADASYN', ""{'proportion': 1.0, 'k': 5, 'h': 1.0, 'n_jobs': 1, 'random_state': 1}"")",KNeighborsClassifier(),0.981131131131131,0.7264285714285715,0.6166666666666666,0.6564425770308123,0.8045138888888888,0.6638793130887345
154,"OS_('KernelADASYN', ""{'proportion': 1.0, 'k': 5, 'h': 1.0, 'n_jobs': 1, 'random_state': 1}"")",MLPClassifier(random_state=1),0.9548594048594048,0.32320346320346316,0.4805555555555555,0.3793826616103713,0.725,0.3903179335257773
155,"OS_('KernelADASYN', ""{'proportion': 1.0, 'k': 5, 'h': 1.0, 'n_jobs': 1, 'random_state': 1}"")","Pipeline(steps=[('standardscaler', StandardScaler()),
                ('svc',
                 SVC(C=1, gamma='auto', kernel='linear', random_state=1))])",0.9595823095823096,0.43766233766233764,0.25,0.2711462450592885,0.615625,0.30337982216519854
156,"OS_('MOT2LD', ""{'proportion': 1.0, 'n_components': 2, 'k': 5, 'd_cut': 'auto', 'n_jobs': 1, 'random_state': 1}"")",DecisionTreeClassifier(random_state=1),0.9784216034216033,0.720952380952381,0.7027777777777777,0.6715323006512939,0.8447916666666668,0.6911161334829844
157,"OS_('MOT2LD', ""{'proportion': 1.0, 'n_components': 2, 'k': 5, 'd_cut': 'auto', 'n_jobs': 1, 'random_state': 1}"")",KNeighborsClassifier(),0.9710210210210211,0.5317105263157895,0.8861111111111111,0.6553734335839599,0.929861111111111,0.6814202199809256
158,"OS_('MOT2LD', ""{'proportion': 1.0, 'n_components': 2, 'k': 5, 'd_cut': 'auto', 'n_jobs': 1, 'random_state': 1}"")",MLPClassifier(random_state=1),0.9609086359086358,0.44512820512820517,0.9083333333333332,0.5912225705329154,0.9354166666666666,0.6321932802409995
159,"OS_('MOT2LD', ""{'proportion': 1.0, 'n_components': 2, 'k': 5, 'd_cut': 'auto', 'n_jobs': 1, 'random_state': 1}"")","Pipeline(steps=[('standardscaler', StandardScaler()),
                ('svc',
                 SVC(C=1, gamma='auto', kernel='linear', random_state=1))])",0.9588907088907088,0.43481028775146424,0.9333333333333332,0.5864608322953344,0.9465277777777779,0.6328868758446268
160,"OS_('V_SYNTH', ""{'proportion': 1.0, 'n_components': 3, 'n_jobs': 1, 'random_state': 1}"")",DecisionTreeClassifier(random_state=1),0.9804509054509054,0.6878787878787879,0.7749999999999999,0.7091075514874141,0.8809027777777778,0.7200847920171877
161,"OS_('V_SYNTH', ""{'proportion': 1.0, 'n_components': 3, 'n_jobs': 1, 'random_state': 1}"")",KNeighborsClassifier(),0.9083515333515333,0.21940511101801424,0.7944444444444444,0.3432048900341583,0.853125,0.4169283192906164
162,"OS_('V_SYNTH', ""{'proportion': 1.0, 'n_components': 3, 'n_jobs': 1, 'random_state': 1}"")",MLPClassifier(random_state=1),0.9602261352261351,0.4318614718614719,0.4138888888888889,0.32563218390804594,0.6954861111111111,0.3648149383889757
163,"OS_('V_SYNTH', ""{'proportion': 1.0, 'n_components': 3, 'n_jobs': 1, 'random_state': 1}"")","Pipeline(steps=[('standardscaler', StandardScaler()),
                ('svc',
                 SVC(C=1, gamma='auto', kernel='linear', random_state=1))])",0.7122167622167623,0.10126299255782256,1.0,0.1822763297058087,0.851736111111111,0.3143479013289163
164,"OS_('OUPS', ""{'proportion': 1.0, 'n_jobs': 1, 'random_state': 1}"")",DecisionTreeClassifier(random_state=1),0.9528301028301028,0.4063750284802916,0.8194444444444443,0.5223356997550546,0.8881944444444445,0.5650377379485385
165,"OS_('OUPS', ""{'proportion': 1.0, 'n_jobs': 1, 'random_state': 1}"")",KNeighborsClassifier(),0.94003094003094,0.3675883256528418,1.0,0.5238190364277321,0.9690972222222223,0.5969793221042129
166,"OS_('OUPS', ""{'proportion': 1.0, 'n_jobs': 1, 'random_state': 1}"")",MLPClassifier(random_state=1),0.9447424697424698,0.367452380952381,1.0,0.5305746865746866,0.9715277777777779,0.6015409922315742
167,"OS_('OUPS', ""{'proportion': 1.0, 'n_jobs': 1, 'random_state': 1}"")","Pipeline(steps=[('standardscaler', StandardScaler()),
                ('svc',
                 SVC(C=1, gamma='auto', kernel='linear', random_state=1))])",0.9427222677222676,0.3666046798029557,1.0,0.5268087144210379,0.970486111111111,0.5989289808251257
168,"OS_('SMOTE_D', ""{'proportion': 1.0, 'k': 3, 'n_jobs': 1, 'random_state': 1}"")",DecisionTreeClassifier(random_state=1),0.9750614250614251,0.6042857142857143,0.7249999999999999,0.6377269260106789,0.8538194444444445,0.651016047692236
169,"OS_('SMOTE_D', ""{'proportion': 1.0, 'k': 3, 'n_jobs': 1, 'random_state': 1}"")",KNeighborsClassifier(),0.9824779324779325,0.7342568542568543,0.6833333333333333,0.6931746031746031,0.8375,0.7008676763455124
170,"OS_('SMOTE_D', ""{'proportion': 1.0, 'k': 3, 'n_jobs': 1, 'random_state': 1}"")",MLPClassifier(random_state=1),0.9757393757393757,0.7333333333333333,0.45555555555555555,0.520952380952381,0.7236111111111111,0.555276372304139
171,"OS_('SMOTE_D', ""{'proportion': 1.0, 'k': 3, 'n_jobs': 1, 'random_state': 1}"")","Pipeline(steps=[('standardscaler', StandardScaler()),
                ('svc',
                 SVC(C=1, gamma='auto', kernel='linear', random_state=1))])",0.9737214487214487,0.75,0.20555555555555557,0.31109557109557107,0.6013888888888889,0.3810872468636206
172,"OS_('SMOTE_PSO', ""{'k': 3, 'eps': 0.05, 'n_pop': 10, 'w': 1.0, 'c1': 2.0, 'c2': 2.0, 'num_it': 10, 'n_jobs': 1, 'random_state': 1}"")",DecisionTreeClassifier(random_state=1),0.971016471016471,0.581973581973582,0.7527777777777777,0.6147918747918748,0.8652777777777778,0.6403145482444568
173,"OS_('SMOTE_PSO', ""{'k': 3, 'eps': 0.05, 'n_pop': 10, 'w': 1.0, 'c1': 2.0, 'c2': 2.0, 'num_it': 10, 'n_jobs': 1, 'random_state': 1}"")",KNeighborsClassifier(),0.9737146237146238,0.5642521367521367,0.8416666666666666,0.6648686868686868,0.9097222222222221,0.6835009115956221
174,"OS_('SMOTE_PSO', ""{'k': 3, 'eps': 0.05, 'n_pop': 10, 'w': 1.0, 'c1': 2.0, 'c2': 2.0, 'num_it': 10, 'n_jobs': 1, 'random_state': 1}"")",MLPClassifier(random_state=1),0.9730366730366731,0.5927287581699346,0.8194444444444443,0.6643378582202111,0.898611111111111,0.6845808083357903
175,"OS_('SMOTE_PSO', ""{'k': 3, 'eps': 0.05, 'n_pop': 10, 'w': 1.0, 'c1': 2.0, 'c2': 2.0, 'num_it': 10, 'n_jobs': 1, 'random_state': 1}"")","Pipeline(steps=[('standardscaler', StandardScaler()),
                ('svc',
                 SVC(C=1, gamma='auto', kernel='linear', random_state=1))])",0.9676449176449177,0.5109981684981685,0.7472222222222221,0.5938277511961723,0.8607638888888889,0.6108571766349422
176,"OS_('CURE_SMOTE', ""{'proportion': 1.0, 'n_clusters': 5, 'noise_th': 2, 'n_jobs': 1, 'random_state': 1}"")",DecisionTreeClassifier(random_state=1),0.9797797797797797,0.691025641025641,0.7333333333333333,0.6834491978609625,0.8604166666666666,0.6975223897885086
177,"OS_('CURE_SMOTE', ""{'proportion': 1.0, 'n_clusters': 5, 'noise_th': 2, 'n_jobs': 1, 'random_state': 1}"")",KNeighborsClassifier(),0.9743880243880245,0.5823851294903927,0.9111111111111111,0.6911989544981872,0.94375,0.7181386365427503
178,"OS_('CURE_SMOTE', ""{'proportion': 1.0, 'n_clusters': 5, 'noise_th': 2, 'n_jobs': 1, 'random_state': 1}"")",MLPClassifier(random_state=1),0.9642779142779144,0.4714114832535885,0.8666666666666666,0.6020952380952381,0.9170138888888889,0.6342036277275886
179,"OS_('CURE_SMOTE', ""{'proportion': 1.0, 'n_clusters': 5, 'noise_th': 2, 'n_jobs': 1, 'random_state': 1}"")","Pipeline(steps=[('standardscaler', StandardScaler()),
                ('svc',
                 SVC(C=1, gamma='auto', kernel='linear', random_state=1))])",0.9609086359086361,0.44767722473604826,0.8861111111111111,0.5885346837070975,0.9246527777777779,0.6261286332562861
180,"OS_('SOMO', ""{'proportion': 1.0, 'n_grid': 10, 'sigma': 0.2, 'learning_rate': 0.5, 'n_iter': 100, 'n_jobs': 1, 'random_state': 1}"")",DecisionTreeClassifier(random_state=1),0.9791041041041041,0.6696969696969697,0.7527777777777778,0.6891075514874142,0.8694444444444442,0.6999840357120035
181,"OS_('SOMO', ""{'proportion': 1.0, 'n_grid': 10, 'sigma': 0.2, 'learning_rate': 0.5, 'n_iter': 100, 'n_jobs': 1, 'random_state': 1}"")",KNeighborsClassifier(),0.9824779324779325,0.7342568542568543,0.6833333333333333,0.6931746031746031,0.8375,0.7008676763455124
182,"OS_('SOMO', ""{'proportion': 1.0, 'n_grid': 10, 'sigma': 0.2, 'learning_rate': 0.5, 'n_iter': 100, 'n_jobs': 1, 'random_state': 1}"")",MLPClassifier(random_state=1),0.9757416507416508,0.7476190476190476,0.4111111111111111,0.49132376395534283,0.7020833333333333,0.5309309208904107
183,"OS_('SOMO', ""{'proportion': 1.0, 'n_grid': 10, 'sigma': 0.2, 'learning_rate': 0.5, 'n_iter': 100, 'n_jobs': 1, 'random_state': 1}"")","Pipeline(steps=[('standardscaler', StandardScaler()),
                ('svc',
                 SVC(C=1, gamma='auto', kernel='linear', random_state=1))])",0.9757439257439258,0.7533333333333333,0.4111111111111111,0.48701298701298706,0.7020833333333334,0.5301337847719734
184,"OS_('CE_SMOTE', ""{'proportion': 1.0, 'h': 10, 'k': 5, 'alpha': 0.5, 'n_jobs': 1, 'random_state': 1}"")",DecisionTreeClassifier(random_state=1),0.975061425061425,0.6133333333333333,0.611111111111111,0.5833943833943834,0.7986111111111112,0.597362862667792
185,"OS_('CE_SMOTE', ""{'proportion': 1.0, 'h': 10, 'k': 5, 'alpha': 0.5, 'n_jobs': 1, 'random_state': 1}"")",KNeighborsClassifier(),0.9750591500591501,0.6233918128654972,0.8444444444444443,0.6724867724867725,0.9118055555555555,0.7021673883365329
186,"OS_('CE_SMOTE', ""{'proportion': 1.0, 'h': 10, 'k': 5, 'alpha': 0.5, 'n_jobs': 1, 'random_state': 1}"")",MLPClassifier(random_state=1),0.9588838838838839,0.4354285714285714,0.8222222222222222,0.5476090831589553,0.8927083333333332,0.585992624531501
187,"OS_('CE_SMOTE', ""{'proportion': 1.0, 'h': 10, 'k': 5, 'alpha': 0.5, 'n_jobs': 1, 'random_state': 1}"")","Pipeline(steps=[('standardscaler', StandardScaler()),
                ('svc',
                 SVC(C=1, gamma='auto', kernel='linear', random_state=1))])",0.9602306852306853,0.4614891774891775,0.8222222222222222,0.5490981949326971,0.8934027777777777,0.5930264727528153
188,"OS_('Edge_Det_SMOTE', ""{'proportion': 1.0, 'k': 5, 'n_jobs': 1, 'random_state': 1}"")",DecisionTreeClassifier(random_state=1),0.979101829101829,0.6652014652014652,0.7944444444444445,0.6952380952380953,0.8895833333333332,0.7122607168401098
189,"OS_('Edge_Det_SMOTE', ""{'proportion': 1.0, 'k': 5, 'n_jobs': 1, 'random_state': 1}"")",KNeighborsClassifier(),0.9676494676494677,0.5182608695652173,0.9555555555555555,0.654337201699902,0.9618055555555557,0.6937246265448487
190,"OS_('Edge_Det_SMOTE', ""{'proportion': 1.0, 'k': 5, 'n_jobs': 1, 'random_state': 1}"")",MLPClassifier(random_state=1),0.9595641095641095,0.4394891774891775,0.9777777777777779,0.5998753564394274,0.9684027777777778,0.6515082364210768
191,"OS_('Edge_Det_SMOTE', ""{'proportion': 1.0, 'k': 5, 'n_jobs': 1, 'random_state': 1}"")","Pipeline(steps=[('standardscaler', StandardScaler()),
                ('svc',
                 SVC(C=1, gamma='auto', kernel='linear', random_state=1))])",0.9568682318682319,0.4216442687747035,1.0,0.5877371916508538,0.9777777777777776,0.6459019770198255
192,"OS_('DBSMOTE', ""{'proportion': 1.0, 'eps': 0.8, 'min_samples': 3, 'n_jobs': 1, 'random_state': 1}"")",DecisionTreeClassifier(random_state=1),0.9757371007371007,0.6599999999999999,0.5972222222222222,0.5900792114064426,0.7923611111111112,0.6087440628805149
193,"OS_('DBSMOTE', ""{'proportion': 1.0, 'eps': 0.8, 'min_samples': 3, 'n_jobs': 1, 'random_state': 1}"")",KNeighborsClassifier(),0.9797797797797798,0.6603174603174604,0.75,0.6922222222222223,0.8684027777777776,0.6986459575202307
194,"OS_('DBSMOTE', ""{'proportion': 1.0, 'eps': 0.8, 'min_samples': 3, 'n_jobs': 1, 'random_state': 1}"")",MLPClassifier(random_state=1),0.9629288379288379,0.4616666666666667,0.7972222222222223,0.5748177339901479,0.882638888888889,0.6010373185182674
195,"OS_('DBSMOTE', ""{'proportion': 1.0, 'eps': 0.8, 'min_samples': 3, 'n_jobs': 1, 'random_state': 1}"")","Pipeline(steps=[('standardscaler', StandardScaler()),
                ('svc',
                 SVC(C=1, gamma='auto', kernel='linear', random_state=1))])",0.9642756392756393,0.46585519743414483,0.7944444444444444,0.5777273435618456,0.8819444444444443,0.6029412236250556
196,"OS_('ASMOBD', ""{'proportion': 1.0, 'min_samples': 3, 'eps': 0.8, 'eta': 0.5, 'T_1': 1.0, 'T_2': 1.0, 't_1': 4.0, 't_2': 4.0, 'a': 0.05, 'smoothing': 'linear', 'n_jobs': 1, 'random_state': 1}"")",DecisionTreeClassifier(random_state=1),0.9757393757393757,0.6366666666666667,0.6666666666666666,0.6101770262760974,0.8260416666666666,0.630241762946497
197,"OS_('ASMOBD', ""{'proportion': 1.0, 'min_samples': 3, 'eps': 0.8, 'eta': 0.5, 'T_1': 1.0, 'T_2': 1.0, 't_1': 4.0, 't_2': 4.0, 'a': 0.05, 'smoothing': 'linear', 'n_jobs': 1, 'random_state': 1}"")",KNeighborsClassifier(),0.9791086541086541,0.6412420912420912,0.7972222222222223,0.6984057971014492,0.8909722222222222,0.708710109945271
198,"OS_('ASMOBD', ""{'proportion': 1.0, 'min_samples': 3, 'eps': 0.8, 'eta': 0.5, 'T_1': 1.0, 'T_2': 1.0, 't_1': 4.0, 't_2': 4.0, 'a': 0.05, 'smoothing': 'linear', 'n_jobs': 1, 'random_state': 1}"")",MLPClassifier(random_state=1),0.9622577122577123,0.4435714285714286,0.8416666666666666,0.5770734632683658,0.9038194444444445,0.6087196355366714
199,"OS_('ASMOBD', ""{'proportion': 1.0, 'min_samples': 3, 'eps': 0.8, 'eta': 0.5, 'T_1': 1.0, 'T_2': 1.0, 't_1': 4.0, 't_2': 4.0, 'a': 0.05, 'smoothing': 'linear', 'n_jobs': 1, 'random_state': 1}"")","Pipeline(steps=[('standardscaler', StandardScaler()),
                ('svc',
                 SVC(C=1, gamma='auto', kernel='linear', random_state=1))])",0.9622554372554373,0.44503080443583876,0.8388888888888889,0.5759797979797979,0.9024305555555554,0.6077332466022399
200,"OS_('Assembled_SMOTE', ""{'proportion': 1.0, 'n_neighbors': 5, 'pop': 2, 'thres': 0.3, 'n_jobs': 1, 'random_state': 1}"")",DecisionTreeClassifier(random_state=1),0.9804509054509054,0.6930769230769231,0.7972222222222222,0.7118052047113832,0.8916666666666668,0.7281630522644786
201,"OS_('Assembled_SMOTE', ""{'proportion': 1.0, 'n_neighbors': 5, 'pop': 2, 'thres': 0.3, 'n_jobs': 1, 'random_state': 1}"")",KNeighborsClassifier(),0.966976066976067,0.5116666666666666,0.9555555555555555,0.6492689403760185,0.9614583333333334,0.6894905552700143
202,"OS_('Assembled_SMOTE', ""{'proportion': 1.0, 'n_neighbors': 5, 'pop': 2, 'thres': 0.3, 'n_jobs': 1, 'random_state': 1}"")",MLPClassifier(random_state=1),0.9582150332150332,0.4320414078674949,0.9777777777777779,0.5922965651898908,0.9677083333333334,0.6456239190054971
203,"OS_('Assembled_SMOTE', ""{'proportion': 1.0, 'n_neighbors': 5, 'pop': 2, 'thres': 0.3, 'n_jobs': 1, 'random_state': 1}"")","Pipeline(steps=[('standardscaler', StandardScaler()),
                ('svc',
                 SVC(C=1, gamma='auto', kernel='linear', random_state=1))])",0.9568682318682319,0.4216442687747035,1.0,0.5877371916508538,0.9777777777777776,0.6459019770198255
204,"OS_('SDSMOTE', ""{'proportion': 1.0, 'n_neighbors': 5, 'n_jobs': 1, 'random_state': 1}"")",DecisionTreeClassifier(random_state=1),0.9750637000637001,0.6343434343434344,0.75,0.6431538831538832,0.8659722222222221,0.6669469828545462
205,"OS_('SDSMOTE', ""{'proportion': 1.0, 'n_neighbors': 5, 'n_jobs': 1, 'random_state': 1}"")",KNeighborsClassifier(),0.9656292656292657,0.5043809523809524,0.9555555555555555,0.6419224531918031,0.960763888888889,0.6837827236224634
206,"OS_('SDSMOTE', ""{'proportion': 1.0, 'n_neighbors': 5, 'n_jobs': 1, 'random_state': 1}"")",MLPClassifier(random_state=1),0.9575393575393575,0.42914285714285716,0.9777777777777779,0.5890707587382779,0.9673611111111112,0.6431404079195044
207,"OS_('SDSMOTE', ""{'proportion': 1.0, 'n_neighbors': 5, 'n_jobs': 1, 'random_state': 1}"")","Pipeline(steps=[('standardscaler', StandardScaler()),
                ('svc',
                 SVC(C=1, gamma='auto', kernel='linear', random_state=1))])",0.9575416325416326,0.42104037267080746,1.0,0.5888167155425219,0.978125,0.6464674346389169
208,"OS_('DSMOTE', ""{'proportion': 1.0, 'n_neighbors': 5, 'rate': 0.1, 'n_step': 50, 'n_jobs': 1, 'random_state': 1}"")",DecisionTreeClassifier(random_state=1),0.9757416507416506,0.5944444444444444,0.5027777777777778,0.5350140056022409,0.7465277777777779,0.5416770182683868
209,"OS_('DSMOTE', ""{'proportion': 1.0, 'n_neighbors': 5, 'rate': 0.1, 'n_step': 50, 'n_jobs': 1, 'random_state': 1}"")",KNeighborsClassifier(),0.9838247338247339,0.7406060606060606,0.7277777777777777,0.7209523809523809,0.8597222222222223,0.7274596649195992
210,"OS_('DSMOTE', ""{'proportion': 1.0, 'n_neighbors': 5, 'rate': 0.1, 'n_step': 50, 'n_jobs': 1, 'random_state': 1}"")",MLPClassifier(random_state=1),0.9777618527618529,0.6299145299145298,0.6138888888888889,0.6093642305407012,0.8013888888888889,0.6155748226445585
211,"OS_('DSMOTE', ""{'proportion': 1.0, 'n_neighbors': 5, 'rate': 0.1, 'n_step': 50, 'n_jobs': 1, 'random_state': 1}"")","Pipeline(steps=[('standardscaler', StandardScaler()),
                ('svc',
                 SVC(C=1, gamma='auto', kernel='linear', random_state=1))])",0.9723700973700973,0.5608791208791208,0.4527777777777778,0.4855194805194805,0.720486111111111,0.49599200768849877
212,"OS_('G_SMOTE', ""{'proportion': 1.0, 'n_neighbors': 5, 'method': 'linear', 'n_jobs': 1, 'random_state': 1}"")",DecisionTreeClassifier(random_state=1),0.9764059514059514,0.6383216783216783,0.7027777777777777,0.6527500569605833,0.84375,0.6615567693731021
213,"OS_('G_SMOTE', ""{'proportion': 1.0, 'n_neighbors': 5, 'method': 'linear', 'n_jobs': 1, 'random_state': 1}"")",KNeighborsClassifier(),0.9737123487123487,0.5692741658066736,0.9555555555555555,0.6966625966625968,0.9649305555555555,0.7284318045583439
214,"OS_('G_SMOTE', ""{'proportion': 1.0, 'n_neighbors': 5, 'method': 'linear', 'n_jobs': 1, 'random_state': 1}"")",MLPClassifier(random_state=1),0.956865956865957,0.431032967032967,0.9555555555555555,0.5844206773618538,0.95625,0.6358603883062852
215,"OS_('G_SMOTE', ""{'proportion': 1.0, 'n_neighbors': 5, 'method': 'linear', 'n_jobs': 1, 'random_state': 1}"")","Pipeline(steps=[('standardscaler', StandardScaler()),
                ('svc',
                 SVC(C=1, gamma='auto', kernel='linear', random_state=1))])",0.9582173082173082,0.4287024280067759,1.0,0.5950490196078431,0.9784722222222222,0.6515632542552424
216,"OS_('NT_SMOTE', ""{'proportion': 1.0, 'n_jobs': 1, 'random_state': 1}"")",DecisionTreeClassifier(random_state=1),0.9757348257348257,0.6406793206793207,0.7277777777777777,0.6263636363636363,0.8555555555555555,0.6539140695111665
217,"OS_('NT_SMOTE', ""{'proportion': 1.0, 'n_jobs': 1, 'random_state': 1}"")",KNeighborsClassifier(),0.9696719446719447,0.5416526824307144,0.9555555555555555,0.6707010582010582,0.9628472222222223,0.708019077970789
218,"OS_('NT_SMOTE', ""{'proportion': 1.0, 'n_jobs': 1, 'random_state': 1}"")",MLPClassifier(random_state=1),0.9602375102375103,0.444045954045954,0.9333333333333332,0.594440961337513,0.9472222222222223,0.639396565584654
219,"OS_('NT_SMOTE', ""{'proportion': 1.0, 'n_jobs': 1, 'random_state': 1}"")","Pipeline(steps=[('standardscaler', StandardScaler()),
                ('svc',
                 SVC(C=1, gamma='auto', kernel='linear', random_state=1))])",0.9602375102375103,0.44376281613123725,0.9777777777777779,0.604076549911052,0.96875,0.6547922591630483
220,"OS_('Lee', ""{'proportion': 1.0, 'n_neighbors': 5, 'rejection_level': 0.5, 'n_jobs': 1, 'random_state': 1}"")",DecisionTreeClassifier(random_state=1),0.977081627081627,0.6509090909090909,0.7277777777777776,0.6594995393622396,0.85625,0.6741584594909485
221,"OS_('Lee', ""{'proportion': 1.0, 'n_neighbors': 5, 'rejection_level': 0.5, 'n_jobs': 1, 'random_state': 1}"")",KNeighborsClassifier(),0.9683228683228684,0.5166666666666667,0.9333333333333332,0.6505228588713163,0.951388888888889,0.6862730269308441
222,"OS_('Lee', ""{'proportion': 1.0, 'n_neighbors': 5, 'rejection_level': 0.5, 'n_jobs': 1, 'random_state': 1}"")",MLPClassifier(random_state=1),0.9595641095641095,0.4429856947019418,0.9333333333333332,0.5930411255411256,0.946875,0.6383536383735088
223,"OS_('Lee', ""{'proportion': 1.0, 'n_neighbors': 5, 'rejection_level': 0.5, 'n_jobs': 1, 'random_state': 1}"")","Pipeline(steps=[('standardscaler', StandardScaler()),
                ('svc',
                 SVC(C=1, gamma='auto', kernel='linear', random_state=1))])",0.9582173082173082,0.4297249843977533,0.9777777777777779,0.5918557422969187,0.9677083333333334,0.6449486271026507
224,"OS_('SPY', ""{'n_neighbors': 5, 'threshold': 0.5, 'n_jobs': 1}"")",DecisionTreeClassifier(random_state=1),0.9743880243880245,0.5988888888888889,0.8,0.6623626373626375,0.8899305555555556,0.6803946859351524
225,"OS_('SPY', ""{'n_neighbors': 5, 'threshold': 0.5, 'n_jobs': 1}"")",KNeighborsClassifier(),0.9804486304486304,0.6462301587301587,0.8861111111111111,0.7383367839889579,0.9347222222222221,0.7519809370731837
226,"OS_('SPY', ""{'n_neighbors': 5, 'threshold': 0.5, 'n_jobs': 1}"")",MLPClassifier(random_state=1),0.9743880243880245,0.6190476190476191,0.6583333333333333,0.6198100109609062,0.8211805555555556,0.6291572956417154
227,"OS_('SPY', ""{'n_neighbors': 5, 'threshold': 0.5, 'n_jobs': 1}"")","Pipeline(steps=[('standardscaler', StandardScaler()),
                ('svc',
                 SVC(C=1, gamma='auto', kernel='linear', random_state=1))])",0.9683205933205933,0.5184514831573656,0.6805555555555556,0.5772440120266207,0.8288194444444443,0.5881302710659956
228,"OS_('SMOTE_PSOBAT', ""{'maxit': 50, 'c1': 0.3, 'c2': 0.1, 'c3': 0.1, 'alpha': 0.9, 'gamma': 0.9, 'method': 'bat', 'n_jobs': 1, 'random_state': 1}"")",DecisionTreeClassifier(random_state=1),0.9777504777504777,0.6635497835497836,0.7472222222222221,0.6744679881521987,0.8659722222222221,0.6896473992001103
229,"OS_('SMOTE_PSOBAT', ""{'maxit': 50, 'c1': 0.3, 'c2': 0.1, 'c3': 0.1, 'alpha': 0.9, 'gamma': 0.9, 'method': 'bat', 'n_jobs': 1, 'random_state': 1}"")",KNeighborsClassifier(),0.9723655473655473,0.558654970760234,0.9333333333333332,0.6817675606641125,0.9534722222222223,0.7127584011975278
230,"OS_('SMOTE_PSOBAT', ""{'maxit': 50, 'c1': 0.3, 'c2': 0.1, 'c3': 0.1, 'alpha': 0.9, 'gamma': 0.9, 'method': 'bat', 'n_jobs': 1, 'random_state': 1}"")",MLPClassifier(random_state=1),0.9676449176449177,0.5063636363636365,0.9111111111111111,0.6388045977011494,0.9402777777777777,0.6722883124599488
231,"OS_('SMOTE_PSOBAT', ""{'maxit': 50, 'c1': 0.3, 'c2': 0.1, 'c3': 0.1, 'alpha': 0.9, 'gamma': 0.9, 'method': 'bat', 'n_jobs': 1, 'random_state': 1}"")","Pipeline(steps=[('standardscaler', StandardScaler()),
                ('svc',
                 SVC(C=1, gamma='auto', kernel='linear', random_state=1))])",0.960910910910911,0.45545454545454545,0.9333333333333332,0.6020106997192648,0.9475694444444445,0.6460305849109631
232,"OS_('MDO', ""{'proportion': 1.0, 'K2': 5, 'K1_frac': 0.5, 'n_jobs': 1, 'random_state': 1}"")",DecisionTreeClassifier(random_state=1),0.9777504777504777,0.6271212121212122,0.7722222222222221,0.6818782249742001,0.878125,0.6905814441422026
233,"OS_('MDO', ""{'proportion': 1.0, 'K2': 5, 'K1_frac': 0.5, 'n_jobs': 1, 'random_state': 1}"")",KNeighborsClassifier(),0.9535035035035035,0.414927536231884,0.9527777777777778,0.5675649350649351,0.953125,0.6222637513193302
234,"OS_('MDO', ""{'proportion': 1.0, 'K2': 5, 'K1_frac': 0.5, 'n_jobs': 1, 'random_state': 1}"")",MLPClassifier(random_state=1),0.9326098826098826,0.32288892986661744,1.0,0.48171591770122985,0.9652777777777779,0.5634638597013291
235,"OS_('MDO', ""{'proportion': 1.0, 'K2': 5, 'K1_frac': 0.5, 'n_jobs': 1, 'random_state': 1}"")","Pipeline(steps=[('standardscaler', StandardScaler()),
                ('svc',
                 SVC(C=1, gamma='auto', kernel='linear', random_state=1))])",0.9285694785694785,0.312826420890937,1.0,0.46936204146730465,0.9631944444444445,0.5538826039196609
236,"OS_('Random_SMOTE', ""{'proportion': 1.0, 'n_neighbors': 5, 'n_jobs': 1, 'random_state': 1}"")",DecisionTreeClassifier(random_state=1),0.9791063791063792,0.6687878787878787,0.7722222222222221,0.6895238095238095,0.8788194444444445,0.7047728734233507
237,"OS_('Random_SMOTE', ""{'proportion': 1.0, 'n_neighbors': 5, 'n_jobs': 1, 'random_state': 1}"")",KNeighborsClassifier(),0.9676494676494677,0.514927536231884,0.9555555555555555,0.6526780312851094,0.9618055555555556,0.6921247165651002
238,"OS_('Random_SMOTE', ""{'proportion': 1.0, 'n_neighbors': 5, 'n_jobs': 1, 'random_state': 1}"")",MLPClassifier(random_state=1),0.9588884338884339,0.44193151775760475,0.9777777777777779,0.5994111896958196,0.9680555555555556,0.6516772327256112
239,"OS_('Random_SMOTE', ""{'proportion': 1.0, 'n_neighbors': 5, 'n_jobs': 1, 'random_state': 1}"")","Pipeline(steps=[('standardscaler', StandardScaler()),
                ('svc',
                 SVC(C=1, gamma='auto', kernel='linear', random_state=1))])",0.9582173082173082,0.42844155844155846,1.0,0.5948484848484848,0.9784722222222222,0.6514035800993154
240,"OS_('ISMOTE', ""{'n_neighbors': 5, 'minority_weight': 0.5, 'n_jobs': 1, 'random_state': 1}"")",DecisionTreeClassifier(random_state=1),0.9696651196651196,0.5302197802197802,0.6555555555555556,0.5539677713590758,0.8173611111111111,0.5729567727135026
241,"OS_('ISMOTE', ""{'n_neighbors': 5, 'minority_weight': 0.5, 'n_jobs': 1, 'random_state': 1}"")",KNeighborsClassifier(),0.9676517426517426,0.511742993848257,0.9555555555555555,0.651068603408162,0.9618055555555556,0.6906164427352186
242,"OS_('ISMOTE', ""{'n_neighbors': 5, 'minority_weight': 0.5, 'n_jobs': 1, 'random_state': 1}"")",MLPClassifier(random_state=1),0.9561971061971063,0.4146734424995294,0.9555555555555555,0.5736363636363636,0.9559027777777777,0.6265285041084676
243,"OS_('ISMOTE', ""{'n_neighbors': 5, 'minority_weight': 0.5, 'n_jobs': 1, 'random_state': 1}"")","Pipeline(steps=[('standardscaler', StandardScaler()),
                ('svc',
                 SVC(C=1, gamma='auto', kernel='linear', random_state=1))])",0.956870506870507,0.43437721698591264,1.0,0.5953030303030303,0.9777777777777779,0.652701947405089
244,"OS_('GASMOTE', ""{'n_neighbors': 5, 'maxn': 7, 'n_pop': 10, 'popl3': 5, 'pm': 0.3, 'pr': 0.2, 'Ge': 10, 'n_jobs': 1, 'random_state': 1}"")",DecisionTreeClassifier(random_state=1),0.9797797797797798,0.6828282828282829,0.6583333333333333,0.6607843137254902,0.8239583333333333,0.6656444689105863
245,"OS_('GASMOTE', ""{'n_neighbors': 5, 'maxn': 7, 'n_pop': 10, 'popl3': 5, 'pm': 0.3, 'pr': 0.2, 'Ge': 10, 'n_jobs': 1, 'random_state': 1}"")",KNeighborsClassifier(),0.9784307034307036,0.6138734468146232,0.9111111111111111,0.7221809398331137,0.9458333333333332,0.741865354545928
246,"OS_('GASMOTE', ""{'n_neighbors': 5, 'maxn': 7, 'n_pop': 10, 'popl3': 5, 'pm': 0.3, 'pr': 0.2, 'Ge': 10, 'n_jobs': 1, 'random_state': 1}"")",MLPClassifier(random_state=1),0.968993993993994,0.5273817341928797,0.7722222222222221,0.6124113181504486,0.8736111111111111,0.6305410215236578
247,"OS_('GASMOTE', ""{'n_neighbors': 5, 'maxn': 7, 'n_pop': 10, 'popl3': 5, 'pm': 0.3, 'pr': 0.2, 'Ge': 10, 'n_jobs': 1, 'random_state': 1}"")","Pipeline(steps=[('standardscaler', StandardScaler()),
                ('svc',
                 SVC(C=1, gamma='auto', kernel='linear', random_state=1))])",0.9676471926471926,0.5005130473241929,0.7722222222222221,0.597340307289964,0.8729166666666666,0.6162835682950133
248,"OS_('SMOTE_FRST_2T', ""{'n_neighbors': 5, 'gamma_S': 0.7, 'gamma_M': 0.03, 'n_jobs': 1, 'random_state': 1}"")",DecisionTreeClassifier(random_state=1),0.9743902993902994,0.6,0.7944444444444444,0.6575584415584416,0.8871527777777777,0.677065709721009
249,"OS_('SMOTE_FRST_2T', ""{'n_neighbors': 5, 'gamma_S': 0.7, 'gamma_M': 0.03, 'n_jobs': 1, 'random_state': 1}"")",KNeighborsClassifier(),0.9663026663026664,0.5086666666666667,0.9555555555555555,0.6460603842262859,0.961111111111111,0.6870160681308554
250,"OS_('SMOTE_FRST_2T', ""{'n_neighbors': 5, 'gamma_S': 0.7, 'gamma_M': 0.03, 'n_jobs': 1, 'random_state': 1}"")",MLPClassifier(random_state=1),0.9582127582127582,0.439032967032967,0.9777777777777779,0.5961853832442067,0.9677083333333334,0.6491937216396185
251,"OS_('SMOTE_FRST_2T', ""{'n_neighbors': 5, 'gamma_S': 0.7, 'gamma_M': 0.03, 'n_jobs': 1, 'random_state': 1}"")","Pipeline(steps=[('standardscaler', StandardScaler()),
                ('svc',
                 SVC(C=1, gamma='auto', kernel='linear', random_state=1))])",0.9561948311948312,0.41414426877470356,1.0,0.5817371916508539,0.9774305555555556,0.6409826431715289
252,"OS_('AND_SMOTE', ""{'proportion': 1.0, 'K': 15, 'n_jobs': 1, 'random_state': 1}"")",DecisionTreeClassifier(random_state=1),0.977077077077077,0.6397435897435898,0.7222222222222221,0.6540259740259741,0.8534722222222222,0.6673160435142992
253,"OS_('AND_SMOTE', ""{'proportion': 1.0, 'K': 15, 'n_jobs': 1, 'random_state': 1}"")",KNeighborsClassifier(),0.9683251433251433,0.5206140350877193,0.9555555555555555,0.6579352421457685,0.9621527777777779,0.6962619474402388
254,"OS_('AND_SMOTE', ""{'proportion': 1.0, 'K': 15, 'n_jobs': 1, 'random_state': 1}"")",MLPClassifier(random_state=1),0.956865956865957,0.422952380952381,0.9555555555555555,0.5789558162095423,0.95625,0.6311073720769654
255,"OS_('AND_SMOTE', ""{'proportion': 1.0, 'K': 15, 'n_jobs': 1, 'random_state': 1}"")","Pipeline(steps=[('standardscaler', StandardScaler()),
                ('svc',
                 SVC(C=1, gamma='auto', kernel='linear', random_state=1))])",0.9588907088907088,0.42942970073404857,0.9777777777777779,0.5923924731182796,0.9680555555555556,0.6452703029782347
256,"OS_('NRAS', ""{'proportion': 1.0, 'n_neighbors': 5, 't': 0.5, 'n_jobs': 1, 'random_state': 1}"")",DecisionTreeClassifier(random_state=1),0.9757348257348257,0.6669108669108669,0.638888888888889,0.6070707070707071,0.8125,0.628688323874628
257,"OS_('NRAS', ""{'proportion': 1.0, 'n_neighbors': 5, 't': 0.5, 'n_jobs': 1, 'random_state': 1}"")",KNeighborsClassifier(),0.9696742196742196,0.5061616161616161,0.9083333333333332,0.643323116219668,0.9399305555555555,0.6743209317048647
258,"OS_('NRAS', ""{'proportion': 1.0, 'n_neighbors': 5, 't': 0.5, 'n_jobs': 1, 'random_state': 1}"")",MLPClassifier(random_state=1),0.9595595595595595,0.43711650922177236,0.888888888888889,0.5781775057637126,0.9253472222222223,0.6185793979043577
259,"OS_('NRAS', ""{'proportion': 1.0, 'n_neighbors': 5, 't': 0.5, 'n_jobs': 1, 'random_state': 1}"")","Pipeline(steps=[('standardscaler', StandardScaler()),
                ('svc',
                 SVC(C=1, gamma='auto', kernel='linear', random_state=1))])",0.9555214305214305,0.40123188405797094,0.888888888888889,0.5477573285693419,0.9232638888888888,0.5939781290195698
260,"OS_('AMSCO', ""{'n_pop': 5, 'n_iter': 15, 'omega': 0.1, 'r1': 0.1, 'r2': 0.1, 'n_jobs': 1, 'classifier': DecisionTreeClassifier(random_state=2), 'random_state': 1}"")",DecisionTreeClassifier(random_state=1),0.9817954317954317,0.7081060606060606,0.8194444444444443,0.737468671679198,0.903125,0.7503631773556945
261,"OS_('AMSCO', ""{'n_pop': 5, 'n_iter': 15, 'omega': 0.1, 'r1': 0.1, 'r2': 0.1, 'n_jobs': 1, 'classifier': DecisionTreeClassifier(random_state=2), 'random_state': 1}"")",KNeighborsClassifier(),0.9656292656292657,0.5031884057971014,0.9555555555555555,0.6410401002506266,0.960763888888889,0.6830692863493577
262,"OS_('AMSCO', ""{'n_pop': 5, 'n_iter': 15, 'omega': 0.1, 'r1': 0.1, 'r2': 0.1, 'n_jobs': 1, 'classifier': DecisionTreeClassifier(random_state=2), 'random_state': 1}"")",MLPClassifier(random_state=1),0.9561925561925563,0.4224775224775225,0.9777777777777779,0.5821745809123088,0.9666666666666668,0.6377997846741857
263,"OS_('AMSCO', ""{'n_pop': 5, 'n_iter': 15, 'omega': 0.1, 'r1': 0.1, 'r2': 0.1, 'n_jobs': 1, 'classifier': DecisionTreeClassifier(random_state=2), 'random_state': 1}"")","Pipeline(steps=[('standardscaler', StandardScaler()),
                ('svc',
                 SVC(C=1, gamma='auto', kernel='linear', random_state=1))])",0.9561971061971063,0.41042780748663105,1.0,0.5794390555680878,0.9774305555555556,0.6389953169445892
264,"OS_('SSO', ""{'proportion': 1.0, 'n_neighbors': 5, 'h': 10, 'n_iter': 5, 'n_jobs': 1, 'random_state': 1}"")",DecisionTreeClassifier(random_state=1),0.9703453453453454,0.5466666666666666,0.7055555555555555,0.6029187418674564,0.842013888888889,0.6143037846312436
265,"OS_('SSO', ""{'proportion': 1.0, 'n_neighbors': 5, 'h': 10, 'n_iter': 5, 'n_jobs': 1, 'random_state': 1}"")",KNeighborsClassifier(),0.9602443352443354,0.47516290726817034,0.9555555555555555,0.614539898750425,0.9579861111111111,0.6621088543773647
266,"OS_('SSO', ""{'proportion': 1.0, 'n_neighbors': 5, 'h': 10, 'n_iter': 5, 'n_jobs': 1, 'random_state': 1}"")",MLPClassifier(random_state=1),0.9481162981162982,0.37879821791112117,0.9555555555555555,0.5367496159754224,0.9517361111111111,0.5977707620512881
267,"OS_('SSO', ""{'proportion': 1.0, 'n_neighbors': 5, 'h': 10, 'n_iter': 5, 'n_jobs': 1, 'random_state': 1}"")","Pipeline(steps=[('standardscaler', StandardScaler()),
                ('svc',
                 SVC(C=1, gamma='auto', kernel='linear', random_state=1))])",0.9447447447447447,0.36083473389355747,0.9777777777777779,0.5221841751253516,0.960763888888889,0.590591948930193
268,"OS_('NDO_sampling', ""{'proportion': 1.0, 'n_neighbors': 5, 'T': 0.5, 'n_jobs': 1, 'random_state': 1}"")",DecisionTreeClassifier(random_state=1),0.9723678223678224,0.5564102564102564,0.6805555555555556,0.5883116883116883,0.8309027777777777,0.6031702031394393
269,"OS_('NDO_sampling', ""{'proportion': 1.0, 'n_neighbors': 5, 'T': 0.5, 'n_jobs': 1, 'random_state': 1}"")",KNeighborsClassifier(),0.9669783419783421,0.5109562443658553,0.9555555555555555,0.6489019367414953,0.9614583333333334,0.6891670982263539
270,"OS_('NDO_sampling', ""{'proportion': 1.0, 'n_neighbors': 5, 'T': 0.5, 'n_jobs': 1, 'random_state': 1}"")",MLPClassifier(random_state=1),0.956192556192556,0.4187457180500659,1.0,0.584511385199241,0.9774305555555556,0.643418465933833
271,"OS_('NDO_sampling', ""{'proportion': 1.0, 'n_neighbors': 5, 'T': 0.5, 'n_jobs': 1, 'random_state': 1}"")","Pipeline(steps=[('standardscaler', StandardScaler()),
                ('svc',
                 SVC(C=1, gamma='auto', kernel='linear', random_state=1))])",0.9541746291746291,0.40856521739130436,1.0,0.5740814214248748,0.9763888888888888,0.6353473859113732
272,"OS_('DSRBF', ""{'proportion': 1.0, 'n_neighbors': 5, 'm_min': 4, 'm_max': 10, 'Ib': 2, 'Ob': 2, 'n_pop': 500, 'n_init_pop': 5000, 'n_iter': 40, 'n_sampling_epoch': 5, 'n_jobs': 1, 'random_state': 1}"")",DecisionTreeClassifier(random_state=1),0.9770861770861771,0.6631746031746031,0.7722222222222221,0.6691469290096292,0.8777777777777777,0.6927098302457072
273,"OS_('DSRBF', ""{'proportion': 1.0, 'n_neighbors': 5, 'm_min': 4, 'm_max': 10, 'Ib': 2, 'Ob': 2, 'n_pop': 500, 'n_init_pop': 5000, 'n_iter': 40, 'n_sampling_epoch': 5, 'n_jobs': 1, 'random_state': 1}"")",KNeighborsClassifier(),0.9683228683228684,0.5184848484848484,0.9555555555555555,0.6563070635431739,0.9621527777777779,0.6949364979442216
274,"OS_('DSRBF', ""{'proportion': 1.0, 'n_neighbors': 5, 'm_min': 4, 'm_max': 10, 'Ib': 2, 'Ob': 2, 'n_pop': 500, 'n_init_pop': 5000, 'n_iter': 40, 'n_sampling_epoch': 5, 'n_jobs': 1, 'random_state': 1}"")",MLPClassifier(random_state=1),0.9588861588861588,0.4420329670329671,0.9777777777777779,0.5993939393939394,0.9680555555555556,0.6516682087787775
275,"OS_('DSRBF', ""{'proportion': 1.0, 'n_neighbors': 5, 'm_min': 4, 'm_max': 10, 'Ib': 2, 'Ob': 2, 'n_pop': 500, 'n_init_pop': 5000, 'n_iter': 40, 'n_sampling_epoch': 5, 'n_jobs': 1, 'random_state': 1}"")","Pipeline(steps=[('standardscaler', StandardScaler()),
                ('svc',
                 SVC(C=1, gamma='auto', kernel='linear', random_state=1))])",0.9595618345618344,0.4375629290617848,1.0,0.6033881441139506,0.9791666666666666,0.6581054746679552
276,"OS_('Gaussian_SMOTE', ""{'proportion': 1.0, 'n_neighbors': 5, 'sigma': 1.0, 'n_jobs': 1, 'random_state': 1}"")",DecisionTreeClassifier(random_state=1),0.9737146237146238,0.5714718614718615,0.7055555555555555,0.6202673796791445,0.84375,0.6292413845198583
277,"OS_('Gaussian_SMOTE', ""{'proportion': 1.0, 'n_neighbors': 5, 'sigma': 1.0, 'n_jobs': 1, 'random_state': 1}"")",KNeighborsClassifier(),0.9642870142870145,0.4807018961430726,0.8638888888888889,0.6095986622073578,0.915625,0.6396886910832099
278,"OS_('Gaussian_SMOTE', ""{'proportion': 1.0, 'n_neighbors': 5, 'sigma': 1.0, 'n_jobs': 1, 'random_state': 1}"")",MLPClassifier(random_state=1),0.9198061698061698,0.293075893230692,1.0,0.44438042376987796,0.9586805555555555,0.5344078513135146
279,"OS_('Gaussian_SMOTE', ""{'proportion': 1.0, 'n_neighbors': 5, 'sigma': 1.0, 'n_jobs': 1, 'random_state': 1}"")","Pipeline(steps=[('standardscaler', StandardScaler()),
                ('svc',
                 SVC(C=1, gamma='auto', kernel='linear', random_state=1))])",0.9130721630721631,0.27696050079951007,1.0,0.4253501400560224,0.9552083333333334,0.5193994848802299
280,"OS_('kmeans_SMOTE', ""{'proportion': 1.0, 'n_neighbors': 5, 'n_clusters': 10, 'irt': 2.0, 'n_jobs': 1, 'random_state': 1}"")",DecisionTreeClassifier(random_state=1),0.9791041041041041,0.6696969696969697,0.7527777777777778,0.6891075514874142,0.8694444444444442,0.6999840357120035
281,"OS_('kmeans_SMOTE', ""{'proportion': 1.0, 'n_neighbors': 5, 'n_clusters': 10, 'irt': 2.0, 'n_jobs': 1, 'random_state': 1}"")",KNeighborsClassifier(),0.9824779324779325,0.7342568542568543,0.6833333333333333,0.6931746031746031,0.8375,0.7008676763455124
282,"OS_('kmeans_SMOTE', ""{'proportion': 1.0, 'n_neighbors': 5, 'n_clusters': 10, 'irt': 2.0, 'n_jobs': 1, 'random_state': 1}"")",MLPClassifier(random_state=1),0.9757416507416508,0.7476190476190476,0.4111111111111111,0.49132376395534283,0.7020833333333333,0.5309309208904107
283,"OS_('kmeans_SMOTE', ""{'proportion': 1.0, 'n_neighbors': 5, 'n_clusters': 10, 'irt': 2.0, 'n_jobs': 1, 'random_state': 1}"")","Pipeline(steps=[('standardscaler', StandardScaler()),
                ('svc',
                 SVC(C=1, gamma='auto', kernel='linear', random_state=1))])",0.9757439257439258,0.7533333333333333,0.4111111111111111,0.48701298701298706,0.7020833333333334,0.5301337847719734
284,"OS_('Supervised_SMOTE', ""{'proportion': 1.0, 'th_lower': 0.5, 'th_upper': 1.0, 'classifier': RandomForestClassifier(n_estimators=50, n_jobs=1, random_state=5), 'n_jobs': 1, 'random_state': 1}"")",DecisionTreeClassifier(random_state=1),0.9737100737100738,0.610609857978279,0.725,0.6258297258297258,0.853125,0.6462829399696411
285,"OS_('Supervised_SMOTE', ""{'proportion': 1.0, 'th_lower': 0.5, 'th_upper': 1.0, 'classifier': RandomForestClassifier(n_estimators=50, n_jobs=1, random_state=5), 'n_jobs': 1, 'random_state': 1}"")",KNeighborsClassifier(),0.966973791973792,0.5215007215007215,0.9555555555555555,0.6522516376220493,0.9614583333333334,0.6934049550357464
286,"OS_('Supervised_SMOTE', ""{'proportion': 1.0, 'th_lower': 0.5, 'th_upper': 1.0, 'classifier': RandomForestClassifier(n_estimators=50, n_jobs=1, random_state=5), 'n_jobs': 1, 'random_state': 1}"")",MLPClassifier(random_state=1),0.9588907088907088,0.4320346320346321,0.9555555555555555,0.5892099111734455,0.9572916666666668,0.6389716363074479
287,"OS_('Supervised_SMOTE', ""{'proportion': 1.0, 'th_lower': 0.5, 'th_upper': 1.0, 'classifier': RandomForestClassifier(n_estimators=50, n_jobs=1, random_state=5), 'n_jobs': 1, 'random_state': 1}"")","Pipeline(steps=[('standardscaler', StandardScaler()),
                ('svc',
                 SVC(C=1, gamma='auto', kernel='linear', random_state=1))])",0.9582173082173083,0.4340129870129871,1.0,0.598161667829187,0.9784722222222223,0.6543665042593144
288,"OS_('SN_SMOTE', ""{'proportion': 1.0, 'n_neighbors': 5, 'n_jobs': 1, 'random_state': 1}"")",DecisionTreeClassifier(random_state=1),0.9764105014105013,0.640936840936841,0.7944444444444445,0.6747918104439844,0.8881944444444445,0.6957941312552717
289,"OS_('SN_SMOTE', ""{'proportion': 1.0, 'n_neighbors': 5, 'n_jobs': 1, 'random_state': 1}"")",KNeighborsClassifier(),0.9676494676494677,0.514927536231884,0.9555555555555555,0.6526780312851094,0.9618055555555556,0.6921247165651002
290,"OS_('SN_SMOTE', ""{'proportion': 1.0, 'n_neighbors': 5, 'n_jobs': 1, 'random_state': 1}"")",MLPClassifier(random_state=1),0.9575393575393576,0.4362637362637362,0.9777777777777779,0.5931601731601731,0.9673611111111111,0.6468634027225291
291,"OS_('SN_SMOTE', ""{'proportion': 1.0, 'n_neighbors': 5, 'n_jobs': 1, 'random_state': 1}"")","Pipeline(steps=[('standardscaler', StandardScaler()),
                ('svc',
                 SVC(C=1, gamma='auto', kernel='linear', random_state=1))])",0.9575416325416326,0.4246442687747036,1.0,0.5909457478005865,0.9781249999999998,0.6483764641589843
292,"OS_('CCR', ""{'proportion': 1.0, 'energy': 1.0, 'scaling': 0.0, 'n_jobs': 1, 'random_state': 1}"")",DecisionTreeClassifier(random_state=1),0.981131131131131,0.6866666666666668,0.6833333333333332,0.6765737874097006,0.8368055555555556,0.680755512312986
293,"OS_('CCR', ""{'proportion': 1.0, 'energy': 1.0, 'scaling': 0.0, 'n_jobs': 1, 'random_state': 1}"")",KNeighborsClassifier(),0.9757416507416508,0.5713131313131312,0.75,0.642954051796157,0.8663194444444444,0.6516756812940131
294,"OS_('CCR', ""{'proportion': 1.0, 'energy': 1.0, 'scaling': 0.0, 'n_jobs': 1, 'random_state': 1}"")",MLPClassifier(random_state=1),0.9467626717626718,0.3859047619047619,1.0,0.5457991284078241,0.9725694444444445,0.6139784493141857
295,"OS_('CCR', ""{'proportion': 1.0, 'energy': 1.0, 'scaling': 0.0, 'n_jobs': 1, 'random_state': 1}"")","Pipeline(steps=[('standardscaler', StandardScaler()),
                ('svc',
                 SVC(C=1, gamma='auto', kernel='linear', random_state=1))])",0.9002616252616251,0.2527906240101362,1.0,0.39462348374613343,0.9486111111111111,0.4949874319604405
296,"OS_('ANS', ""{'proportion': 1.0, 'n_jobs': 1, 'random_state': 1}"")",DecisionTreeClassifier(random_state=1),0.9770839020839022,0.6866666666666668,0.5972222222222222,0.5762207891269677,0.7930555555555556,0.6057206342111645
297,"OS_('ANS', ""{'proportion': 1.0, 'n_jobs': 1, 'random_state': 1}"")",KNeighborsClassifier(),0.975070525070525,0.5916666666666667,0.8388888888888889,0.6772496104888732,0.9090277777777777,0.6957477270011199
298,"OS_('ANS', ""{'proportion': 1.0, 'n_jobs': 1, 'random_state': 1}"")",MLPClassifier(random_state=1),0.9642938392938394,0.4944761904761904,0.8555555555555555,0.6030174828552111,0.9114583333333334,0.6373231976310407
299,"OS_('ANS', ""{'proportion': 1.0, 'n_jobs': 1, 'random_state': 1}"")","Pipeline(steps=[('standardscaler', StandardScaler()),
                ('svc',
                 SVC(C=1, gamma='auto', kernel='linear', random_state=1))])",0.9642961142961143,0.4948985507246377,0.8777777777777779,0.603501400560224,0.9222222222222222,0.6430184314206379
300,"OS_('cluster_SMOTE', ""{'proportion': 1.0, 'n_neighbors': 3, 'n_clusters': 3, 'n_jobs': 1, 'random_state': 1}"")",DecisionTreeClassifier(random_state=1),0.9764105014105015,0.6441176470588236,0.775,0.6683749507548135,0.8788194444444443,0.6885134822226726
301,"OS_('cluster_SMOTE', ""{'proportion': 1.0, 'n_neighbors': 3, 'n_clusters': 3, 'n_jobs': 1, 'random_state': 1}"")",KNeighborsClassifier(),0.9703453453453454,0.529766081871345,0.9333333333333332,0.662929354036432,0.9524305555555556,0.6960099708396721
302,"OS_('cluster_SMOTE', ""{'proportion': 1.0, 'n_neighbors': 3, 'n_clusters': 3, 'n_jobs': 1, 'random_state': 1}"")",MLPClassifier(random_state=1),0.9602375102375103,0.4520779220779221,0.9333333333333332,0.5987626463266063,0.9472222222222223,0.6434909791621957
303,"OS_('cluster_SMOTE', ""{'proportion': 1.0, 'n_neighbors': 3, 'n_clusters': 3, 'n_jobs': 1, 'random_state': 1}"")","Pipeline(steps=[('standardscaler', StandardScaler()),
                ('svc',
                 SVC(C=1, gamma='auto', kernel='linear', random_state=1))])",0.960910910910911,0.4457500470543949,0.9777777777777779,0.6064930034982507,0.9690972222222223,0.6566168848553217
