,OS,Algorithm,ACC,Precision,recall,F1-Score,AUC,G-measure
0,"OS_('SMOTE', ""{'proportion': 1.0, 'n_neighbors': 5, 'n_jobs': 1, 'random_state': 1}"")",DecisionTreeClassifier(random_state=1),0.8838454784899034,0.4746031746031746,0.6571428571428571,0.5425062656641604,0.7836533957845433,0.5539267257832945
1,"OS_('SMOTE', ""{'proportion': 1.0, 'n_neighbors': 5, 'n_jobs': 1, 'random_state': 1}"")",KNeighborsClassifier(),0.883801580333626,0.47738095238095235,0.8571428571428571,0.609964809722516,0.87204137392662,0.6378137654892628
2,"OS_('SMOTE', ""{'proportion': 1.0, 'n_neighbors': 5, 'n_jobs': 1, 'random_state': 1}"")",MLPClassifier(random_state=1),0.8688762071992976,0.4423529411764705,0.8285714285714285,0.5701426024955436,0.8510616705698674,0.6015995289584762
3,"OS_('SMOTE', ""{'proportion': 1.0, 'n_neighbors': 5, 'n_jobs': 1, 'random_state': 1}"")","Pipeline(steps=[('standardscaler', StandardScaler()),
                ('svc',
                 SVC(C=1, gamma='auto', kernel='linear', random_state=1))])",0.8867866549604916,0.4796911421911422,0.8857142857142858,0.6202186625985253,0.8863270882123342,0.6505890259913225
4,"OS_('SMOTE_TomekLinks', ""{'proportion': 1.0, 'n_neighbors': 5, 'n_jobs': 1, 'random_state': 1}"")",DecisionTreeClassifier(random_state=1),0.8898156277436348,0.4972222222222221,0.6857142857142857,0.5671679197994987,0.7996057767369243,0.5790341118419818
5,"OS_('SMOTE_TomekLinks', ""{'proportion': 1.0, 'n_neighbors': 5, 'n_jobs': 1, 'random_state': 1}"")",KNeighborsClassifier(),0.8808165057067603,0.4696886446886447,0.8571428571428571,0.6036490202488316,0.8703747072599531,0.6326772117542976
6,"OS_('SMOTE_TomekLinks', ""{'proportion': 1.0, 'n_neighbors': 5, 'n_jobs': 1, 'random_state': 1}"")",MLPClassifier(random_state=1),0.865891132572432,0.4344444444444444,0.8571428571428571,0.5716678862932733,0.86204137392662,0.6073087423120589
7,"OS_('SMOTE_TomekLinks', ""{'proportion': 1.0, 'n_neighbors': 5, 'n_jobs': 1, 'random_state': 1}"")","Pipeline(steps=[('standardscaler', StandardScaler()),
                ('svc',
                 SVC(C=1, gamma='auto', kernel='linear', random_state=1))])",0.8867866549604916,0.4796911421911422,0.8857142857142858,0.6202186625985253,0.8863270882123342,0.6505890259913225
8,"OS_('SMOTE_ENN', ""{'proportion': 1.0, 'n_neighbors': 5, 'n_jobs': 1, 'random_state': 1}"")",DecisionTreeClassifier(random_state=1),0.8838893766461808,0.47488344988344994,0.8571428571428571,0.6091431477243835,0.8720686963309916,0.6368273560758264
9,"OS_('SMOTE_ENN', ""{'proportion': 1.0, 'n_neighbors': 5, 'n_jobs': 1, 'random_state': 1}"")",KNeighborsClassifier(),0.8599648814749781,0.430545843045843,0.9142857142857143,0.5808502415458937,0.8839734582357532,0.6246344288113704
10,"OS_('SMOTE_ENN', ""{'proportion': 1.0, 'n_neighbors': 5, 'n_jobs': 1, 'random_state': 1}"")",MLPClassifier(random_state=1),0.83630377524144,0.38264885699096224,0.8857142857142858,0.5297599405425493,0.8581576893052303,0.579290916230251
11,"OS_('SMOTE_ENN', ""{'proportion': 1.0, 'n_neighbors': 5, 'n_jobs': 1, 'random_state': 1}"")","Pipeline(steps=[('standardscaler', StandardScaler()),
                ('svc',
                 SVC(C=1, gamma='auto', kernel='linear', random_state=1))])",0.8570676031606673,0.4105050505050505,0.8571428571428571,0.5524040404040405,0.8571233411397345,0.5915277478051325
12,"OS_('Borderline_SMOTE2', ""{'proportion': 1.0, 'n_neighbors': 5, 'k_neighbors': 5, 'n_jobs': 1, 'random_state': 1}"")",DecisionTreeClassifier(random_state=1),0.910667251975417,0.5908369408369409,0.6285714285714286,0.5919480519480519,0.7859797033567525,0.6006941994122402
13,"OS_('Borderline_SMOTE2', ""{'proportion': 1.0, 'n_neighbors': 5, 'k_neighbors': 5, 'n_jobs': 1, 'random_state': 1}"")",KNeighborsClassifier(),0.8986391571553994,0.5180219780219779,0.8285714285714286,0.6342857142857141,0.8677010148321624,0.6533902129265894
14,"OS_('Borderline_SMOTE2', ""{'proportion': 1.0, 'n_neighbors': 5, 'k_neighbors': 5, 'n_jobs': 1, 'random_state': 1}"")",MLPClassifier(random_state=1),0.8629060579455663,0.4432920536635708,0.9142857142857143,0.5893744542351353,0.8856128024980485,0.6320123890593458
15,"OS_('Borderline_SMOTE2', ""{'proportion': 1.0, 'n_neighbors': 5, 'k_neighbors': 5, 'n_jobs': 1, 'random_state': 1}"")","Pipeline(steps=[('standardscaler', StandardScaler()),
                ('svc',
                 SVC(C=1, gamma='auto', kernel='linear', random_state=1))])",0.8838893766461808,0.4723809523809524,0.9142857142857143,0.6198115609880316,0.8973341139734583,0.6554145429426035
16,"OS_('ADASYN', ""{'n_neighbors': 5, 'd_th': 0.9, 'beta': 1.0, 'n_jobs': 1, 'random_state': 1}"")",DecisionTreeClassifier(random_state=1),0.8927129060579457,0.5155555555555555,0.5428571428571428,0.5216666666666667,0.7381225604996097,0.5254170950241416
17,"OS_('ADASYN', ""{'n_neighbors': 5, 'd_th': 0.9, 'beta': 1.0, 'n_jobs': 1, 'random_state': 1}"")",KNeighborsClassifier(),0.8749780509218613,0.45294871794871805,0.8571428571428571,0.5892676121832132,0.8671233411397345,0.6211265738622627
18,"OS_('ADASYN', ""{'n_neighbors': 5, 'd_th': 0.9, 'beta': 1.0, 'n_jobs': 1, 'random_state': 1}"")",MLPClassifier(random_state=1),0.8510096575943811,0.4125633869054922,0.8857142857142858,0.5577599405425493,0.8663544106167057,0.6013288804788548
19,"OS_('ADASYN', ""{'n_neighbors': 5, 'd_th': 0.9, 'beta': 1.0, 'n_jobs': 1, 'random_state': 1}"")","Pipeline(steps=[('standardscaler', StandardScaler()),
                ('svc',
                 SVC(C=1, gamma='auto', kernel='linear', random_state=1))])",0.8629938542581211,0.4303508771929825,0.9142857142857143,0.5826524352840142,0.8856674473067916,0.6256597160553011
20,"OS_('AHC', ""{'strategy': 'min', 'n_jobs': 1, 'random_state': 1}"")",DecisionTreeClassifier(random_state=1),0.9078138718173836,0.6130952380952381,0.5142857142857142,0.5507292707292707,0.7339188134270103,0.5570960831680816
21,"OS_('AHC', ""{'strategy': 'min', 'n_jobs': 1, 'random_state': 1}"")",KNeighborsClassifier(),0.9165935030728708,0.5723809523809524,0.7142857142857143,0.6335574229691877,0.8272248243559719,0.6384177940067645
22,"OS_('AHC', ""{'strategy': 'min', 'n_jobs': 1, 'random_state': 1}"")",MLPClassifier(random_state=1),0.9195785776997365,0.5936147186147187,0.7142857142857143,0.6420426632191338,0.8288641686182668,0.6479369048656816
23,"OS_('AHC', ""{'strategy': 'min', 'n_jobs': 1, 'random_state': 1}"")","Pipeline(steps=[('standardscaler', StandardScaler()),
                ('svc',
                 SVC(C=1, gamma='auto', kernel='linear', random_state=1))])",0.9194907813871819,0.6015873015873016,0.7428571428571429,0.6584586466165414,0.8414558938329432,0.6652475381578858
24,"OS_('LLE_SMOTE', ""{'proportion': 1.0, 'n_neighbors': 5, 'n_components': 2, 'n_jobs': 1, 'random_state': 1}"")",DecisionTreeClassifier(random_state=1),0.9015803336259877,0.5727272727272728,0.5714285714285714,0.5622222222222222,0.7557142857142857,0.5671038088783834
25,"OS_('LLE_SMOTE', ""{'proportion': 1.0, 'n_neighbors': 5, 'n_components': 2, 'n_jobs': 1, 'random_state': 1}"")",KNeighborsClassifier(),0.919622475856014,0.6075396825396825,0.7142857142857143,0.6547619047619048,0.8288914910226385,0.6578260338600623
26,"OS_('LLE_SMOTE', ""{'proportion': 1.0, 'n_neighbors': 5, 'n_components': 2, 'n_jobs': 1, 'random_state': 1}"")",MLPClassifier(random_state=1),0.8867427568042142,0.486984126984127,0.8285714285714285,0.6058441558441559,0.8610343481654958,0.6310389362448101
27,"OS_('LLE_SMOTE', ""{'proportion': 1.0, 'n_neighbors': 5, 'n_components': 2, 'n_jobs': 1, 'random_state': 1}"")","Pipeline(steps=[('standardscaler', StandardScaler()),
                ('svc',
                 SVC(C=1, gamma='auto', kernel='linear', random_state=1))])",0.8898156277436348,0.4843589743589744,0.8857142857142858,0.6235162773243268,0.8880210772833724,0.6534390496426082
28,"OS_('distance_SMOTE', ""{'proportion': 1.0, 'n_neighbors': 5, 'n_jobs': 1, 'random_state': 1}"")",DecisionTreeClassifier(random_state=1),0.9136084284460054,0.5850793650793651,0.6857142857142857,0.6247575953458305,0.812911787665886,0.6300406430161769
29,"OS_('distance_SMOTE', ""{'proportion': 1.0, 'n_neighbors': 5, 'n_jobs': 1, 'random_state': 1}"")",KNeighborsClassifier(),0.8838454784899035,0.4757595345830639,0.8571428571428571,0.6062464985994398,0.8720686963309916,0.6353616939381621
30,"OS_('distance_SMOTE', ""{'proportion': 1.0, 'n_neighbors': 5, 'n_jobs': 1, 'random_state': 1}"")",MLPClassifier(random_state=1),0.8748463564530289,0.454690603514133,0.8857142857142858,0.5976570213412319,0.8796604215456675,0.6326921538767979
31,"OS_('distance_SMOTE', ""{'proportion': 1.0, 'n_neighbors': 5, 'n_jobs': 1, 'random_state': 1}"")","Pipeline(steps=[('standardscaler', StandardScaler()),
                ('svc',
                 SVC(C=1, gamma='auto', kernel='linear', random_state=1))])",0.8809043020193151,0.46174242424242423,0.8857142857142858,0.6047800661072972,0.8830483996877438,0.6381997996054827
32,"OS_('SMMO', ""{'proportion': 1.0, 'n_neighbors': 5, 'ensemble': [QuadraticDiscriminantAnalysis(), DecisionTreeClassifier(random_state=2), GaussianNB()], 'n_jobs': 1, 'random_state': 1}"")",DecisionTreeClassifier(random_state=1),0.9165496049165937,0.6301587301587303,0.6571428571428571,0.6238158899923606,0.8019047619047619,0.6335968827248493
33,"OS_('SMMO', ""{'proportion': 1.0, 'n_neighbors': 5, 'ensemble': [QuadraticDiscriminantAnalysis(), DecisionTreeClassifier(random_state=2), GaussianNB()], 'n_jobs': 1, 'random_state': 1}"")",KNeighborsClassifier(),0.9195785776997365,0.6952380952380952,0.5428571428571428,0.577973137973138,0.7531498829039813,0.59668377206346
34,"OS_('SMMO', ""{'proportion': 1.0, 'n_neighbors': 5, 'ensemble': [QuadraticDiscriminantAnalysis(), DecisionTreeClassifier(random_state=2), GaussianNB()], 'n_jobs': 1, 'random_state': 1}"")",MLPClassifier(random_state=1),0.9017998244073748,0.5,0.17142857142857143,0.2505050505050505,0.5790476190476189,0.28940188813178497
35,"OS_('SMMO', ""{'proportion': 1.0, 'n_neighbors': 5, 'ensemble': [QuadraticDiscriminantAnalysis(), DecisionTreeClassifier(random_state=2), GaussianNB()], 'n_jobs': 1, 'random_state': 1}"")","Pipeline(steps=[('standardscaler', StandardScaler()),
                ('svc',
                 SVC(C=1, gamma='auto', kernel='linear', random_state=1))])",0.9284899034240561,0.6666666666666667,0.6,0.6265734265734266,0.7833606557377049,0.6298962445639373
36,"OS_('polynom_fit_SMOTE', ""{'proportion': 1.0, 'topology': 'star', 'random_state': 1}"")",DecisionTreeClassifier(random_state=1),0.9075943810359964,0.5666666666666667,0.5714285714285714,0.5671794871794871,0.7590749414519906,0.5681123434920314
37,"OS_('polynom_fit_SMOTE', ""{'proportion': 1.0, 'topology': 'star', 'random_state': 1}"")",KNeighborsClassifier(),0.8838454784899035,0.4757595345830639,0.8571428571428571,0.6062464985994398,0.8720686963309916,0.6353616939381621
38,"OS_('polynom_fit_SMOTE', ""{'proportion': 1.0, 'topology': 'star', 'random_state': 1}"")",MLPClassifier(random_state=1),0.8748463564530289,0.4522619047619048,0.8285714285714285,0.5795440705926639,0.8543950039032007,0.608974552088124
39,"OS_('polynom_fit_SMOTE', ""{'proportion': 1.0, 'topology': 'star', 'random_state': 1}"")","Pipeline(steps=[('standardscaler', StandardScaler()),
                ('svc',
                 SVC(C=1, gamma='auto', kernel='linear', random_state=1))])",0.892756804214223,0.4930555555555555,0.8571428571428571,0.620087943644277,0.8770413739266198,0.646774832024967
40,"OS_('Stefanowski', ""{'strategy': 'weak_amp', 'n_jobs': 1}"")",DecisionTreeClassifier(random_state=1),0.9046532045654084,0.5667460317460318,0.6,0.5738375350140055,0.7700273224043717,0.5785735832566661
41,"OS_('Stefanowski', ""{'strategy': 'weak_amp', 'n_jobs': 1}"")",KNeighborsClassifier(),0.8809482001755926,0.4754056401115225,0.8285714285714285,0.5983333333333334,0.8578103044496487,0.6243330298779537
42,"OS_('Stefanowski', ""{'strategy': 'weak_amp', 'n_jobs': 1}"")",MLPClassifier(random_state=1),0.9136084284460052,0.5608369408369409,0.6857142857142857,0.607563025210084,0.812911787665886,0.6153447064295987
43,"OS_('Stefanowski', ""{'strategy': 'weak_amp', 'n_jobs': 1}"")","Pipeline(steps=[('standardscaler', StandardScaler()),
                ('svc',
                 SVC(C=1, gamma='auto', kernel='linear', random_state=1))])",0.9045654082528534,0.5367521367521368,0.8,0.6389628482972137,0.8583879781420766,0.6534217223550984
44,"OS_('ADOMS', ""{'proportion': 1.0, 'n_neighbors': 5, 'n_jobs': 1, 'random_state': 1}"")",DecisionTreeClassifier(random_state=1),0.9076821773485513,0.5511111111111112,0.6857142857142857,0.6054298642533936,0.8095784543325527,0.6118785984815157
45,"OS_('ADOMS', ""{'proportion': 1.0, 'n_neighbors': 5, 'n_jobs': 1, 'random_state': 1}"")",KNeighborsClassifier(),0.8779631255487269,0.45706959706959704,0.8571428571428571,0.5934912146676853,0.8687900078064013,0.6243796622453947
46,"OS_('ADOMS', ""{'proportion': 1.0, 'n_neighbors': 5, 'n_jobs': 1, 'random_state': 1}"")",MLPClassifier(random_state=1),0.856935908691835,0.419297385620915,0.8571428571428571,0.5571092565172522,0.8570413739266198,0.5959216326406673
47,"OS_('ADOMS', ""{'proportion': 1.0, 'n_neighbors': 5, 'n_jobs': 1, 'random_state': 1}"")","Pipeline(steps=[('standardscaler', StandardScaler()),
                ('svc',
                 SVC(C=1, gamma='auto', kernel='linear', random_state=1))])",0.8690517998244074,0.43499999999999994,0.8857142857142858,0.5800201503526312,0.8764363778298204,0.6187227848443441
48,"OS_('Safe_Level_SMOTE', ""{'proportion': 1.0, 'n_neighbors': 5, 'n_jobs': 1, 'random_state': 1}"")",DecisionTreeClassifier(random_state=1),0.8867427568042142,0.5647619047619047,0.5142857142857142,0.5012109459168282,0.7221428571428572,0.5196843951038088
49,"OS_('Safe_Level_SMOTE', ""{'proportion': 1.0, 'n_neighbors': 5, 'n_jobs': 1, 'random_state': 1}"")",KNeighborsClassifier(),0.883801580333626,0.45777777777777773,0.6857142857142857,0.5467492260061919,0.7963270882123341,0.5590608093015302
50,"OS_('Safe_Level_SMOTE', ""{'proportion': 1.0, 'n_neighbors': 5, 'n_jobs': 1, 'random_state': 1}"")",MLPClassifier(random_state=1),0.8807287093942054,0.49394062078272605,0.8285714285714285,0.6016317016317017,0.8576736924277908,0.6301111315307877
51,"OS_('Safe_Level_SMOTE', ""{'proportion': 1.0, 'n_neighbors': 5, 'n_jobs': 1, 'random_state': 1}"")","Pipeline(steps=[('standardscaler', StandardScaler()),
                ('svc',
                 SVC(C=1, gamma='auto', kernel='linear', random_state=1))])",0.8747146619841967,0.485003885003885,0.8571428571428571,0.6048850574712643,0.8669594067135051,0.6362390017464878
52,"OS_('MSMOTE', ""{'proportion': 1.0, 'n_neighbors': 5, 'n_jobs': 1, 'random_state': 1}"")",DecisionTreeClassifier(random_state=1),0.8957418788410886,0.5281746031746032,0.5714285714285714,0.5296924128503075,0.752408274785324,0.539574689039599
53,"OS_('MSMOTE', ""{'proportion': 1.0, 'n_neighbors': 5, 'n_jobs': 1, 'random_state': 1}"")",KNeighborsClassifier(),0.913564530289728,0.558065268065268,0.8857142857142858,0.6830546955624355,0.901272443403591,0.7021542615636449
54,"OS_('MSMOTE', ""{'proportion': 1.0, 'n_neighbors': 5, 'n_jobs': 1, 'random_state': 1}"")",MLPClassifier(random_state=1),0.8837576821773485,0.4875,0.8571428571428571,0.6136286135007362,0.8719867291178766,0.6420075792225226
55,"OS_('MSMOTE', ""{'proportion': 1.0, 'n_neighbors': 5, 'n_jobs': 1, 'random_state': 1}"")","Pipeline(steps=[('standardscaler', StandardScaler()),
                ('svc',
                 SVC(C=1, gamma='auto', kernel='linear', random_state=1))])",0.892756804214223,0.49333333333333335,0.8857142857142858,0.6308846983769583,0.8896604215456675,0.6594316956667343
56,"OS_('DE_oversampling', ""{'proportion': 1.0, 'n_neighbors': 5, 'crossover_rate': 0.5, 'similarity_threshold': 0.5, 'n_clusters': 30, 'n_jobs': 1, 'random_state': 1}"")",DecisionTreeClassifier(random_state=1),0.8719929762949956,0.42956487956487954,0.7142857142857142,0.5341520467836257,0.8023341139734583,0.552656293234761
57,"OS_('DE_oversampling', ""{'proportion': 1.0, 'n_neighbors': 5, 'crossover_rate': 0.5, 'similarity_threshold': 0.5, 'n_clusters': 30, 'n_jobs': 1, 'random_state': 1}"")",KNeighborsClassifier(),0.8244073748902545,0.36625996810207334,0.8571428571428571,0.5080401337792642,0.8388992974238876,0.5570683214281746
58,"OS_('DE_oversampling', ""{'proportion': 1.0, 'n_neighbors': 5, 'crossover_rate': 0.5, 'similarity_threshold': 0.5, 'n_clusters': 30, 'n_jobs': 1, 'random_state': 1}"")",MLPClassifier(random_state=1),0.6611940298507462,0.23919636705790484,0.9428571428571428,0.37783185283185283,0.7856908665105387,0.47130015479874343
59,"OS_('DE_oversampling', ""{'proportion': 1.0, 'n_neighbors': 5, 'crossover_rate': 0.5, 'similarity_threshold': 0.5, 'n_clusters': 30, 'n_jobs': 1, 'random_state': 1}"")","Pipeline(steps=[('standardscaler', StandardScaler()),
                ('svc',
                 SVC(C=1, gamma='auto', kernel='linear', random_state=1))])",0.7649253731343283,0.30166666666666664,0.9142857142857143,0.450120560443141,0.8309406713505074,0.5224909166736648
60,"OS_('SMOBD', ""{'proportion': 1.0, 'eta1': 0.5, 't': 1.8, 'min_samples': 5, 'max_eps': 1.0, 'n_jobs': 1, 'random_state': 1}"")",DecisionTreeClassifier(random_state=1),0.9017559262510975,0.5405844155844155,0.6,0.5650793650793651,0.7684153005464481,0.5676562249810654
61,"OS_('SMOBD', ""{'proportion': 1.0, 'eta1': 0.5, 't': 1.8, 'min_samples': 5, 'max_eps': 1.0, 'n_jobs': 1, 'random_state': 1}"")",KNeighborsClassifier(),0.8779192273924495,0.4607142857142857,0.8571428571428571,0.5959297220032177,0.8687626854020298,0.6264825985613778
62,"OS_('SMOBD', ""{'proportion': 1.0, 'eta1': 0.5, 't': 1.8, 'min_samples': 5, 'max_eps': 1.0, 'n_jobs': 1, 'random_state': 1}"")",MLPClassifier(random_state=1),0.8718173836698858,0.4559595959595959,0.8857142857142858,0.5968484848484849,0.8779664324746292,0.6324433139032437
63,"OS_('SMOBD', ""{'proportion': 1.0, 'eta1': 0.5, 't': 1.8, 'min_samples': 5, 'max_eps': 1.0, 'n_jobs': 1, 'random_state': 1}"")","Pipeline(steps=[('standardscaler', StandardScaler()),
                ('svc',
                 SVC(C=1, gamma='auto', kernel='linear', random_state=1))])",0.892669007901668,0.5009065934065935,0.8857142857142858,0.6348483741322616,0.8896057767369243,0.66321604209413
64,"OS_('SUNDO', ""{'n_jobs': 1, 'random_state': 1}"")",DecisionTreeClassifier(random_state=1),0.9105355575065847,0.5716305916305916,0.6857142857142857,0.6161872441284206,0.8112177985948478,0.622369719573886
65,"OS_('SUNDO', ""{'n_jobs': 1, 'random_state': 1}"")",KNeighborsClassifier(),0.9076821773485513,0.545,0.5999999999999999,0.5605704099821747,0.7717486338797814,0.5664599422081242
66,"OS_('SUNDO', ""{'n_jobs': 1, 'random_state': 1}"")",MLPClassifier(random_state=1),0.8689640035118525,0.4444444444444445,0.8571428571428571,0.5802052725396378,0.8637353629976581,0.6141868714996623
67,"OS_('SUNDO', ""{'n_jobs': 1, 'random_state': 1}"")","Pipeline(steps=[('standardscaler', StandardScaler()),
                ('svc',
                 SVC(C=1, gamma='auto', kernel='linear', random_state=1))])",0.8601404741000878,0.42076203208556145,0.8857142857142858,0.5676987263943786,0.8714637002341921,0.608801949104465
68,"OS_('MSYN', ""{'pressure': 1.5, 'n_neighbors': 5, 'n_jobs': 1, 'random_state': 1}"")",DecisionTreeClassifier(random_state=1),0.8928007023705004,0.5086691086691086,0.6,0.5428571428571429,0.763415300546448,0.5484761526651286
69,"OS_('MSYN', ""{'pressure': 1.5, 'n_neighbors': 5, 'n_jobs': 1, 'random_state': 1}"")",KNeighborsClassifier(),0.892756804214223,0.4875757575757576,0.7714285714285715,0.5965600275197798,0.839184231069477,0.6127849834466188
70,"OS_('MSYN', ""{'pressure': 1.5, 'n_neighbors': 5, 'n_jobs': 1, 'random_state': 1}"")",MLPClassifier(random_state=1),0.8867866549604916,0.47888888888888886,0.8285714285714285,0.6009850830284267,0.8610616705698675,0.6265789247995067
71,"OS_('MSYN', ""{'pressure': 1.5, 'n_neighbors': 5, 'n_jobs': 1, 'random_state': 1}"")","Pipeline(steps=[('standardscaler', StandardScaler()),
                ('svc',
                 SVC(C=1, gamma='auto', kernel='linear', random_state=1))])",0.9046971027216857,0.5229603729603729,0.8571428571428571,0.6451461988304095,0.8837080405932867,0.6671373506719395
72,"OS_('SVM_balance', ""{'proportion': 1.0, 'n_neighbors': 5, 'n_jobs': 1, 'random_state': 1}"")",DecisionTreeClassifier(random_state=1),0.8928446005267778,0.49340659340659343,0.8571428571428573,0.6229131652661064,0.8770413739266198,0.6484452605915221
73,"OS_('SVM_balance', ""{'proportion': 1.0, 'n_neighbors': 5, 'n_jobs': 1, 'random_state': 1}"")",KNeighborsClassifier(),0.8690079016681299,0.44106782106782105,0.9142857142857143,0.59194227994228,0.8890281030444965,0.6331528151239573
74,"OS_('SVM_balance', ""{'proportion': 1.0, 'n_neighbors': 5, 'n_jobs': 1, 'random_state': 1}"")",MLPClassifier(random_state=1),0.8333187006145742,0.3790377458798512,0.8857142857142858,0.5254162134162134,0.8564910226385637,0.5759894880423252
75,"OS_('SVM_balance', ""{'proportion': 1.0, 'n_neighbors': 5, 'n_jobs': 1, 'random_state': 1}"")","Pipeline(steps=[('standardscaler', StandardScaler()),
                ('svc',
                 SVC(C=1, gamma='auto', kernel='linear', random_state=1))])",0.8600965759438102,0.4211842105263158,0.8857142857142858,0.5672304811892912,0.8714363778298205,0.6085268617353934
76,"OS_('TRIM_SMOTE', ""{'proportion': 1.0, 'n_neighbors': 5, 'min_precision': 0.3, 'n_jobs': 1, 'random_state': 1}"")",DecisionTreeClassifier(random_state=1),0.9107111501316945,0.573968253968254,0.6,0.5778118939883645,0.7733879781420765,0.5823686820050018
77,"OS_('TRIM_SMOTE', ""{'proportion': 1.0, 'n_neighbors': 5, 'min_precision': 0.3, 'n_jobs': 1, 'random_state': 1}"")",KNeighborsClassifier(),0.9195346795434591,0.5844444444444444,0.8285714285714286,0.6836687306501548,0.8793676814988289,0.6949595472552831
78,"OS_('TRIM_SMOTE', ""{'proportion': 1.0, 'n_neighbors': 5, 'min_precision': 0.3, 'n_jobs': 1, 'random_state': 1}"")",MLPClassifier(random_state=1),0.8867427568042142,0.4888431013431013,0.8285714285714285,0.6069772256728779,0.8610343481654958,0.632039012489004
79,"OS_('TRIM_SMOTE', ""{'proportion': 1.0, 'n_neighbors': 5, 'min_precision': 0.3, 'n_jobs': 1, 'random_state': 1}"")","Pipeline(steps=[('standardscaler', StandardScaler()),
                ('svc',
                 SVC(C=1, gamma='auto', kernel='linear', random_state=1))])",0.9016242317822651,0.5243589743589743,0.8571428571428571,0.643908434187072,0.8819867291178767,0.6667313345436442
80,"OS_('SMOTE_RSB', ""{'proportion': 2.0, 'n_neighbors': 5, 'n_jobs': 1, 'random_state': 1}"")",DecisionTreeClassifier(random_state=1),0.9136084284460052,0.5857142857142857,0.6857142857142857,0.619047619047619,0.8128844652615145,0.6273166936445422
81,"OS_('SMOTE_RSB', ""{'proportion': 2.0, 'n_neighbors': 5, 'n_jobs': 1, 'random_state': 1}"")",KNeighborsClassifier(),0.9165935030728709,0.6714285714285715,0.5428571428571428,0.566984126984127,0.7514832162373146,0.585237564958511
82,"OS_('SMOTE_RSB', ""{'proportion': 2.0, 'n_neighbors': 5, 'n_jobs': 1, 'random_state': 1}"")",MLPClassifier(random_state=1),0.8898595258999122,0.45555555555555555,0.2571428571428571,0.3016161616161616,0.6102654176424668,0.3269314955498076
83,"OS_('SMOTE_RSB', ""{'proportion': 2.0, 'n_neighbors': 5, 'n_jobs': 1, 'random_state': 1}"")","Pipeline(steps=[('standardscaler', StandardScaler()),
                ('svc',
                 SVC(C=1, gamma='auto', kernel='linear', random_state=1))])",0.913564530289728,0.5984126984126984,0.6,0.5967032967032967,0.7750273224043716,0.5979510189550286
84,"OS_('ProWSyn', ""{'proportion': 1.0, 'n_neighbors': 5, 'L': 5, 'theta': 1.0, 'n_jobs': 1, 'random_state': 1}"")",DecisionTreeClassifier(random_state=1),0.8987708516242318,0.509090909090909,0.7428571428571429,0.6020915032679737,0.8298985167837627,0.613893317661178
85,"OS_('ProWSyn', ""{'proportion': 1.0, 'n_neighbors': 5, 'L': 5, 'theta': 1.0, 'n_jobs': 1, 'random_state': 1}"")",KNeighborsClassifier(),0.8779192273924495,0.45897631779984716,0.8571428571428571,0.5930438842203548,0.8687626854020298,0.6244608885606017
86,"OS_('ProWSyn', ""{'proportion': 1.0, 'n_neighbors': 5, 'L': 5, 'theta': 1.0, 'n_jobs': 1, 'random_state': 1}"")",MLPClassifier(random_state=1),0.8688323090430202,0.44505050505050503,0.8571428571428571,0.5798550207961972,0.863680718188915,0.6141010261903573
87,"OS_('ProWSyn', ""{'proportion': 1.0, 'n_neighbors': 5, 'L': 5, 'theta': 1.0, 'n_jobs': 1, 'random_state': 1}"")","Pipeline(steps=[('standardscaler', StandardScaler()),
                ('svc',
                 SVC(C=1, gamma='auto', kernel='linear', random_state=1))])",0.8807287093942054,0.4747008547008547,0.8571428571428571,0.604156862745098,0.87032006245121,0.6339220468555327
88,"OS_('SL_graph_SMOTE', ""{'proportion': 1.0, 'n_neighbors': 5, 'n_jobs': 1, 'random_state': 1}"")",DecisionTreeClassifier(random_state=1),0.8957418788410887,0.5434343434343434,0.5428571428571429,0.5280652680652681,0.7397892271662763,0.5354949690390546
89,"OS_('SL_graph_SMOTE', ""{'proportion': 1.0, 'n_neighbors': 5, 'n_jobs': 1, 'random_state': 1}"")",KNeighborsClassifier(),0.8896839332748024,0.47344155844155844,0.6285714285714287,0.5369561157796451,0.7743676814988291,0.5439159856959779
90,"OS_('SL_graph_SMOTE', ""{'proportion': 1.0, 'n_neighbors': 5, 'n_jobs': 1, 'random_state': 1}"")",MLPClassifier(random_state=1),0.8748463564530289,0.4526704014939309,0.8571428571428571,0.5865459102301208,0.8670413739266201,0.6195221035529539
91,"OS_('SL_graph_SMOTE', ""{'proportion': 1.0, 'n_neighbors': 5, 'n_jobs': 1, 'random_state': 1}"")","Pipeline(steps=[('standardscaler', StandardScaler()),
                ('svc',
                 SVC(C=1, gamma='auto', kernel='linear', random_state=1))])",0.8809043020193151,0.4603174603174603,0.8571428571428571,0.5952380952380951,0.8704293520686963,0.6260698493029435
92,"OS_('NRSBoundary_SMOTE', ""{'proportion': 1.0, 'n_neighbors': 5, 'w': 0.005, 'n_jobs': 1, 'random_state': 1}"")",DecisionTreeClassifier(random_state=1),0.9105794556628621,0.5893217893217895,0.6571428571428571,0.6144810744810745,0.7985987509758002,0.6188160921796364
93,"OS_('NRSBoundary_SMOTE', ""{'proportion': 1.0, 'n_neighbors': 5, 'w': 0.005, 'n_jobs': 1, 'random_state': 1}"")",KNeighborsClassifier(),0.8838454784899034,0.475,0.8571428571428571,0.6083106743841701,0.8720686963309914,0.6363969945255017
94,"OS_('NRSBoundary_SMOTE', ""{'proportion': 1.0, 'n_neighbors': 5, 'w': 0.005, 'n_jobs': 1, 'random_state': 1}"")",MLPClassifier(random_state=1),0.8658911325724319,0.4411868686868686,0.8857142857142858,0.5847087811756004,0.8746604215456675,0.6225521409823987
95,"OS_('NRSBoundary_SMOTE', ""{'proportion': 1.0, 'n_neighbors': 5, 'w': 0.005, 'n_jobs': 1, 'random_state': 1}"")","Pipeline(steps=[('standardscaler', StandardScaler()),
                ('svc',
                 SVC(C=1, gamma='auto', kernel='linear', random_state=1))])",0.8630377524143986,0.4216278329513624,0.8857142857142858,0.5688531275487797,0.8730757220921156,0.6096381318639494
96,"OS_('LVQ_SMOTE', ""{'proportion': 1.0, 'n_neighbors': 5, 'n_clusters': 10, 'n_jobs': 1, 'random_state': 1}"")",DecisionTreeClassifier(random_state=1),0.8928007023705004,0.4991763791763792,0.6571428571428571,0.5533333333333333,0.7887080405932865,0.5655464349972056
97,"OS_('LVQ_SMOTE', ""{'proportion': 1.0, 'n_neighbors': 5, 'n_clusters': 10, 'n_jobs': 1, 'random_state': 1}"")",KNeighborsClassifier(),0.8779192273924495,0.45750445632798575,0.8857142857142858,0.5994949494949495,0.8813817330210773,0.6343063089533296
98,"OS_('LVQ_SMOTE', ""{'proportion': 1.0, 'n_neighbors': 5, 'n_clusters': 10, 'n_jobs': 1, 'random_state': 1}"")",MLPClassifier(random_state=1),0.8628621597892888,0.4347384504040851,0.8571428571428571,0.5692702722114487,0.8603473848555817,0.605911535562792
99,"OS_('LVQ_SMOTE', ""{'proportion': 1.0, 'n_neighbors': 5, 'n_clusters': 10, 'n_jobs': 1, 'random_state': 1}"")","Pipeline(steps=[('standardscaler', StandardScaler()),
                ('svc',
                 SVC(C=1, gamma='auto', kernel='linear', random_state=1))])",0.8688762071992976,0.44183235065588,0.8857142857142858,0.5849239766081872,0.8763270882123342,0.6227748672159495
100,"OS_('SOI_CJ', ""{'proportion': 1.0, 'n_neighbors': 5, 'method': 'interpolation', 'n_jobs': 1, 'random_state': 1}"")",DecisionTreeClassifier(random_state=1),0.8838893766461808,0.46439393939393936,0.5142857142857142,0.4818376068376068,0.7205581576893052,0.4855559966802783
101,"OS_('SOI_CJ', ""{'proportion': 1.0, 'n_neighbors': 5, 'method': 'interpolation', 'n_jobs': 1, 'random_state': 1}"")",KNeighborsClassifier(),0.922519754170325,0.5955555555555555,0.8,0.6823529411764706,0.8684153005464481,0.6900169707834302
102,"OS_('SOI_CJ', ""{'proportion': 1.0, 'n_neighbors': 5, 'method': 'interpolation', 'n_jobs': 1, 'random_state': 1}"")",MLPClassifier(random_state=1),0.8986391571553994,0.5232478632478632,0.8285714285714285,0.6325358851674641,0.8676736924277909,0.6536421037551079
103,"OS_('SOI_CJ', ""{'proportion': 1.0, 'n_neighbors': 5, 'method': 'interpolation', 'n_jobs': 1, 'random_state': 1}"")","Pipeline(steps=[('standardscaler', StandardScaler()),
                ('svc',
                 SVC(C=1, gamma='auto', kernel='linear', random_state=1))])",0.9135206321334504,0.5645299145299145,0.8285714285714285,0.6666821465428276,0.8760070257611241,0.6813574820078735
104,"OS_('ROSE', ""{'proportion': 1.0, 'random_state': 1}"")",DecisionTreeClassifier(random_state=1),0.9076382791922739,0.5565079365079365,0.6285714285714286,0.5819327731092436,0.7843676814988291,0.5872034011260605
105,"OS_('ROSE', ""{'proportion': 1.0, 'random_state': 1}"")",KNeighborsClassifier(),0.8778753292361721,0.45366300366300366,0.8285714285714286,0.5858646616541353,0.8561163153786104,0.6128463454191173
106,"OS_('ROSE', ""{'proportion': 1.0, 'random_state': 1}"")",MLPClassifier(random_state=1),0.8599209833187006,0.4337195484254308,0.9142857142857143,0.5824795321637427,0.8839461358313818,0.6261607450531474
107,"OS_('ROSE', ""{'proportion': 1.0, 'random_state': 1}"")","Pipeline(steps=[('standardscaler', StandardScaler()),
                ('svc',
                 SVC(C=1, gamma='auto', kernel='linear', random_state=1))])",0.8598770851624231,0.44147043187290863,0.9142857142857143,0.5876410256410257,0.8839188134270103,0.6306182823224398
108,"OS_('SMOTE_OUT', ""{'proportion': 1.0, 'n_neighbors': 5, 'n_jobs': 1, 'random_state': 1}"")",DecisionTreeClassifier(random_state=1),0.9136084284460052,0.6039682539682539,0.7142857142857143,0.6446135134215629,0.8255308352849337,0.6517804565404128
109,"OS_('SMOTE_OUT', ""{'proportion': 1.0, 'n_neighbors': 5, 'n_jobs': 1, 'random_state': 1}"")",KNeighborsClassifier(),0.892756804214223,0.4950757575757576,0.8571428571428571,0.6241815108957389,0.87704137392662,0.649454260253097
110,"OS_('SMOTE_OUT', ""{'proportion': 1.0, 'n_neighbors': 5, 'n_jobs': 1, 'random_state': 1}"")",MLPClassifier(random_state=1),0.8807726075504828,0.470791169614699,0.8857142857142858,0.6106060606060606,0.8829664324746294,0.6432976669720671
111,"OS_('SMOTE_OUT', ""{'proportion': 1.0, 'n_neighbors': 5, 'n_jobs': 1, 'random_state': 1}"")","Pipeline(steps=[('standardscaler', StandardScaler()),
                ('svc',
                 SVC(C=1, gamma='auto', kernel='linear', random_state=1))])",0.8956979806848112,0.5048484848484849,0.8857142857142858,0.6388591800356506,0.8912997658079627,0.6662802648621597
112,"OS_('SMOTE_Cosine', ""{'proportion': 1.0, 'n_neighbors': 5, 'n_jobs': 1, 'random_state': 1}"")",DecisionTreeClassifier(random_state=1),0.9135206321334504,0.5853174603174603,0.7142857142857142,0.6400560224089636,0.825503512880562,0.6448954403874563
113,"OS_('SMOTE_Cosine', ""{'proportion': 1.0, 'n_neighbors': 5, 'n_jobs': 1, 'random_state': 1}"")",KNeighborsClassifier(),0.8987269534679543,0.5103729603729604,0.8571428571428571,0.6383488132094943,0.8803747072599531,0.6606164366634599
114,"OS_('SMOTE_Cosine', ""{'proportion': 1.0, 'n_neighbors': 5, 'n_jobs': 1, 'random_state': 1}"")",MLPClassifier(random_state=1),0.8718173836698858,0.4539393939393939,0.8571428571428571,0.5857373737373737,0.8653473848555816,0.6192732635793997
115,"OS_('SMOTE_Cosine', ""{'proportion': 1.0, 'n_neighbors': 5, 'n_jobs': 1, 'random_state': 1}"")","Pipeline(steps=[('standardscaler', StandardScaler()),
                ('svc',
                 SVC(C=1, gamma='auto', kernel='linear', random_state=1))])",0.892756804214223,0.4946153846153846,0.8857142857142858,0.6322882071488882,0.8896604215456675,0.660489755124689
116,"OS_('Selected_SMOTE', ""{'proportion': 1.0, 'n_neighbors': 5, 'perc_sign_attr': 0.5, 'n_jobs': 1, 'random_state': 1}"")",DecisionTreeClassifier(random_state=1),0.910667251975417,0.5590836940836941,0.7142857142857142,0.6234360410830998,0.8238914910226385,0.6299994431441736
117,"OS_('Selected_SMOTE', ""{'proportion': 1.0, 'n_neighbors': 5, 'perc_sign_attr': 0.5, 'n_jobs': 1, 'random_state': 1}"")",KNeighborsClassifier(),0.8779192273924495,0.4566233766233766,0.8571428571428571,0.594136857294752,0.8687626854020298,0.624638980938632
118,"OS_('Selected_SMOTE', ""{'proportion': 1.0, 'n_neighbors': 5, 'perc_sign_attr': 0.5, 'n_jobs': 1, 'random_state': 1}"")",MLPClassifier(random_state=1),0.8718612818261633,0.44416666666666665,0.8571428571428571,0.5814070167280558,0.8653747072599532,0.6148743949728237
119,"OS_('Selected_SMOTE', ""{'proportion': 1.0, 'n_neighbors': 5, 'perc_sign_attr': 0.5, 'n_jobs': 1, 'random_state': 1}"")","Pipeline(steps=[('standardscaler', StandardScaler()),
                ('svc',
                 SVC(C=1, gamma='auto', kernel='linear', random_state=1))])",0.8808604038630378,0.4598076923076923,0.8571428571428571,0.5958567774936062,0.8704020296643249,0.62625409225431
120,"OS_('LN_SMOTE', ""{'proportion': 1.0, 'n_neighbors': 5, 'n_jobs': 1, 'random_state': 1}"")",DecisionTreeClassifier(random_state=1),0.9255048287971904,0.6761904761904762,0.7428571428571429,0.682274536608902,0.8447619047619046,0.6956823163395593
121,"OS_('LN_SMOTE', ""{'proportion': 1.0, 'n_neighbors': 5, 'n_jobs': 1, 'random_state': 1}"")",KNeighborsClassifier(),0.9016681299385427,0.5351648351648353,0.8,0.6331357806280407,0.8567213114754099,0.6500356524804032
122,"OS_('LN_SMOTE', ""{'proportion': 1.0, 'n_neighbors': 5, 'n_jobs': 1, 'random_state': 1}"")",MLPClassifier(random_state=1),0.8809043020193152,0.3644230769230769,0.6857142857142857,0.47271952259164535,0.7945238095238094,0.4980602663961702
123,"OS_('LN_SMOTE', ""{'proportion': 1.0, 'n_neighbors': 5, 'n_jobs': 1, 'random_state': 1}"")","Pipeline(steps=[('standardscaler', StandardScaler()),
                ('svc',
                 SVC(C=1, gamma='auto', kernel='linear', random_state=1))])",0.9105794556628621,0.5729603729603729,0.8285714285714286,0.6626043237807944,0.8743130366900859,0.6813065416373063
124,"OS_('MWMOTE', ""{'proportion': 1.0, 'k1': 5, 'k2': 5, 'k3': 5, 'M': 10, 'cf_th': 5.0, 'cmax': 10.0, 'n_jobs': 1, 'random_state': 1}"")",DecisionTreeClassifier(random_state=1),0.8720368744512731,0.42646464646464644,0.6571428571428571,0.5157550739594082,0.777096018735363,0.5285872815781757
125,"OS_('MWMOTE', ""{'proportion': 1.0, 'k1': 5, 'k2': 5, 'k3': 5, 'M': 10, 'cf_th': 5.0, 'cmax': 10.0, 'n_jobs': 1, 'random_state': 1}"")",KNeighborsClassifier(),0.8809043020193151,0.47111111111111115,0.9142857142857143,0.6165689089032742,0.8956674473067915,0.6532228744176037
126,"OS_('MWMOTE', ""{'proportion': 1.0, 'k1': 5, 'k2': 5, 'k3': 5, 'M': 10, 'cf_th': 5.0, 'cmax': 10.0, 'n_jobs': 1, 'random_state': 1}"")",MLPClassifier(random_state=1),0.8599209833187007,0.42444444444444446,0.8571428571428571,0.5621817202853682,0.8587080405932864,0.5998714086099473
127,"OS_('MWMOTE', ""{'proportion': 1.0, 'k1': 5, 'k2': 5, 'k3': 5, 'M': 10, 'cf_th': 5.0, 'cmax': 10.0, 'n_jobs': 1, 'random_state': 1}"")","Pipeline(steps=[('standardscaler', StandardScaler()),
                ('svc',
                 SVC(C=1, gamma='auto', kernel='linear', random_state=1))])",0.8748902546093064,0.4583785822021116,0.9142857142857143,0.6059342788498798,0.8923067915690867,0.6446358797740203
128,"OS_('PDFOS', ""{'proportion': 1.0, 'n_jobs': 1, 'random_state': 1}"")",DecisionTreeClassifier(random_state=1),0.904741000877963,0.544877344877345,0.6571428571428571,0.5923015873015873,0.7953473848555817,0.5966148705164628
129,"OS_('PDFOS', ""{'proportion': 1.0, 'n_jobs': 1, 'random_state': 1}"")",KNeighborsClassifier(),0.8928007023705005,0.4909090909090909,0.8857142857142858,0.6311111111111112,0.889687743950039,0.6590686915550354
130,"OS_('PDFOS', ""{'proportion': 1.0, 'n_jobs': 1, 'random_state': 1}"")",MLPClassifier(random_state=1),0.8421422300263389,0.3945279419582825,0.8857142857142858,0.5414094794094794,0.8614090554254489,0.5883737450010952
131,"OS_('PDFOS', ""{'proportion': 1.0, 'n_jobs': 1, 'random_state': 1}"")","Pipeline(steps=[('standardscaler', StandardScaler()),
                ('svc',
                 SVC(C=1, gamma='auto', kernel='linear', random_state=1))])",0.8630377524143986,0.4290953654188948,0.9142857142857143,0.5811374615722442,0.8856947697111632,0.6246012837123798
132,"OS_('NEATER', ""{'proportion': 1.0, 'smote_n_neighbors': 5, 'b': 5, 'alpha': 0.1, 'h': 20, 'n_jobs': 1, 'random_state': 1}"")",DecisionTreeClassifier(random_state=1),0.8926690079016681,0.5227564102564102,0.7142857142857142,0.5848160535117056,0.8138641686182669,0.6010938469162769
133,"OS_('NEATER', ""{'proportion': 1.0, 'smote_n_neighbors': 5, 'b': 5, 'alpha': 0.1, 'h': 20, 'n_jobs': 1, 'random_state': 1}"")",KNeighborsClassifier(),0.8690517998244074,0.43714285714285717,0.8,0.5625775669119323,0.8385519125683061,0.5897951636303451
134,"OS_('NEATER', ""{'proportion': 1.0, 'smote_n_neighbors': 5, 'b': 5, 'alpha': 0.1, 'h': 20, 'n_jobs': 1, 'random_state': 1}"")",MLPClassifier(random_state=1),0.8361720807726074,0.38675016418050473,0.8857142857142858,0.5331131831131831,0.8580757220921156,0.5819734277706228
135,"OS_('NEATER', ""{'proportion': 1.0, 'smote_n_neighbors': 5, 'b': 5, 'alpha': 0.1, 'h': 20, 'n_jobs': 1, 'random_state': 1}"")","Pipeline(steps=[('standardscaler', StandardScaler()),
                ('svc',
                 SVC(C=1, gamma='auto', kernel='linear', random_state=1))])",0.8332748024582968,0.384333617504973,0.9142857142857143,0.5363540669856459,0.8690827478532397,0.5896121132217086
136,"OS_('Gazzah', ""{'proportion': 1.0, 'n_components': 2, 'n_jobs': 1, 'random_state': 1}"")",DecisionTreeClassifier(random_state=1),0.8838893766461808,0.1,0.14285714285714285,0.1176470588235294,0.5564285714285714,0.11952286093343936
137,"OS_('Gazzah', ""{'proportion': 1.0, 'n_components': 2, 'n_jobs': 1, 'random_state': 1}"")",KNeighborsClassifier(),0.7798068481123793,0.3326798418972332,0.9142857142857143,0.47503211629479375,0.8392466822794692,0.5430768339617423
138,"OS_('Gazzah', ""{'proportion': 1.0, 'n_components': 2, 'n_jobs': 1, 'random_state': 1}"")",MLPClassifier(random_state=1),0.7827480245829675,0.3350513833992095,0.9428571428571428,0.48645946763460374,0.8535050741608117,0.5566102141042519
139,"OS_('Gazzah', ""{'proportion': 1.0, 'n_components': 2, 'n_jobs': 1, 'random_state': 1}"")","Pipeline(steps=[('standardscaler', StandardScaler()),
                ('svc',
                 SVC(C=1, gamma='auto', kernel='linear', random_state=1))])",0.8183494293239683,0.3593226381461675,0.8857142857142858,0.5033360378634213,0.8481303669008587,0.5591458438971492
140,"OS_('MCT', ""{'proportion': 1.0, 'n_jobs': 1, 'random_state': 1}"")",DecisionTreeClassifier(random_state=1),0.8897717295873573,0.5325757575757576,0.48571428571428565,0.48429292929292933,0.7112177985948478,0.49651052744074703
141,"OS_('MCT', ""{'proportion': 1.0, 'n_jobs': 1, 'random_state': 1}"")",KNeighborsClassifier(),0.8749780509218613,0.45404761904761903,0.8571428571428571,0.5898691159426116,0.8671233411397345,0.6216872525368629
142,"OS_('MCT', ""{'proportion': 1.0, 'n_jobs': 1, 'random_state': 1}"")",MLPClassifier(random_state=1),0.8570237050043898,0.41235294117647053,0.8571428571428571,0.5528132992327366,0.8570960187353631,0.5921561183735469
143,"OS_('MCT', ""{'proportion': 1.0, 'n_jobs': 1, 'random_state': 1}"")","Pipeline(steps=[('standardscaler', StandardScaler()),
                ('svc',
                 SVC(C=1, gamma='auto', kernel='linear', random_state=1))])",0.8690079016681299,0.4335606060606061,0.8857142857142858,0.5803249890206412,0.8764090554254489,0.618611401924868
144,"OS_('ADG', ""{'proportion': 1.0, 'kernel': 'inner', 'lam': 1.0, 'mu': 1.0, 'k': 12, 'gamma': 1.0, 'n_jobs': 1, 'random_state': 1}"")",DecisionTreeClassifier(random_state=1),0.895654082528534,0.5066233766233766,0.6571428571428571,0.5685901027077497,0.7902927400468384,0.5751727570015691
145,"OS_('ADG', ""{'proportion': 1.0, 'kernel': 'inner', 'lam': 1.0, 'mu': 1.0, 'k': 12, 'gamma': 1.0, 'n_jobs': 1, 'random_state': 1}"")",KNeighborsClassifier(),0.8928007023705005,0.4867399267399268,0.8571428571428573,0.612987012987013,0.8770686963309915,0.6416542306158477
146,"OS_('ADG', ""{'proportion': 1.0, 'kernel': 'inner', 'lam': 1.0, 'mu': 1.0, 'k': 12, 'gamma': 1.0, 'n_jobs': 1, 'random_state': 1}"")",MLPClassifier(random_state=1),0.8361720807726074,0.39249999999999996,0.7714285714285715,0.4623773971600058,0.807599531615925,0.5183610263475038
147,"OS_('ADG', ""{'proportion': 1.0, 'kernel': 'inner', 'lam': 1.0, 'mu': 1.0, 'k': 12, 'gamma': 1.0, 'n_jobs': 1, 'random_state': 1}"")","Pipeline(steps=[('standardscaler', StandardScaler()),
                ('svc',
                 SVC(C=1, gamma='auto', kernel='linear', random_state=1))])",0.8659789288849868,0.43099206349206354,0.8571428571428573,0.5618776585733107,0.862096018735363,0.6012531291511134
148,"OS_('SMOTE_IPF', ""{'proportion': 1.0, 'n_neighbors': 5, 'n_folds': 9, 'k': 3, 'p': 0.01, 'voting': 'majority', 'n_jobs': 1, 'classifier': DecisionTreeClassifier(random_state=2), 'random_state': 1}"")",DecisionTreeClassifier(random_state=1),0.8838454784899034,0.4746031746031746,0.6571428571428571,0.5425062656641604,0.7836533957845433,0.5539267257832945
149,"OS_('SMOTE_IPF', ""{'proportion': 1.0, 'n_neighbors': 5, 'n_folds': 9, 'k': 3, 'p': 0.01, 'voting': 'majority', 'n_jobs': 1, 'classifier': DecisionTreeClassifier(random_state=2), 'random_state': 1}"")",KNeighborsClassifier(),0.883801580333626,0.47738095238095235,0.8571428571428571,0.609964809722516,0.87204137392662,0.6378137654892628
150,"OS_('SMOTE_IPF', ""{'proportion': 1.0, 'n_neighbors': 5, 'n_folds': 9, 'k': 3, 'p': 0.01, 'voting': 'majority', 'n_jobs': 1, 'classifier': DecisionTreeClassifier(random_state=2), 'random_state': 1}"")",MLPClassifier(random_state=1),0.8688762071992976,0.4423529411764705,0.8285714285714285,0.5701426024955436,0.8510616705698674,0.6015995289584762
151,"OS_('SMOTE_IPF', ""{'proportion': 1.0, 'n_neighbors': 5, 'n_folds': 9, 'k': 3, 'p': 0.01, 'voting': 'majority', 'n_jobs': 1, 'classifier': DecisionTreeClassifier(random_state=2), 'random_state': 1}"")","Pipeline(steps=[('standardscaler', StandardScaler()),
                ('svc',
                 SVC(C=1, gamma='auto', kernel='linear', random_state=1))])",0.8867866549604916,0.4796911421911422,0.8857142857142858,0.6202186625985253,0.8863270882123342,0.6505890259913225
152,"OS_('KernelADASYN', ""{'proportion': 1.0, 'k': 5, 'h': 1.0, 'n_jobs': 1, 'random_state': 1}"")",DecisionTreeClassifier(random_state=1),0.777172958735733,0.2257788410419989,0.3714285714285714,0.2775324091113565,0.5978727556596409,0.28773632755784123
153,"OS_('KernelADASYN', ""{'proportion': 1.0, 'k': 5, 'h': 1.0, 'n_jobs': 1, 'random_state': 1}"")",KNeighborsClassifier(),0.9225636523266024,0.6504761904761904,0.6,0.6202197802197802,0.7800273224043716,0.622714714634063
154,"OS_('KernelADASYN', ""{'proportion': 1.0, 'k': 5, 'h': 1.0, 'n_jobs': 1, 'random_state': 1}"")",MLPClassifier(random_state=1),0.9107550482879718,0.6628571428571429,0.4,0.4578921078921079,0.6850819672131148,0.4880434526055109
155,"OS_('KernelADASYN', ""{'proportion': 1.0, 'k': 5, 'h': 1.0, 'n_jobs': 1, 'random_state': 1}"")","Pipeline(steps=[('standardscaler', StandardScaler()),
                ('svc',
                 SVC(C=1, gamma='auto', kernel='linear', random_state=1))])",0.8302458296751537,0.30037178507766743,0.5428571428571428,0.3802648332060096,0.7032591725214676,0.4001598901322015
156,"OS_('MOT2LD', ""{'proportion': 1.0, 'n_components': 2, 'k': 5, 'd_cut': 'auto', 'n_jobs': 1, 'random_state': 1}"")",DecisionTreeClassifier(random_state=1),0.9046532045654082,0.5568253968253968,0.5999999999999999,0.5683613445378151,0.7700273224043717,0.5733544818389998
157,"OS_('MOT2LD', ""{'proportion': 1.0, 'n_components': 2, 'k': 5, 'd_cut': 'auto', 'n_jobs': 1, 'random_state': 1}"")",KNeighborsClassifier(),0.9195346795434591,0.5822222222222222,0.8,0.6735294117647058,0.8667486338797815,0.6822586146998664
158,"OS_('MOT2LD', ""{'proportion': 1.0, 'n_components': 2, 'k': 5, 'd_cut': 'auto', 'n_jobs': 1, 'random_state': 1}"")",MLPClassifier(random_state=1),0.8986391571553994,0.5231313131313131,0.8285714285714285,0.6317171717171717,0.8676736924277908,0.6531552141929906
159,"OS_('MOT2LD', ""{'proportion': 1.0, 'n_components': 2, 'k': 5, 'd_cut': 'auto', 'n_jobs': 1, 'random_state': 1}"")","Pipeline(steps=[('standardscaler', StandardScaler()),
                ('svc',
                 SVC(C=1, gamma='auto', kernel='linear', random_state=1))])",0.9046532045654082,0.5333333333333333,0.8285714285714285,0.6452941176470588,0.8710343481654957,0.6627855686182683
160,"OS_('V_SYNTH', ""{'proportion': 1.0, 'n_components': 3, 'n_jobs': 1, 'random_state': 1}"")",DecisionTreeClassifier(random_state=1),0.9075943810359964,0.5718614718614718,0.6,0.5792429792429792,0.7716939890710381,0.5825496407074442
161,"OS_('V_SYNTH', ""{'proportion': 1.0, 'n_components': 3, 'n_jobs': 1, 'random_state': 1}"")",KNeighborsClassifier(),0.8450395083406497,0.366017316017316,0.6571428571428571,0.4683526999316472,0.7620413739266199,0.48940271733926466
162,"OS_('V_SYNTH', ""{'proportion': 1.0, 'n_components': 3, 'n_jobs': 1, 'random_state': 1}"")",MLPClassifier(random_state=1),0.8007462686567164,0.3473076923076923,0.9428571428571428,0.5029151732377539,0.8635597189695549,0.569016685447434
163,"OS_('V_SYNTH', ""{'proportion': 1.0, 'n_components': 3, 'n_jobs': 1, 'random_state': 1}"")","Pipeline(steps=[('standardscaler', StandardScaler()),
                ('svc',
                 SVC(C=1, gamma='auto', kernel='linear', random_state=1))])",0.8006145741878841,0.35151515151515145,0.9714285714285715,0.5126436781609195,0.8760967993754878,0.5818754345597587
164,"OS_('OUPS', ""{'proportion': 1.0, 'n_jobs': 1, 'random_state': 1}"")",DecisionTreeClassifier(random_state=1),0.892756804214223,0.5226190476190476,0.7428571428571429,0.5943420423969622,0.8264832162373146,0.6129792044413468
165,"OS_('OUPS', ""{'proportion': 1.0, 'n_jobs': 1, 'random_state': 1}"")",KNeighborsClassifier(),0.8748902546093064,0.4541686254921549,0.9142857142857143,0.6038026224982748,0.8923067915690867,0.6425641140841508
166,"OS_('OUPS', ""{'proportion': 1.0, 'n_jobs': 1, 'random_state': 1}"")",MLPClassifier(random_state=1),0.8421422300263389,0.3925730994152047,0.8571428571428571,0.5295778295778295,0.8487900078064012,0.5747235350388109
167,"OS_('OUPS', ""{'proportion': 1.0, 'n_jobs': 1, 'random_state': 1}"")","Pipeline(steps=[('standardscaler', StandardScaler()),
                ('svc',
                 SVC(C=1, gamma='auto', kernel='linear', random_state=1))])",0.8570676031606672,0.41378151260504203,0.8571428571428571,0.5511774891774892,0.8571233411397345,0.591491493280224
168,"OS_('SMOTE_D', ""{'proportion': 1.0, 'k': 3, 'n_jobs': 1, 'random_state': 1}"")",DecisionTreeClassifier(random_state=1),0.9224758560140474,0.6364285714285713,0.6571428571428571,0.6361344537815125,0.8052380952380952,0.641422048637302
169,"OS_('SMOTE_D', ""{'proportion': 1.0, 'k': 3, 'n_jobs': 1, 'random_state': 1}"")",KNeighborsClassifier(),0.9195785776997365,0.6952380952380952,0.5428571428571428,0.577973137973138,0.7531498829039813,0.59668377206346
170,"OS_('SMOTE_D', ""{'proportion': 1.0, 'k': 3, 'n_jobs': 1, 'random_state': 1}"")",MLPClassifier(random_state=1),0.8988586479367866,0.4333333333333333,0.14285714285714285,0.20272727272727273,0.5647892271662763,0.23847294529808782
171,"OS_('SMOTE_D', ""{'proportion': 1.0, 'k': 3, 'n_jobs': 1, 'random_state': 1}"")","Pipeline(steps=[('standardscaler', StandardScaler()),
                ('svc',
                 SVC(C=1, gamma='auto', kernel='linear', random_state=1))])",0.8958296751536435,0.3,0.22857142857142856,0.2573426573426573,0.6009523809523809,0.26075691455635575
172,"OS_('SMOTE_PSO', ""{'k': 3, 'eps': 0.05, 'n_pop': 10, 'w': 1.0, 'c1': 2.0, 'c2': 2.0, 'num_it': 10, 'n_jobs': 1, 'random_state': 1}"")",DecisionTreeClassifier(random_state=1),0.8957418788410887,0.5083333333333334,0.6571428571428571,0.5695768833849328,0.7903200624512101,0.5760714205375872
173,"OS_('SMOTE_PSO', ""{'k': 3, 'eps': 0.05, 'n_pop': 10, 'w': 1.0, 'c1': 2.0, 'c2': 2.0, 'num_it': 10, 'n_jobs': 1, 'random_state': 1}"")",KNeighborsClassifier(),0.8928007023705005,0.4954267954267954,0.8285714285714286,0.6167126148705095,0.8644496487119439,0.6388576507583096
174,"OS_('SMOTE_PSO', ""{'k': 3, 'eps': 0.05, 'n_pop': 10, 'w': 1.0, 'c1': 2.0, 'c2': 2.0, 'num_it': 10, 'n_jobs': 1, 'random_state': 1}"")",MLPClassifier(random_state=1),0.8956979806848112,0.5099567099567099,0.8,0.6153968253968254,0.853415300546448,0.6346905240118733
175,"OS_('SMOTE_PSO', ""{'k': 3, 'eps': 0.05, 'n_pop': 10, 'w': 1.0, 'c1': 2.0, 'c2': 2.0, 'num_it': 10, 'n_jobs': 1, 'random_state': 1}"")","Pipeline(steps=[('standardscaler', StandardScaler()),
                ('svc',
                 SVC(C=1, gamma='auto', kernel='linear', random_state=1))])",0.8986391571553994,0.5132478632478632,0.8571428571428571,0.6372417675204053,0.8803200624512101,0.6606173639144683
176,"OS_('CURE_SMOTE', ""{'proportion': 1.0, 'n_clusters': 5, 'noise_th': 2, 'n_jobs': 1, 'random_state': 1}"")",DecisionTreeClassifier(random_state=1),0.9016242317822651,0.5866666666666667,0.5142857142857142,0.5304092965857672,0.7304761904761905,0.5403020652836529
177,"OS_('CURE_SMOTE', ""{'proportion': 1.0, 'n_clusters': 5, 'noise_th': 2, 'n_jobs': 1, 'random_state': 1}"")",KNeighborsClassifier(),0.8987708516242318,0.5070707070707071,0.7714285714285715,0.6106295149638802,0.8425175644028103,0.6247495047139597
178,"OS_('CURE_SMOTE', ""{'proportion': 1.0, 'n_clusters': 5, 'noise_th': 2, 'n_jobs': 1, 'random_state': 1}"")",MLPClassifier(random_state=1),0.8897717295873575,0.4932620320855615,0.8285714285714285,0.6089542483660131,0.8627283372365339,0.634051652165994
179,"OS_('CURE_SMOTE', ""{'proportion': 1.0, 'n_clusters': 5, 'noise_th': 2, 'n_jobs': 1, 'random_state': 1}"")","Pipeline(steps=[('standardscaler', StandardScaler()),
                ('svc',
                 SVC(C=1, gamma='auto', kernel='linear', random_state=1))])",0.9135206321334504,0.5632478632478632,0.8571428571428571,0.6726470588235294,0.8886260733801719,0.6909920118144266
180,"OS_('SOMO', ""{'proportion': 1.0, 'n_grid': 10, 'sigma': 0.2, 'learning_rate': 0.5, 'n_iter': 100, 'n_jobs': 1, 'random_state': 1}"")",DecisionTreeClassifier(random_state=1),0.9165496049165937,0.6301587301587303,0.6571428571428571,0.6238158899923606,0.8019047619047619,0.6335968827248493
181,"OS_('SOMO', ""{'proportion': 1.0, 'n_grid': 10, 'sigma': 0.2, 'learning_rate': 0.5, 'n_iter': 100, 'n_jobs': 1, 'random_state': 1}"")",KNeighborsClassifier(),0.9195785776997365,0.6952380952380952,0.5428571428571428,0.577973137973138,0.7531498829039813,0.59668377206346
182,"OS_('SOMO', ""{'proportion': 1.0, 'n_grid': 10, 'sigma': 0.2, 'learning_rate': 0.5, 'n_iter': 100, 'n_jobs': 1, 'random_state': 1}"")",MLPClassifier(random_state=1),0.9017998244073748,0.5,0.17142857142857143,0.2505050505050505,0.5790476190476189,0.28940188813178497
183,"OS_('SOMO', ""{'proportion': 1.0, 'n_grid': 10, 'sigma': 0.2, 'learning_rate': 0.5, 'n_iter': 100, 'n_jobs': 1, 'random_state': 1}"")","Pipeline(steps=[('standardscaler', StandardScaler()),
                ('svc',
                 SVC(C=1, gamma='auto', kernel='linear', random_state=1))])",0.9284899034240561,0.6666666666666667,0.6,0.6265734265734266,0.7833606557377049,0.6298962445639373
184,"OS_('CE_SMOTE', ""{'proportion': 1.0, 'h': 10, 'k': 5, 'alpha': 0.5, 'n_jobs': 1, 'random_state': 1}"")",DecisionTreeClassifier(random_state=1),0.8898156277436348,0.49090909090909085,0.6571428571428573,0.5496372908137614,0.7869867291178767,0.561569467002312
185,"OS_('CE_SMOTE', ""{'proportion': 1.0, 'h': 10, 'k': 5, 'alpha': 0.5, 'n_jobs': 1, 'random_state': 1}"")",KNeighborsClassifier(),0.8898156277436348,0.48571428571428565,0.8285714285714285,0.6072681704260652,0.862782982045277,0.6316075938005292
186,"OS_('CE_SMOTE', ""{'proportion': 1.0, 'h': 10, 'k': 5, 'alpha': 0.5, 'n_jobs': 1, 'random_state': 1}"")",MLPClassifier(random_state=1),0.8748024582967515,0.467550505050505,0.8857142857142858,0.6054924694515488,0.8796330991412958,0.6397020553590135
187,"OS_('CE_SMOTE', ""{'proportion': 1.0, 'h': 10, 'k': 5, 'alpha': 0.5, 'n_jobs': 1, 'random_state': 1}"")","Pipeline(steps=[('standardscaler', StandardScaler()),
                ('svc',
                 SVC(C=1, gamma='auto', kernel='linear', random_state=1))])",0.8838015803336259,0.4689285714285714,0.8571428571428573,0.5963802787601413,0.87204137392662,0.6285986899917699
188,"OS_('Edge_Det_SMOTE', ""{'proportion': 1.0, 'k': 5, 'n_jobs': 1, 'random_state': 1}"")",DecisionTreeClassifier(random_state=1),0.8956540825285337,0.513888888888889,0.6571428571428571,0.5742105263157895,0.7902927400468385,0.5797985891550637
189,"OS_('Edge_Det_SMOTE', ""{'proportion': 1.0, 'k': 5, 'n_jobs': 1, 'random_state': 1}"")",KNeighborsClassifier(),0.8748902546093064,0.4536013986013986,0.8285714285714286,0.5821969051125061,0.8544496487119438,0.610740665190738
190,"OS_('Edge_Det_SMOTE', ""{'proportion': 1.0, 'k': 5, 'n_jobs': 1, 'random_state': 1}"")",MLPClassifier(random_state=1),0.8687884108867427,0.4583748140404487,0.8857142857142858,0.5954140630611219,0.876272443403591,0.6320410215390005
191,"OS_('Edge_Det_SMOTE', ""{'proportion': 1.0, 'k': 5, 'n_jobs': 1, 'random_state': 1}"")","Pipeline(steps=[('standardscaler', StandardScaler()),
                ('svc',
                 SVC(C=1, gamma='auto', kernel='linear', random_state=1))])",0.8837576821773485,0.4774578362813656,0.8857142857142858,0.6166666666666667,0.8846330991412958,0.648093012996582
192,"OS_('DBSMOTE', ""{'proportion': 1.0, 'eps': 0.8, 'min_samples': 3, 'n_jobs': 1, 'random_state': 1}"")",DecisionTreeClassifier(random_state=1),0.8956979806848112,0.5171428571428571,0.48571428571428577,0.49714285714285705,0.7145511319281811,0.49927203466438963
193,"OS_('DBSMOTE', ""{'proportion': 1.0, 'eps': 0.8, 'min_samples': 3, 'n_jobs': 1, 'random_state': 1}"")",KNeighborsClassifier(),0.9136523266022827,0.5546464646464646,0.8285714285714285,0.6630546955624356,0.8760889929742388,0.6771506072928085
194,"OS_('DBSMOTE', ""{'proportion': 1.0, 'eps': 0.8, 'min_samples': 3, 'n_jobs': 1, 'random_state': 1}"")",MLPClassifier(random_state=1),0.8927129060579455,0.4941103341103341,0.8571428571428571,0.6228282828282828,0.8770140515222483,0.6485497042053421
195,"OS_('DBSMOTE', ""{'proportion': 1.0, 'eps': 0.8, 'min_samples': 3, 'n_jobs': 1, 'random_state': 1}"")","Pipeline(steps=[('standardscaler', StandardScaler()),
                ('svc',
                 SVC(C=1, gamma='auto', kernel='linear', random_state=1))])",0.8986830553116769,0.5106060606060605,0.8571428571428573,0.6384657722738218,0.8803473848555816,0.6607306706426275
196,"OS_('ASMOBD', ""{'proportion': 1.0, 'min_samples': 3, 'eps': 0.8, 'eta': 0.5, 'T_1': 1.0, 'T_2': 1.0, 't_1': 4.0, 't_2': 4.0, 'a': 0.05, 'smoothing': 'linear', 'n_jobs': 1, 'random_state': 1}"")",DecisionTreeClassifier(random_state=1),0.9076382791922739,0.5602813852813853,0.6857142857142857,0.6070946597262387,0.8095784543325527,0.6149314106601719
197,"OS_('ASMOBD', ""{'proportion': 1.0, 'min_samples': 3, 'eps': 0.8, 'eta': 0.5, 'T_1': 1.0, 'T_2': 1.0, 't_1': 4.0, 't_2': 4.0, 'a': 0.05, 'smoothing': 'linear', 'n_jobs': 1, 'random_state': 1}"")",KNeighborsClassifier(),0.904741000877963,0.5276923076923077,0.8571428571428571,0.651455108359133,0.883735362997658,0.6715716394778258
198,"OS_('ASMOBD', ""{'proportion': 1.0, 'min_samples': 3, 'eps': 0.8, 'eta': 0.5, 'T_1': 1.0, 'T_2': 1.0, 't_1': 4.0, 't_2': 4.0, 'a': 0.05, 'smoothing': 'linear', 'n_jobs': 1, 'random_state': 1}"")",MLPClassifier(random_state=1),0.8837576821773485,0.47616161616161623,0.8571428571428571,0.607070707070707,0.8720140515222482,0.6359727069242445
199,"OS_('ASMOBD', ""{'proportion': 1.0, 'min_samples': 3, 'eps': 0.8, 'eta': 0.5, 'T_1': 1.0, 'T_2': 1.0, 't_1': 4.0, 't_2': 4.0, 'a': 0.05, 'smoothing': 'linear', 'n_jobs': 1, 'random_state': 1}"")","Pipeline(steps=[('standardscaler', StandardScaler()),
                ('svc',
                 SVC(C=1, gamma='auto', kernel='linear', random_state=1))])",0.8897717295873573,0.49034188034188037,0.8571428571428573,0.6196411483253589,0.8753747072599533,0.6459893551265538
200,"OS_('Assembled_SMOTE', ""{'proportion': 1.0, 'n_neighbors': 5, 'pop': 2, 'thres': 0.3, 'n_jobs': 1, 'random_state': 1}"")",DecisionTreeClassifier(random_state=1),0.9105355575065847,0.5714285714285714,0.7428571428571429,0.6401867413632119,0.8364558938329429,0.648569197338184
201,"OS_('Assembled_SMOTE', ""{'proportion': 1.0, 'n_neighbors': 5, 'pop': 2, 'thres': 0.3, 'n_jobs': 1, 'random_state': 1}"")",KNeighborsClassifier(),0.8719490781387182,0.4438888888888889,0.8,0.5644191273347283,0.8401912568306011,0.5922320939631349
202,"OS_('Assembled_SMOTE', ""{'proportion': 1.0, 'n_neighbors': 5, 'pop': 2, 'thres': 0.3, 'n_jobs': 1, 'random_state': 1}"")",MLPClassifier(random_state=1),0.8599209833187006,0.42979797979797973,0.8857142857142858,0.5733886230728336,0.8713270882123341,0.6137469327046154
203,"OS_('Assembled_SMOTE', ""{'proportion': 1.0, 'n_neighbors': 5, 'pop': 2, 'thres': 0.3, 'n_jobs': 1, 'random_state': 1}"")","Pipeline(steps=[('standardscaler', StandardScaler()),
                ('svc',
                 SVC(C=1, gamma='auto', kernel='linear', random_state=1))])",0.8808604038630378,0.46909286791639726,0.9142857142857143,0.6158721670486377,0.89564012490242,0.6524648432175174
204,"OS_('SDSMOTE', ""{'proportion': 1.0, 'n_neighbors': 5, 'n_jobs': 1, 'random_state': 1}"")",DecisionTreeClassifier(random_state=1),0.9107111501316945,0.5728571428571427,0.6285714285714284,0.5969747899159663,0.7860343481654957,0.5988321767513489
205,"OS_('SDSMOTE', ""{'proportion': 1.0, 'n_neighbors': 5, 'n_jobs': 1, 'random_state': 1}"")",KNeighborsClassifier(),0.8838454784899035,0.4734065934065933,0.8571428571428571,0.6073394716738368,0.8720686963309914,0.6355397863161926
206,"OS_('SDSMOTE', ""{'proportion': 1.0, 'n_neighbors': 5, 'n_jobs': 1, 'random_state': 1}"")",MLPClassifier(random_state=1),0.8718173836698858,0.4559595959595959,0.8857142857142858,0.5968484848484849,0.8779664324746292,0.6324433139032437
207,"OS_('SDSMOTE', ""{'proportion': 1.0, 'n_neighbors': 5, 'n_jobs': 1, 'random_state': 1}"")","Pipeline(steps=[('standardscaler', StandardScaler()),
                ('svc',
                 SVC(C=1, gamma='auto', kernel='linear', random_state=1))])",0.8896839332748024,0.4989763177998473,0.9142857142857143,0.6401027077497665,0.9005581576893054,0.6722700329339774
208,"OS_('DSMOTE', ""{'proportion': 1.0, 'n_neighbors': 5, 'rate': 0.1, 'n_step': 50, 'n_jobs': 1, 'random_state': 1}"")",DecisionTreeClassifier(random_state=1),0.904609306409131,0.5619047619047619,0.5142857142857143,0.5301448551448551,0.7321701795472287,0.5340605677372114
209,"OS_('DSMOTE', ""{'proportion': 1.0, 'n_neighbors': 5, 'rate': 0.1, 'n_step': 50, 'n_jobs': 1, 'random_state': 1}"")",KNeighborsClassifier(),0.9136523266022827,0.5807142857142857,0.6,0.5857142857142856,0.7750819672131148,0.5880246591503443
210,"OS_('DSMOTE', ""{'proportion': 1.0, 'n_neighbors': 5, 'rate': 0.1, 'n_step': 50, 'n_jobs': 1, 'random_state': 1}"")",MLPClassifier(random_state=1),0.9165057067603162,0.5825901875901877,0.7428571428571429,0.6481605975723623,0.8397892271662764,0.655369710301713
211,"OS_('DSMOTE', ""{'proportion': 1.0, 'n_neighbors': 5, 'rate': 0.1, 'n_step': 50, 'n_jobs': 1, 'random_state': 1}"")","Pipeline(steps=[('standardscaler', StandardScaler()),
                ('svc',
                 SVC(C=1, gamma='auto', kernel='linear', random_state=1))])",0.9136523266022827,0.5873015873015872,0.6,0.5909340659340658,0.7750546448087432,0.5922879804965587
212,"OS_('G_SMOTE', ""{'proportion': 1.0, 'n_neighbors': 5, 'method': 'linear', 'n_jobs': 1, 'random_state': 1}"")",DecisionTreeClassifier(random_state=1),0.9076821773485515,0.57,0.6857142857142857,0.6046558704453441,0.8095784543325527,0.6160866590003781
213,"OS_('G_SMOTE', ""{'proportion': 1.0, 'n_neighbors': 5, 'method': 'linear', 'n_jobs': 1, 'random_state': 1}"")",KNeighborsClassifier(),0.8779192273924495,0.45897631779984716,0.8285714285714285,0.5860263403607057,0.8561163153786104,0.6139702664648875
214,"OS_('G_SMOTE', ""{'proportion': 1.0, 'n_neighbors': 5, 'method': 'linear', 'n_jobs': 1, 'random_state': 1}"")",MLPClassifier(random_state=1),0.8688762071992976,0.44535353535353533,0.8857142857142858,0.5886613503455609,0.8763270882123342,0.6256510300249454
215,"OS_('G_SMOTE', ""{'proportion': 1.0, 'n_neighbors': 5, 'method': 'linear', 'n_jobs': 1, 'random_state': 1}"")","Pipeline(steps=[('standardscaler', StandardScaler()),
                ('svc',
                 SVC(C=1, gamma='auto', kernel='linear', random_state=1))])",0.8778314310798946,0.46470085470085476,0.8857142857142858,0.6042882071488882,0.8813270882123343,0.6384517908760852
216,"OS_('NT_SMOTE', ""{'proportion': 1.0, 'n_jobs': 1, 'random_state': 1}"")",DecisionTreeClassifier(random_state=1),0.8897717295873573,0.5138888888888888,0.48571428571428565,0.4832085561497326,0.7112177985948478,0.49139503992646294
217,"OS_('NT_SMOTE', ""{'proportion': 1.0, 'n_jobs': 1, 'random_state': 1}"")",KNeighborsClassifier(),0.8957418788410887,0.5023809523809524,0.8571428571428571,0.6319327731092436,0.8787080405932866,0.65535515772809
218,"OS_('NT_SMOTE', ""{'proportion': 1.0, 'n_jobs': 1, 'random_state': 1}"")",MLPClassifier(random_state=1),0.8718612818261633,0.4532620320855615,0.8571428571428571,0.5871360665478312,0.8653473848555816,0.6199418166713626
219,"OS_('NT_SMOTE', ""{'proportion': 1.0, 'n_jobs': 1, 'random_state': 1}"")","Pipeline(steps=[('standardscaler', StandardScaler()),
                ('svc',
                 SVC(C=1, gamma='auto', kernel='linear', random_state=1))])",0.8897717295873573,0.48878205128205127,0.8857142857142858,0.6267546103109436,0.8879937548790009,0.656151310465124
220,"OS_('Lee', ""{'proportion': 1.0, 'n_neighbors': 5, 'rejection_level': 0.5, 'n_jobs': 1, 'random_state': 1}"")",DecisionTreeClassifier(random_state=1),0.9105794556628621,0.6153535353535353,0.6857142857142857,0.6256833036244801,0.8111904761904762,0.6379386012835135
221,"OS_('Lee', ""{'proportion': 1.0, 'n_neighbors': 5, 'rejection_level': 0.5, 'n_jobs': 1, 'random_state': 1}"")",KNeighborsClassifier(),0.9165496049165934,0.5733333333333334,0.8,0.6676470588235294,0.8650819672131147,0.6770863773108241
222,"OS_('Lee', ""{'proportion': 1.0, 'n_neighbors': 5, 'rejection_level': 0.5, 'n_jobs': 1, 'random_state': 1}"")",MLPClassifier(random_state=1),0.8927129060579455,0.4988888888888889,0.8285714285714285,0.6158692185007973,0.8643676814988291,0.6391326269075852
223,"OS_('Lee', ""{'proportion': 1.0, 'n_neighbors': 5, 'rejection_level': 0.5, 'n_jobs': 1, 'random_state': 1}"")","Pipeline(steps=[('standardscaler', StandardScaler()),
                ('svc',
                 SVC(C=1, gamma='auto', kernel='linear', random_state=1))])",0.9135645302897277,0.5588034188034188,0.8857142857142858,0.6806862745098039,0.901272443403591,0.7010242572883749
224,"OS_('SPY', ""{'n_neighbors': 5, 'threshold': 0.5, 'n_jobs': 1}"")",DecisionTreeClassifier(random_state=1),0.8928007023705004,0.5003607503607503,0.7428571428571429,0.5902255639097744,0.8265105386416861,0.6055967097934895
225,"OS_('SPY', ""{'n_neighbors': 5, 'threshold': 0.5, 'n_jobs': 1}"")",KNeighborsClassifier(),0.9165935030728709,0.5881313131313132,0.7428571428571429,0.6544444444444444,0.8398438719750196,0.6599242579027896
226,"OS_('SPY', ""{'n_neighbors': 5, 'threshold': 0.5, 'n_jobs': 1}"")",MLPClassifier(random_state=1),0.922519754170325,0.6247619047619047,0.6571428571428573,0.6346563240680887,0.805265417642467,0.6377851912605972
227,"OS_('SPY', ""{'n_neighbors': 5, 'threshold': 0.5, 'n_jobs': 1}"")","Pipeline(steps=[('standardscaler', StandardScaler()),
                ('svc',
                 SVC(C=1, gamma='auto', kernel='linear', random_state=1))])",0.9284460052677789,0.6358730158730159,0.7714285714285714,0.6942717086834733,0.8590749414519905,0.6989344481871016
228,"OS_('SMOTE_PSOBAT', ""{'maxit': 50, 'c1': 0.3, 'c2': 0.1, 'c3': 0.1, 'alpha': 0.9, 'gamma': 0.9, 'method': 'bat', 'n_jobs': 1, 'random_state': 1}"")",DecisionTreeClassifier(random_state=1),0.910755048287972,0.5798701298701299,0.6571428571428573,0.6126984126984126,0.7986807181889148,0.615572560222992
229,"OS_('SMOTE_PSOBAT', ""{'maxit': 50, 'c1': 0.3, 'c2': 0.1, 'c3': 0.1, 'alpha': 0.9, 'gamma': 0.9, 'method': 'bat', 'n_jobs': 1, 'random_state': 1}"")",KNeighborsClassifier(),0.913564530289728,0.577020202020202,0.7428571428571429,0.6470915032679738,0.8381498829039813,0.6534589611664865
230,"OS_('SMOTE_PSOBAT', ""{'maxit': 50, 'c1': 0.3, 'c2': 0.1, 'c3': 0.1, 'alpha': 0.9, 'gamma': 0.9, 'method': 'bat', 'n_jobs': 1, 'random_state': 1}"")",MLPClassifier(random_state=1),0.9195785776997367,0.6140836940836941,0.7428571428571429,0.6665732959850608,0.8414832162373147,0.6724642500012734
231,"OS_('SMOTE_PSOBAT', ""{'maxit': 50, 'c1': 0.3, 'c2': 0.1, 'c3': 0.1, 'alpha': 0.9, 'gamma': 0.9, 'method': 'bat', 'n_jobs': 1, 'random_state': 1}"")","Pipeline(steps=[('standardscaler', StandardScaler()),
                ('svc',
                 SVC(C=1, gamma='auto', kernel='linear', random_state=1))])",0.9284460052677789,0.6462265512265513,0.8,0.7103828197945845,0.8716939890710382,0.7166899764828275
232,"OS_('MDO', ""{'proportion': 1.0, 'K2': 5, 'K1_frac': 0.5, 'n_jobs': 1, 'random_state': 1}"")",DecisionTreeClassifier(random_state=1),0.9076382791922739,0.5527777777777778,0.6571428571428571,0.5957239819004524,0.7969867291178767,0.6003178603502735
233,"OS_('MDO', ""{'proportion': 1.0, 'K2': 5, 'K1_frac': 0.5, 'n_jobs': 1, 'random_state': 1}"")",KNeighborsClassifier(),0.8986830553116769,0.5076923076923077,0.8285714285714286,0.6288888888888889,0.867728337236534,0.6481864135634755
234,"OS_('MDO', ""{'proportion': 1.0, 'K2': 5, 'K1_frac': 0.5, 'n_jobs': 1, 'random_state': 1}"")",MLPClassifier(random_state=1),0.8926690079016681,0.5047619047619047,0.8857142857142858,0.6381970970206263,0.8896057767369243,0.6659174871455797
235,"OS_('MDO', ""{'proportion': 1.0, 'K2': 5, 'K1_frac': 0.5, 'n_jobs': 1, 'random_state': 1}"")","Pipeline(steps=[('standardscaler', StandardScaler()),
                ('svc',
                 SVC(C=1, gamma='auto', kernel='linear', random_state=1))])",0.8986391571553994,0.5166666666666666,0.8857142857142858,0.6482221596772679,0.8929391100702576,0.6740111778083548
236,"OS_('Random_SMOTE', ""{'proportion': 1.0, 'n_neighbors': 5, 'n_jobs': 1, 'random_state': 1}"")",DecisionTreeClassifier(random_state=1),0.8987269534679543,0.5173076923076924,0.7142857142857143,0.5952941176470588,0.817224824355972,0.6053750199946909
237,"OS_('Random_SMOTE', ""{'proportion': 1.0, 'n_neighbors': 5, 'n_jobs': 1, 'random_state': 1}"")",KNeighborsClassifier(),0.8779192273924495,0.4607142857142857,0.8571428571428571,0.5959297220032177,0.8687626854020298,0.6264825985613778
238,"OS_('Random_SMOTE', ""{'proportion': 1.0, 'n_neighbors': 5, 'n_jobs': 1, 'random_state': 1}"")",MLPClassifier(random_state=1),0.8688323090430202,0.44505050505050503,0.8571428571428571,0.5798550207961972,0.863680718188915,0.6141010261903573
239,"OS_('Random_SMOTE', ""{'proportion': 1.0, 'n_neighbors': 5, 'n_jobs': 1, 'random_state': 1}"")","Pipeline(steps=[('standardscaler', StandardScaler()),
                ('svc',
                 SVC(C=1, gamma='auto', kernel='linear', random_state=1))])",0.8867427568042141,0.4827092352092352,0.8857142857142858,0.6188531275487796,0.8862997658079624,0.6504672142915766
240,"OS_('ISMOTE', ""{'n_neighbors': 5, 'minority_weight': 0.5, 'n_jobs': 1, 'random_state': 1}"")",DecisionTreeClassifier(random_state=1),0.8868744512730465,0.4695526695526695,0.5714285714285714,0.5129365079365079,0.7474902419984388,0.516679898081678
241,"OS_('ISMOTE', ""{'n_neighbors': 5, 'minority_weight': 0.5, 'n_jobs': 1, 'random_state': 1}"")",KNeighborsClassifier(),0.8661106233538189,0.4378724216959511,0.8857142857142858,0.5829192546583851,0.8747970335675255,0.6209164339308137
242,"OS_('ISMOTE', ""{'n_neighbors': 5, 'minority_weight': 0.5, 'n_jobs': 1, 'random_state': 1}"")",MLPClassifier(random_state=1),0.8630377524143986,0.42286324786324786,0.8285714285714285,0.5543873517786562,0.8478103044496488,0.5887498449437365
243,"OS_('ISMOTE', ""{'n_neighbors': 5, 'minority_weight': 0.5, 'n_jobs': 1, 'random_state': 1}"")","Pipeline(steps=[('standardscaler', StandardScaler()),
                ('svc',
                 SVC(C=1, gamma='auto', kernel='linear', random_state=1))])",0.8778314310798947,0.45442307692307693,0.8571428571428571,0.590497925818965,0.8687080405932864,0.6221128713501622
244,"OS_('GASMOTE', ""{'n_neighbors': 5, 'maxn': 7, 'n_pop': 10, 'popl3': 5, 'pm': 0.3, 'pr': 0.2, 'Ge': 10, 'n_jobs': 1, 'random_state': 1}"")",DecisionTreeClassifier(random_state=1),0.9136084284460052,0.6135353535353535,0.6571428571428573,0.6205128205128204,0.8002654176424668,0.6278617747418079
245,"OS_('GASMOTE', ""{'n_neighbors': 5, 'maxn': 7, 'n_pop': 10, 'popl3': 5, 'pm': 0.3, 'pr': 0.2, 'Ge': 10, 'n_jobs': 1, 'random_state': 1}"")",KNeighborsClassifier(),0.9016242317822651,0.5234188034188034,0.8,0.630139318885449,0.8567486338797814,0.6456633662715345
246,"OS_('GASMOTE', ""{'n_neighbors': 5, 'maxn': 7, 'n_pop': 10, 'popl3': 5, 'pm': 0.3, 'pr': 0.2, 'Ge': 10, 'n_jobs': 1, 'random_state': 1}"")",MLPClassifier(random_state=1),0.904609306409131,0.5409090909090909,0.8,0.6377777777777778,0.8583879781420766,0.653775875919761
247,"OS_('GASMOTE', ""{'n_neighbors': 5, 'maxn': 7, 'n_pop': 10, 'popl3': 5, 'pm': 0.3, 'pr': 0.2, 'Ge': 10, 'n_jobs': 1, 'random_state': 1}"")","Pipeline(steps=[('standardscaler', StandardScaler()),
                ('svc',
                 SVC(C=1, gamma='auto', kernel='linear', random_state=1))])",0.9165496049165934,0.5664957264957264,0.8857142857142858,0.6873529411764707,0.9029391100702577,0.706362778192134
248,"OS_('SMOTE_FRST_2T', ""{'n_neighbors': 5, 'gamma_S': 0.7, 'gamma_M': 0.03, 'n_jobs': 1, 'random_state': 1}"")",DecisionTreeClassifier(random_state=1),0.9106233538191397,0.5611111111111111,0.7714285714285715,0.6479102167182662,0.849129586260734,0.6569915421285597
249,"OS_('SMOTE_FRST_2T', ""{'n_neighbors': 5, 'gamma_S': 0.7, 'gamma_M': 0.03, 'n_jobs': 1, 'random_state': 1}"")",KNeighborsClassifier(),0.8779192273924495,0.4607142857142857,0.8571428571428571,0.5959297220032177,0.8687626854020298,0.6264825985613778
250,"OS_('SMOTE_FRST_2T', ""{'n_neighbors': 5, 'gamma_S': 0.7, 'gamma_M': 0.03, 'n_jobs': 1, 'random_state': 1}"")",MLPClassifier(random_state=1),0.8480245829675154,0.40165429599640123,0.8571428571428571,0.5407664764902618,0.8520686963309915,0.5829865927659683
251,"OS_('SMOTE_FRST_2T', ""{'n_neighbors': 5, 'gamma_S': 0.7, 'gamma_M': 0.03, 'n_jobs': 1, 'random_state': 1}"")","Pipeline(steps=[('standardscaler', StandardScaler()),
                ('svc',
                 SVC(C=1, gamma='auto', kernel='linear', random_state=1))])",0.8749780509218612,0.4487698412698412,0.8857142857142858,0.5905702992659514,0.8797423887587822,0.6275484174608781
252,"OS_('AND_SMOTE', ""{'proportion': 1.0, 'K': 15, 'n_jobs': 1, 'random_state': 1}"")",DecisionTreeClassifier(random_state=1),0.8927129060579457,0.5437606837606838,0.5714285714285714,0.543076923076923,0.7507416081186573,0.5502251705647533
253,"OS_('AND_SMOTE', ""{'proportion': 1.0, 'K': 15, 'n_jobs': 1, 'random_state': 1}"")",KNeighborsClassifier(),0.8987269534679543,0.508974358974359,0.8571428571428571,0.6376470588235293,0.8803747072599531,0.6599310327884551
254,"OS_('AND_SMOTE', ""{'proportion': 1.0, 'K': 15, 'n_jobs': 1, 'random_state': 1}"")",MLPClassifier(random_state=1),0.8897278314310799,0.49169580419580416,0.8857142857142858,0.6282750781472008,0.8879664324746293,0.6576050734396632
255,"OS_('AND_SMOTE', ""{'proportion': 1.0, 'K': 15, 'n_jobs': 1, 'random_state': 1}"")","Pipeline(steps=[('standardscaler', StandardScaler()),
                ('svc',
                 SVC(C=1, gamma='auto', kernel='linear', random_state=1))])",0.8986830553116769,0.5115151515151515,0.8857142857142858,0.6449197860962566,0.8929664324746293,0.6710756108866746
256,"OS_('NRAS', ""{'proportion': 1.0, 'n_neighbors': 5, 't': 0.5, 'n_jobs': 1, 'random_state': 1}"")",DecisionTreeClassifier(random_state=1),0.90171202809482,0.5583333333333333,0.48571428571428565,0.5121678321678321,0.7179117876658859,0.5170103944461689
257,"OS_('NRAS', ""{'proportion': 1.0, 'n_neighbors': 5, 't': 0.5, 'n_jobs': 1, 'random_state': 1}"")",KNeighborsClassifier(),0.9225636523266024,0.6089743589743589,0.8285714285714285,0.6976470588235294,0.8810343481654958,0.708045364894906
258,"OS_('NRAS', ""{'proportion': 1.0, 'n_neighbors': 5, 't': 0.5, 'n_jobs': 1, 'random_state': 1}"")",MLPClassifier(random_state=1),0.904609306409131,0.5374902874902875,0.8285714285714285,0.6444444444444444,0.8710070257611241,0.6632890811212645
259,"OS_('NRAS', ""{'proportion': 1.0, 'n_neighbors': 5, 't': 0.5, 'n_jobs': 1, 'random_state': 1}"")","Pipeline(steps=[('standardscaler', StandardScaler()),
                ('svc',
                 SVC(C=1, gamma='auto', kernel='linear', random_state=1))])",0.925460930640913,0.6225396825396825,0.8285714285714285,0.705578898225957,0.8826463700234191,0.7154620026163324
260,"OS_('AMSCO', ""{'n_pop': 5, 'n_iter': 15, 'omega': 0.1, 'r1': 0.1, 'r2': 0.1, 'n_jobs': 1, 'classifier': DecisionTreeClassifier(random_state=2), 'random_state': 1}"")",DecisionTreeClassifier(random_state=1),0.8986830553116769,0.5115079365079366,0.6571428571428571,0.5706015037593986,0.7919867291178766,0.5773711363405217
261,"OS_('AMSCO', ""{'n_pop': 5, 'n_iter': 15, 'omega': 0.1, 'r1': 0.1, 'r2': 0.1, 'n_jobs': 1, 'classifier': DecisionTreeClassifier(random_state=2), 'random_state': 1}"")",KNeighborsClassifier(),0.8719490781387181,0.4458333333333334,0.8285714285714286,0.5765334051240634,0.8528103044496487,0.6059656367783613
262,"OS_('AMSCO', ""{'n_pop': 5, 'n_iter': 15, 'omega': 0.1, 'r1': 0.1, 'r2': 0.1, 'n_jobs': 1, 'classifier': DecisionTreeClassifier(random_state=2), 'random_state': 1}"")",MLPClassifier(random_state=1),0.8301580333625989,0.3859090909090909,0.8857142857142858,0.5293798197024004,0.8547150663544107,0.5793058806272575
263,"OS_('AMSCO', ""{'n_pop': 5, 'n_iter': 15, 'omega': 0.1, 'r1': 0.1, 'r2': 0.1, 'n_jobs': 1, 'classifier': DecisionTreeClassifier(random_state=2), 'random_state': 1}"")","Pipeline(steps=[('standardscaler', StandardScaler()),
                ('svc',
                 SVC(C=1, gamma='auto', kernel='linear', random_state=1))])",0.8571553994732222,0.4154628867864162,0.8857142857142858,0.5615169082125604,0.8697970335675252,0.6041363281614736
264,"OS_('SSO', ""{'proportion': 1.0, 'n_neighbors': 5, 'h': 10, 'n_iter': 5, 'n_jobs': 1, 'random_state': 1}"")",DecisionTreeClassifier(random_state=1),0.9225636523266022,0.6104761904761905,0.6571428571428573,0.6210466004583651,0.8052927400468384,0.6273489740685206
265,"OS_('SSO', ""{'proportion': 1.0, 'n_neighbors': 5, 'h': 10, 'n_iter': 5, 'n_jobs': 1, 'random_state': 1}"")",KNeighborsClassifier(),0.90171202809482,0.5146464646464646,0.7714285714285715,0.6136842105263157,0.844184231069477,0.6281309719591193
266,"OS_('SSO', ""{'proportion': 1.0, 'n_neighbors': 5, 'h': 10, 'n_iter': 5, 'n_jobs': 1, 'random_state': 1}"")",MLPClassifier(random_state=1),0.8808165057067603,0.4633119658119658,0.8571428571428571,0.5963802787601414,0.8703747072599531,0.6272851087392046
267,"OS_('SSO', ""{'proportion': 1.0, 'n_neighbors': 5, 'h': 10, 'n_iter': 5, 'n_jobs': 1, 'random_state': 1}"")","Pipeline(steps=[('standardscaler', StandardScaler()),
                ('svc',
                 SVC(C=1, gamma='auto', kernel='linear', random_state=1))])",0.8956979806848112,0.5028282828282828,0.8571428571428571,0.6277480689245395,0.878680718188915,0.6531102145383157
268,"OS_('NDO_sampling', ""{'proportion': 1.0, 'n_neighbors': 5, 'T': 0.5, 'n_jobs': 1, 'random_state': 1}"")",DecisionTreeClassifier(random_state=1),0.9075943810359964,0.5479797979797979,0.8,0.644313725490196,0.8600546448087432,0.6588441802055629
269,"OS_('NDO_sampling', ""{'proportion': 1.0, 'n_neighbors': 5, 'T': 0.5, 'n_jobs': 1, 'random_state': 1}"")",KNeighborsClassifier(),0.8749780509218613,0.45404761904761903,0.8571428571428571,0.5898691159426116,0.8671233411397345,0.6216872525368629
270,"OS_('NDO_sampling', ""{'proportion': 1.0, 'n_neighbors': 5, 'T': 0.5, 'n_jobs': 1, 'random_state': 1}"")",MLPClassifier(random_state=1),0.8777875329236172,0.4646103896103896,0.8857142857142858,0.6053830227743272,0.8812997658079625,0.6390957690648111
271,"OS_('NDO_sampling', ""{'proportion': 1.0, 'n_neighbors': 5, 'T': 0.5, 'n_jobs': 1, 'random_state': 1}"")","Pipeline(steps=[('standardscaler', StandardScaler()),
                ('svc',
                 SVC(C=1, gamma='auto', kernel='linear', random_state=1))])",0.8808604038630378,0.45852564102564103,0.8571428571428571,0.5944532687216764,0.8704020296643247,0.6251960327963553
272,"OS_('DSRBF', ""{'proportion': 1.0, 'n_neighbors': 5, 'm_min': 4, 'm_max': 10, 'Ib': 2, 'Ob': 2, 'n_pop': 500, 'n_init_pop': 5000, 'n_iter': 40, 'n_sampling_epoch': 5, 'n_jobs': 1, 'random_state': 1}"")",DecisionTreeClassifier(random_state=1),0.8899034240561896,0.48247863247863243,0.6571428571428571,0.5473684210526316,0.7870140515222482,0.5583715329731804
273,"OS_('DSRBF', ""{'proportion': 1.0, 'n_neighbors': 5, 'm_min': 4, 'm_max': 10, 'Ib': 2, 'Ob': 2, 'n_pop': 500, 'n_init_pop': 5000, 'n_iter': 40, 'n_sampling_epoch': 5, 'n_jobs': 1, 'random_state': 1}"")",KNeighborsClassifier(),0.883801580333626,0.47738095238095235,0.8571428571428571,0.609964809722516,0.87204137392662,0.6378137654892628
274,"OS_('DSRBF', ""{'proportion': 1.0, 'n_neighbors': 5, 'm_min': 4, 'm_max': 10, 'Ib': 2, 'Ob': 2, 'n_pop': 500, 'n_init_pop': 5000, 'n_iter': 40, 'n_sampling_epoch': 5, 'n_jobs': 1, 'random_state': 1}"")",MLPClassifier(random_state=1),0.8718612818261633,0.44992869875222813,0.8857142857142858,0.5933280170122275,0.8779937548790009,0.6292669067164302
275,"OS_('DSRBF', ""{'proportion': 1.0, 'n_neighbors': 5, 'm_min': 4, 'm_max': 10, 'Ib': 2, 'Ob': 2, 'n_pop': 500, 'n_init_pop': 5000, 'n_iter': 40, 'n_sampling_epoch': 5, 'n_jobs': 1, 'random_state': 1}"")","Pipeline(steps=[('standardscaler', StandardScaler()),
                ('svc',
                 SVC(C=1, gamma='auto', kernel='linear', random_state=1))])",0.8838454784899034,0.4707167832167832,0.8857142857142858,0.6128502415458937,0.8846877439500391,0.6445963799671964
276,"OS_('Gaussian_SMOTE', ""{'proportion': 1.0, 'n_neighbors': 5, 'sigma': 1.0, 'n_jobs': 1, 'random_state': 1}"")",DecisionTreeClassifier(random_state=1),0.8987708516242318,0.5276190476190477,0.5428571428571428,0.5253339797457445,0.7415105386416861,0.5302520627490864
277,"OS_('Gaussian_SMOTE', ""{'proportion': 1.0, 'n_neighbors': 5, 'sigma': 1.0, 'n_jobs': 1, 'random_state': 1}"")",KNeighborsClassifier(),0.9165935030728709,0.5999999999999999,0.6285714285714286,0.5933333333333333,0.7893676814988291,0.6034677280317183
278,"OS_('Gaussian_SMOTE', ""{'proportion': 1.0, 'n_neighbors': 5, 'sigma': 1.0, 'n_jobs': 1, 'random_state': 1}"")",MLPClassifier(random_state=1),0.8658033362598772,0.47294117647058825,0.9142857142857143,0.6066861598440546,0.8871975019516004,0.6479506841783773
279,"OS_('Gaussian_SMOTE', ""{'proportion': 1.0, 'n_neighbors': 5, 'sigma': 1.0, 'n_jobs': 1, 'random_state': 1}"")","Pipeline(steps=[('standardscaler', StandardScaler()),
                ('svc',
                 SVC(C=1, gamma='auto', kernel='linear', random_state=1))])",0.8126865671641792,0.36499999999999994,0.9428571428571428,0.5200457775262529,0.8702263856362217,0.5824907672040143
280,"OS_('kmeans_SMOTE', ""{'proportion': 1.0, 'n_neighbors': 5, 'n_clusters': 10, 'irt': 2.0, 'n_jobs': 1, 'random_state': 1}"")",DecisionTreeClassifier(random_state=1),0.8867866549604916,0.5050976800976801,0.5428571428571429,0.5033766233766234,0.7347892271662764,0.5134724385701955
281,"OS_('kmeans_SMOTE', ""{'proportion': 1.0, 'n_neighbors': 5, 'n_clusters': 10, 'irt': 2.0, 'n_jobs': 1, 'random_state': 1}"")",KNeighborsClassifier(),0.9046971027216857,0.530952380952381,0.7714285714285715,0.6237456386063196,0.8458508977361436,0.6372743665955517
282,"OS_('kmeans_SMOTE', ""{'proportion': 1.0, 'n_neighbors': 5, 'n_clusters': 10, 'irt': 2.0, 'n_jobs': 1, 'random_state': 1}"")",MLPClassifier(random_state=1),0.8956979806848112,0.5041958041958041,0.8857142857142858,0.6398692810457516,0.8912997658079626,0.6667388641237433
283,"OS_('kmeans_SMOTE', ""{'proportion': 1.0, 'n_neighbors': 5, 'n_clusters': 10, 'irt': 2.0, 'n_jobs': 1, 'random_state': 1}"")","Pipeline(steps=[('standardscaler', StandardScaler()),
                ('svc',
                 SVC(C=1, gamma='auto', kernel='linear', random_state=1))])",0.8986830553116769,0.5106060606060605,0.8571428571428573,0.6381148950808393,0.8803473848555816,0.6605287034738335
284,"OS_('Supervised_SMOTE', ""{'proportion': 1.0, 'th_lower': 0.5, 'th_upper': 1.0, 'classifier': RandomForestClassifier(n_estimators=50, n_jobs=1, random_state=5), 'n_jobs': 1, 'random_state': 1}"")",DecisionTreeClassifier(random_state=1),0.9076382791922739,0.5702741702741703,0.6285714285714284,0.5913308913308913,0.7843403590944574,0.5953366397079625
285,"OS_('Supervised_SMOTE', ""{'proportion': 1.0, 'th_lower': 0.5, 'th_upper': 1.0, 'classifier': RandomForestClassifier(n_estimators=50, n_jobs=1, random_state=5), 'n_jobs': 1, 'random_state': 1}"")",KNeighborsClassifier(),0.8898156277436348,0.49144385026737963,0.8857142857142858,0.6276470588235294,0.8880210772833724,0.6571673998166532
286,"OS_('Supervised_SMOTE', ""{'proportion': 1.0, 'th_lower': 0.5, 'th_upper': 1.0, 'classifier': RandomForestClassifier(n_estimators=50, n_jobs=1, random_state=5), 'n_jobs': 1, 'random_state': 1}"")",MLPClassifier(random_state=1),0.8807726075504828,0.4716666666666667,0.8285714285714285,0.5928590658231256,0.8577010148321623,0.6204881541748977
287,"OS_('Supervised_SMOTE', ""{'proportion': 1.0, 'th_lower': 0.5, 'th_upper': 1.0, 'classifier': RandomForestClassifier(n_estimators=50, n_jobs=1, random_state=5), 'n_jobs': 1, 'random_state': 1}"")","Pipeline(steps=[('standardscaler', StandardScaler()),
                ('svc',
                 SVC(C=1, gamma='auto', kernel='linear', random_state=1))])",0.892669007901668,0.4988888888888889,0.8571428571428571,0.6245144947931325,0.8769867291178768,0.6504834969861946
288,"OS_('SN_SMOTE', ""{'proportion': 1.0, 'n_neighbors': 5, 'n_jobs': 1, 'random_state': 1}"")",DecisionTreeClassifier(random_state=1),0.9076821773485513,0.5731135531135532,0.7142857142857143,0.6247575953458305,0.8222521467603435,0.6340786005525748
289,"OS_('SN_SMOTE', ""{'proportion': 1.0, 'n_neighbors': 5, 'n_jobs': 1, 'random_state': 1}"")",KNeighborsClassifier(),0.8778753292361721,0.4607142857142857,0.8571428571428571,0.5962805991962001,0.8687353629976581,0.6266845657301715
290,"OS_('SN_SMOTE', ""{'proportion': 1.0, 'n_neighbors': 5, 'n_jobs': 1, 'random_state': 1}"")",MLPClassifier(random_state=1),0.8628621597892888,0.44088563655127117,0.8857142857142858,0.581934731934732,0.8729664324746294,0.6208285761153107
291,"OS_('SN_SMOTE', ""{'proportion': 1.0, 'n_neighbors': 5, 'n_jobs': 1, 'random_state': 1}"")","Pipeline(steps=[('standardscaler', StandardScaler()),
                ('svc',
                 SVC(C=1, gamma='auto', kernel='linear', random_state=1))])",0.8778753292361721,0.46000195882548817,0.9142857142857143,0.6093362193362194,0.8939734582357532,0.6469025587437159
292,"OS_('CCR', ""{'proportion': 1.0, 'energy': 1.0, 'scaling': 0.0, 'n_jobs': 1, 'random_state': 1}"")",DecisionTreeClassifier(random_state=1),0.8957857769973661,0.49702020202020203,0.6285714285714286,0.5495952740070388,0.777728337236534,0.5561365498004901
293,"OS_('CCR', ""{'proportion': 1.0, 'energy': 1.0, 'scaling': 0.0, 'n_jobs': 1, 'random_state': 1}"")",KNeighborsClassifier(),0.913564530289728,0.5872222222222222,0.6285714285714287,0.5847058823529412,0.7877010148321624,0.5959448052581879
294,"OS_('CCR', ""{'proportion': 1.0, 'energy': 1.0, 'scaling': 0.0, 'n_jobs': 1, 'random_state': 1}"")",MLPClassifier(random_state=1),0.8510974539069359,0.41233065953654185,0.9142857142857143,0.5638266725223248,0.8790281030444964,0.6111995675310398
295,"OS_('CCR', ""{'proportion': 1.0, 'energy': 1.0, 'scaling': 0.0, 'n_jobs': 1, 'random_state': 1}"")","Pipeline(steps=[('standardscaler', StandardScaler()),
                ('svc',
                 SVC(C=1, gamma='auto', kernel='linear', random_state=1))])",0.8215539947322213,0.37398724082934603,0.9428571428571428,0.5302635250076266,0.8751717408274786,0.5903674372654875
296,"OS_('ANS', ""{'proportion': 1.0, 'n_jobs': 1, 'random_state': 1}"")",DecisionTreeClassifier(random_state=1),0.8898156277436348,0.4885714285714286,0.5428571428571429,0.5124929971988795,0.7365105386416861,0.5140941386614317
297,"OS_('ANS', ""{'proportion': 1.0, 'n_jobs': 1, 'random_state': 1}"")",KNeighborsClassifier(),0.9195346795434591,0.5802020202020202,0.8,0.6708823529411765,0.8667486338797815,0.6804047846132201
298,"OS_('ANS', ""{'proportion': 1.0, 'n_jobs': 1, 'random_state': 1}"")",MLPClassifier(random_state=1),0.9016242317822651,0.5342424242424243,0.8285714285714285,0.6383838383838383,0.8693403590944573,0.6592691848221665
299,"OS_('ANS', ""{'proportion': 1.0, 'n_jobs': 1, 'random_state': 1}"")","Pipeline(steps=[('standardscaler', StandardScaler()),
                ('svc',
                 SVC(C=1, gamma='auto', kernel='linear', random_state=1))])",0.9165057067603162,0.5722222222222222,0.8571428571428571,0.680015479876161,0.8902927400468383,0.6969846578385527
300,"OS_('cluster_SMOTE', ""{'proportion': 1.0, 'n_neighbors': 3, 'n_clusters': 3, 'n_jobs': 1, 'random_state': 1}"")",DecisionTreeClassifier(random_state=1),0.9076821773485515,0.5736507936507936,0.6285714285714284,0.5952898082309848,0.7843403590944574,0.5981845630457601
301,"OS_('cluster_SMOTE', ""{'proportion': 1.0, 'n_neighbors': 3, 'n_clusters': 3, 'n_jobs': 1, 'random_state': 1}"")",KNeighborsClassifier(),0.8898156277436348,0.48769230769230765,0.8571428571428571,0.6193695468618069,0.8754020296643248,0.6452522151115228
302,"OS_('cluster_SMOTE', ""{'proportion': 1.0, 'n_neighbors': 3, 'n_clusters': 3, 'n_jobs': 1, 'random_state': 1}"")",MLPClassifier(random_state=1),0.8837576821773485,0.47543763426116364,0.8571428571428571,0.6055555555555555,0.8720140515222482,0.634922962672738
303,"OS_('cluster_SMOTE', ""{'proportion': 1.0, 'n_neighbors': 3, 'n_clusters': 3, 'n_jobs': 1, 'random_state': 1}"")","Pipeline(steps=[('standardscaler', StandardScaler()),
                ('svc',
                 SVC(C=1, gamma='auto', kernel='linear', random_state=1))])",0.8897278314310798,0.4869949494949495,0.8571428571428571,0.6158911772184082,0.8753473848555815,0.6431532000878223
