,OS,Algorithm,ACC,Precision,recall,F1-Score,AUC,G-measure
0,train_STARM_star_nn_5_rj_0.5,DecisionTreeClassifier(random_state=1),0.6731777231777232,0.44266623311040865,0.4940629274965801,0.465884397607652,0.6200172457388113,0.4671195084333804
1,train_STARM_star_nn_5_rj_0.5,KNeighborsClassifier(),0.7271203021203021,0.5255123534450719,0.6273871409028728,0.5704053270643098,0.697579826375607,0.5734124637605337
2,train_STARM_star_nn_5_rj_0.5,MLPClassifier(random_state=1),0.7486668486668486,0.5585252144289726,0.6737619699042409,0.6099617581958687,0.7264544446677601,0.6130409873344479
3,train_STARM_star_nn_5_rj_0.5,"Pipeline(steps=[('standardscaler', StandardScaler()),
                ('svc',
                 SVC(C=1, gamma='auto', kernel='linear', random_state=1))])",0.7257507507507507,0.5206103157420332,0.6924213406292749,0.5940745078637116,0.7158789167601352,0.6002601659052996
