,OS,Algorithm,ACC,Precision,recall,F1-Score,AUC,G-measure
0,"OS_('SMOTE', ""{'proportion': 1.0, 'n_neighbors': 5, 'n_jobs': 1, 'random_state': 1}"")",DecisionTreeClassifier(random_state=1),0.8012181616832779,0.4531182795698925,0.5666666666666667,0.4587878787878788,0.6933333333333332,0.47699590605834186
1,"OS_('SMOTE', ""{'proportion': 1.0, 'n_neighbors': 5, 'n_jobs': 1, 'random_state': 1}"")",KNeighborsClassifier(),0.8106312292358803,0.5208333333333333,0.8666666666666666,0.5802393684746626,0.8383333333333333,0.6212778743104173
2,"OS_('SMOTE', ""{'proportion': 1.0, 'n_neighbors': 5, 'n_jobs': 1, 'random_state': 1}"")",MLPClassifier(random_state=1),0.8155038759689921,0.5011904761904761,0.8333333333333333,0.5757575757575758,0.8241666666666667,0.61346467880533
3,"OS_('SMOTE', ""{'proportion': 1.0, 'n_neighbors': 5, 'n_jobs': 1, 'random_state': 1}"")","Pipeline(steps=[('standardscaler', StandardScaler()),
                ('svc',
                 SVC(C=1, gamma='auto', kernel='linear', random_state=1))])",0.820376522702104,0.480952380952381,0.8666666666666666,0.5399999999999999,0.8433333333333334,0.5919933165504921
4,"OS_('SMOTE_TomekLinks', ""{'proportion': 1.0, 'n_neighbors': 5, 'n_jobs': 1, 'random_state': 1}"")",DecisionTreeClassifier(random_state=1),0.8012181616832779,0.4531182795698925,0.5666666666666667,0.4587878787878788,0.6933333333333332,0.47699590605834186
5,"OS_('SMOTE_TomekLinks', ""{'proportion': 1.0, 'n_neighbors': 5, 'n_jobs': 1, 'random_state': 1}"")",KNeighborsClassifier(),0.8106312292358803,0.5208333333333333,0.8666666666666666,0.5802393684746626,0.8383333333333333,0.6212778743104173
6,"OS_('SMOTE_TomekLinks', ""{'proportion': 1.0, 'n_neighbors': 5, 'n_jobs': 1, 'random_state': 1}"")",MLPClassifier(random_state=1),0.8155038759689921,0.5011904761904761,0.8333333333333333,0.5757575757575758,0.8241666666666667,0.61346467880533
7,"OS_('SMOTE_TomekLinks', ""{'proportion': 1.0, 'n_neighbors': 5, 'n_jobs': 1, 'random_state': 1}"")","Pipeline(steps=[('standardscaler', StandardScaler()),
                ('svc',
                 SVC(C=1, gamma='auto', kernel='linear', random_state=1))])",0.820376522702104,0.480952380952381,0.8666666666666666,0.5399999999999999,0.8433333333333334,0.5919933165504921
8,"OS_('SMOTE_ENN', ""{'proportion': 1.0, 'n_neighbors': 5, 'n_jobs': 1, 'random_state': 1}"")",DecisionTreeClassifier(random_state=1),0.7918050941306755,0.4534313725490196,0.7333333333333333,0.477979797979798,0.7666666666666667,0.5192979369058649
9,"OS_('SMOTE_ENN', ""{'proportion': 1.0, 'n_neighbors': 5, 'n_jobs': 1, 'random_state': 1}"")",KNeighborsClassifier(),0.8152823920265779,0.5375,0.9333333333333332,0.6183346065699007,0.8716666666666665,0.6611496217339716
10,"OS_('SMOTE_ENN', ""{'proportion': 1.0, 'n_neighbors': 5, 'n_jobs': 1, 'random_state': 1}"")",MLPClassifier(random_state=1),0.8108527131782944,0.4678571428571428,0.8333333333333333,0.5567099567099568,0.8216666666666667,0.5956013993099218
11,"OS_('SMOTE_ENN', ""{'proportion': 1.0, 'n_neighbors': 5, 'n_jobs': 1, 'random_state': 1}"")","Pipeline(steps=[('standardscaler', StandardScaler()),
                ('svc',
                 SVC(C=1, gamma='auto', kernel='linear', random_state=1))])",0.8678848283499445,0.5210526315789473,0.9333333333333332,0.6047619047619047,0.8991666666666666,0.655113311860873
12,"OS_('Borderline_SMOTE2', ""{'proportion': 1.0, 'n_neighbors': 5, 'k_neighbors': 5, 'n_jobs': 1, 'random_state': 1}"")",DecisionTreeClassifier(random_state=1),0.953045404208195,0.7033333333333334,0.7,0.65,0.835,0.6744333991382099
13,"OS_('Borderline_SMOTE2', ""{'proportion': 1.0, 'n_neighbors': 5, 'k_neighbors': 5, 'n_jobs': 1, 'random_state': 1}"")",KNeighborsClassifier(),0.8017718715393134,0.4148351648351648,0.7,0.4812987012987014,0.7549999999999999,0.5121418778363561
14,"OS_('Borderline_SMOTE2', ""{'proportion': 1.0, 'n_neighbors': 5, 'k_neighbors': 5, 'n_jobs': 1, 'random_state': 1}"")",MLPClassifier(random_state=1),0.8344407530454042,0.5127619047619046,0.8333333333333333,0.5881481481481481,0.8341666666666667,0.6234790728639861
15,"OS_('Borderline_SMOTE2', ""{'proportion': 1.0, 'n_neighbors': 5, 'k_neighbors': 5, 'n_jobs': 1, 'random_state': 1}"")","Pipeline(steps=[('standardscaler', StandardScaler()),
                ('svc',
                 SVC(C=1, gamma='auto', kernel='linear', random_state=1))])",0.8156146179401992,0.49950738916256154,0.9333333333333332,0.5791397849462365,0.8716666666666667,0.6322566944567429
16,"OS_('ADASYN', ""{'n_neighbors': 5, 'd_th': 0.9, 'beta': 1.0, 'n_jobs': 1, 'random_state': 1}"")",DecisionTreeClassifier(random_state=1),0.8198228128460686,0.6064516129032258,0.6333333333333333,0.5721212121212121,0.7341666666666666,0.5886993415855833
17,"OS_('ADASYN', ""{'n_neighbors': 5, 'd_th': 0.9, 'beta': 1.0, 'n_jobs': 1, 'random_state': 1}"")",KNeighborsClassifier(),0.8012181616832779,0.4871212121212121,0.8666666666666666,0.5605194805194806,0.8333333333333333,0.6026511912067423
18,"OS_('ADASYN', ""{'n_neighbors': 5, 'd_th': 0.9, 'beta': 1.0, 'n_jobs': 1, 'random_state': 1}"")",MLPClassifier(random_state=1),0.8248062015503874,0.5261904761904761,0.8333333333333333,0.6,0.8291666666666666,0.6324115479034808
19,"OS_('ADASYN', ""{'n_neighbors': 5, 'd_th': 0.9, 'beta': 1.0, 'n_jobs': 1, 'random_state': 1}"")","Pipeline(steps=[('standardscaler', StandardScaler()),
                ('svc',
                 SVC(C=1, gamma='auto', kernel='linear', random_state=1))])",0.8156146179401992,0.48045977011494256,0.8666666666666666,0.5391397849462365,0.8408333333333333,0.5910636413118964
20,"OS_('AHC', ""{'strategy': 'min', 'n_jobs': 1, 'random_state': 1}"")",DecisionTreeClassifier(random_state=1),0.8244739756367663,0.6597849462365591,0.7,0.5954545454545455,0.7675,0.6291227464195932
21,"OS_('AHC', ""{'strategy': 'min', 'n_jobs': 1, 'random_state': 1}"")",KNeighborsClassifier(),0.8250276854928018,0.5826923076923076,0.6,0.470995670995671,0.72,0.52257096086358
22,"OS_('AHC', ""{'strategy': 'min', 'n_jobs': 1, 'random_state': 1}"")",MLPClassifier(random_state=1),0.8486157253599114,0.4,0.13333333333333333,0.2,0.5141666666666665,0.2309401076758503
23,"OS_('AHC', ""{'strategy': 'min', 'n_jobs': 1, 'random_state': 1}"")","Pipeline(steps=[('standardscaler', StandardScaler()),
                ('svc',
                 SVC(C=1, gamma='auto', kernel='linear', random_state=1))])",0.8060908084163897,0.4,0.36666666666666664,0.3466666666666667,0.6008333333333333,0.3644923705673916
24,"OS_('LLE_SMOTE', ""{'proportion': 1.0, 'n_neighbors': 5, 'n_components': 2, 'n_jobs': 1, 'random_state': 1}"")",DecisionTreeClassifier(random_state=1),0.9438538205980066,0.53,0.5333333333333333,0.4714285714285714,0.7516666666666667,0.49969618716362285
25,"OS_('LLE_SMOTE', ""{'proportion': 1.0, 'n_neighbors': 5, 'n_components': 2, 'n_jobs': 1, 'random_state': 1}"")",KNeighborsClassifier(),0.8202657807308968,0.5157407407407407,0.6,0.46955067920585164,0.7174999999999999,0.5060953875001653
26,"OS_('LLE_SMOTE', ""{'proportion': 1.0, 'n_neighbors': 5, 'n_components': 2, 'n_jobs': 1, 'random_state': 1}"")",MLPClassifier(random_state=1),0.8106312292358803,0.5047619047619046,0.7333333333333333,0.5733333333333334,0.7741666666666667,0.5951948016165242
27,"OS_('LLE_SMOTE', ""{'proportion': 1.0, 'n_neighbors': 5, 'n_components': 2, 'n_jobs': 1, 'random_state': 1}"")","Pipeline(steps=[('standardscaler', StandardScaler()),
                ('svc',
                 SVC(C=1, gamma='auto', kernel='linear', random_state=1))])",0.8108527131782944,0.45904761904761904,0.6,0.5033333333333333,0.7125,0.515903845424361
28,"OS_('distance_SMOTE', ""{'proportion': 1.0, 'n_neighbors': 5, 'n_jobs': 1, 'random_state': 1}"")",DecisionTreeClassifier(random_state=1),0.8339977851605758,0.6602298850574713,0.7,0.5962365591397849,0.7725,0.6299840075914996
29,"OS_('distance_SMOTE', ""{'proportion': 1.0, 'n_neighbors': 5, 'n_jobs': 1, 'random_state': 1}"")",KNeighborsClassifier(),0.8107419712070874,0.4879032258064516,0.8,0.5276190476190477,0.8074999999999999,0.5703942498699328
30,"OS_('distance_SMOTE', ""{'proportion': 1.0, 'n_neighbors': 5, 'n_jobs': 1, 'random_state': 1}"")",MLPClassifier(random_state=1),0.8249169435215945,0.5157407407407407,0.8333333333333333,0.5895506792058516,0.8291666666666666,0.6244457294073925
31,"OS_('distance_SMOTE', ""{'proportion': 1.0, 'n_neighbors': 5, 'n_jobs': 1, 'random_state': 1}"")","Pipeline(steps=[('standardscaler', StandardScaler()),
                ('svc',
                 SVC(C=1, gamma='auto', kernel='linear', random_state=1))])",0.8108527131782944,0.45714285714285713,0.5999999999999999,0.4933333333333333,0.7125,0.5103581704244791
32,"OS_('SMMO', ""{'proportion': 1.0, 'n_neighbors': 5, 'ensemble': [QuadraticDiscriminantAnalysis(), DecisionTreeClassifier(random_state=2), GaussianNB()], 'n_jobs': 1, 'random_state': 1}"")",DecisionTreeClassifier(random_state=1),0.815171650055371,0.6264516129032258,0.6,0.5097402597402597,0.715,0.5526808231614946
33,"OS_('SMMO', ""{'proportion': 1.0, 'n_neighbors': 5, 'ensemble': [QuadraticDiscriminantAnalysis(), DecisionTreeClassifier(random_state=2), GaussianNB()], 'n_jobs': 1, 'random_state': 1}"")",KNeighborsClassifier(),0.820376522702104,0.5571428571428572,0.36666666666666664,0.39333333333333337,0.6083333333333333,0.4258282242624042
34,"OS_('SMMO', ""{'proportion': 1.0, 'n_neighbors': 5, 'ensemble': [QuadraticDiscriminantAnalysis(), DecisionTreeClassifier(random_state=2), GaussianNB()], 'n_jobs': 1, 'random_state': 1}"")",MLPClassifier(random_state=1),0.9392026578073089,0.2,0.06666666666666667,0.1,0.5308333333333333,0.11547005383792515
35,"OS_('SMMO', ""{'proportion': 1.0, 'n_neighbors': 5, 'ensemble': [QuadraticDiscriminantAnalysis(), DecisionTreeClassifier(random_state=2), GaussianNB()], 'n_jobs': 1, 'random_state': 1}"")","Pipeline(steps=[('standardscaler', StandardScaler()),
                ('svc',
                 SVC(C=1, gamma='auto', kernel='linear', random_state=1))])",0.8060908084163898,0.2,0.13333333333333333,0.16,0.4916666666666666,0.16329931618554522
36,"OS_('polynom_fit_SMOTE', ""{'proportion': 1.0, 'topology': 'star', 'random_state': 1}"")",DecisionTreeClassifier(random_state=1),0.8293466223698781,0.6602298850574713,0.6,0.5295698924731183,0.7224999999999999,0.5714053638288091
37,"OS_('polynom_fit_SMOTE', ""{'proportion': 1.0, 'topology': 'star', 'random_state': 1}"")",KNeighborsClassifier(),0.8107419712070874,0.4879032258064516,0.8,0.5276190476190477,0.8074999999999999,0.5703942498699328
38,"OS_('polynom_fit_SMOTE', ""{'proportion': 1.0, 'topology': 'star', 'random_state': 1}"")",MLPClassifier(random_state=1),0.8343300110741971,0.5267399267399266,0.8333333333333333,0.6009523809523809,0.8341666666666667,0.6334204335234996
39,"OS_('polynom_fit_SMOTE', ""{'proportion': 1.0, 'topology': 'star', 'random_state': 1}"")","Pipeline(steps=[('standardscaler', StandardScaler()),
                ('svc',
                 SVC(C=1, gamma='auto', kernel='linear', random_state=1))])",0.8249169435215945,0.4874074074074074,0.7,0.5271264367816092,0.7675,0.5535671229265374
40,"OS_('Stefanowski', ""{'strategy': 'weak_amp', 'n_jobs': 1}"")",DecisionTreeClassifier(random_state=1),0.796345514950166,0.5971428571428571,0.7,0.4892406692406692,0.7525,0.551101342428131
41,"OS_('Stefanowski', ""{'strategy': 'weak_amp', 'n_jobs': 1}"")",KNeighborsClassifier(),0.8107419712070874,0.5818965517241379,0.6,0.4696131825164083,0.7124999999999999,0.5210972376242632
42,"OS_('Stefanowski', ""{'strategy': 'weak_amp', 'n_jobs': 1}"")",MLPClassifier(random_state=1),0.8487264673311185,0.4,0.13333333333333333,0.2,0.5141666666666665,0.2309401076758503
43,"OS_('Stefanowski', ""{'strategy': 'weak_amp', 'n_jobs': 1}"")","Pipeline(steps=[('standardscaler', StandardScaler()),
                ('svc',
                 SVC(C=1, gamma='auto', kernel='linear', random_state=1))])",0.8724252491694351,0.5066666666666667,0.7333333333333333,0.533030303030303,0.8091666666666667,0.5664812118111036
44,"OS_('ADOMS', ""{'proportion': 1.0, 'n_neighbors': 5, 'n_jobs': 1, 'random_state': 1}"")",DecisionTreeClassifier(random_state=1),0.8386489479512734,0.6833333333333333,0.5999999999999999,0.6047619047619047,0.7274999999999999,0.6220084679281462
45,"OS_('ADOMS', ""{'proportion': 1.0, 'n_neighbors': 5, 'n_jobs': 1, 'random_state': 1}"")",KNeighborsClassifier(),0.8059800664451826,0.4875,0.8,0.5269060351413293,0.8049999999999999,0.5695941990698566
46,"OS_('ADOMS', ""{'proportion': 1.0, 'n_neighbors': 5, 'n_jobs': 1, 'random_state': 1}"")",MLPClassifier(random_state=1),0.815393133997785,0.5152298850574712,0.8333333333333333,0.5886608015640273,0.8241666666666667,0.6234904632817462
47,"OS_('ADOMS', ""{'proportion': 1.0, 'n_neighbors': 5, 'n_jobs': 1, 'random_state': 1}"")","Pipeline(steps=[('standardscaler', StandardScaler()),
                ('svc',
                 SVC(C=1, gamma='auto', kernel='linear', random_state=1))])",0.8438538205980066,0.5344322344322344,0.9333333333333332,0.6152380952380951,0.8866666666666667,0.6611554433347611
48,"OS_('Safe_Level_SMOTE', ""{'proportion': 1.0, 'n_neighbors': 5, 'n_jobs': 1, 'random_state': 1}"")",DecisionTreeClassifier(random_state=1),0.815171650055371,0.6264516129032258,0.6,0.5097402597402597,0.715,0.5526808231614946
49,"OS_('Safe_Level_SMOTE', ""{'proportion': 1.0, 'n_neighbors': 5, 'n_jobs': 1, 'random_state': 1}"")",KNeighborsClassifier(),0.820376522702104,0.5571428571428572,0.36666666666666664,0.39333333333333337,0.6083333333333333,0.4258282242624042
50,"OS_('Safe_Level_SMOTE', ""{'proportion': 1.0, 'n_neighbors': 5, 'n_jobs': 1, 'random_state': 1}"")",MLPClassifier(random_state=1),0.9392026578073089,0.2,0.06666666666666667,0.1,0.5308333333333333,0.11547005383792515
51,"OS_('Safe_Level_SMOTE', ""{'proportion': 1.0, 'n_neighbors': 5, 'n_jobs': 1, 'random_state': 1}"")","Pipeline(steps=[('standardscaler', StandardScaler()),
                ('svc',
                 SVC(C=1, gamma='auto', kernel='linear', random_state=1))])",0.8060908084163898,0.2,0.13333333333333333,0.16,0.4916666666666666,0.16329931618554522
52,"OS_('MSMOTE', ""{'proportion': 1.0, 'n_neighbors': 5, 'n_jobs': 1, 'random_state': 1}"")",DecisionTreeClassifier(random_state=1),0.8433001107419711,0.6735632183908045,0.7666666666666666,0.6795698924731182,0.8083333333333333,0.6929279532386111
53,"OS_('MSMOTE', ""{'proportion': 1.0, 'n_neighbors': 5, 'n_jobs': 1, 'random_state': 1}"")",KNeighborsClassifier(),0.8015503875968992,0.44333333333333336,0.7999999999999999,0.512012987012987,0.8025,0.5520390457789943
54,"OS_('MSMOTE', ""{'proportion': 1.0, 'n_neighbors': 5, 'n_jobs': 1, 'random_state': 1}"")",MLPClassifier(random_state=1),0.8250276854928018,0.5017399267399266,0.8333333333333333,0.5767099567099567,0.8291666666666668,0.614473564425349
55,"OS_('MSMOTE', ""{'proportion': 1.0, 'n_neighbors': 5, 'n_jobs': 1, 'random_state': 1}"")","Pipeline(steps=[('standardscaler', StandardScaler()),
                ('svc',
                 SVC(C=1, gamma='auto', kernel='linear', random_state=1))])",0.8109634551495015,0.4637931034482759,0.8666666666666666,0.5239882697947214,0.8383333333333333,0.5791212055149796
56,"OS_('DE_oversampling', ""{'proportion': 1.0, 'n_neighbors': 5, 'crossover_rate': 0.5, 'similarity_threshold': 0.5, 'n_clusters': 30, 'n_jobs': 1, 'random_state': 1}"")",DecisionTreeClassifier(random_state=1),0.7176079734219268,0.3853846153846153,0.7666666666666666,0.39502063983488134,0.7408333333333333,0.4649688612250674
57,"OS_('DE_oversampling', ""{'proportion': 1.0, 'n_neighbors': 5, 'crossover_rate': 0.5, 'similarity_threshold': 0.5, 'n_clusters': 30, 'n_jobs': 1, 'random_state': 1}"")",KNeighborsClassifier(),0.7778516057585824,0.44390756302521,0.7666666666666666,0.4589321789321789,0.7733333333333333,0.5151601783160571
58,"OS_('DE_oversampling', ""{'proportion': 1.0, 'n_neighbors': 5, 'crossover_rate': 0.5, 'similarity_threshold': 0.5, 'n_clusters': 30, 'n_jobs': 1, 'random_state': 1}"")",MLPClassifier(random_state=1),0.763344407530454,0.4461196911196911,0.8333333333333333,0.5393473193473193,0.7966666666666666,0.5799343049283825
59,"OS_('DE_oversampling', ""{'proportion': 1.0, 'n_neighbors': 5, 'crossover_rate': 0.5, 'similarity_threshold': 0.5, 'n_clusters': 30, 'n_jobs': 1, 'random_state': 1}"")","Pipeline(steps=[('standardscaler', StandardScaler()),
                ('svc',
                 SVC(C=1, gamma='auto', kernel='linear', random_state=1))])",0.7920265780730896,0.4701587301587301,0.7666666666666666,0.5325,0.7808333333333334,0.567063992341595
60,"OS_('SMOBD', ""{'proportion': 1.0, 'eta1': 0.5, 't': 1.8, 'min_samples': 5, 'max_eps': 1.0, 'n_jobs': 1, 'random_state': 1}"")",DecisionTreeClassifier(random_state=1),0.815171650055371,0.6197849462365591,0.6333333333333333,0.5454545454545454,0.7316666666666667,0.577482968470161
61,"OS_('SMOBD', ""{'proportion': 1.0, 'eta1': 0.5, 't': 1.8, 'min_samples': 5, 'max_eps': 1.0, 'n_jobs': 1, 'random_state': 1}"")",KNeighborsClassifier(),0.8152823920265779,0.5875,0.8666666666666666,0.6069060351413292,0.8408333333333333,0.6512438571626292
62,"OS_('SMOBD', ""{'proportion': 1.0, 'eta1': 0.5, 't': 1.8, 'min_samples': 5, 'max_eps': 1.0, 'n_jobs': 1, 'random_state': 1}"")",MLPClassifier(random_state=1),0.8201550387596898,0.5154761904761904,0.8333333333333333,0.5890909090909091,0.8266666666666665,0.6239553009010441
63,"OS_('SMOBD', ""{'proportion': 1.0, 'eta1': 0.5, 't': 1.8, 'min_samples': 5, 'max_eps': 1.0, 'n_jobs': 1, 'random_state': 1}"")","Pipeline(steps=[('standardscaler', StandardScaler()),
                ('svc',
                 SVC(C=1, gamma='auto', kernel='linear', random_state=1))])",0.8109634551495016,0.4637931034482759,0.7999999999999999,0.5118670576735093,0.8074999999999999,0.5572432455667438
64,"OS_('SUNDO', ""{'n_jobs': 1, 'random_state': 1}"")",DecisionTreeClassifier(random_state=1),0.8337763012181616,0.6654545454545454,0.9333333333333332,0.7061904761904761,0.8816666666666666,0.7374892635733631
65,"OS_('SUNDO', ""{'n_jobs': 1, 'random_state': 1}"")",KNeighborsClassifier(),0.8296788482834995,0.6083333333333333,0.5,0.47575757575757577,0.675,0.5126992305477269
66,"OS_('SUNDO', ""{'n_jobs': 1, 'random_state': 1}"")",MLPClassifier(random_state=1),0.8155038759689921,0.5083333333333333,0.6333333333333333,0.509090909090909,0.7291666666666666,0.5386505329471112
67,"OS_('SUNDO', ""{'n_jobs': 1, 'random_state': 1}"")","Pipeline(steps=[('standardscaler', StandardScaler()),
                ('svc',
                 SVC(C=1, gamma='auto', kernel='linear', random_state=1))])",0.8248062015503874,0.5323809523809524,0.9333333333333332,0.6116666666666666,0.8766666666666667,0.6573252016616704
68,"OS_('MSYN', ""{'pressure': 1.5, 'n_neighbors': 5, 'n_jobs': 1, 'random_state': 1}"")",DecisionTreeClassifier(random_state=1),0.815171650055371,0.5397849462365591,0.6333333333333333,0.5397402597402597,0.7316666666666667,0.5558530706640692
69,"OS_('MSYN', ""{'pressure': 1.5, 'n_neighbors': 5, 'n_jobs': 1, 'random_state': 1}"")",KNeighborsClassifier(),0.8107419712070874,0.521236559139785,0.7666666666666666,0.5142857142857142,0.7908333333333333,0.5634992813478031
70,"OS_('MSYN', ""{'pressure': 1.5, 'n_neighbors': 5, 'n_jobs': 1, 'random_state': 1}"")",MLPClassifier(random_state=1),0.8249169435215945,0.5157407407407407,0.8333333333333333,0.5895506792058516,0.8291666666666666,0.6244457294073925
71,"OS_('MSYN', ""{'pressure': 1.5, 'n_neighbors': 5, 'n_jobs': 1, 'random_state': 1}"")","Pipeline(steps=[('standardscaler', StandardScaler()),
                ('svc',
                 SVC(C=1, gamma='auto', kernel='linear', random_state=1))])",0.8250276854928018,0.4892857142857143,0.8666666666666666,0.5490909090909091,0.8458333333333334,0.5989977498517258
72,"OS_('SVM_balance', ""{'proportion': 1.0, 'n_neighbors': 5, 'n_jobs': 1, 'random_state': 1}"")",DecisionTreeClassifier(random_state=1),0.7965669988925802,0.4397849462365591,0.5666666666666667,0.4476767676767676,0.6908333333333333,0.4679972543176838
73,"OS_('SVM_balance', ""{'proportion': 1.0, 'n_neighbors': 5, 'n_jobs': 1, 'random_state': 1}"")",KNeighborsClassifier(),0.8106312292358803,0.5208333333333333,0.8666666666666666,0.5802393684746626,0.8383333333333333,0.6212778743104173
74,"OS_('SVM_balance', ""{'proportion': 1.0, 'n_neighbors': 5, 'n_jobs': 1, 'random_state': 1}"")",MLPClassifier(random_state=1),0.8155038759689921,0.5011904761904761,0.8333333333333333,0.5757575757575758,0.8241666666666667,0.61346467880533
75,"OS_('SVM_balance', ""{'proportion': 1.0, 'n_neighbors': 5, 'n_jobs': 1, 'random_state': 1}"")","Pipeline(steps=[('standardscaler', StandardScaler()),
                ('svc',
                 SVC(C=1, gamma='auto', kernel='linear', random_state=1))])",0.8157253599114064,0.4666666666666667,0.8666666666666666,0.5266666666666666,0.8408333333333333,0.581502694454778
76,"OS_('TRIM_SMOTE', ""{'proportion': 1.0, 'n_neighbors': 5, 'min_precision': 0.3, 'n_jobs': 1, 'random_state': 1}"")",DecisionTreeClassifier(random_state=1),0.815393133997785,0.3935632183908046,0.5666666666666667,0.4295698924731183,0.7008333333333333,0.4478472870869079
77,"OS_('TRIM_SMOTE', ""{'proportion': 1.0, 'n_neighbors': 5, 'min_precision': 0.3, 'n_jobs': 1, 'random_state': 1}"")",KNeighborsClassifier(),0.8106312292358803,0.5208333333333333,0.8666666666666666,0.5802393684746626,0.8383333333333333,0.6212778743104173
78,"OS_('TRIM_SMOTE', ""{'proportion': 1.0, 'n_neighbors': 5, 'min_precision': 0.3, 'n_jobs': 1, 'random_state': 1}"")",MLPClassifier(random_state=1),0.8202657807308968,0.48240740740740745,0.8333333333333333,0.5705030601582326,0.8266666666666665,0.6065824499119843
79,"OS_('TRIM_SMOTE', ""{'proportion': 1.0, 'n_neighbors': 5, 'min_precision': 0.3, 'n_jobs': 1, 'random_state': 1}"")","Pipeline(steps=[('standardscaler', StandardScaler()),
                ('svc',
                 SVC(C=1, gamma='auto', kernel='linear', random_state=1))])",0.8156146179401992,0.48045977011494256,0.8666666666666666,0.5391397849462365,0.8408333333333333,0.5910636413118964
80,"OS_('SMOTE_RSB', ""{'proportion': 2.0, 'n_neighbors': 5, 'n_jobs': 1, 'random_state': 1}"")",DecisionTreeClassifier(random_state=1),0.8436323366555925,0.6142857142857143,0.7333333333333333,0.5866666666666667,0.7941666666666667,0.6167515645680302
81,"OS_('SMOTE_RSB', ""{'proportion': 2.0, 'n_neighbors': 5, 'n_jobs': 1, 'random_state': 1}"")",KNeighborsClassifier(),0.8106312292358803,0.5208333333333333,0.8666666666666666,0.5802393684746626,0.8383333333333333,0.6212778743104173
82,"OS_('SMOTE_RSB', ""{'proportion': 2.0, 'n_neighbors': 5, 'n_jobs': 1, 'random_state': 1}"")",MLPClassifier(random_state=1),0.8202657807308968,0.5078407224958948,0.9333333333333332,0.5882306940371456,0.8741666666666668,0.6392611277579766
83,"OS_('SMOTE_RSB', ""{'proportion': 2.0, 'n_neighbors': 5, 'n_jobs': 1, 'random_state': 1}"")","Pipeline(steps=[('standardscaler', StandardScaler()),
                ('svc',
                 SVC(C=1, gamma='auto', kernel='linear', random_state=1))])",0.8251384274640088,0.4814814814814815,0.8666666666666666,0.540919540229885,0.8458333333333332,0.5929741735631889
84,"OS_('ProWSyn', ""{'proportion': 1.0, 'n_neighbors': 5, 'L': 5, 'theta': 1.0, 'n_jobs': 1, 'random_state': 1}"")",DecisionTreeClassifier(random_state=1),0.8058693244739755,0.4197849462365591,0.5666666666666667,0.44545454545454544,0.6958333333333333,0.4620129146322359
85,"OS_('ProWSyn', ""{'proportion': 1.0, 'n_neighbors': 5, 'L': 5, 'theta': 1.0, 'n_jobs': 1, 'random_state': 1}"")",KNeighborsClassifier(),0.8107419712070874,0.4879032258064516,0.8666666666666666,0.5619047619047619,0.8383333333333333,0.6042146456150854
86,"OS_('ProWSyn', ""{'proportion': 1.0, 'n_neighbors': 5, 'L': 5, 'theta': 1.0, 'n_jobs': 1, 'random_state': 1}"")",MLPClassifier(random_state=1),0.8202657807308968,0.5014550264550264,0.8333333333333333,0.5762173458725183,0.8266666666666668,0.6139551073116783
87,"OS_('ProWSyn', ""{'proportion': 1.0, 'n_neighbors': 5, 'L': 5, 'theta': 1.0, 'n_jobs': 1, 'random_state': 1}"")","Pipeline(steps=[('standardscaler', StandardScaler()),
                ('svc',
                 SVC(C=1, gamma='auto', kernel='linear', random_state=1))])",0.8296788482834995,0.5,0.8666666666666666,0.5599999999999999,0.8483333333333334,0.6074539968541625
88,"OS_('SL_graph_SMOTE', ""{'proportion': 1.0, 'n_neighbors': 5, 'n_jobs': 1, 'random_state': 1}"")",DecisionTreeClassifier(random_state=1),0.8198228128460686,0.6264516129032258,0.6666666666666666,0.5697402597402598,0.7483333333333333,0.6005100855091147
89,"OS_('SL_graph_SMOTE', ""{'proportion': 1.0, 'n_neighbors': 5, 'n_jobs': 1, 'random_state': 1}"")",KNeighborsClassifier(),0.820376522702104,0.5571428571428572,0.4333333333333333,0.4276190476190476,0.6391666666666667,0.45964862000755674
90,"OS_('SL_graph_SMOTE', ""{'proportion': 1.0, 'n_neighbors': 5, 'n_jobs': 1, 'random_state': 1}"")",MLPClassifier(random_state=1),0.9438538205980066,0.3333333333333333,0.2,0.2333333333333333,0.595,0.24880338717125844
91,"OS_('SL_graph_SMOTE', ""{'proportion': 1.0, 'n_neighbors': 5, 'n_jobs': 1, 'random_state': 1}"")","Pipeline(steps=[('standardscaler', StandardScaler()),
                ('svc',
                 SVC(C=1, gamma='auto', kernel='linear', random_state=1))])",0.8060908084163898,0.2,0.13333333333333333,0.16,0.4916666666666666,0.16329931618554522
92,"OS_('NRSBoundary_SMOTE', ""{'proportion': 1.0, 'n_neighbors': 5, 'w': 0.005, 'n_jobs': 1, 'random_state': 1}"")",DecisionTreeClassifier(random_state=1),0.8106312292358803,0.5533333333333333,0.5666666666666667,0.4791666666666667,0.6983333333333334,0.5112361653781725
93,"OS_('NRSBoundary_SMOTE', ""{'proportion': 1.0, 'n_neighbors': 5, 'w': 0.005, 'n_jobs': 1, 'random_state': 1}"")",KNeighborsClassifier(),0.801328903654485,0.4541666666666667,0.8,0.513572701807996,0.8024999999999999,0.5546112076437507
94,"OS_('NRSBoundary_SMOTE', ""{'proportion': 1.0, 'n_neighbors': 5, 'w': 0.005, 'n_jobs': 1, 'random_state': 1}"")",MLPClassifier(random_state=1),0.8249169435215945,0.512169312169312,0.8333333333333333,0.5871264367816093,0.8291666666666668,0.622411354314115
95,"OS_('NRSBoundary_SMOTE', ""{'proportion': 1.0, 'n_neighbors': 5, 'w': 0.005, 'n_jobs': 1, 'random_state': 1}"")","Pipeline(steps=[('standardscaler', StandardScaler()),
                ('svc',
                 SVC(C=1, gamma='auto', kernel='linear', random_state=1))])",0.8109634551495016,0.4637931034482759,0.7999999999999999,0.5118670576735093,0.8074999999999999,0.5572432455667438
96,"OS_('LVQ_SMOTE', ""{'proportion': 1.0, 'n_neighbors': 5, 'n_clusters': 10, 'n_jobs': 1, 'random_state': 1}"")",DecisionTreeClassifier(random_state=1),0.8244739756367663,0.5954545454545455,0.9333333333333332,0.660952380952381,0.8766666666666666,0.6971963667192635
97,"OS_('LVQ_SMOTE', ""{'proportion': 1.0, 'n_neighbors': 5, 'n_clusters': 10, 'n_jobs': 1, 'random_state': 1}"")",KNeighborsClassifier(),0.7918050941306755,0.4534313725490196,0.8,0.5122655122655123,0.7975,0.5531183326510173
98,"OS_('LVQ_SMOTE', ""{'proportion': 1.0, 'n_neighbors': 5, 'n_clusters': 10, 'n_jobs': 1, 'random_state': 1}"")",MLPClassifier(random_state=1),0.8202657807308968,0.5078407224958948,0.9333333333333332,0.5882306940371456,0.8741666666666668,0.6392611277579766
99,"OS_('LVQ_SMOTE', ""{'proportion': 1.0, 'n_neighbors': 5, 'n_clusters': 10, 'n_jobs': 1, 'random_state': 1}"")","Pipeline(steps=[('standardscaler', StandardScaler()),
                ('svc',
                 SVC(C=1, gamma='auto', kernel='linear', random_state=1))])",0.8299003322259135,0.5010989010989011,0.9333333333333332,0.5819047619047619,0.8791666666666667,0.6352041409353768
100,"OS_('SOI_CJ', ""{'proportion': 1.0, 'n_neighbors': 5, 'method': 'interpolation', 'n_jobs': 1, 'random_state': 1}"")",DecisionTreeClassifier(random_state=1),0.8293466223698781,0.7268965517241379,0.5333333333333333,0.4962365591397849,0.6916666666666667,0.553542084333401
101,"OS_('SOI_CJ', ""{'proportion': 1.0, 'n_neighbors': 5, 'method': 'interpolation', 'n_jobs': 1, 'random_state': 1}"")",KNeighborsClassifier(),0.8108527131782944,0.5642857142857143,0.5333333333333333,0.440952380952381,0.6816666666666666,0.4863747441987992
102,"OS_('SOI_CJ', ""{'proportion': 1.0, 'n_neighbors': 5, 'method': 'interpolation', 'n_jobs': 1, 'random_state': 1}"")",MLPClassifier(random_state=1),0.8108527131782944,0.475,0.6333333333333333,0.49004329004329,0.7266666666666666,0.5207872534517031
103,"OS_('SOI_CJ', ""{'proportion': 1.0, 'n_neighbors': 5, 'method': 'interpolation', 'n_jobs': 1, 'random_state': 1}"")","Pipeline(steps=[('standardscaler', StandardScaler()),
                ('svc',
                 SVC(C=1, gamma='auto', kernel='linear', random_state=1))])",0.8156146179401992,0.46455026455026455,0.7,0.5071264367816092,0.7625,0.5375747231220699
104,"OS_('ROSE', ""{'proportion': 1.0, 'random_state': 1}"")",DecisionTreeClassifier(random_state=1),0.8294573643410852,0.5466666666666666,0.9333333333333332,0.6249999999999999,0.8791666666666667,0.6678158237573845
105,"OS_('ROSE', ""{'proportion': 1.0, 'random_state': 1}"")",KNeighborsClassifier(),0.801439645625692,0.4485632183908046,0.6,0.436279849183075,0.7074999999999999,0.4722938504530047
106,"OS_('ROSE', ""{'proportion': 1.0, 'random_state': 1}"")",MLPClassifier(random_state=1),0.8060908084163897,0.4676108374384236,0.8333333333333333,0.556279849183075,0.8191666666666666,0.5951365616906239
107,"OS_('ROSE', ""{'proportion': 1.0, 'random_state': 1}"")","Pipeline(steps=[('standardscaler', StandardScaler()),
                ('svc',
                 SVC(C=1, gamma='auto', kernel='linear', random_state=1))])",0.8155038759689921,0.5073809523809524,0.9333333333333332,0.5874242424242424,0.8716666666666667,0.6383783325635197
108,"OS_('SMOTE_OUT', ""{'proportion': 1.0, 'n_neighbors': 5, 'n_jobs': 1, 'random_state': 1}"")",DecisionTreeClassifier(random_state=1),0.8291251384274639,0.6897849462365591,0.7,0.6168831168831168,0.7699999999999999,0.6474084933281843
109,"OS_('SMOTE_OUT', ""{'proportion': 1.0, 'n_neighbors': 5, 'n_jobs': 1, 'random_state': 1}"")",KNeighborsClassifier(),0.8060908084163897,0.4545698924731183,0.8,0.5142857142857143,0.8049999999999999,0.5554112584438269
110,"OS_('SMOTE_OUT', ""{'proportion': 1.0, 'n_neighbors': 5, 'n_jobs': 1, 'random_state': 1}"")",MLPClassifier(random_state=1),0.815393133997785,0.5152298850574712,0.8333333333333333,0.5886608015640273,0.8241666666666667,0.6234904632817462
111,"OS_('SMOTE_OUT', ""{'proportion': 1.0, 'n_neighbors': 5, 'n_jobs': 1, 'random_state': 1}"")","Pipeline(steps=[('standardscaler', StandardScaler()),
                ('svc',
                 SVC(C=1, gamma='auto', kernel='linear', random_state=1))])",0.8250276854928018,0.4892857142857143,0.8666666666666666,0.5490909090909091,0.8458333333333334,0.5989977498517258
112,"OS_('SMOTE_Cosine', ""{'proportion': 1.0, 'n_neighbors': 5, 'n_jobs': 1, 'random_state': 1}"")",DecisionTreeClassifier(random_state=1),0.8244739756367663,0.6597849462365591,0.7,0.5954545454545455,0.7675,0.6291227464195932
113,"OS_('SMOTE_Cosine', ""{'proportion': 1.0, 'n_neighbors': 5, 'n_jobs': 1, 'random_state': 1}"")",KNeighborsClassifier(),0.815393133997785,0.5879032258064516,0.8,0.5476190476190477,0.8099999999999999,0.6042146456150854
114,"OS_('SMOTE_Cosine', ""{'proportion': 1.0, 'n_neighbors': 5, 'n_jobs': 1, 'random_state': 1}"")",MLPClassifier(random_state=1),0.8106312292358803,0.5149999999999999,0.8333333333333333,0.5882575757575756,0.8216666666666667,0.6230490656845178
115,"OS_('SMOTE_Cosine', ""{'proportion': 1.0, 'n_neighbors': 5, 'n_jobs': 1, 'random_state': 1}"")","Pipeline(steps=[('standardscaler', StandardScaler()),
                ('svc',
                 SVC(C=1, gamma='auto', kernel='linear', random_state=1))])",0.8109634551495016,0.45740740740740743,0.7,0.4998537095088819,0.76,0.5319372251204456
116,"OS_('Selected_SMOTE', ""{'proportion': 1.0, 'n_neighbors': 5, 'perc_sign_attr': 0.5, 'n_jobs': 1, 'random_state': 1}"")",DecisionTreeClassifier(random_state=1),0.8198228128460686,0.6397849462365591,0.6333333333333333,0.5597402597402598,0.7341666666666666,0.5896734664092217
117,"OS_('Selected_SMOTE', ""{'proportion': 1.0, 'n_neighbors': 5, 'perc_sign_attr': 0.5, 'n_jobs': 1, 'random_state': 1}"")",KNeighborsClassifier(),0.8200442967884827,0.5879032258064516,0.8666666666666666,0.6076190476190476,0.8433333333333334,0.6520439079627055
118,"OS_('Selected_SMOTE', ""{'proportion': 1.0, 'n_neighbors': 5, 'perc_sign_attr': 0.5, 'n_jobs': 1, 'random_state': 1}"")",MLPClassifier(random_state=1),0.8250276854928018,0.48269230769230764,0.8333333333333333,0.5709956709956711,0.8291666666666666,0.6071009070256549
119,"OS_('Selected_SMOTE', ""{'proportion': 1.0, 'n_neighbors': 5, 'perc_sign_attr': 0.5, 'n_jobs': 1, 'random_state': 1}"")","Pipeline(steps=[('standardscaler', StandardScaler()),
                ('svc',
                 SVC(C=1, gamma='auto', kernel='linear', random_state=1))])",0.8390919158361019,0.5338624338624338,0.9333333333333332,0.6142528735632183,0.8841666666666667,0.6601185291074199
120,"OS_('LN_SMOTE', ""{'proportion': 1.0, 'n_neighbors': 5, 'n_jobs': 1, 'random_state': 1}"")",DecisionTreeClassifier(random_state=1),0.815171650055371,0.5864516129032258,0.6333333333333333,0.5521212121212121,0.7316666666666667,0.5736285555772204
121,"OS_('LN_SMOTE', ""{'proportion': 1.0, 'n_neighbors': 5, 'n_jobs': 1, 'random_state': 1}"")",KNeighborsClassifier(),0.8250276854928018,0.4904761904761904,0.5999999999999999,0.5276190476190477,0.72,0.5360905432656554
122,"OS_('LN_SMOTE', ""{'proportion': 1.0, 'n_neighbors': 5, 'n_jobs': 1, 'random_state': 1}"")",MLPClassifier(random_state=1),0.9345514950166113,0.49404761904761896,0.7333333333333333,0.5624242424242424,0.8391666666666667,0.5867385546140875
123,"OS_('LN_SMOTE', ""{'proportion': 1.0, 'n_neighbors': 5, 'n_jobs': 1, 'random_state': 1}"")","Pipeline(steps=[('standardscaler', StandardScaler()),
                ('svc',
                 SVC(C=1, gamma='auto', kernel='linear', random_state=1))])",0.815393133997785,0.5047619047619046,0.7333333333333333,0.5733333333333334,0.7766666666666667,0.5951948016165242
124,"OS_('MWMOTE', ""{'proportion': 1.0, 'k1': 5, 'k2': 5, 'k3': 5, 'M': 10, 'cf_th': 5.0, 'cmax': 10.0, 'n_jobs': 1, 'random_state': 1}"")",DecisionTreeClassifier(random_state=1),0.815393133997785,0.5535632183908046,0.5666666666666667,0.4795698924731183,0.7008333333333333,0.5116775629754009
125,"OS_('MWMOTE', ""{'proportion': 1.0, 'k1': 5, 'k2': 5, 'k3': 5, 'M': 10, 'cf_th': 5.0, 'cmax': 10.0, 'n_jobs': 1, 'random_state': 1}"")",KNeighborsClassifier(),0.7965669988925802,0.4537878787878788,0.8,0.512900432900433,0.8,0.5538478040354838
126,"OS_('MWMOTE', ""{'proportion': 1.0, 'k1': 5, 'k2': 5, 'k3': 5, 'M': 10, 'cf_th': 5.0, 'cmax': 10.0, 'n_jobs': 1, 'random_state': 1}"")",MLPClassifier(random_state=1),0.8249169435215945,0.5157407407407407,0.8333333333333333,0.5895506792058516,0.8291666666666666,0.6244457294073925
127,"OS_('MWMOTE', ""{'proportion': 1.0, 'k1': 5, 'k2': 5, 'k3': 5, 'M': 10, 'cf_th': 5.0, 'cmax': 10.0, 'n_jobs': 1, 'random_state': 1}"")","Pipeline(steps=[('standardscaler', StandardScaler()),
                ('svc',
                 SVC(C=1, gamma='auto', kernel='linear', random_state=1))])",0.8109634551495016,0.4637931034482759,0.7999999999999999,0.5118670576735093,0.8074999999999999,0.5572432455667438
128,"OS_('PDFOS', ""{'proportion': 1.0, 'n_jobs': 1, 'random_state': 1}"")",DecisionTreeClassifier(random_state=1),0.8531561461794019,0.5483333333333333,0.9,0.6487179487179487,0.875,0.6801275373933842
129,"OS_('PDFOS', ""{'proportion': 1.0, 'n_jobs': 1, 'random_state': 1}"")",KNeighborsClassifier(),0.801328903654485,0.4875,0.7,0.46023936847466257,0.7549999999999999,0.5110155553071661
130,"OS_('PDFOS', ""{'proportion': 1.0, 'n_jobs': 1, 'random_state': 1}"")",MLPClassifier(random_state=1),0.8201550387596898,0.5154761904761904,0.8333333333333333,0.5890909090909091,0.8266666666666665,0.6239553009010441
131,"OS_('PDFOS', ""{'proportion': 1.0, 'n_jobs': 1, 'random_state': 1}"")","Pipeline(steps=[('standardscaler', StandardScaler()),
                ('svc',
                 SVC(C=1, gamma='auto', kernel='linear', random_state=1))])",0.8344407530454042,0.5195767195767195,0.9333333333333332,0.600919540229885,0.8816666666666666,0.6496279070117058
132,"OS_('NEATER', ""{'proportion': 1.0, 'smote_n_neighbors': 5, 'b': 5, 'alpha': 0.1, 'h': 20, 'n_jobs': 1, 'random_state': 1}"")",DecisionTreeClassifier(random_state=1),0.8198228128460686,0.6064516129032258,0.7666666666666666,0.6197402597402598,0.7958333333333333,0.645590751660818
133,"OS_('NEATER', ""{'proportion': 1.0, 'smote_n_neighbors': 5, 'b': 5, 'alpha': 0.1, 'h': 20, 'n_jobs': 1, 'random_state': 1}"")",KNeighborsClassifier(),0.8059800664451826,0.4875,0.8666666666666666,0.5611917494270436,0.8358333333333332,0.6034145948150091
134,"OS_('NEATER', ""{'proportion': 1.0, 'smote_n_neighbors': 5, 'b': 5, 'alpha': 0.1, 'h': 20, 'n_jobs': 1, 'random_state': 1}"")",MLPClassifier(random_state=1),0.8295681063122922,0.5328407224958949,0.9333333333333332,0.6124731182795699,0.8791666666666667,0.6582079968561272
135,"OS_('NEATER', ""{'proportion': 1.0, 'smote_n_neighbors': 5, 'b': 5, 'alpha': 0.1, 'h': 20, 'n_jobs': 1, 'random_state': 1}"")","Pipeline(steps=[('standardscaler', StandardScaler()),
                ('svc',
                 SVC(C=1, gamma='auto', kernel='linear', random_state=1))])",0.8249169435215945,0.49950738916256154,0.8666666666666666,0.5591397849462365,0.8458333333333334,0.6065243216155667
136,"OS_('Gazzah', ""{'proportion': 1.0, 'n_components': 2, 'n_jobs': 1, 'random_state': 1}"")",DecisionTreeClassifier(random_state=1),0.8204872646733111,0.27942857142857147,0.6333333333333333,0.36910052910052904,0.7316666666666667,0.4056157933685779
137,"OS_('Gazzah', ""{'proportion': 1.0, 'n_components': 2, 'n_jobs': 1, 'random_state': 1}"")",KNeighborsClassifier(),0.801328903654485,0.4732142857142857,0.9333333333333332,0.5669060351413293,0.8641666666666665,0.6188752751186793
138,"OS_('Gazzah', ""{'proportion': 1.0, 'n_components': 2, 'n_jobs': 1, 'random_state': 1}"")",MLPClassifier(random_state=1),0.8108527131782944,0.47404761904761905,0.9333333333333332,0.5683766233766234,0.8691666666666666,0.6205150530681116
139,"OS_('Gazzah', ""{'proportion': 1.0, 'n_components': 2, 'n_jobs': 1, 'random_state': 1}"")","Pipeline(steps=[('standardscaler', StandardScaler()),
                ('svc',
                 SVC(C=1, gamma='auto', kernel='linear', random_state=1))])",0.8390919158361019,0.5413333333333333,0.7333333333333333,0.548148148148148,0.7891666666666667,0.5858816732927238
140,"OS_('MCT', ""{'proportion': 1.0, 'n_jobs': 1, 'random_state': 1}"")",DecisionTreeClassifier(random_state=1),0.8246954595791804,0.6068965517241379,0.5666666666666667,0.5129032258064516,0.7058333333333333,0.5417313404098697
141,"OS_('MCT', ""{'proportion': 1.0, 'n_jobs': 1, 'random_state': 1}"")",KNeighborsClassifier(),0.8059800664451826,0.4875,0.8,0.5269060351413293,0.8049999999999999,0.5695941990698566
142,"OS_('MCT', ""{'proportion': 1.0, 'n_jobs': 1, 'random_state': 1}"")",MLPClassifier(random_state=1),0.8202657807308968,0.5014550264550264,0.8333333333333333,0.5762173458725183,0.8266666666666668,0.6139551073116783
143,"OS_('MCT', ""{'proportion': 1.0, 'n_jobs': 1, 'random_state': 1}"")","Pipeline(steps=[('standardscaler', StandardScaler()),
                ('svc',
                 SVC(C=1, gamma='auto', kernel='linear', random_state=1))])",0.820376522702104,0.480952380952381,0.8666666666666666,0.5399999999999999,0.8433333333333334,0.5919933165504921
144,"OS_('ADG', ""{'proportion': 1.0, 'kernel': 'inner', 'lam': 1.0, 'mu': 1.0, 'k': 12, 'gamma': 1.0, 'n_jobs': 1, 'random_state': 1}"")",DecisionTreeClassifier(random_state=1),0.815171650055371,0.6264516129032258,0.6,0.5097402597402597,0.715,0.5526808231614946
145,"OS_('ADG', ""{'proportion': 1.0, 'kernel': 'inner', 'lam': 1.0, 'mu': 1.0, 'k': 12, 'gamma': 1.0, 'n_jobs': 1, 'random_state': 1}"")",KNeighborsClassifier(),0.820376522702104,0.5571428571428572,0.36666666666666664,0.39333333333333337,0.6083333333333333,0.4258282242624042
146,"OS_('ADG', ""{'proportion': 1.0, 'kernel': 'inner', 'lam': 1.0, 'mu': 1.0, 'k': 12, 'gamma': 1.0, 'n_jobs': 1, 'random_state': 1}"")",MLPClassifier(random_state=1),0.9392026578073089,0.2,0.06666666666666667,0.1,0.5308333333333333,0.11547005383792515
147,"OS_('ADG', ""{'proportion': 1.0, 'kernel': 'inner', 'lam': 1.0, 'mu': 1.0, 'k': 12, 'gamma': 1.0, 'n_jobs': 1, 'random_state': 1}"")","Pipeline(steps=[('standardscaler', StandardScaler()),
                ('svc',
                 SVC(C=1, gamma='auto', kernel='linear', random_state=1))])",0.8060908084163898,0.2,0.13333333333333333,0.16,0.4916666666666666,0.16329931618554522
148,"OS_('SMOTE_IPF', ""{'proportion': 1.0, 'n_neighbors': 5, 'n_folds': 9, 'k': 3, 'p': 0.01, 'voting': 'majority', 'n_jobs': 1, 'classifier': DecisionTreeClassifier(random_state=2), 'random_state': 1}"")",DecisionTreeClassifier(random_state=1),0.8012181616832779,0.4531182795698925,0.5666666666666667,0.4587878787878788,0.6933333333333332,0.47699590605834186
149,"OS_('SMOTE_IPF', ""{'proportion': 1.0, 'n_neighbors': 5, 'n_folds': 9, 'k': 3, 'p': 0.01, 'voting': 'majority', 'n_jobs': 1, 'classifier': DecisionTreeClassifier(random_state=2), 'random_state': 1}"")",KNeighborsClassifier(),0.8106312292358803,0.5208333333333333,0.8666666666666666,0.5802393684746626,0.8383333333333333,0.6212778743104173
150,"OS_('SMOTE_IPF', ""{'proportion': 1.0, 'n_neighbors': 5, 'n_folds': 9, 'k': 3, 'p': 0.01, 'voting': 'majority', 'n_jobs': 1, 'classifier': DecisionTreeClassifier(random_state=2), 'random_state': 1}"")",MLPClassifier(random_state=1),0.8155038759689921,0.5011904761904761,0.8333333333333333,0.5757575757575758,0.8241666666666667,0.61346467880533
151,"OS_('SMOTE_IPF', ""{'proportion': 1.0, 'n_neighbors': 5, 'n_folds': 9, 'k': 3, 'p': 0.01, 'voting': 'majority', 'n_jobs': 1, 'classifier': DecisionTreeClassifier(random_state=2), 'random_state': 1}"")","Pipeline(steps=[('standardscaler', StandardScaler()),
                ('svc',
                 SVC(C=1, gamma='auto', kernel='linear', random_state=1))])",0.820376522702104,0.480952380952381,0.8666666666666666,0.5399999999999999,0.8433333333333334,0.5919933165504921
152,"OS_('KernelADASYN', ""{'proportion': 1.0, 'k': 5, 'h': 1.0, 'n_jobs': 1, 'random_state': 1}"")",DecisionTreeClassifier(random_state=1),0.8133997785160577,0.14285714285714285,0.5,0.22003878474466712,0.6653658536585365,0.26537207468165597
153,"OS_('KernelADASYN', ""{'proportion': 1.0, 'k': 5, 'h': 1.0, 'n_jobs': 1, 'random_state': 1}"")",KNeighborsClassifier(),0.7968992248062016,0.10714285714285714,0.16666666666666666,0.09333333333333334,0.5033333333333333,0.10837578228401505
154,"OS_('KernelADASYN', ""{'proportion': 1.0, 'k': 5, 'h': 1.0, 'n_jobs': 1, 'random_state': 1}"")",MLPClassifier(random_state=1),0.7922480620155039,0.16666666666666666,0.13333333333333333,0.14666666666666667,0.4841666666666666,0.1483163247594393
155,"OS_('KernelADASYN', ""{'proportion': 1.0, 'k': 5, 'h': 1.0, 'n_jobs': 1, 'random_state': 1}"")","Pipeline(steps=[('standardscaler', StandardScaler()),
                ('svc',
                 SVC(C=1, gamma='auto', kernel='linear', random_state=1))])",0.9060908084163899,0.16666666666666666,0.13333333333333333,0.14666666666666667,0.5441666666666667,0.1483163247594393
156,"OS_('MOT2LD', ""{'proportion': 1.0, 'n_components': 2, 'k': 5, 'd_cut': 'auto', 'n_jobs': 1, 'random_state': 1}"")",DecisionTreeClassifier(random_state=1),0.8339977851605758,0.7268965517241379,0.6333333333333333,0.5629032258064516,0.7416666666666666,0.6121207280960915
157,"OS_('MOT2LD', ""{'proportion': 1.0, 'n_components': 2, 'k': 5, 'd_cut': 'auto', 'n_jobs': 1, 'random_state': 1}"")",KNeighborsClassifier(),0.8108527131782944,0.4704761904761905,0.7333333333333333,0.4992857142857143,0.7766666666666666,0.5360466459745269
158,"OS_('MOT2LD', ""{'proportion': 1.0, 'n_components': 2, 'k': 5, 'd_cut': 'auto', 'n_jobs': 1, 'random_state': 1}"")",MLPClassifier(random_state=1),0.8250276854928018,0.5017399267399266,0.8333333333333333,0.5767099567099567,0.8291666666666668,0.614473564425349
159,"OS_('MOT2LD', ""{'proportion': 1.0, 'n_components': 2, 'k': 5, 'd_cut': 'auto', 'n_jobs': 1, 'random_state': 1}"")","Pipeline(steps=[('standardscaler', StandardScaler()),
                ('svc',
                 SVC(C=1, gamma='auto', kernel='linear', random_state=1))])",0.8202657807308968,0.4637931034482759,0.7333333333333333,0.4962826420890936,0.7816666666666667,0.5333286143929337
160,"OS_('V_SYNTH', ""{'proportion': 1.0, 'n_components': 3, 'n_jobs': 1, 'random_state': 1}"")",DecisionTreeClassifier(random_state=1),0.8437430786267995,0.5538624338624338,0.9333333333333332,0.6309195402298851,0.8866666666666667,0.6736165067184071
161,"OS_('V_SYNTH', ""{'proportion': 1.0, 'n_components': 3, 'n_jobs': 1, 'random_state': 1}"")",KNeighborsClassifier(),0.8201550387596898,0.5633333333333334,0.8333333333333333,0.5630952380952381,0.8266666666666665,0.6150696021148879
162,"OS_('V_SYNTH', ""{'proportion': 1.0, 'n_components': 3, 'n_jobs': 1, 'random_state': 1}"")",MLPClassifier(random_state=1),0.7919158361018825,0.46450216450216447,0.9333333333333332,0.5571428571428572,0.8591666666666666,0.6111074382091788
163,"OS_('V_SYNTH', ""{'proportion': 1.0, 'n_components': 3, 'n_jobs': 1, 'random_state': 1}"")","Pipeline(steps=[('standardscaler', StandardScaler()),
                ('svc',
                 SVC(C=1, gamma='auto', kernel='linear', random_state=1))])",0.7827242524916943,0.43916666666666665,1.0,0.5491704374057316,0.885,0.6164359215762678
164,"OS_('OUPS', ""{'proportion': 1.0, 'n_jobs': 1, 'random_state': 1}"")",DecisionTreeClassifier(random_state=1),0.8058693244739755,0.5481182795698925,0.7,0.547878787878788,0.7575,0.5778404953914089
165,"OS_('OUPS', ""{'proportion': 1.0, 'n_jobs': 1, 'random_state': 1}"")",KNeighborsClassifier(),0.7681063122923587,0.4571929824561404,0.8666666666666666,0.5342857142857144,0.8158333333333333,0.580102810348827
166,"OS_('OUPS', ""{'proportion': 1.0, 'n_jobs': 1, 'random_state': 1}"")",MLPClassifier(random_state=1),0.7965669988925802,0.4728354978354978,0.9333333333333332,0.5662337662337663,0.8616666666666667,0.6181118715104125
167,"OS_('OUPS', ""{'proportion': 1.0, 'n_jobs': 1, 'random_state': 1}"")","Pipeline(steps=[('standardscaler', StandardScaler()),
                ('svc',
                 SVC(C=1, gamma='auto', kernel='linear', random_state=1))])",0.7920265780730895,0.4541666666666667,0.9333333333333332,0.5469060351413293,0.8591666666666665,0.6034145948150091
168,"OS_('SMOTE_D', ""{'proportion': 1.0, 'k': 3, 'n_jobs': 1, 'random_state': 1}"")",DecisionTreeClassifier(random_state=1),0.8388704318936876,0.6274074074074074,0.6,0.5371264367816092,0.7274999999999998,0.5685062170615149
169,"OS_('SMOTE_D', ""{'proportion': 1.0, 'k': 3, 'n_jobs': 1, 'random_state': 1}"")",KNeighborsClassifier(),0.820376522702104,0.5571428571428572,0.36666666666666664,0.39333333333333337,0.6083333333333333,0.4258282242624042
170,"OS_('SMOTE_D', ""{'proportion': 1.0, 'k': 3, 'n_jobs': 1, 'random_state': 1}"")",MLPClassifier(random_state=1),0.820376522702104,0.3,0.13333333333333333,0.18,0.49916666666666665,0.19711971193069774
171,"OS_('SMOTE_D', ""{'proportion': 1.0, 'k': 3, 'n_jobs': 1, 'random_state': 1}"")","Pipeline(steps=[('standardscaler', StandardScaler()),
                ('svc',
                 SVC(C=1, gamma='auto', kernel='linear', random_state=1))])",0.8152823920265782,0.4,0.13333333333333333,0.2,0.4966666666666666,0.2309401076758503
172,"OS_('SMOTE_PSO', ""{'k': 3, 'eps': 0.05, 'n_pop': 10, 'w': 1.0, 'c1': 2.0, 'c2': 2.0, 'num_it': 10, 'n_jobs': 1, 'random_state': 1}"")",DecisionTreeClassifier(random_state=1),0.8196013289036544,0.676060606060606,0.7666666666666666,0.6328571428571428,0.7958333333333333,0.6682127666389761
173,"OS_('SMOTE_PSO', ""{'k': 3, 'eps': 0.05, 'n_pop': 10, 'w': 1.0, 'c1': 2.0, 'c2': 2.0, 'num_it': 10, 'n_jobs': 1, 'random_state': 1}"")",KNeighborsClassifier(),0.801328903654485,0.4875,0.7,0.46023936847466257,0.7549999999999999,0.5110155553071661
174,"OS_('SMOTE_PSO', ""{'k': 3, 'eps': 0.05, 'n_pop': 10, 'w': 1.0, 'c1': 2.0, 'c2': 2.0, 'num_it': 10, 'n_jobs': 1, 'random_state': 1}"")",MLPClassifier(random_state=1),0.8108527131782944,0.36666666666666664,0.2333333333333333,0.27999999999999997,0.5416666666666666,0.2897376809967488
175,"OS_('SMOTE_PSO', ""{'k': 3, 'eps': 0.05, 'n_pop': 10, 'w': 1.0, 'c1': 2.0, 'c2': 2.0, 'num_it': 10, 'n_jobs': 1, 'random_state': 1}"")","Pipeline(steps=[('standardscaler', StandardScaler()),
                ('svc',
                 SVC(C=1, gamma='auto', kernel='linear', random_state=1))])",0.8343300110741971,0.5276190476190477,0.8666666666666666,0.5933333333333333,0.8508333333333333,0.6314864938519921
176,"OS_('CURE_SMOTE', ""{'proportion': 1.0, 'n_clusters': 5, 'noise_th': 2, 'n_jobs': 1, 'random_state': 1}"")",DecisionTreeClassifier(random_state=1),0.8386489479512734,0.756896551724138,0.6333333333333333,0.584331797235023,0.7441666666666665,0.6304064750046826
177,"OS_('CURE_SMOTE', ""{'proportion': 1.0, 'n_clusters': 5, 'noise_th': 2, 'n_jobs': 1, 'random_state': 1}"")",KNeighborsClassifier(),0.8202657807308968,0.5571428571428572,0.5333333333333333,0.49428571428571433,0.6866666666666666,0.5182272637702472
178,"OS_('CURE_SMOTE', ""{'proportion': 1.0, 'n_clusters': 5, 'noise_th': 2, 'n_jobs': 1, 'random_state': 1}"")",MLPClassifier(random_state=1),0.8296788482834995,0.495,0.7333333333333333,0.5733766233766234,0.7841666666666667,0.5928638748253807
179,"OS_('CURE_SMOTE', ""{'proportion': 1.0, 'n_clusters': 5, 'noise_th': 2, 'n_jobs': 1, 'random_state': 1}"")","Pipeline(steps=[('standardscaler', StandardScaler()),
                ('svc',
                 SVC(C=1, gamma='auto', kernel='linear', random_state=1))])",0.8297895902547066,0.45,0.5333333333333333,0.4704761904761904,0.6916666666666667,0.48080604124904464
180,"OS_('SOMO', ""{'proportion': 1.0, 'n_grid': 10, 'sigma': 0.2, 'learning_rate': 0.5, 'n_iter': 100, 'n_jobs': 1, 'random_state': 1}"")",DecisionTreeClassifier(random_state=1),0.8342192691029899,0.6274074074074074,0.6,0.5114121510673235,0.7249999999999999,0.5544973504590474
181,"OS_('SOMO', ""{'proportion': 1.0, 'n_grid': 10, 'sigma': 0.2, 'learning_rate': 0.5, 'n_iter': 100, 'n_jobs': 1, 'random_state': 1}"")",KNeighborsClassifier(),0.8156146179401992,0.5571428571428572,0.36666666666666664,0.39333333333333337,0.6058333333333332,0.4258282242624042
182,"OS_('SOMO', ""{'proportion': 1.0, 'n_grid': 10, 'sigma': 0.2, 'learning_rate': 0.5, 'n_iter': 100, 'n_jobs': 1, 'random_state': 1}"")",MLPClassifier(random_state=1),0.8202657807308971,0.2,0.06666666666666667,0.1,0.46833333333333327,0.11547005383792515
183,"OS_('SOMO', ""{'proportion': 1.0, 'n_grid': 10, 'sigma': 0.2, 'learning_rate': 0.5, 'n_iter': 100, 'n_jobs': 1, 'random_state': 1}"")","Pipeline(steps=[('standardscaler', StandardScaler()),
                ('svc',
                 SVC(C=1, gamma='auto', kernel='linear', random_state=1))])",0.820376522702104,0.2,0.13333333333333333,0.16,0.49916666666666665,0.16329931618554522
184,"OS_('CE_SMOTE', ""{'proportion': 1.0, 'h': 10, 'k': 5, 'alpha': 0.5, 'n_jobs': 1, 'random_state': 1}"")",DecisionTreeClassifier(random_state=1),0.8291251384274639,0.5564516129032258,0.6333333333333333,0.5435497835497836,0.7391666666666666,0.5619044223424711
185,"OS_('CE_SMOTE', ""{'proportion': 1.0, 'h': 10, 'k': 5, 'alpha': 0.5, 'n_jobs': 1, 'random_state': 1}"")",KNeighborsClassifier(),0.8107419712070874,0.4879032258064516,0.8,0.5333333333333333,0.8074999999999999,0.5732745379392351
186,"OS_('CE_SMOTE', ""{'proportion': 1.0, 'h': 10, 'k': 5, 'alpha': 0.5, 'n_jobs': 1, 'random_state': 1}"")",MLPClassifier(random_state=1),0.8202657807308968,0.5014550264550264,0.8333333333333333,0.5762173458725183,0.8266666666666668,0.6139551073116783
187,"OS_('CE_SMOTE', ""{'proportion': 1.0, 'h': 10, 'k': 5, 'alpha': 0.5, 'n_jobs': 1, 'random_state': 1}"")","Pipeline(steps=[('standardscaler', StandardScaler()),
                ('svc',
                 SVC(C=1, gamma='auto', kernel='linear', random_state=1))])",0.8250276854928018,0.4142857142857143,0.6666666666666666,0.43999999999999995,0.7533333333333333,0.47652326271256695
188,"OS_('Edge_Det_SMOTE', ""{'proportion': 1.0, 'k': 5, 'n_jobs': 1, 'random_state': 1}"")",DecisionTreeClassifier(random_state=1),0.8291251384274639,0.7264516129032258,0.7,0.6221212121212121,0.7699999999999999,0.6590887292718051
189,"OS_('Edge_Det_SMOTE', ""{'proportion': 1.0, 'k': 5, 'n_jobs': 1, 'random_state': 1}"")",KNeighborsClassifier(),0.815393133997785,0.521236559139785,0.8666666666666666,0.5809523809523809,0.8408333333333333,0.6220779251104935
190,"OS_('Edge_Det_SMOTE', ""{'proportion': 1.0, 'k': 5, 'n_jobs': 1, 'random_state': 1}"")",MLPClassifier(random_state=1),0.8155038759689921,0.4821428571428571,0.8333333333333333,0.5700432900432901,0.8241666666666665,0.606092021405636
191,"OS_('Edge_Det_SMOTE', ""{'proportion': 1.0, 'k': 5, 'n_jobs': 1, 'random_state': 1}"")","Pipeline(steps=[('standardscaler', StandardScaler()),
                ('svc',
                 SVC(C=1, gamma='auto', kernel='linear', random_state=1))])",0.8156146179401992,0.470935960591133,0.7999999999999999,0.5191397849462365,0.8099999999999999,0.5628807435683681
192,"OS_('DBSMOTE', ""{'proportion': 1.0, 'eps': 0.8, 'min_samples': 3, 'n_jobs': 1, 'random_state': 1}"")",DecisionTreeClassifier(random_state=1),0.8339977851605758,0.7268965517241379,0.6333333333333333,0.5629032258064516,0.7416666666666666,0.6121207280960915
193,"OS_('DBSMOTE', ""{'proportion': 1.0, 'eps': 0.8, 'min_samples': 3, 'n_jobs': 1, 'random_state': 1}"")",KNeighborsClassifier(),0.8156146179401992,0.5238095238095238,0.4666666666666667,0.44666666666666666,0.6533333333333332,0.4694238765989887
194,"OS_('DBSMOTE', ""{'proportion': 1.0, 'eps': 0.8, 'min_samples': 3, 'n_jobs': 1, 'random_state': 1}"")",MLPClassifier(random_state=1),0.8202657807308968,0.475,0.7333333333333333,0.5567099567099567,0.7791666666666666,0.5793658972143935
195,"OS_('DBSMOTE', ""{'proportion': 1.0, 'eps': 0.8, 'min_samples': 3, 'n_jobs': 1, 'random_state': 1}"")","Pipeline(steps=[('standardscaler', StandardScaler()),
                ('svc',
                 SVC(C=1, gamma='auto', kernel='linear', random_state=1))])",0.8250276854928018,0.4,0.4666666666666666,0.4133333333333333,0.6583333333333334,0.4230710143300821
196,"OS_('ASMOBD', ""{'proportion': 1.0, 'min_samples': 3, 'eps': 0.8, 'eta': 0.5, 'T_1': 1.0, 'T_2': 1.0, 't_1': 4.0, 't_2': 4.0, 'a': 0.05, 'smoothing': 'linear', 'n_jobs': 1, 'random_state': 1}"")",DecisionTreeClassifier(random_state=1),0.8200442967884827,0.5935632183908046,0.5333333333333333,0.4629032258064516,0.6866666666666666,0.5047386971621426
197,"OS_('ASMOBD', ""{'proportion': 1.0, 'min_samples': 3, 'eps': 0.8, 'eta': 0.5, 'T_1': 1.0, 'T_2': 1.0, 't_1': 4.0, 't_2': 4.0, 'a': 0.05, 'smoothing': 'linear', 'n_jobs': 1, 'random_state': 1}"")",KNeighborsClassifier(),0.8155038759689921,0.5642857142857143,0.5999999999999999,0.500952380952381,0.715,0.5342040065464192
198,"OS_('ASMOBD', ""{'proportion': 1.0, 'min_samples': 3, 'eps': 0.8, 'eta': 0.5, 'T_1': 1.0, 'T_2': 1.0, 't_1': 4.0, 't_2': 4.0, 'a': 0.05, 'smoothing': 'linear', 'n_jobs': 1, 'random_state': 1}"")",MLPClassifier(random_state=1),0.8156146179401993,0.3024074074074074,0.6333333333333333,0.38716972682489925,0.7291666666666666,0.4200804275229716
199,"OS_('ASMOBD', ""{'proportion': 1.0, 'min_samples': 3, 'eps': 0.8, 'eta': 0.5, 'T_1': 1.0, 'T_2': 1.0, 't_1': 4.0, 't_2': 4.0, 'a': 0.05, 'smoothing': 'linear', 'n_jobs': 1, 'random_state': 1}"")","Pipeline(steps=[('standardscaler', StandardScaler()),
                ('svc',
                 SVC(C=1, gamma='auto', kernel='linear', random_state=1))])",0.8156146179401993,0.26666666666666666,0.3333333333333333,0.27999999999999997,0.5891666666666666,0.2897376809967488
200,"OS_('Assembled_SMOTE', ""{'proportion': 1.0, 'n_neighbors': 5, 'pop': 2, 'thres': 0.3, 'n_jobs': 1, 'random_state': 1}"")",DecisionTreeClassifier(random_state=1),0.8105204872646732,0.4197849462365591,0.5666666666666667,0.44545454545454544,0.6983333333333334,0.4620129146322359
201,"OS_('Assembled_SMOTE', ""{'proportion': 1.0, 'n_neighbors': 5, 'pop': 2, 'thres': 0.3, 'n_jobs': 1, 'random_state': 1}"")",KNeighborsClassifier(),0.8059800664451826,0.4875,0.8666666666666666,0.5611917494270436,0.8358333333333332,0.6034145948150091
202,"OS_('Assembled_SMOTE', ""{'proportion': 1.0, 'n_neighbors': 5, 'pop': 2, 'thres': 0.3, 'n_jobs': 1, 'random_state': 1}"")",MLPClassifier(random_state=1),0.815393133997785,0.5152298850574712,0.8333333333333333,0.5886608015640273,0.8241666666666667,0.6234904632817462
203,"OS_('Assembled_SMOTE', ""{'proportion': 1.0, 'n_neighbors': 5, 'pop': 2, 'thres': 0.3, 'n_jobs': 1, 'random_state': 1}"")","Pipeline(steps=[('standardscaler', StandardScaler()),
                ('svc',
                 SVC(C=1, gamma='auto', kernel='linear', random_state=1))])",0.8156146179401992,0.470935960591133,0.7999999999999999,0.5191397849462365,0.8099999999999999,0.5628807435683681
204,"OS_('SDSMOTE', ""{'proportion': 1.0, 'n_neighbors': 5, 'n_jobs': 1, 'random_state': 1}"")",DecisionTreeClassifier(random_state=1),0.815171650055371,0.6197849462365591,0.6333333333333333,0.5454545454545454,0.7316666666666667,0.577482968470161
205,"OS_('SDSMOTE', ""{'proportion': 1.0, 'n_neighbors': 5, 'n_jobs': 1, 'random_state': 1}"")",KNeighborsClassifier(),0.8200442967884827,0.5879032258064516,0.8666666666666666,0.6076190476190476,0.8433333333333334,0.6520439079627055
206,"OS_('SDSMOTE', ""{'proportion': 1.0, 'n_neighbors': 5, 'n_jobs': 1, 'random_state': 1}"")",MLPClassifier(random_state=1),0.8201550387596898,0.5154761904761904,0.8333333333333333,0.5890909090909091,0.8266666666666665,0.6239553009010441
207,"OS_('SDSMOTE', ""{'proportion': 1.0, 'n_neighbors': 5, 'n_jobs': 1, 'random_state': 1}"")","Pipeline(steps=[('standardscaler', StandardScaler()),
                ('svc',
                 SVC(C=1, gamma='auto', kernel='linear', random_state=1))])",0.8156146179401992,0.48045977011494256,0.8666666666666666,0.5391397849462365,0.8408333333333333,0.5910636413118964
208,"OS_('DSMOTE', ""{'proportion': 1.0, 'n_neighbors': 5, 'rate': 0.1, 'n_step': 50, 'n_jobs': 1, 'random_state': 1}"")",DecisionTreeClassifier(random_state=1),0.953045404208195,0.75,0.5999999999999999,0.6342857142857145,0.7875,0.6542007205649799
209,"OS_('DSMOTE', ""{'proportion': 1.0, 'n_neighbors': 5, 'rate': 0.1, 'n_step': 50, 'n_jobs': 1, 'random_state': 1}"")",KNeighborsClassifier(),0.8156146179401992,0.5571428571428572,0.36666666666666664,0.39333333333333337,0.6058333333333332,0.4258282242624042
210,"OS_('DSMOTE', ""{'proportion': 1.0, 'n_neighbors': 5, 'rate': 0.1, 'n_step': 50, 'n_jobs': 1, 'random_state': 1}"")",MLPClassifier(random_state=1),0.8109634551495016,0.15238095238095237,0.26666666666666666,0.18666666666666668,0.5558333333333334,0.19759740080826207
211,"OS_('DSMOTE', ""{'proportion': 1.0, 'n_neighbors': 5, 'rate': 0.1, 'n_step': 50, 'n_jobs': 1, 'random_state': 1}"")","Pipeline(steps=[('standardscaler', StandardScaler()),
                ('svc',
                 SVC(C=1, gamma='auto', kernel='linear', random_state=1))])",0.8251384274640088,0.2,0.26666666666666666,0.21333333333333332,0.5633333333333332,0.2230710143300821
212,"OS_('G_SMOTE', ""{'proportion': 1.0, 'n_neighbors': 5, 'method': 'linear', 'n_jobs': 1, 'random_state': 1}"")",DecisionTreeClassifier(random_state=1),0.815171650055371,0.6197849462365591,0.6333333333333333,0.5454545454545454,0.7316666666666667,0.577482968470161
213,"OS_('G_SMOTE', ""{'proportion': 1.0, 'n_neighbors': 5, 'method': 'linear', 'n_jobs': 1, 'random_state': 1}"")",KNeighborsClassifier(),0.8107419712070874,0.4879032258064516,0.8,0.5276190476190477,0.8074999999999999,0.5703942498699328
214,"OS_('G_SMOTE', ""{'proportion': 1.0, 'n_neighbors': 5, 'method': 'linear', 'n_jobs': 1, 'random_state': 1}"")",MLPClassifier(random_state=1),0.839202657807309,0.5166666666666666,0.8333333333333333,0.5911421911421911,0.8366666666666667,0.6260966901692829
215,"OS_('G_SMOTE', ""{'proportion': 1.0, 'n_neighbors': 5, 'method': 'linear', 'n_jobs': 1, 'random_state': 1}"")","Pipeline(steps=[('standardscaler', StandardScaler()),
                ('svc',
                 SVC(C=1, gamma='auto', kernel='linear', random_state=1))])",0.8155038759689921,0.4821428571428571,0.7666666666666666,0.5357575757575758,0.7933333333333333,0.5722716256604834
216,"OS_('NT_SMOTE', ""{'proportion': 1.0, 'n_jobs': 1, 'random_state': 1}"")",DecisionTreeClassifier(random_state=1),0.8245847176079734,0.6199999999999999,0.7,0.6058333333333332,0.7675,0.6257320943924591
217,"OS_('NT_SMOTE', ""{'proportion': 1.0, 'n_jobs': 1, 'random_state': 1}"")",KNeighborsClassifier(),0.8155038759689921,0.4821428571428571,0.7,0.5167099567099568,0.7625,0.5463203232610991
218,"OS_('NT_SMOTE', ""{'proportion': 1.0, 'n_jobs': 1, 'random_state': 1}"")",MLPClassifier(random_state=1),0.8344407530454042,0.5163333333333333,0.8333333333333333,0.5905723905723905,0.8341666666666667,0.6255134479572636
219,"OS_('NT_SMOTE', ""{'proportion': 1.0, 'n_jobs': 1, 'random_state': 1}"")","Pipeline(steps=[('standardscaler', StandardScaler()),
                ('svc',
                 SVC(C=1, gamma='auto', kernel='linear', random_state=1))])",0.8109634551495016,0.45740740740740743,0.7,0.4998537095088819,0.76,0.5319372251204456
220,"OS_('Lee', ""{'proportion': 1.0, 'n_neighbors': 5, 'rejection_level': 0.5, 'n_jobs': 1, 'random_state': 1}"")",DecisionTreeClassifier(random_state=1),0.8386489479512734,0.7068965517241379,0.7,0.647188940092166,0.7749999999999999,0.6683299727809601
221,"OS_('Lee', ""{'proportion': 1.0, 'n_neighbors': 5, 'rejection_level': 0.5, 'n_jobs': 1, 'random_state': 1}"")",KNeighborsClassifier(),0.815393133997785,0.521236559139785,0.8666666666666666,0.5809523809523809,0.8408333333333333,0.6220779251104935
222,"OS_('Lee', ""{'proportion': 1.0, 'n_neighbors': 5, 'rejection_level': 0.5, 'n_jobs': 1, 'random_state': 1}"")",MLPClassifier(random_state=1),0.8156146179401992,0.4681216931216931,0.8333333333333333,0.5571697268248993,0.8241666666666667,0.5960918278162702
223,"OS_('Lee', ""{'proportion': 1.0, 'n_neighbors': 5, 'rejection_level': 0.5, 'n_jobs': 1, 'random_state': 1}"")","Pipeline(steps=[('standardscaler', StandardScaler()),
                ('svc',
                 SVC(C=1, gamma='auto', kernel='linear', random_state=1))])",0.8250276854928018,0.480952380952381,0.7999999999999999,0.5288888888888889,0.8150000000000001,0.5708041668707733
224,"OS_('SPY', ""{'n_neighbors': 5, 'threshold': 0.5, 'n_jobs': 1}"")",DecisionTreeClassifier(random_state=1),0.7821705426356588,0.4908108108108108,0.7666666666666666,0.5014652014652015,0.7758333333333333,0.5480913777089363
225,"OS_('SPY', ""{'n_neighbors': 5, 'threshold': 0.5, 'n_jobs': 1}"")",KNeighborsClassifier(),0.820376522702104,0.5648351648351648,0.4666666666666666,0.40761904761904766,0.6558333333333333,0.4535632340736656
226,"OS_('SPY', ""{'n_neighbors': 5, 'threshold': 0.5, 'n_jobs': 1}"")",MLPClassifier(random_state=1),0.8534883720930232,0.2,0.06666666666666667,0.1,0.48583333333333334,0.11547005383792515
227,"OS_('SPY', ""{'n_neighbors': 5, 'threshold': 0.5, 'n_jobs': 1}"")","Pipeline(steps=[('standardscaler', StandardScaler()),
                ('svc',
                 SVC(C=1, gamma='auto', kernel='linear', random_state=1))])",0.7869324473975636,0.2333333333333333,0.2,0.21333333333333332,0.5125,0.21498299142610594
228,"OS_('SMOTE_PSOBAT', ""{'maxit': 50, 'c1': 0.3, 'c2': 0.1, 'c3': 0.1, 'alpha': 0.9, 'gamma': 0.9, 'method': 'bat', 'n_jobs': 1, 'random_state': 1}"")",DecisionTreeClassifier(random_state=1),0.8105204872646732,0.5197849462365591,0.6333333333333333,0.5254545454545454,0.7291666666666666,0.5436625727250085
229,"OS_('SMOTE_PSOBAT', ""{'maxit': 50, 'c1': 0.3, 'c2': 0.1, 'c3': 0.1, 'alpha': 0.9, 'gamma': 0.9, 'method': 'bat', 'n_jobs': 1, 'random_state': 1}"")",KNeighborsClassifier(),0.8107419712070874,0.4879032258064516,0.8,0.5276190476190477,0.8074999999999999,0.5703942498699328
230,"OS_('SMOTE_PSOBAT', ""{'maxit': 50, 'c1': 0.3, 'c2': 0.1, 'c3': 0.1, 'alpha': 0.9, 'gamma': 0.9, 'method': 'bat', 'n_jobs': 1, 'random_state': 1}"")",MLPClassifier(random_state=1),0.815393133997785,0.5259441707717569,0.7333333333333333,0.5329032258064517,0.7766666666666666,0.5733680665214923
231,"OS_('SMOTE_PSOBAT', ""{'maxit': 50, 'c1': 0.3, 'c2': 0.1, 'c3': 0.1, 'alpha': 0.9, 'gamma': 0.9, 'method': 'bat', 'n_jobs': 1, 'random_state': 1}"")","Pipeline(steps=[('standardscaler', StandardScaler()),
                ('svc',
                 SVC(C=1, gamma='auto', kernel='linear', random_state=1))])",0.8202657807308968,0.4852216748768473,0.8666666666666666,0.5458064516129032,0.8433333333333334,0.5960336995198524
232,"OS_('MDO', ""{'proportion': 1.0, 'K2': 5, 'K1_frac': 0.5, 'n_jobs': 1, 'random_state': 1}"")",DecisionTreeClassifier(random_state=1),0.9106312292358802,0.5888888888888889,0.6666666666666666,0.5519191919191919,0.7958333333333334,0.5875633848974737
233,"OS_('MDO', ""{'proportion': 1.0, 'K2': 5, 'K1_frac': 0.5, 'n_jobs': 1, 'random_state': 1}"")",KNeighborsClassifier(),0.8156146179401992,0.48879310344827587,0.7,0.4625164083228599,0.7625,0.5135381284510551
234,"OS_('MDO', ""{'proportion': 1.0, 'K2': 5, 'K1_frac': 0.5, 'n_jobs': 1, 'random_state': 1}"")",MLPClassifier(random_state=1),0.8109634551495015,0.4681216931216931,0.7333333333333333,0.49050306015823264,0.7741666666666667,0.5375131840535798
235,"OS_('MDO', ""{'proportion': 1.0, 'K2': 5, 'K1_frac': 0.5, 'n_jobs': 1, 'random_state': 1}"")","Pipeline(steps=[('standardscaler', StandardScaler()),
                ('svc',
                 SVC(C=1, gamma='auto', kernel='linear', random_state=1))])",0.8297895902547066,0.4814814814814815,0.7999999999999999,0.5298084291187739,0.8175000000000001,0.5717850238834702
236,"OS_('Random_SMOTE', ""{'proportion': 1.0, 'n_neighbors': 5, 'n_jobs': 1, 'random_state': 1}"")",DecisionTreeClassifier(random_state=1),0.8105204872646732,0.5797849462365592,0.6333333333333333,0.5554545454545454,0.7291666666666666,0.5736724528683489
237,"OS_('Random_SMOTE', ""{'proportion': 1.0, 'n_neighbors': 5, 'n_jobs': 1, 'random_state': 1}"")",KNeighborsClassifier(),0.8060908084163897,0.4545698924731183,0.8,0.5142857142857143,0.8049999999999999,0.5554112584438269
238,"OS_('Random_SMOTE', ""{'proportion': 1.0, 'n_neighbors': 5, 'n_jobs': 1, 'random_state': 1}"")",MLPClassifier(random_state=1),0.8249169435215945,0.5157407407407407,0.8333333333333333,0.5895506792058516,0.8291666666666666,0.6244457294073925
239,"OS_('Random_SMOTE', ""{'proportion': 1.0, 'n_neighbors': 5, 'n_jobs': 1, 'random_state': 1}"")","Pipeline(steps=[('standardscaler', StandardScaler()),
                ('svc',
                 SVC(C=1, gamma='auto', kernel='linear', random_state=1))])",0.8250276854928018,0.4892857142857143,0.8666666666666666,0.5490909090909091,0.8458333333333334,0.5989977498517258
240,"OS_('ISMOTE', ""{'n_neighbors': 5, 'minority_weight': 0.5, 'n_jobs': 1, 'random_state': 1}"")",DecisionTreeClassifier(random_state=1),0.801328903654485,0.47916666666666663,0.8666666666666666,0.5521008403361345,0.8333333333333333,0.5964101615137755
241,"OS_('ISMOTE', ""{'n_neighbors': 5, 'minority_weight': 0.5, 'n_jobs': 1, 'random_state': 1}"")",KNeighborsClassifier(),0.7873754152823919,0.4258333333333333,0.8666666666666666,0.5124183006535948,0.8258333333333333,0.563030513894996
242,"OS_('ISMOTE', ""{'n_neighbors': 5, 'minority_weight': 0.5, 'n_jobs': 1, 'random_state': 1}"")",MLPClassifier(random_state=1),0.7780730897009966,0.43916666666666665,0.8333333333333333,0.46345615169144583,0.8041666666666666,0.531905975414193
243,"OS_('ISMOTE', ""{'n_neighbors': 5, 'minority_weight': 0.5, 'n_jobs': 1, 'random_state': 1}"")","Pipeline(steps=[('standardscaler', StandardScaler()),
                ('svc',
                 SVC(C=1, gamma='auto', kernel='linear', random_state=1))])",0.8156146179401992,0.4745073891625616,0.9333333333333332,0.5691830749895266,0.8716666666666667,0.6213978482625684
244,"OS_('GASMOTE', ""{'n_neighbors': 5, 'maxn': 7, 'n_pop': 10, 'popl3': 5, 'pm': 0.3, 'pr': 0.2, 'Ge': 10, 'n_jobs': 1, 'random_state': 1}"")",DecisionTreeClassifier(random_state=1),0.8107419712070874,0.4068965517241379,0.4,0.34052227342549923,0.6199999999999999,0.3648023547399518
245,"OS_('GASMOTE', ""{'n_neighbors': 5, 'maxn': 7, 'n_pop': 10, 'popl3': 5, 'pm': 0.3, 'pr': 0.2, 'Ge': 10, 'n_jobs': 1, 'random_state': 1}"")",KNeighborsClassifier(),0.8155038759689921,0.5883333333333334,0.7,0.4817099567099567,0.7625,0.5464757290017508
246,"OS_('GASMOTE', ""{'n_neighbors': 5, 'maxn': 7, 'n_pop': 10, 'popl3': 5, 'pm': 0.3, 'pr': 0.2, 'Ge': 10, 'n_jobs': 1, 'random_state': 1}"")",MLPClassifier(random_state=1),0.8062015503875969,0.275,0.5333333333333333,0.3567099567099567,0.6766666666666665,0.37936589721439357
247,"OS_('GASMOTE', ""{'n_neighbors': 5, 'maxn': 7, 'n_pop': 10, 'popl3': 5, 'pm': 0.3, 'pr': 0.2, 'Ge': 10, 'n_jobs': 1, 'random_state': 1}"")","Pipeline(steps=[('standardscaler', StandardScaler()),
                ('svc',
                 SVC(C=1, gamma='auto', kernel='linear', random_state=1))])",0.8250276854928018,0.480952380952381,0.7999999999999999,0.5288888888888889,0.8150000000000001,0.5708041668707733
248,"OS_('SMOTE_FRST_2T', ""{'n_neighbors': 5, 'gamma_S': 0.7, 'gamma_M': 0.03, 'n_jobs': 1, 'random_state': 1}"")",DecisionTreeClassifier(random_state=1),0.8244739756367663,0.6264516129032258,0.7,0.6021212121212122,0.7674999999999998,0.6252683335266527
249,"OS_('SMOTE_FRST_2T', ""{'n_neighbors': 5, 'gamma_S': 0.7, 'gamma_M': 0.03, 'n_jobs': 1, 'random_state': 1}"")",KNeighborsClassifier(),0.8106312292358803,0.5208333333333333,0.8666666666666666,0.5802393684746626,0.8383333333333333,0.6212778743104173
250,"OS_('SMOTE_FRST_2T', ""{'n_neighbors': 5, 'gamma_S': 0.7, 'gamma_M': 0.03, 'n_jobs': 1, 'random_state': 1}"")",MLPClassifier(random_state=1),0.8249169435215945,0.5157407407407407,0.8333333333333333,0.5895506792058516,0.8291666666666666,0.6244457294073925
251,"OS_('SMOTE_FRST_2T', ""{'n_neighbors': 5, 'gamma_S': 0.7, 'gamma_M': 0.03, 'n_jobs': 1, 'random_state': 1}"")","Pipeline(steps=[('standardscaler', StandardScaler()),
                ('svc',
                 SVC(C=1, gamma='auto', kernel='linear', random_state=1))])",0.8109634551495016,0.4637931034482759,0.7999999999999999,0.5118670576735093,0.8074999999999999,0.5572432455667438
252,"OS_('AND_SMOTE', ""{'proportion': 1.0, 'K': 15, 'n_jobs': 1, 'random_state': 1}"")",DecisionTreeClassifier(random_state=1),0.8293466223698781,0.7068965517241379,0.5666666666666667,0.5271889400921659,0.7083333333333333,0.57267144808572
253,"OS_('AND_SMOTE', ""{'proportion': 1.0, 'K': 15, 'n_jobs': 1, 'random_state': 1}"")",KNeighborsClassifier(),0.8108527131782944,0.5038095238095238,0.7,0.4859523809523809,0.76,0.5291516774523971
254,"OS_('AND_SMOTE', ""{'proportion': 1.0, 'K': 15, 'n_jobs': 1, 'random_state': 1}"")",MLPClassifier(random_state=1),0.820376522702104,0.48269230769230764,0.7333333333333333,0.5043290043290043,0.7791666666666666,0.5485222632629645
255,"OS_('AND_SMOTE', ""{'proportion': 1.0, 'K': 15, 'n_jobs': 1, 'random_state': 1}"")","Pipeline(steps=[('standardscaler', StandardScaler()),
                ('svc',
                 SVC(C=1, gamma='auto', kernel='linear', random_state=1))])",0.8155038759689921,0.4738095238095238,0.7,0.5155555555555555,0.7625,0.544078042679531
256,"OS_('NRAS', ""{'proportion': 1.0, 'n_neighbors': 5, 't': 0.5, 'n_jobs': 1, 'random_state': 1}"")",DecisionTreeClassifier(random_state=1),0.839202657807309,0.4153846153846154,0.5666666666666667,0.3904761904761904,0.7133333333333333,0.42783148353568273
257,"OS_('NRAS', ""{'proportion': 1.0, 'n_neighbors': 5, 't': 0.5, 'n_jobs': 1, 'random_state': 1}"")",KNeighborsClassifier(),0.815393133997785,0.564039408866995,0.6666666666666666,0.5405222734254992,0.7458333333333333,0.5704398527415762
258,"OS_('NRAS', ""{'proportion': 1.0, 'n_neighbors': 5, 't': 0.5, 'n_jobs': 1, 'random_state': 1}"")",MLPClassifier(random_state=1),0.7965669988925802,0.47714285714285715,0.5666666666666667,0.4776190476190476,0.6883333333333334,0.49909790001792825
259,"OS_('NRAS', ""{'proportion': 1.0, 'n_neighbors': 5, 't': 0.5, 'n_jobs': 1, 'random_state': 1}"")","Pipeline(steps=[('standardscaler', StandardScaler()),
                ('svc',
                 SVC(C=1, gamma='auto', kernel='linear', random_state=1))])",0.8012181616832779,0.4666666666666667,0.5,0.45,0.66,0.46628691265113725
260,"OS_('AMSCO', ""{'n_pop': 5, 'n_iter': 15, 'omega': 0.1, 'r1': 0.1, 'r2': 0.1, 'n_jobs': 1, 'classifier': DecisionTreeClassifier(random_state=2), 'random_state': 1}"")",DecisionTreeClassifier(random_state=1),0.8244739756367663,0.6397849462365591,0.7,0.6197402597402597,0.7675,0.6375027287568418
261,"OS_('AMSCO', ""{'n_pop': 5, 'n_iter': 15, 'omega': 0.1, 'r1': 0.1, 'r2': 0.1, 'n_jobs': 1, 'classifier': DecisionTreeClassifier(random_state=2), 'random_state': 1}"")",KNeighborsClassifier(),0.8059800664451826,0.4875,0.8666666666666666,0.5611917494270436,0.8358333333333332,0.6034145948150091
262,"OS_('AMSCO', ""{'n_pop': 5, 'n_iter': 15, 'omega': 0.1, 'r1': 0.1, 'r2': 0.1, 'n_jobs': 1, 'classifier': DecisionTreeClassifier(random_state=2), 'random_state': 1}"")",MLPClassifier(random_state=1),0.8295681063122922,0.5264550264550264,0.8333333333333333,0.6004597701149426,0.8316666666666667,0.6329019764098291
263,"OS_('AMSCO', ""{'n_pop': 5, 'n_iter': 15, 'omega': 0.1, 'r1': 0.1, 'r2': 0.1, 'n_jobs': 1, 'classifier': DecisionTreeClassifier(random_state=2), 'random_state': 1}"")","Pipeline(steps=[('standardscaler', StandardScaler()),
                ('svc',
                 SVC(C=1, gamma='auto', kernel='linear', random_state=1))])",0.8156146179401992,0.470935960591133,0.7999999999999999,0.5191397849462365,0.8099999999999999,0.5628807435683681
264,"OS_('SSO', ""{'proportion': 1.0, 'n_neighbors': 5, 'h': 10, 'n_iter': 5, 'n_jobs': 1, 'random_state': 1}"")",DecisionTreeClassifier(random_state=1),0.8104097452934662,0.6067647058823529,0.9333333333333332,0.6413131313131314,0.8691666666666666,0.6892002621802674
265,"OS_('SSO', ""{'proportion': 1.0, 'n_neighbors': 5, 'h': 10, 'n_iter': 5, 'n_jobs': 1, 'random_state': 1}"")",KNeighborsClassifier(),0.801439645625692,0.4545698924731183,0.7,0.44761904761904764,0.7549999999999999,0.49683261468113643
266,"OS_('SSO', ""{'proportion': 1.0, 'n_neighbors': 5, 'h': 10, 'n_iter': 5, 'n_jobs': 1, 'random_state': 1}"")",MLPClassifier(random_state=1),0.8202657807308968,0.5014550264550264,0.8333333333333333,0.5762173458725183,0.8266666666666668,0.6139551073116783
267,"OS_('SSO', ""{'proportion': 1.0, 'n_neighbors': 5, 'h': 10, 'n_iter': 5, 'n_jobs': 1, 'random_state': 1}"")","Pipeline(steps=[('standardscaler', StandardScaler()),
                ('svc',
                 SVC(C=1, gamma='auto', kernel='linear', random_state=1))])",0.820376522702104,0.4976190476190476,0.9333333333333332,0.5781818181818181,0.8741666666666668,0.631734555994136
268,"OS_('NDO_sampling', ""{'proportion': 1.0, 'n_neighbors': 5, 'T': 0.5, 'n_jobs': 1, 'random_state': 1}"")",DecisionTreeClassifier(random_state=1),0.9437430786267995,0.6857142857142857,0.7999999999999999,0.6533333333333333,0.8775000000000001,0.695204175150779
269,"OS_('NDO_sampling', ""{'proportion': 1.0, 'n_neighbors': 5, 'T': 0.5, 'n_jobs': 1, 'random_state': 1}"")",KNeighborsClassifier(),0.8059800664451826,0.4875,0.8666666666666666,0.5611917494270436,0.8358333333333332,0.6034145948150091
270,"OS_('NDO_sampling', ""{'proportion': 1.0, 'n_neighbors': 5, 'T': 0.5, 'n_jobs': 1, 'random_state': 1}"")",MLPClassifier(random_state=1),0.8249169435215945,0.5157407407407407,0.8333333333333333,0.5895506792058516,0.8291666666666666,0.6244457294073925
271,"OS_('NDO_sampling', ""{'proportion': 1.0, 'n_neighbors': 5, 'T': 0.5, 'n_jobs': 1, 'random_state': 1}"")","Pipeline(steps=[('standardscaler', StandardScaler()),
                ('svc',
                 SVC(C=1, gamma='auto', kernel='linear', random_state=1))])",0.8202657807308968,0.5078407224958948,0.9333333333333332,0.5882306940371456,0.8741666666666668,0.6392611277579767
272,"OS_('DSRBF', ""{'proportion': 1.0, 'n_neighbors': 5, 'm_min': 4, 'm_max': 10, 'Ib': 2, 'Ob': 2, 'n_pop': 500, 'n_init_pop': 5000, 'n_iter': 40, 'n_sampling_epoch': 5, 'n_jobs': 1, 'random_state': 1}"")",DecisionTreeClassifier(random_state=1),0.8293466223698781,0.5935632183908046,0.7,0.5895698924731183,0.7699999999999999,0.6111466032724532
273,"OS_('DSRBF', ""{'proportion': 1.0, 'n_neighbors': 5, 'm_min': 4, 'm_max': 10, 'Ib': 2, 'Ob': 2, 'n_pop': 500, 'n_init_pop': 5000, 'n_iter': 40, 'n_sampling_epoch': 5, 'n_jobs': 1, 'random_state': 1}"")",KNeighborsClassifier(),0.8106312292358803,0.5208333333333333,0.8666666666666666,0.5802393684746626,0.8383333333333333,0.6212778743104173
274,"OS_('DSRBF', ""{'proportion': 1.0, 'n_neighbors': 5, 'm_min': 4, 'm_max': 10, 'Ib': 2, 'Ob': 2, 'n_pop': 500, 'n_init_pop': 5000, 'n_iter': 40, 'n_sampling_epoch': 5, 'n_jobs': 1, 'random_state': 1}"")",MLPClassifier(random_state=1),0.8155038759689921,0.5011904761904761,0.8333333333333333,0.5757575757575758,0.8241666666666667,0.61346467880533
275,"OS_('DSRBF', ""{'proportion': 1.0, 'n_neighbors': 5, 'm_min': 4, 'm_max': 10, 'Ib': 2, 'Ob': 2, 'n_pop': 500, 'n_init_pop': 5000, 'n_iter': 40, 'n_sampling_epoch': 5, 'n_jobs': 1, 'random_state': 1}"")","Pipeline(steps=[('standardscaler', StandardScaler()),
                ('svc',
                 SVC(C=1, gamma='auto', kernel='linear', random_state=1))])",0.8109634551495016,0.4637931034482759,0.7999999999999999,0.5118670576735093,0.8074999999999999,0.5572432455667438
276,"OS_('Gaussian_SMOTE', ""{'proportion': 1.0, 'n_neighbors': 5, 'sigma': 1.0, 'n_jobs': 1, 'random_state': 1}"")",DecisionTreeClassifier(random_state=1),0.801439645625692,0.4069508448540707,0.9333333333333332,0.5276190476190477,0.8642276422764228,0.5829746421043008
277,"OS_('Gaussian_SMOTE', ""{'proportion': 1.0, 'n_neighbors': 5, 'sigma': 1.0, 'n_jobs': 1, 'random_state': 1}"")",KNeighborsClassifier(),0.8059800664451826,0.5208333333333333,0.7666666666666666,0.5135727018079959,0.7883333333333333,0.5626992305477269
278,"OS_('Gaussian_SMOTE', ""{'proportion': 1.0, 'n_neighbors': 5, 'sigma': 1.0, 'n_jobs': 1, 'random_state': 1}"")",MLPClassifier(random_state=1),0.801439645625692,0.4629032258064516,0.9333333333333332,0.5567099567099567,0.8641666666666665,0.6112190789163192
279,"OS_('Gaussian_SMOTE', ""{'proportion': 1.0, 'n_neighbors': 5, 'sigma': 1.0, 'n_jobs': 1, 'random_state': 1}"")","Pipeline(steps=[('standardscaler', StandardScaler()),
                ('svc',
                 SVC(C=1, gamma='auto', kernel='linear', random_state=1))])",0.801328903654485,0.4732142857142857,0.9333333333333332,0.5669060351413293,0.8641666666666665,0.6188752751186793
280,"OS_('kmeans_SMOTE', ""{'proportion': 1.0, 'n_neighbors': 5, 'n_clusters': 10, 'irt': 2.0, 'n_jobs': 1, 'random_state': 1}"")",DecisionTreeClassifier(random_state=1),0.8293466223698781,0.6268965517241379,0.7,0.5771889400921659,0.7699999999999999,0.6121207280960915
281,"OS_('kmeans_SMOTE', ""{'proportion': 1.0, 'n_neighbors': 5, 'n_clusters': 10, 'irt': 2.0, 'n_jobs': 1, 'random_state': 1}"")",KNeighborsClassifier(),0.8155038759689921,0.5642857142857143,0.5999999999999999,0.500952380952381,0.715,0.5342040065464192
282,"OS_('kmeans_SMOTE', ""{'proportion': 1.0, 'n_neighbors': 5, 'n_clusters': 10, 'irt': 2.0, 'n_jobs': 1, 'random_state': 1}"")",MLPClassifier(random_state=1),0.8202657807308968,0.48240740740740745,0.8333333333333333,0.5705030601582326,0.8266666666666665,0.6065824499119843
283,"OS_('kmeans_SMOTE', ""{'proportion': 1.0, 'n_neighbors': 5, 'n_clusters': 10, 'irt': 2.0, 'n_jobs': 1, 'random_state': 1}"")","Pipeline(steps=[('standardscaler', StandardScaler()),
                ('svc',
                 SVC(C=1, gamma='auto', kernel='linear', random_state=1))])",0.8249169435215945,0.48,0.5999999999999999,0.5133333333333333,0.72,0.5263505702289466
284,"OS_('Supervised_SMOTE', ""{'proportion': 1.0, 'th_lower': 0.5, 'th_upper': 1.0, 'classifier': RandomForestClassifier(n_estimators=50, n_jobs=1, random_state=5), 'n_jobs': 1, 'random_state': 1}"")",DecisionTreeClassifier(random_state=1),0.8105204872646732,0.5731182795698925,0.5666666666666667,0.4930735930735931,0.6983333333333333,0.5230067997425552
285,"OS_('Supervised_SMOTE', ""{'proportion': 1.0, 'th_lower': 0.5, 'th_upper': 1.0, 'classifier': RandomForestClassifier(n_estimators=50, n_jobs=1, random_state=5), 'n_jobs': 1, 'random_state': 1}"")",KNeighborsClassifier(),0.8106312292358803,0.5208333333333333,0.8666666666666666,0.5802393684746626,0.8383333333333333,0.6212778743104173
286,"OS_('Supervised_SMOTE', ""{'proportion': 1.0, 'th_lower': 0.5, 'th_upper': 1.0, 'classifier': RandomForestClassifier(n_estimators=50, n_jobs=1, random_state=5), 'n_jobs': 1, 'random_state': 1}"")",MLPClassifier(random_state=1),0.8202657807308968,0.5014550264550264,0.8333333333333333,0.5762173458725183,0.8266666666666668,0.6139551073116783
287,"OS_('Supervised_SMOTE', ""{'proportion': 1.0, 'th_lower': 0.5, 'th_upper': 1.0, 'classifier': RandomForestClassifier(n_estimators=50, n_jobs=1, random_state=5), 'n_jobs': 1, 'random_state': 1}"")","Pipeline(steps=[('standardscaler', StandardScaler()),
                ('svc',
                 SVC(C=1, gamma='auto', kernel='linear', random_state=1))])",0.8202657807308968,0.48879310344827587,0.8666666666666666,0.5482306940371455,0.8433333333333334,0.59806807461313
288,"OS_('SN_SMOTE', ""{'proportion': 1.0, 'n_neighbors': 5, 'n_jobs': 1, 'random_state': 1}"")",DecisionTreeClassifier(random_state=1),0.8105204872646732,0.5531182795698925,0.6333333333333333,0.5387878787878788,0.7291666666666666,0.5586455641511144
289,"OS_('SN_SMOTE', ""{'proportion': 1.0, 'n_neighbors': 5, 'n_jobs': 1, 'random_state': 1}"")",KNeighborsClassifier(),0.815393133997785,0.521236559139785,0.8666666666666666,0.5809523809523809,0.8408333333333333,0.6220779251104935
290,"OS_('SN_SMOTE', ""{'proportion': 1.0, 'n_neighbors': 5, 'n_jobs': 1, 'random_state': 1}"")",MLPClassifier(random_state=1),0.8202657807308968,0.5014550264550264,0.8333333333333333,0.5762173458725183,0.8266666666666668,0.6139551073116783
291,"OS_('SN_SMOTE', ""{'proportion': 1.0, 'n_neighbors': 5, 'n_jobs': 1, 'random_state': 1}"")","Pipeline(steps=[('standardscaler', StandardScaler()),
                ('svc',
                 SVC(C=1, gamma='auto', kernel='linear', random_state=1))])",0.8156146179401992,0.48045977011494256,0.8666666666666666,0.5391397849462365,0.8408333333333333,0.5910636413118964
292,"OS_('CCR', ""{'proportion': 1.0, 'energy': 1.0, 'scaling': 0.0, 'n_jobs': 1, 'random_state': 1}"")",DecisionTreeClassifier(random_state=1),0.7634551495016612,0.36166666666666664,0.6333333333333333,0.4479797979797979,0.7017276422764228,0.4716747251456619
293,"OS_('CCR', ""{'proportion': 1.0, 'energy': 1.0, 'scaling': 0.0, 'n_jobs': 1, 'random_state': 1}"")",KNeighborsClassifier(),0.8155038759689921,0.5083333333333333,0.5,0.45575757575757575,0.6674999999999999,0.47887883480257437
294,"OS_('CCR', ""{'proportion': 1.0, 'energy': 1.0, 'scaling': 0.0, 'n_jobs': 1, 'random_state': 1}"")",MLPClassifier(random_state=1),0.7729789590254705,0.4523809523809524,0.6333333333333333,0.46761904761904766,0.7066666666666667,0.5032921980547552
295,"OS_('CCR', ""{'proportion': 1.0, 'energy': 1.0, 'scaling': 0.0, 'n_jobs': 1, 'random_state': 1}"")","Pipeline(steps=[('standardscaler', StandardScaler()),
                ('svc',
                 SVC(C=1, gamma='auto', kernel='linear', random_state=1))])",0.7870431893687707,0.4721428571428571,0.9333333333333332,0.564998244998245,0.8566666666666667,0.6166844194920551
296,"OS_('ANS', ""{'proportion': 1.0, 'n_jobs': 1, 'random_state': 1}"")",DecisionTreeClassifier(random_state=1),0.8433001107419711,0.8068965517241379,0.6333333333333333,0.6129032258064516,0.7466666666666666,0.6572013942477948
297,"OS_('ANS', ""{'proportion': 1.0, 'n_jobs': 1, 'random_state': 1}"")",KNeighborsClassifier(),0.8155038759689921,0.5642857142857143,0.5999999999999999,0.500952380952381,0.715,0.5342040065464192
298,"OS_('ANS', ""{'proportion': 1.0, 'n_jobs': 1, 'random_state': 1}"")",MLPClassifier(random_state=1),0.8107419712070874,0.475,0.7333333333333333,0.5567099567099567,0.7741666666666667,0.5793658972143935
299,"OS_('ANS', ""{'proportion': 1.0, 'n_jobs': 1, 'random_state': 1}"")","Pipeline(steps=[('standardscaler', StandardScaler()),
                ('svc',
                 SVC(C=1, gamma='auto', kernel='linear', random_state=1))])",0.8295681063122922,0.5074074074074074,0.7,0.5414121510673235,0.7699999999999999,0.5657576208655981
300,"OS_('cluster_SMOTE', ""{'proportion': 1.0, 'n_neighbors': 3, 'n_clusters': 3, 'n_jobs': 1, 'random_state': 1}"")",DecisionTreeClassifier(random_state=1),0.8246954595791804,0.526896551724138,0.5666666666666667,0.4629032258064516,0.7058333333333333,0.49665067425816634
301,"OS_('cluster_SMOTE', ""{'proportion': 1.0, 'n_neighbors': 3, 'n_clusters': 3, 'n_jobs': 1, 'random_state': 1}"")",KNeighborsClassifier(),0.8155038759689921,0.5038095238095238,0.7999999999999999,0.5526190476190476,0.8099999999999999,0.5877303212150876
302,"OS_('cluster_SMOTE', ""{'proportion': 1.0, 'n_neighbors': 3, 'n_clusters': 3, 'n_jobs': 1, 'random_state': 1}"")",MLPClassifier(random_state=1),0.8251384274640088,0.502047619047619,0.7333333333333333,0.5105723905723905,0.7816666666666667,0.556444182098859
303,"OS_('cluster_SMOTE', ""{'proportion': 1.0, 'n_neighbors': 3, 'n_clusters': 3, 'n_jobs': 1, 'random_state': 1}"")","Pipeline(steps=[('standardscaler', StandardScaler()),
                ('svc',
                 SVC(C=1, gamma='auto', kernel='linear', random_state=1))])",0.8344407530454042,0.5005291005291005,0.8666666666666666,0.560919540229885,0.8508333333333333,0.6084348538668592
