,OS,Algorithm,ACC,Precision,recall,F1-Score,AUC,G-measure
0,train_STARM_star_nn_5_rj_0.5,DecisionTreeClassifier(random_state=1),0.9627906976744185,0.9083333333333334,0.8857142857142858,0.887948717948718,0.9317460317460317,0.8924635294426014
1,train_STARM_star_nn_5_rj_0.5,KNeighborsClassifier(),0.9906976744186047,0.975,0.9714285714285715,0.9712820512820513,0.9829365079365079,0.9722468892932075
2,train_STARM_star_nn_5_rj_0.5,MLPClassifier(random_state=1),0.9860465116279069,0.9714285714285715,0.9428571428571428,0.956043956043956,0.9686507936507937,0.9565925913830817
3,train_STARM_star_nn_5_rj_0.5,"Pipeline(steps=[('standardscaler', StandardScaler()),
                ('svc',
                 SVC(C=1, gamma='auto', kernel='linear', random_state=1))])",0.9813953488372092,0.9464285714285715,0.9428571428571428,0.9427106227106228,0.9658730158730158,0.9436754607217788
