,OS,Algorithm,ACC,Precision,recall,F1-Score,AUC,G-measure
0,"OS_('SMOTE', ""{'proportion': 1.0, 'n_neighbors': 5, 'n_jobs': 1, 'random_state': 1}"")",DecisionTreeClassifier(random_state=1),0.9319055777650866,0.61819650937298,0.8309090909090908,0.6956632569904881,0.8873806791618855,0.7099262126043857
1,"OS_('SMOTE', ""{'proportion': 1.0, 'n_neighbors': 5, 'n_jobs': 1, 'random_state': 1}"")",KNeighborsClassifier(),0.9280411193603655,0.635,0.8690909090909091,0.7114932126696834,0.9021822006885121,0.7311171818986503
2,"OS_('SMOTE', ""{'proportion': 1.0, 'n_neighbors': 5, 'n_jobs': 1, 'random_state': 1}"")",MLPClassifier(random_state=1),0.9162954502189227,0.5783150183150184,0.8454545454545455,0.6721919968764288,0.8849409239661694,0.6915515942936128
3,"OS_('SMOTE', ""{'proportion': 1.0, 'n_neighbors': 5, 'n_jobs': 1, 'random_state': 1}"")","Pipeline(steps=[('standardscaler', StandardScaler()),
                ('svc',
                 SVC(C=1, gamma='auto', kernel='linear', random_state=1))])",0.9143156291642871,0.5847342995169083,0.8254545454545454,0.6652121212121213,0.8749292362616344,0.6846005039659399
4,"OS_('SMOTE_TomekLinks', ""{'proportion': 1.0, 'n_neighbors': 5, 'n_jobs': 1, 'random_state': 1}"")",DecisionTreeClassifier(random_state=1),0.9280030458785455,0.6174325674325674,0.750909090909091,0.666562727889959,0.8495429045008287,0.6752810589250655
5,"OS_('SMOTE_TomekLinks', ""{'proportion': 1.0, 'n_neighbors': 5, 'n_jobs': 1, 'random_state': 1}"")",KNeighborsClassifier(),0.9260612983057301,0.6247474747474747,0.889090909090909,0.7119327731092437,0.9100082876450337,0.7336977634544237
6,"OS_('SMOTE_TomekLinks', ""{'proportion': 1.0, 'n_neighbors': 5, 'n_jobs': 1, 'random_state': 1}"")",MLPClassifier(random_state=1),0.9182371977917381,0.584981684981685,0.8454545454545455,0.6771150737995058,0.8860161927833736,0.6956999408353138
7,"OS_('SMOTE_TomekLinks', ""{'proportion': 1.0, 'n_neighbors': 5, 'n_jobs': 1, 'random_state': 1}"")","Pipeline(steps=[('standardscaler', StandardScaler()),
                ('svc',
                 SVC(C=1, gamma='auto', kernel='linear', random_state=1))])",0.9143156291642871,0.5847342995169083,0.8254545454545454,0.6652121212121213,0.8749292362616344,0.6846005039659399
8,"OS_('SMOTE_ENN', ""{'proportion': 1.0, 'n_neighbors': 5, 'n_jobs': 1, 'random_state': 1}"")",DecisionTreeClassifier(random_state=1),0.9337902151151724,0.6306915306915306,0.9018181818181817,0.7327122153209109,0.9195743550512134,0.7490961627083618
9,"OS_('SMOTE_ENN', ""{'proportion': 1.0, 'n_neighbors': 5, 'n_jobs': 1, 'random_state': 1}"")",KNeighborsClassifier(),0.9240814772510946,0.6203030303030304,0.9072727272727272,0.7157422969187675,0.9169252836924645,0.7389281458550248
10,"OS_('SMOTE_ENN', ""{'proportion': 1.0, 'n_neighbors': 5, 'n_jobs': 1, 'random_state': 1}"")",MLPClassifier(random_state=1),0.906567675613935,0.5325108328204304,0.8636363636363636,0.6509897828863347,0.8875451570402481,0.6738883382858688
11,"OS_('SMOTE_ENN', ""{'proportion': 1.0, 'n_neighbors': 5, 'n_jobs': 1, 'random_state': 1}"")","Pipeline(steps=[('standardscaler', StandardScaler()),
                ('svc',
                 SVC(C=1, gamma='auto', kernel='linear', random_state=1))])",0.9084903864458405,0.5458454106280193,0.8636363636363636,0.6590964977051933,0.8886204258574526,0.6812634348130001
12,"OS_('Borderline_SMOTE2', ""{'proportion': 1.0, 'n_neighbors': 5, 'k_neighbors': 5, 'n_jobs': 1, 'random_state': 1}"")",DecisionTreeClassifier(random_state=1),0.9338663620788121,0.6866666666666668,0.6672727272727272,0.6664795321637426,0.8153100429257512,0.6716833532723528
13,"OS_('Borderline_SMOTE2', ""{'proportion': 1.0, 'n_neighbors': 5, 'k_neighbors': 5, 'n_jobs': 1, 'random_state': 1}"")",KNeighborsClassifier(),0.9397296782790786,0.7256926406926407,0.7690909090909092,0.7232845554747083,0.8640802839049684,0.7350123143861171
14,"OS_('Borderline_SMOTE2', ""{'proportion': 1.0, 'n_neighbors': 5, 'k_neighbors': 5, 'n_jobs': 1, 'random_state': 1}"")",MLPClassifier(random_state=1),0.8736531505806207,0.48184103478221124,0.7654545454545456,0.5757457188718302,0.8255743975519572,0.5983125937321879
15,"OS_('Borderline_SMOTE2', ""{'proportion': 1.0, 'n_neighbors': 5, 'k_neighbors': 5, 'n_jobs': 1, 'random_state': 1}"")","Pipeline(steps=[('standardscaler', StandardScaler()),
                ('svc',
                 SVC(C=1, gamma='auto', kernel='linear', random_state=1))])",0.8541595278888255,0.431013431013431,0.7018181818181818,0.5079508726567551,0.7861825831952058,0.5354120757725184
16,"OS_('ADASYN', ""{'n_neighbors': 5, 'd_th': 0.9, 'beta': 1.0, 'n_jobs': 1, 'random_state': 1}"")",DecisionTreeClassifier(random_state=1),0.9279840091376357,0.6199155419743654,0.8109090909090909,0.6862155388471178,0.8762937226401462,0.7005732014910873
17,"OS_('ADASYN', ""{'n_neighbors': 5, 'd_th': 0.9, 'beta': 1.0, 'n_jobs': 1, 'random_state': 1}"")",KNeighborsClassifier(),0.9163144869598325,0.5833333333333333,0.9054545454545455,0.6966522366522366,0.9117034298100217,0.7196136182774254
18,"OS_('ADASYN', ""{'n_neighbors': 5, 'd_th': 0.9, 'beta': 1.0, 'n_jobs': 1, 'random_state': 1}"")",MLPClassifier(random_state=1),0.885189415572054,0.4710835058661146,0.8254545454545454,0.5943389346615153,0.8587183900718263,0.6204745354693142
19,"OS_('ADASYN', ""{'n_neighbors': 5, 'd_th': 0.9, 'beta': 1.0, 'n_jobs': 1, 'random_state': 1}"")","Pipeline(steps=[('standardscaler', StandardScaler()),
                ('svc',
                 SVC(C=1, gamma='auto', kernel='linear', random_state=1))])",0.8793451361126976,0.4662215431627197,0.8036363636363637,0.5828133903133903,0.8456821369373964,0.6079686386493142
20,"OS_('AHC', ""{'strategy': 'min', 'n_jobs': 1, 'random_state': 1}"")",DecisionTreeClassifier(random_state=1),0.9318675042832668,0.6434046345811052,0.7472727272727273,0.6830399230399229,0.8498869480215904,0.6890952010578668
21,"OS_('AHC', ""{'strategy': 'min', 'n_jobs': 1, 'random_state': 1}"")",KNeighborsClassifier(),0.9552826956025129,0.7913042513042513,0.7690909090909092,0.7697046965239185,0.8726824344426027,0.7749012098333509
22,"OS_('AHC', ""{'strategy': 'min', 'n_jobs': 1, 'random_state': 1}"")",MLPClassifier(random_state=1),0.9572434799162384,0.8222688422688422,0.7690909090909092,0.7791038978520469,0.8737810786688766,0.787235295803055
23,"OS_('AHC', ""{'strategy': 'min', 'n_jobs': 1, 'random_state': 1}"")","Pipeline(steps=[('standardscaler', StandardScaler()),
                ('svc',
                 SVC(C=1, gamma='auto', kernel='linear', random_state=1))])",0.9474966685703408,0.79,0.669090909090909,0.7145098039215687,0.8237693909643419,0.7218738678251867
24,"OS_('LLE_SMOTE', ""{'proportion': 1.0, 'n_neighbors': 5, 'n_components': 2, 'n_jobs': 1, 'random_state': 1}"")",DecisionTreeClassifier(random_state=1),0.929963830192271,0.6368137254901961,0.7490909090909091,0.6729254760833708,0.8496973947044072,0.6827911367148919
25,"OS_('LLE_SMOTE', ""{'proportion': 1.0, 'n_neighbors': 5, 'n_components': 2, 'n_jobs': 1, 'random_state': 1}"")",KNeighborsClassifier(),0.9533599847706073,0.8002380952380953,0.7672727272727272,0.7683838383838384,0.8707214501253772,0.7759992614041501
26,"OS_('LLE_SMOTE', ""{'proportion': 1.0, 'n_neighbors': 5, 'n_components': 2, 'n_jobs': 1, 'random_state': 1}"")",MLPClassifier(random_state=1),0.9416523891109841,0.7097435897435898,0.809090909090909,0.7297614508253893,0.8829816396786944,0.7443671216849042
27,"OS_('LLE_SMOTE', ""{'proportion': 1.0, 'n_neighbors': 5, 'n_components': 2, 'n_jobs': 1, 'random_state': 1}"")","Pipeline(steps=[('standardscaler', StandardScaler()),
                ('svc',
                 SVC(C=1, gamma='auto', kernel='linear', random_state=1))])",0.9279459356558158,0.6607843137254902,0.7472727272727273,0.6816498316498316,0.8477247226826471,0.6926994982571533
28,"OS_('distance_SMOTE', ""{'proportion': 1.0, 'n_neighbors': 5, 'n_jobs': 1, 'random_state': 1}"")",DecisionTreeClassifier(random_state=1),0.9493813059204264,0.765934065934066,0.7690909090909092,0.7469735720375106,0.8694332525819203,0.7570699232100273
29,"OS_('distance_SMOTE', ""{'proportion': 1.0, 'n_neighbors': 5, 'n_jobs': 1, 'random_state': 1}"")",KNeighborsClassifier(),0.9338282885969923,0.6759897107723194,0.889090909090909,0.7354978354978354,0.9143327383229206,0.7583541019406188
30,"OS_('distance_SMOTE', ""{'proportion': 1.0, 'n_neighbors': 5, 'n_jobs': 1, 'random_state': 1}"")",MLPClassifier(random_state=1),0.9202360555872835,0.5897435897435898,0.8254545454545456,0.6766542443064182,0.8782017935313867,0.6918509076168304
31,"OS_('distance_SMOTE', ""{'proportion': 1.0, 'n_neighbors': 5, 'n_jobs': 1, 'random_state': 1}"")","Pipeline(steps=[('standardscaler', StandardScaler()),
                ('svc',
                 SVC(C=1, gamma='auto', kernel='linear', random_state=1))])",0.9202360555872835,0.6008547008547008,0.8054545454545454,0.6729399585921325,0.869288750053126,0.6877850864925656
32,"OS_('SMMO', ""{'proportion': 1.0, 'n_neighbors': 5, 'ensemble': [QuadraticDiscriminantAnalysis(), DecisionTreeClassifier(random_state=2), GaussianNB()], 'n_jobs': 1, 'random_state': 1}"")",DecisionTreeClassifier(random_state=1),0.9337902151151724,0.6639316239316239,0.7672727272727273,0.7030921786070528,0.8598518849079859,0.709289243621681
33,"OS_('SMMO', ""{'proportion': 1.0, 'n_neighbors': 5, 'ensemble': [QuadraticDiscriminantAnalysis(), DecisionTreeClassifier(random_state=2), GaussianNB()], 'n_jobs': 1, 'random_state': 1}"")",KNeighborsClassifier(),0.9611079383209594,0.915,0.6909090909090908,0.7747351221190231,0.8411534701857282,0.7884333958345515
34,"OS_('SMMO', ""{'proportion': 1.0, 'n_neighbors': 5, 'ensemble': [QuadraticDiscriminantAnalysis(), DecisionTreeClassifier(random_state=2), GaussianNB()], 'n_jobs': 1, 'random_state': 1}"")",MLPClassifier(random_state=1),0.9572244431753283,0.9464285714285715,0.6127272727272727,0.7328104575163398,0.8042130987292276,0.7552207399898482
35,"OS_('SMMO', ""{'proportion': 1.0, 'n_neighbors': 5, 'ensemble': [QuadraticDiscriminantAnalysis(), DecisionTreeClassifier(random_state=2), GaussianNB()], 'n_jobs': 1, 'random_state': 1}"")","Pipeline(steps=[('standardscaler', StandardScaler()),
                ('svc',
                 SVC(C=1, gamma='auto', kernel='linear', random_state=1))])",0.9552826956025129,0.8603174603174603,0.669090909090909,0.7455108359133126,0.8280821539376939,0.7549379457866887
36,"OS_('polynom_fit_SMOTE', ""{'proportion': 1.0, 'topology': 'star', 'random_state': 1}"")",DecisionTreeClassifier(random_state=1),0.9475157053112507,0.7473748473748474,0.7654545454545454,0.747528604118993,0.8665748650601385,0.7519497050124289
37,"OS_('polynom_fit_SMOTE', ""{'proportion': 1.0, 'topology': 'star', 'random_state': 1}"")",KNeighborsClassifier(),0.9105082809822959,0.5541244415386292,0.8290909090909091,0.6458098223615465,0.8746202558544773,0.6680252440453904
38,"OS_('polynom_fit_SMOTE', ""{'proportion': 1.0, 'topology': 'star', 'random_state': 1}"")",MLPClassifier(random_state=1),0.9318865410241767,0.6727845254161042,0.8290909090909091,0.7065496281652909,0.886494963661864,0.7282648694543565
39,"OS_('polynom_fit_SMOTE', ""{'proportion': 1.0, 'topology': 'star', 'random_state': 1}"")","Pipeline(steps=[('standardscaler', StandardScaler()),
                ('svc',
                 SVC(C=1, gamma='auto', kernel='linear', random_state=1))])",0.9377117837426233,0.6883838383838384,0.7854545454545455,0.7173388015493278,0.8700531259297039,0.7269778128314403
40,"OS_('Stefanowski', ""{'strategy': 'weak_amp', 'n_jobs': 1}"")",DecisionTreeClassifier(random_state=1),0.947439558347611,0.7582819794584501,0.7890909090909091,0.744412338034629,0.8772593395384419,0.7587884464326902
41,"OS_('Stefanowski', ""{'strategy': 'weak_amp', 'n_jobs': 1}"")",KNeighborsClassifier(),0.9357890729107178,0.6716734143049933,0.7890909090909091,0.7088318041935969,0.8708077266352161,0.7194043115925376
42,"OS_('Stefanowski', ""{'strategy': 'weak_amp', 'n_jobs': 1}"")",MLPClassifier(random_state=1),0.9494384161431564,0.7730769230769231,0.749090909090909,0.7409129659769047,0.8605318968081942,0.7508366854174111
43,"OS_('Stefanowski', ""{'strategy': 'weak_amp', 'n_jobs': 1}"")","Pipeline(steps=[('standardscaler', StandardScaler()),
                ('svc',
                 SVC(C=1, gamma='auto', kernel='linear', random_state=1))])",0.9455168475157054,0.7642424242424242,0.7109090909090909,0.7152164502164502,0.8414293000127502,0.7260073497192823
44,"OS_('ADOMS', ""{'proportion': 1.0, 'n_neighbors': 5, 'n_jobs': 1, 'random_state': 1}"")",DecisionTreeClassifier(random_state=1),0.9338092518560822,0.6315018315018315,0.809090909090909,0.7017391304347826,0.8786338135917378,0.7109475084219007
45,"OS_('ADOMS', ""{'proportion': 1.0, 'n_neighbors': 5, 'n_jobs': 1, 'random_state': 1}"")",KNeighborsClassifier(),0.9221397296782792,0.6253357753357753,0.9072727272727272,0.7147474747474747,0.9158617025797952,0.7395090031600609
46,"OS_('ADOMS', ""{'proportion': 1.0, 'n_neighbors': 5, 'n_jobs': 1, 'random_state': 1}"")",MLPClassifier(random_state=1),0.914372739387017,0.5733693207377418,0.8672727272727272,0.6699350324837581,0.8937111649453865,0.6944630147198355
47,"OS_('ADOMS', ""{'proportion': 1.0, 'n_neighbors': 5, 'n_jobs': 1, 'random_state': 1}"")","Pipeline(steps=[('standardscaler', StandardScaler()),
                ('svc',
                 SVC(C=1, gamma='auto', kernel='linear', random_state=1))])",0.9085474966685704,0.5539589169000934,0.8272727272727274,0.6451851851851852,0.8726358961281822,0.6673449499593197
48,"OS_('Safe_Level_SMOTE', ""{'proportion': 1.0, 'n_neighbors': 5, 'n_jobs': 1, 'random_state': 1}"")",DecisionTreeClassifier(random_state=1),0.9455168475157054,0.7512878787878787,0.7690909090909092,0.7374735068852716,0.8672944026520464,0.7486256468301155
49,"OS_('Safe_Level_SMOTE', ""{'proportion': 1.0, 'n_neighbors': 5, 'n_jobs': 1, 'random_state': 1}"")",KNeighborsClassifier(),0.9475157053112507,0.7771428571428572,0.7109090909090909,0.7291503267973856,0.8425279442390241,0.7365172625230157
50,"OS_('Safe_Level_SMOTE', ""{'proportion': 1.0, 'n_neighbors': 5, 'n_jobs': 1, 'random_state': 1}"")",MLPClassifier(random_state=1),0.9552826956025129,0.85006105006105,0.7090909090909092,0.7583254812222371,0.8459316163032853,0.7687761224690782
51,"OS_('Safe_Level_SMOTE', ""{'proportion': 1.0, 'n_neighbors': 5, 'n_jobs': 1, 'random_state': 1}"")","Pipeline(steps=[('standardscaler', StandardScaler()),
                ('svc',
                 SVC(C=1, gamma='auto', kernel='linear', random_state=1))])",0.9513992004568819,0.8447619047619046,0.6509090909090908,0.7219659442724458,0.8179159760295805,0.7344951716296135
52,"OS_('MSMOTE', ""{'proportion': 1.0, 'n_neighbors': 5, 'n_jobs': 1, 'random_state': 1}"")",DecisionTreeClassifier(random_state=1),0.9454978107747953,0.6983272283272284,0.8454545454545455,0.7560421607378129,0.9011400824514428,0.7639111759087018
53,"OS_('MSMOTE', ""{'proportion': 1.0, 'n_neighbors': 5, 'n_jobs': 1, 'random_state': 1}"")",KNeighborsClassifier(),0.9494764896249762,0.7401154401154402,0.8290909090909091,0.7627705627705628,0.8962308215393768,0.7735061046451965
54,"OS_('MSMOTE', ""{'proportion': 1.0, 'n_neighbors': 5, 'n_jobs': 1, 'random_state': 1}"")",MLPClassifier(random_state=1),0.9357700361698077,0.6772649572649574,0.8272727272727274,0.7206735679779158,0.8877364103871818,0.7362439562887191
55,"OS_('MSMOTE', ""{'proportion': 1.0, 'n_neighbors': 5, 'n_jobs': 1, 'random_state': 1}"")","Pipeline(steps=[('standardscaler', StandardScaler()),
                ('svc',
                 SVC(C=1, gamma='auto', kernel='linear', random_state=1))])",0.9240814772510946,0.6402714932126697,0.8072727272727274,0.6856682769726248,0.8723366908920905,0.7043391276746311
56,"OS_('DE_oversampling', ""{'proportion': 1.0, 'n_neighbors': 5, 'crossover_rate': 0.5, 'similarity_threshold': 0.5, 'n_clusters': 30, 'n_jobs': 1, 'random_state': 1}"")",DecisionTreeClassifier(random_state=1),0.8871311631448696,0.49887568820631695,0.7836363636363636,0.5933447293447294,0.8411052318415573,0.6161765694683736
57,"OS_('DE_oversampling', ""{'proportion': 1.0, 'n_neighbors': 5, 'crossover_rate': 0.5, 'similarity_threshold': 0.5, 'n_clusters': 30, 'n_jobs': 1, 'random_state': 1}"")",KNeighborsClassifier(),0.9162764134780126,0.5874025974025974,0.8472727272727273,0.6788203463203464,0.8858266394661907,0.6974927883546875
58,"OS_('DE_oversampling', ""{'proportion': 1.0, 'n_neighbors': 5, 'crossover_rate': 0.5, 'similarity_threshold': 0.5, 'n_clusters': 30, 'n_jobs': 1, 'random_state': 1}"")",MLPClassifier(random_state=1),0.9084332762231107,0.5690225563909774,0.8454545454545455,0.6600937626424882,0.880581410174678,0.6827284377339926
59,"OS_('DE_oversampling', ""{'proportion': 1.0, 'n_neighbors': 5, 'crossover_rate': 0.5, 'similarity_threshold': 0.5, 'n_clusters': 30, 'n_jobs': 1, 'random_state': 1}"")","Pipeline(steps=[('standardscaler', StandardScaler()),
                ('svc',
                 SVC(C=1, gamma='auto', kernel='linear', random_state=1))])",0.894822006472492,0.5008547008547009,0.801818181818182,0.6118705978453524,0.8533751965659399,0.6311521678293364
60,"OS_('SMOBD', ""{'proportion': 1.0, 'eta1': 0.5, 't': 1.8, 'min_samples': 5, 'max_eps': 1.0, 'n_jobs': 1, 'random_state': 1}"")",DecisionTreeClassifier(random_state=1),0.9279840091376357,0.6282936507936507,0.750909090909091,0.6690931174089069,0.849531216796294,0.6792430291594757
61,"OS_('SMOBD', ""{'proportion': 1.0, 'eta1': 0.5, 't': 1.8, 'min_samples': 5, 'max_eps': 1.0, 'n_jobs': 1, 'random_state': 1}"")",KNeighborsClassifier(),0.9358271463925376,0.6591787439613526,0.9072727272727272,0.7448484848484849,0.9234470228228993,0.7634967884380874
62,"OS_('SMOBD', ""{'proportion': 1.0, 'eta1': 0.5, 't': 1.8, 'min_samples': 5, 'max_eps': 1.0, 'n_jobs': 1, 'random_state': 1}"")",MLPClassifier(random_state=1),0.922158766419189,0.5862946264262053,0.8654545454545455,0.6895489817528799,0.8971031493051129,0.707345651923237
63,"OS_('SMOBD', ""{'proportion': 1.0, 'eta1': 0.5, 't': 1.8, 'min_samples': 5, 'max_eps': 1.0, 'n_jobs': 1, 'random_state': 1}"")","Pipeline(steps=[('standardscaler', StandardScaler()),
                ('svc',
                 SVC(C=1, gamma='auto', kernel='linear', random_state=1))])",0.9202360555872835,0.5729970193205487,0.8636363636363636,0.685022385022385,0.8951187895788177,0.7014001192986042
64,"OS_('SUNDO', ""{'n_jobs': 1, 'random_state': 1}"")",DecisionTreeClassifier(random_state=1),0.9357700361698077,0.6460714285714285,0.8272727272727274,0.7156410256410256,0.887713034978112,0.7260289060615119
65,"OS_('SUNDO', ""{'n_jobs': 1, 'random_state': 1}"")",KNeighborsClassifier(),0.9572434799162384,0.865,0.7109090909090909,0.761969696969697,0.8479276637341154,0.7745669363691666
66,"OS_('SUNDO', ""{'n_jobs': 1, 'random_state': 1}"")",MLPClassifier(random_state=1),0.9455358842566153,0.7316683316683317,0.7890909090909091,0.7368286445012787,0.8762191338348421,0.7484251291796754
67,"OS_('SUNDO', ""{'n_jobs': 1, 'random_state': 1}"")","Pipeline(steps=[('standardscaler', StandardScaler()),
                ('svc',
                 SVC(C=1, gamma='auto', kernel='linear', random_state=1))])",0.9299447934513612,0.6622435897435898,0.7672727272727272,0.690602074254248,0.8577480980917166,0.7025454548381208
68,"OS_('MSYN', ""{'pressure': 1.5, 'n_neighbors': 5, 'n_jobs': 1, 'random_state': 1}"")",DecisionTreeClassifier(random_state=1),0.9338282885969923,0.6782142857142857,0.7272727272727272,0.6863046757164403,0.8420141102469293,0.6944393710786498
69,"OS_('MSYN', ""{'pressure': 1.5, 'n_neighbors': 5, 'n_jobs': 1, 'random_state': 1}"")",KNeighborsClassifier(),0.9514182371977917,0.751984126984127,0.809090909090909,0.761820635504846,0.8883813591737855,0.7710730667376086
70,"OS_('MSYN', ""{'pressure': 1.5, 'n_neighbors': 5, 'n_jobs': 1, 'random_state': 1}"")",MLPClassifier(random_state=1),0.9435941366837998,0.7214102564102564,0.809090909090909,0.7341530592169978,0.8840569084958986,0.7494522714582882
71,"OS_('MSYN', ""{'pressure': 1.5, 'n_neighbors': 5, 'n_jobs': 1, 'random_state': 1}"")","Pipeline(steps=[('standardscaler', StandardScaler()),
                ('svc',
                 SVC(C=1, gamma='auto', kernel='linear', random_state=1))])",0.9318294308014469,0.6804761904761906,0.7872727272727272,0.7018605408927989,0.8677013472735773,0.7174876148476357
72,"OS_('SVM_balance', ""{'proportion': 1.0, 'n_neighbors': 5, 'n_jobs': 1, 'random_state': 1}"")",DecisionTreeClassifier(random_state=1),0.9279840091376357,0.6132323232323232,0.8236363636363636,0.6964265010351968,0.8815937778911132,0.7072561517498374
73,"OS_('SVM_balance', ""{'proportion': 1.0, 'n_neighbors': 5, 'n_jobs': 1, 'random_state': 1}"")",KNeighborsClassifier(),0.9318865410241767,0.6664141414141413,0.9072727272727272,0.7393011941618753,0.9212731097794211,0.7623337270722457
74,"OS_('SVM_balance', ""{'proportion': 1.0, 'n_neighbors': 5, 'n_jobs': 1, 'random_state': 1}"")",MLPClassifier(random_state=1),0.910489244241386,0.551538004479181,0.8254545454545456,0.6507225463747204,0.8727903863317608,0.6691765417965476
75,"OS_('SVM_balance', ""{'proportion': 1.0, 'n_neighbors': 5, 'n_jobs': 1, 'random_state': 1}"")","Pipeline(steps=[('standardscaler', StandardScaler()),
                ('svc',
                 SVC(C=1, gamma='auto', kernel='linear', random_state=1))])",0.906548638873025,0.5515316851378232,0.8072727272727273,0.6369158249158249,0.8626008330145776,0.6575653247695058
76,"OS_('TRIM_SMOTE', ""{'proportion': 1.0, 'n_neighbors': 5, 'min_precision': 0.3, 'n_jobs': 1, 'random_state': 1}"")",DecisionTreeClassifier(random_state=1),0.9377117837426233,0.6791847041847042,0.8072727272727274,0.7213943950786057,0.8798752603170555,0.7321497436528149
77,"OS_('TRIM_SMOTE', ""{'proportion': 1.0, 'n_neighbors': 5, 'min_precision': 0.3, 'n_jobs': 1, 'random_state': 1}"")",KNeighborsClassifier(),0.9435941366837998,0.6969590643274853,0.8872727272727271,0.7641379310344828,0.918823366908921,0.7778896515271823
78,"OS_('TRIM_SMOTE', ""{'proportion': 1.0, 'n_neighbors': 5, 'min_precision': 0.3, 'n_jobs': 1, 'random_state': 1}"")",MLPClassifier(random_state=1),0.9163144869598325,0.594715578539108,0.7872727272727272,0.6568692262056106,0.8590991967359429,0.6735909199705559
79,"OS_('TRIM_SMOTE', ""{'proportion': 1.0, 'n_neighbors': 5, 'min_precision': 0.3, 'n_jobs': 1, 'random_state': 1}"")","Pipeline(steps=[('standardscaler', StandardScaler()),
                ('svc',
                 SVC(C=1, gamma='auto', kernel='linear', random_state=1))])",0.9143346659051972,0.5866167329402623,0.8254545454545456,0.6662956769478507,0.8749409239661693,0.6856528991694559
80,"OS_('SMOTE_RSB', ""{'proportion': 2.0, 'n_neighbors': 5, 'n_jobs': 1, 'random_state': 1}"")",DecisionTreeClassifier(random_state=1),0.9494003426613364,0.7683605283605284,0.7272727272727273,0.7356570774762994,0.8506863870117727,0.741663473664837
81,"OS_('SMOTE_RSB', ""{'proportion': 2.0, 'n_neighbors': 5, 'n_jobs': 1, 'random_state': 1}"")",KNeighborsClassifier(),0.9611079383209594,0.915,0.6909090909090908,0.7747351221190231,0.8411534701857282,0.7884333958345515
82,"OS_('SMOTE_RSB', ""{'proportion': 2.0, 'n_neighbors': 5, 'n_jobs': 1, 'random_state': 1}"")",MLPClassifier(random_state=1),0.9552826956025129,0.861111111111111,0.690909090909091,0.7499867091972354,0.8379159760295805,0.7626036465529767
83,"OS_('SMOTE_RSB', ""{'proportion': 2.0, 'n_neighbors': 5, 'n_jobs': 1, 'random_state': 1}"")","Pipeline(steps=[('standardscaler', StandardScaler()),
                ('svc',
                 SVC(C=1, gamma='auto', kernel='linear', random_state=1))])",0.9572434799162384,0.8431457431457432,0.729090909090909,0.7659255089595647,0.8559199285987505,0.7758509791670785
84,"OS_('ProWSyn', ""{'proportion': 1.0, 'n_neighbors': 5, 'L': 5, 'theta': 1.0, 'n_jobs': 1, 'random_state': 1}"")",DecisionTreeClassifier(random_state=1),0.9221778031600991,0.5985323886639676,0.7890909090909091,0.6635779276353727,0.8632574695057164,0.6784355803350544
85,"OS_('ProWSyn', ""{'proportion': 1.0, 'n_neighbors': 5, 'L': 5, 'theta': 1.0, 'n_jobs': 1, 'random_state': 1}"")",KNeighborsClassifier(),0.9163715971825624,0.5780316742081448,0.889090909090909,0.6839128665215621,0.9046319435590124,0.7078275695518379
86,"OS_('ProWSyn', ""{'proportion': 1.0, 'n_neighbors': 5, 'L': 5, 'theta': 1.0, 'n_jobs': 1, 'random_state': 1}"")",MLPClassifier(random_state=1),0.9221206929373691,0.6163919413919414,0.8272727272727274,0.6832329772537936,0.8801627778486123,0.7020762581456348
87,"OS_('ProWSyn', ""{'proportion': 1.0, 'n_neighbors': 5, 'L': 5, 'theta': 1.0, 'n_jobs': 1, 'random_state': 1}"")","Pipeline(steps=[('standardscaler', StandardScaler()),
                ('svc',
                 SVC(C=1, gamma='auto', kernel='linear', random_state=1))])",0.9299447934513612,0.6471825396825397,0.8454545454545455,0.7129705031810295,0.8925262442092737,0.7294086401084912
88,"OS_('SL_graph_SMOTE', ""{'proportion': 1.0, 'n_neighbors': 5, 'n_jobs': 1, 'random_state': 1}"")",DecisionTreeClassifier(random_state=1),0.9455168475157054,0.7512878787878787,0.7690909090909092,0.7374735068852716,0.8672944026520464,0.7486256468301155
89,"OS_('SL_graph_SMOTE', ""{'proportion': 1.0, 'n_neighbors': 5, 'n_jobs': 1, 'random_state': 1}"")",KNeighborsClassifier(),0.9475157053112507,0.7771428571428572,0.7109090909090909,0.7291503267973856,0.8425279442390241,0.7365172625230157
90,"OS_('SL_graph_SMOTE', ""{'proportion': 1.0, 'n_neighbors': 5, 'n_jobs': 1, 'random_state': 1}"")",MLPClassifier(random_state=1),0.9552826956025129,0.85006105006105,0.7090909090909092,0.7583254812222371,0.8459316163032853,0.7687761224690782
91,"OS_('SL_graph_SMOTE', ""{'proportion': 1.0, 'n_neighbors': 5, 'n_jobs': 1, 'random_state': 1}"")","Pipeline(steps=[('standardscaler', StandardScaler()),
                ('svc',
                 SVC(C=1, gamma='auto', kernel='linear', random_state=1))])",0.9513992004568819,0.8447619047619046,0.6509090909090908,0.7219659442724458,0.8179159760295805,0.7344951716296135
92,"OS_('NRSBoundary_SMOTE', ""{'proportion': 1.0, 'n_neighbors': 5, 'w': 0.005, 'n_jobs': 1, 'random_state': 1}"")",DecisionTreeClassifier(random_state=1),0.9260422615648201,0.6203177214941921,0.750909090909091,0.6613793420749944,0.8484676356836245,0.6733351641598271
93,"OS_('NRSBoundary_SMOTE', ""{'proportion': 1.0, 'n_neighbors': 5, 'w': 0.005, 'n_jobs': 1, 'random_state': 1}"")",KNeighborsClassifier(),0.9143346659051972,0.5863636363636363,0.8690909090909091,0.6750280112044819,0.8945851927408729,0.7003972856621743
94,"OS_('NRSBoundary_SMOTE', ""{'proportion': 1.0, 'n_neighbors': 5, 'w': 0.005, 'n_jobs': 1, 'random_state': 1}"")",MLPClassifier(random_state=1),0.9066057490957549,0.5344075021312873,0.8854545454545455,0.6561944078465818,0.8974023545412045,0.6822433584635952
95,"OS_('NRSBoundary_SMOTE', ""{'proportion': 1.0, 'n_neighbors': 5, 'w': 0.005, 'n_jobs': 1, 'random_state': 1}"")","Pipeline(steps=[('standardscaler', StandardScaler()),
                ('svc',
                 SVC(C=1, gamma='auto', kernel='linear', random_state=1))])",0.8968779744907673,0.49824463118580764,0.8036363636363637,0.6114708994708995,0.8554179948149091,0.6307960284784204
96,"OS_('LVQ_SMOTE', ""{'proportion': 1.0, 'n_neighbors': 5, 'n_clusters': 10, 'n_jobs': 1, 'random_state': 1}"")",DecisionTreeClassifier(random_state=1),0.9532648010660575,0.7301345713110419,0.901818181818182,0.7975270301357258,0.9303971694504654,0.8066377392242856
97,"OS_('LVQ_SMOTE', ""{'proportion': 1.0, 'n_neighbors': 5, 'n_clusters': 10, 'n_jobs': 1, 'random_state': 1}"")",KNeighborsClassifier(),0.9241385874738246,0.6117249417249417,0.849090909090909,0.6970319637736517,0.8910835564622381,0.7131253566721809
98,"OS_('LVQ_SMOTE', ""{'proportion': 1.0, 'n_neighbors': 5, 'n_clusters': 10, 'n_jobs': 1, 'random_state': 1}"")",MLPClassifier(random_state=1),0.9123929183323816,0.5993124522536287,0.8072727272727274,0.6554843304843304,0.8658617025797952,0.6788149649150186
99,"OS_('LVQ_SMOTE', ""{'proportion': 1.0, 'n_neighbors': 5, 'n_clusters': 10, 'n_jobs': 1, 'random_state': 1}"")","Pipeline(steps=[('standardscaler', StandardScaler()),
                ('svc',
                 SVC(C=1, gamma='auto', kernel='linear', random_state=1))])",0.9104511707595659,0.5962082362082362,0.7872727272727272,0.6459717046238785,0.8558617025797952,0.6682805427551366
100,"OS_('SOI_CJ', ""{'proportion': 1.0, 'n_neighbors': 5, 'method': 'interpolation', 'n_jobs': 1, 'random_state': 1}"")",DecisionTreeClassifier(random_state=1),0.9397106415381687,0.6877272727272727,0.7472727272727273,0.7062271062271062,0.8542113986994773,0.711801500926467
101,"OS_('SOI_CJ', ""{'proportion': 1.0, 'n_neighbors': 5, 'method': 'interpolation', 'n_jobs': 1, 'random_state': 1}"")",KNeighborsClassifier(),0.9475347420521606,0.7802631578947368,0.7909090909090909,0.7457593173110414,0.878226868970207,0.7650935154427356
102,"OS_('SOI_CJ', ""{'proportion': 1.0, 'n_neighbors': 5, 'method': 'interpolation', 'n_jobs': 1, 'random_state': 1}"")",MLPClassifier(random_state=1),0.9435941366837998,0.7262515262515262,0.7872727272727272,0.7353877447241292,0.874223086404012,0.7459710445492499
103,"OS_('SOI_CJ', ""{'proportion': 1.0, 'n_neighbors': 5, 'method': 'interpolation', 'n_jobs': 1, 'random_state': 1}"")","Pipeline(steps=[('standardscaler', StandardScaler()),
                ('svc',
                 SVC(C=1, gamma='auto', kernel='linear', random_state=1))])",0.9377688939653531,0.7119658119658119,0.7490909090909091,0.7043419930901422,0.8540569084958987,0.7172329415863858
104,"OS_('ROSE', ""{'proportion': 1.0, 'random_state': 1}"")",DecisionTreeClassifier(random_state=1),0.9260232248239102,0.5915966386554622,0.9036363636363637,0.7106666666666667,0.9161589952824173,0.7287787194566706
105,"OS_('ROSE', ""{'proportion': 1.0, 'random_state': 1}"")",KNeighborsClassifier(),0.9475157053112507,0.7177350427350426,0.809090909090909,0.746897953305276,0.8862074461303072,0.7550782228257598
106,"OS_('ROSE', ""{'proportion': 1.0, 'random_state': 1}"")",MLPClassifier(random_state=1),0.9279649723967257,0.6208400809716599,0.9036363636363637,0.7202849124888105,0.917281014917761,0.7407716501202202
107,"OS_('ROSE', ""{'proportion': 1.0, 'random_state': 1}"")","Pipeline(steps=[('standardscaler', StandardScaler()),
                ('svc',
                 SVC(C=1, gamma='auto', kernel='linear', random_state=1))])",0.9104321340186561,0.5469406165916464,0.8836363636363636,0.6671449240414757,0.8986087381529178,0.6905125569643756
108,"OS_('SMOTE_OUT', ""{'proportion': 1.0, 'n_neighbors': 5, 'n_jobs': 1, 'random_state': 1}"")",DecisionTreeClassifier(random_state=1),0.9435370264610698,0.7,0.8072727272727273,0.7375782112624218,0.883136129882273,0.7455324304614791
109,"OS_('SMOTE_OUT', ""{'proportion': 1.0, 'n_neighbors': 5, 'n_jobs': 1, 'random_state': 1}"")",KNeighborsClassifier(),0.9397296782790786,0.6814285714285714,0.8690909090909091,0.742014714204867,0.9086688767053424,0.7582637088130857
110,"OS_('SMOTE_OUT', ""{'proportion': 1.0, 'n_neighbors': 5, 'n_jobs': 1, 'random_state': 1}"")",MLPClassifier(random_state=1),0.9201979821054636,0.6070545141133377,0.809090909090909,0.6671304347826086,0.8710835564622382,0.6871964820189626
111,"OS_('SMOTE_OUT', ""{'proportion': 1.0, 'n_neighbors': 5, 'n_jobs': 1, 'random_state': 1}"")","Pipeline(steps=[('standardscaler', StandardScaler()),
                ('svc',
                 SVC(C=1, gamma='auto', kernel='linear', random_state=1))])",0.9181991243099181,0.6166510918748771,0.8454545454545455,0.6857436656063658,0.8860161927833736,0.7077828437759268
112,"OS_('SMOTE_Cosine', ""{'proportion': 1.0, 'n_neighbors': 5, 'n_jobs': 1, 'random_state': 1}"")",DecisionTreeClassifier(random_state=1),0.94351798972016,0.6975490196078431,0.8472727272727273,0.749792663476874,0.9009505291342599,0.7609696315465933
113,"OS_('SMOTE_Cosine', ""{'proportion': 1.0, 'n_neighbors': 5, 'n_jobs': 1, 'random_state': 1}"")",KNeighborsClassifier(),0.9455358842566153,0.7095726495726494,0.8854545454545455,0.7706570774762994,0.9189895448170343,0.7837999387197282
114,"OS_('SMOTE_Cosine', ""{'proportion': 1.0, 'n_neighbors': 5, 'n_jobs': 1, 'random_state': 1}"")",MLPClassifier(random_state=1),0.9221778031600991,0.6297435897435898,0.8072727272727274,0.6798288474810213,0.8712847974839558,0.6988417003810288
115,"OS_('SMOTE_Cosine', ""{'proportion': 1.0, 'n_neighbors': 5, 'n_jobs': 1, 'random_state': 1}"")","Pipeline(steps=[('standardscaler', StandardScaler()),
                ('svc',
                 SVC(C=1, gamma='auto', kernel='linear', random_state=1))])",0.9182562345326482,0.5950213675213675,0.8054545454545454,0.6681560758082496,0.8681901058268519,0.6838758608222376
116,"OS_('Selected_SMOTE', ""{'proportion': 1.0, 'n_neighbors': 5, 'perc_sign_attr': 0.5, 'n_jobs': 1, 'random_state': 1}"")",DecisionTreeClassifier(random_state=1),0.922158766419189,0.6124089635854342,0.7090909090909092,0.6367542087542087,0.8275702324790684,0.6485870725540146
117,"OS_('Selected_SMOTE', ""{'proportion': 1.0, 'n_neighbors': 5, 'perc_sign_attr': 0.5, 'n_jobs': 1, 'random_state': 1}"")",KNeighborsClassifier(),0.9280030458785455,0.6373251748251748,0.8290909090909091,0.6986800194466098,0.8843327383229207,0.7154873547681517
118,"OS_('Selected_SMOTE', ""{'proportion': 1.0, 'n_neighbors': 5, 'perc_sign_attr': 0.5, 'n_jobs': 1, 'random_state': 1}"")",MLPClassifier(random_state=1),0.910489244241386,0.5485947489043465,0.8454545454545455,0.6547776616742135,0.8817151175145564,0.675400705683799
119,"OS_('Selected_SMOTE', ""{'proportion': 1.0, 'n_neighbors': 5, 'perc_sign_attr': 0.5, 'n_jobs': 1, 'random_state': 1}"")","Pipeline(steps=[('standardscaler', StandardScaler()),
                ('svc',
                 SVC(C=1, gamma='auto', kernel='linear', random_state=1))])",0.9162764134780126,0.5676948051948052,0.8836363636363636,0.6818880394967352,0.9018579200136003,0.7032011169669036
120,"OS_('LN_SMOTE', ""{'proportion': 1.0, 'n_neighbors': 5, 'n_jobs': 1, 'random_state': 1}"")",DecisionTreeClassifier(random_state=1),0.9337902151151724,0.6871212121212122,0.7309090909090911,0.6802844214608921,0.8438439797696461,0.6944145733237691
121,"OS_('LN_SMOTE', ""{'proportion': 1.0, 'n_neighbors': 5, 'n_jobs': 1, 'random_state': 1}"")",KNeighborsClassifier(),0.9455739577384351,0.7829059829059829,0.7709090909090909,0.7406290662718178,0.8682385566747419,0.7583701045410361
122,"OS_('LN_SMOTE', ""{'proportion': 1.0, 'n_neighbors': 5, 'n_jobs': 1, 'random_state': 1}"")",MLPClassifier(random_state=1),0.9358652198743576,0.703076923076923,0.7272727272727272,0.7002465735458063,0.8431711929958773,0.7076371572970579
123,"OS_('LN_SMOTE', ""{'proportion': 1.0, 'n_neighbors': 5, 'n_jobs': 1, 'random_state': 1}"")","Pipeline(steps=[('standardscaler', StandardScaler()),
                ('svc',
                 SVC(C=1, gamma='auto', kernel='linear', random_state=1))])",0.937806967447173,0.7091880341880341,0.7072727272727273,0.69790236460717,0.8353334183348208,0.703037295149093
124,"OS_('MWMOTE', ""{'proportion': 1.0, 'k1': 5, 'k2': 5, 'k3': 5, 'M': 10, 'cf_th': 5.0, 'cmax': 10.0, 'n_jobs': 1, 'random_state': 1}"")",DecisionTreeClassifier(random_state=1),0.9318675042832668,0.6369934640522875,0.8436363636363637,0.7116190476190477,0.8926807344128523,0.72571754712371
125,"OS_('MWMOTE', ""{'proportion': 1.0, 'k1': 5, 'k2': 5, 'k3': 5, 'M': 10, 'cf_th': 5.0, 'cmax': 10.0, 'n_jobs': 1, 'random_state': 1}"")",KNeighborsClassifier(),0.9045878545592995,0.5516849816849817,0.889090909090909,0.6597105508870215,0.8980985167240426,0.6887083069690964
126,"OS_('MWMOTE', ""{'proportion': 1.0, 'k1': 5, 'k2': 5, 'k3': 5, 'M': 10, 'cf_th': 5.0, 'cmax': 10.0, 'n_jobs': 1, 'random_state': 1}"")",MLPClassifier(random_state=1),0.9123738815914717,0.5571245889660211,0.8836363636363636,0.6729719555806513,0.8996956946746568,0.6959884424383621
127,"OS_('MWMOTE', ""{'proportion': 1.0, 'k1': 5, 'k2': 5, 'k3': 5, 'M': 10, 'cf_th': 5.0, 'cmax': 10.0, 'n_jobs': 1, 'random_state': 1}"")","Pipeline(steps=[('standardscaler', StandardScaler()),
                ('svc',
                 SVC(C=1, gamma='auto', kernel='linear', random_state=1))])",0.9104511707595659,0.5493124522536287,0.8436363636363637,0.6564505140592096,0.880782651196396,0.6759400482316535
128,"OS_('PDFOS', ""{'proportion': 1.0, 'n_jobs': 1, 'random_state': 1}"")",DecisionTreeClassifier(random_state=1),0.9338282885969923,0.6630952380952382,0.7836363636363637,0.7018940139144743,0.8669701219771346,0.7125042429799482
129,"OS_('PDFOS', ""{'proportion': 1.0, 'n_jobs': 1, 'random_state': 1}"")",KNeighborsClassifier(),0.9377688939653531,0.6852958152958154,0.7490909090909093,0.7033984962406015,0.8540569084958987,0.7102414668907387
130,"OS_('PDFOS', ""{'proportion': 1.0, 'n_jobs': 1, 'random_state': 1}"")",MLPClassifier(random_state=1),0.918275271273558,0.5836032388663968,0.8854545454545455,0.6873734561290783,0.9038890305580347,0.7103530180260027
131,"OS_('PDFOS', ""{'proportion': 1.0, 'n_jobs': 1, 'random_state': 1}"")","Pipeline(steps=[('standardscaler', StandardScaler()),
                ('svc',
                 SVC(C=1, gamma='auto', kernel='linear', random_state=1))])",0.9104511707595659,0.5492118992118992,0.8236363636363636,0.6498917748917749,0.8718462323090653,0.6676471039350149
132,"OS_('NEATER', ""{'proportion': 1.0, 'smote_n_neighbors': 5, 'b': 5, 'alpha': 0.1, 'h': 20, 'n_jobs': 1, 'random_state': 1}"")",DecisionTreeClassifier(random_state=1),0.9240624405101847,0.6220095693779905,0.7872727272727272,0.6753525059332681,0.8634002720047601,0.6897464676335237
133,"OS_('NEATER', ""{'proportion': 1.0, 'smote_n_neighbors': 5, 'b': 5, 'alpha': 0.1, 'h': 20, 'n_jobs': 1, 'random_state': 1}"")",KNeighborsClassifier(),0.914372739387017,0.5864102564102563,0.8690909090909091,0.6730652718753405,0.8946202558544775,0.6994614917320808
134,"OS_('NEATER', ""{'proportion': 1.0, 'smote_n_neighbors': 5, 'b': 5, 'alpha': 0.1, 'h': 20, 'n_jobs': 1, 'random_state': 1}"")",MLPClassifier(random_state=1),0.8559680182752712,0.42142857142857143,0.8254545454545454,0.5481325536062378,0.8425309192910877,0.5838998709747908
135,"OS_('NEATER', ""{'proportion': 1.0, 'smote_n_neighbors': 5, 'b': 5, 'alpha': 0.1, 'h': 20, 'n_jobs': 1, 'random_state': 1}"")","Pipeline(steps=[('standardscaler', StandardScaler()),
                ('svc',
                 SVC(C=1, gamma='auto', kernel='linear', random_state=1))])",0.8579288025889967,0.44203460038986353,0.8436363636363637,0.5675811408225201,0.8516568914956013,0.6031538976361963
136,"OS_('Gazzah', ""{'proportion': 1.0, 'n_components': 2, 'n_jobs': 1, 'random_state': 1}"")",DecisionTreeClassifier(random_state=1),0.9046640015229392,0.13333333333333333,0.10909090909090909,0.12,0.5502093161630328,0.12060453783110545
137,"OS_('Gazzah', ""{'proportion': 1.0, 'n_components': 2, 'n_jobs': 1, 'random_state': 1}"")",KNeighborsClassifier(),0.8948791166952219,0.5168347338935574,0.8490909090909092,0.6185994397759104,0.8748843979769646,0.6494734678605105
138,"OS_('Gazzah', ""{'proportion': 1.0, 'n_components': 2, 'n_jobs': 1, 'random_state': 1}"")",MLPClassifier(random_state=1),0.9045497810774796,0.5341880341880342,0.8654545454545455,0.6495089451611191,0.8873205406094605,0.6737250441861888
139,"OS_('Gazzah', ""{'proportion': 1.0, 'n_components': 2, 'n_jobs': 1, 'random_state': 1}"")","Pipeline(steps=[('standardscaler', StandardScaler()),
                ('svc',
                 SVC(C=1, gamma='auto', kernel='linear', random_state=1))])",0.9357700361698077,0.6371101121101121,0.8836363636363636,0.7328034284556024,0.9126690467083174,0.746375408990456
140,"OS_('MCT', ""{'proportion': 1.0, 'n_jobs': 1, 'random_state': 1}"")",DecisionTreeClassifier(random_state=1),0.9337902151151724,0.6764285714285714,0.769090909090909,0.6957509157509157,0.8607726635216117,0.709030653409972
141,"OS_('MCT', ""{'proportion': 1.0, 'n_jobs': 1, 'random_state': 1}"")",KNeighborsClassifier(),0.9358271463925376,0.667142857142857,0.8490909090909092,0.7253480475382004,0.8975819201836032,0.7413606237185153
142,"OS_('MCT', ""{'proportion': 1.0, 'n_jobs': 1, 'random_state': 1}"")",MLPClassifier(random_state=1),0.914353702646107,0.5630518604202814,0.8836363636363636,0.6773937915834709,0.9007943389009307,0.6997620889875131
143,"OS_('MCT', ""{'proportion': 1.0, 'n_jobs': 1, 'random_state': 1}"")","Pipeline(steps=[('standardscaler', StandardScaler()),
                ('svc',
                 SVC(C=1, gamma='auto', kernel='linear', random_state=1))])",0.9123929183323816,0.5524475524475524,0.8636363636363636,0.6659822866344606,0.890770963491861,0.6864609135911554
144,"OS_('ADG', ""{'proportion': 1.0, 'kernel': 'inner', 'lam': 1.0, 'mu': 1.0, 'k': 12, 'gamma': 1.0, 'n_jobs': 1, 'random_state': 1}"")",DecisionTreeClassifier(random_state=1),0.5992766038454216,0.22248796809419727,0.669090909090909,0.30798417292085806,0.6300690637086148,0.3665848738145402
145,"OS_('ADG', ""{'proportion': 1.0, 'kernel': 'inner', 'lam': 1.0, 'mu': 1.0, 'k': 12, 'gamma': 1.0, 'n_jobs': 1, 'random_state': 1}"")",KNeighborsClassifier(),0.9047020750047592,0.5356687172476646,0.709090909090909,0.6072727272727272,0.8177759360788814,0.6147417897559759
146,"OS_('ADG', ""{'proportion': 1.0, 'kernel': 'inner', 'lam': 1.0, 'mu': 1.0, 'k': 12, 'gamma': 1.0, 'n_jobs': 1, 'random_state': 1}"")",MLPClassifier(random_state=1),0.9339234723015419,0.6758241758241759,0.7854545454545455,0.7114349793429078,0.8679259637043648,0.720954512522001
147,"OS_('ADG', ""{'proportion': 1.0, 'kernel': 'inner', 'lam': 1.0, 'mu': 1.0, 'k': 12, 'gamma': 1.0, 'n_jobs': 1, 'random_state': 1}"")","Pipeline(steps=[('standardscaler', StandardScaler()),
                ('svc',
                 SVC(C=1, gamma='auto', kernel='linear', random_state=1))])",0.7920426422996383,0.2860636146350432,0.6854545454545455,0.3806467813634667,0.7443986144757533,0.42807663244592187
148,"OS_('SMOTE_IPF', ""{'proportion': 1.0, 'n_neighbors': 5, 'n_folds': 9, 'k': 3, 'p': 0.01, 'voting': 'majority', 'n_jobs': 1, 'classifier': DecisionTreeClassifier(random_state=2), 'random_state': 1}"")",DecisionTreeClassifier(random_state=1),0.9319055777650866,0.61819650937298,0.8309090909090908,0.6956632569904881,0.8873806791618855,0.7099262126043857
149,"OS_('SMOTE_IPF', ""{'proportion': 1.0, 'n_neighbors': 5, 'n_folds': 9, 'k': 3, 'p': 0.01, 'voting': 'majority', 'n_jobs': 1, 'classifier': DecisionTreeClassifier(random_state=2), 'random_state': 1}"")",KNeighborsClassifier(),0.9280411193603655,0.635,0.8690909090909091,0.7114932126696834,0.9021822006885121,0.7311171818986503
150,"OS_('SMOTE_IPF', ""{'proportion': 1.0, 'n_neighbors': 5, 'n_folds': 9, 'k': 3, 'p': 0.01, 'voting': 'majority', 'n_jobs': 1, 'classifier': DecisionTreeClassifier(random_state=2), 'random_state': 1}"")",MLPClassifier(random_state=1),0.9162954502189227,0.5783150183150184,0.8454545454545455,0.6721919968764288,0.8849409239661694,0.6915515942936128
151,"OS_('SMOTE_IPF', ""{'proportion': 1.0, 'n_neighbors': 5, 'n_folds': 9, 'k': 3, 'p': 0.01, 'voting': 'majority', 'n_jobs': 1, 'classifier': DecisionTreeClassifier(random_state=2), 'random_state': 1}"")","Pipeline(steps=[('standardscaler', StandardScaler()),
                ('svc',
                 SVC(C=1, gamma='auto', kernel='linear', random_state=1))])",0.9143156291642871,0.5847342995169083,0.8254545454545454,0.6652121212121213,0.8749292362616344,0.6846005039659399
152,"OS_('KernelADASYN', ""{'proportion': 1.0, 'k': 5, 'h': 1.0, 'n_jobs': 1, 'random_state': 1}"")",DecisionTreeClassifier(random_state=1),0.8950314106225015,0.5052813852813853,0.5709090909090909,0.5227301587301587,0.750964129372264,0.5303390049673118
153,"OS_('KernelADASYN', ""{'proportion': 1.0, 'k': 5, 'h': 1.0, 'n_jobs': 1, 'random_state': 1}"")",KNeighborsClassifier(),0.9474585950885208,0.8283116883116884,0.6309090909090909,0.6997338935574229,0.8068173318033065,0.7142488530121976
154,"OS_('KernelADASYN', ""{'proportion': 1.0, 'k': 5, 'h': 1.0, 'n_jobs': 1, 'random_state': 1}"")",MLPClassifier(random_state=1),0.9513801637159718,0.8194444444444444,0.6890909090909091,0.7369234137035994,0.8348563474860811,0.7454398112172775
155,"OS_('KernelADASYN', ""{'proportion': 1.0, 'k': 5, 'h': 1.0, 'n_jobs': 1, 'random_state': 1}"")","Pipeline(steps=[('standardscaler', StandardScaler()),
                ('svc',
                 SVC(C=1, gamma='auto', kernel='linear', random_state=1))])",0.8930135160860461,0.2,0.01818181818181818,0.03333333333333334,0.5037145650048875,0.06030226891555272
156,"OS_('MOT2LD', ""{'proportion': 1.0, 'n_components': 2, 'k': 5, 'd_cut': 'auto', 'n_jobs': 1, 'random_state': 1}"")",DecisionTreeClassifier(random_state=1),0.9337902151151724,0.6782085561497327,0.8036363636363637,0.7186628186628187,0.8758831654553955,0.7295936132062104
157,"OS_('MOT2LD', ""{'proportion': 1.0, 'n_components': 2, 'k': 5, 'd_cut': 'auto', 'n_jobs': 1, 'random_state': 1}"")",KNeighborsClassifier(),0.9397487150199886,0.7233423581249668,0.8290909090909091,0.7423340961098399,0.8908427897488206,0.7587545475024866
158,"OS_('MOT2LD', ""{'proportion': 1.0, 'n_components': 2, 'k': 5, 'd_cut': 'auto', 'n_jobs': 1, 'random_state': 1}"")",MLPClassifier(random_state=1),0.9435941366837998,0.7046128707893413,0.8272727272727274,0.74201542503602,0.8920608610650687,0.7538350559675957
159,"OS_('MOT2LD', ""{'proportion': 1.0, 'n_components': 2, 'k': 5, 'd_cut': 'auto', 'n_jobs': 1, 'random_state': 1}"")","Pipeline(steps=[('standardscaler', StandardScaler()),
                ('svc',
                 SVC(C=1, gamma='auto', kernel='linear', random_state=1))])",0.9357509994288978,0.6951324389404885,0.8072727272727273,0.7162758865118211,0.8787999914998512,0.7334079423940325
160,"OS_('V_SYNTH', ""{'proportion': 1.0, 'n_components': 3, 'n_jobs': 1, 'random_state': 1}"")",DecisionTreeClassifier(random_state=1),0.9455358842566153,0.683956043956044,0.8472727272727273,0.7528985507246376,0.9020491733605338,0.7592238587713117
161,"OS_('V_SYNTH', ""{'proportion': 1.0, 'n_components': 3, 'n_jobs': 1, 'random_state': 1}"")",KNeighborsClassifier(),0.9280601561012756,0.629978354978355,0.750909090909091,0.6676878676878676,0.8495896553189681,0.6789215102386257
162,"OS_('V_SYNTH', ""{'proportion': 1.0, 'n_components': 3, 'n_jobs': 1, 'random_state': 1}"")",MLPClassifier(random_state=1),0.9163144869598325,0.5725146198830409,0.8654545454545456,0.6759474548440065,0.8938890305580347,0.6970144693975063
163,"OS_('V_SYNTH', ""{'proportion': 1.0, 'n_components': 3, 'n_jobs': 1, 'random_state': 1}"")","Pipeline(steps=[('standardscaler', StandardScaler()),
                ('svc',
                 SVC(C=1, gamma='auto', kernel='linear', random_state=1))])",0.9123738815914717,0.5565359477124182,0.8636363636363636,0.668417967155695,0.8907826511963959,0.6887563283677773
164,"OS_('OUPS', ""{'proportion': 1.0, 'n_jobs': 1, 'random_state': 1}"")",DecisionTreeClassifier(random_state=1),0.906567675613935,0.5601629072681704,0.7872727272727273,0.6307455067033547,0.853746228058991,0.6517177084694127
165,"OS_('OUPS', ""{'proportion': 1.0, 'n_jobs': 1, 'random_state': 1}"")",KNeighborsClassifier(),0.914372739387017,0.5900000000000001,0.7909090909090909,0.6395864527629234,0.8598421097369204,0.6643755864869266
166,"OS_('OUPS', ""{'proportion': 1.0, 'n_jobs': 1, 'random_state': 1}"")",MLPClassifier(random_state=1),0.9240624405101847,0.6176287438052144,0.8472727272727273,0.6916792620479045,0.8901627778486123,0.7116153471244331
167,"OS_('OUPS', ""{'proportion': 1.0, 'n_jobs': 1, 'random_state': 1}"")","Pipeline(steps=[('standardscaler', StandardScaler()),
                ('svc',
                 SVC(C=1, gamma='auto', kernel='linear', random_state=1))])",0.9201408718827337,0.6133735257877134,0.8472727272727273,0.6847724463127288,0.8879888648051342,0.7068704123283364
168,"OS_('SMOTE_D', ""{'proportion': 1.0, 'k': 3, 'n_jobs': 1, 'random_state': 1}"")",DecisionTreeClassifier(random_state=1),0.9416333523700743,0.694017094017094,0.7490909090909093,0.7147992510921573,0.8561840707212376,0.7181666361169837
169,"OS_('SMOTE_D', ""{'proportion': 1.0, 'k': 3, 'n_jobs': 1, 'random_state': 1}"")",KNeighborsClassifier(),0.9611079383209594,0.915,0.6909090909090908,0.7747351221190231,0.8411534701857282,0.7884333958345515
170,"OS_('SMOTE_D', ""{'proportion': 1.0, 'k': 3, 'n_jobs': 1, 'random_state': 1}"")",MLPClassifier(random_state=1),0.9572244431753283,0.9055555555555556,0.6509090909090908,0.7481854145166837,0.8211534701857282,0.7627944521239585
171,"OS_('SMOTE_D', ""{'proportion': 1.0, 'k': 3, 'n_jobs': 1, 'random_state': 1}"")","Pipeline(steps=[('standardscaler', StandardScaler()),
                ('svc',
                 SVC(C=1, gamma='auto', kernel='linear', random_state=1))])",0.9494574528840662,0.8614285714285714,0.610909090909091,0.7042156862745097,0.7990029325513197,0.7197634895695781
172,"OS_('SMOTE_PSO', ""{'k': 3, 'eps': 0.05, 'n_pop': 10, 'w': 1.0, 'c1': 2.0, 'c2': 2.0, 'num_it': 10, 'n_jobs': 1, 'random_state': 1}"")",DecisionTreeClassifier(random_state=1),0.9338282885969923,0.6444327731092436,0.8272727272727274,0.7132763532763532,0.8866494538654426,0.7244049357279968
173,"OS_('SMOTE_PSO', ""{'k': 3, 'eps': 0.05, 'n_pop': 10, 'w': 1.0, 'c1': 2.0, 'c2': 2.0, 'num_it': 10, 'n_jobs': 1, 'random_state': 1}"")",KNeighborsClassifier(),0.9513992004568819,0.799067599067599,0.7290909090909091,0.7468210167362139,0.8527058098516724,0.7552927611616853
174,"OS_('SMOTE_PSO', ""{'k': 3, 'eps': 0.05, 'n_pop': 10, 'w': 1.0, 'c1': 2.0, 'c2': 2.0, 'num_it': 10, 'n_jobs': 1, 'random_state': 1}"")",MLPClassifier(random_state=1),0.9552826956025129,0.8059052059052059,0.7690909090909092,0.7705324692806184,0.8726941221471375,0.7788585618672615
175,"OS_('SMOTE_PSO', ""{'k': 3, 'eps': 0.05, 'n_pop': 10, 'w': 1.0, 'c1': 2.0, 'c2': 2.0, 'num_it': 10, 'n_jobs': 1, 'random_state': 1}"")","Pipeline(steps=[('standardscaler', StandardScaler()),
                ('svc',
                 SVC(C=1, gamma='auto', kernel='linear', random_state=1))])",0.9416143156291643,0.7530769230769231,0.669090909090909,0.6936402387041773,0.8205085213991244,0.7022031509143114
176,"OS_('CURE_SMOTE', ""{'proportion': 1.0, 'n_clusters': 5, 'noise_th': 2, 'n_jobs': 1, 'random_state': 1}"")",DecisionTreeClassifier(random_state=1),0.9280030458785455,0.6634046345811051,0.6890909090909091,0.6508830602948249,0.82190637086149,0.6633202277386832
177,"OS_('CURE_SMOTE', ""{'proportion': 1.0, 'n_clusters': 5, 'noise_th': 2, 'n_jobs': 1, 'random_state': 1}"")",KNeighborsClassifier(),0.9494574528840662,0.753052503052503,0.8290909090909091,0.7678752216509654,0.8962191338348422,0.7792999500568222
178,"OS_('CURE_SMOTE', ""{'proportion': 1.0, 'n_clusters': 5, 'noise_th': 2, 'n_jobs': 1, 'random_state': 1}"")",MLPClassifier(random_state=1),0.9436131734247096,0.7138186813186813,0.8490909090909092,0.7468264148468752,0.9019180585660249,0.7638829628707355
179,"OS_('CURE_SMOTE', ""{'proportion': 1.0, 'n_clusters': 5, 'noise_th': 2, 'n_jobs': 1, 'random_state': 1}"")","Pipeline(steps=[('standardscaler', StandardScaler()),
                ('svc',
                 SVC(C=1, gamma='auto', kernel='linear', random_state=1))])",0.9221778031600991,0.6390030334302781,0.809090909090909,0.6748382111465275,0.8721938883930468,0.6989051731818969
180,"OS_('SOMO', ""{'proportion': 1.0, 'n_grid': 10, 'sigma': 0.2, 'learning_rate': 0.5, 'n_iter': 100, 'n_jobs': 1, 'random_state': 1}"")",DecisionTreeClassifier(random_state=1),0.9318865410241767,0.6392274392274391,0.7490909090909093,0.683975155279503,0.8507843512261465,0.6890417990452121
181,"OS_('SOMO', ""{'proportion': 1.0, 'n_grid': 10, 'sigma': 0.2, 'learning_rate': 0.5, 'n_iter': 100, 'n_jobs': 1, 'random_state': 1}"")",KNeighborsClassifier(),0.9611079383209594,0.915,0.6909090909090908,0.7747351221190231,0.8411534701857282,0.7884333958345515
182,"OS_('SOMO', ""{'proportion': 1.0, 'n_grid': 10, 'sigma': 0.2, 'learning_rate': 0.5, 'n_iter': 100, 'n_jobs': 1, 'random_state': 1}"")",MLPClassifier(random_state=1),0.9591661907481439,0.9027777777777779,0.6709090909090909,0.7600877192982456,0.8311417824811933,0.7730690563099177
183,"OS_('SOMO', ""{'proportion': 1.0, 'n_grid': 10, 'sigma': 0.2, 'learning_rate': 0.5, 'n_iter': 100, 'n_jobs': 1, 'random_state': 1}"")","Pipeline(steps=[('standardscaler', StandardScaler()),
                ('svc',
                 SVC(C=1, gamma='auto', kernel='linear', random_state=1))])",0.9533409480296973,0.8547619047619047,0.649090909090909,0.7314757481940143,0.8180821539376939,0.7415290669621518
184,"OS_('CE_SMOTE', ""{'proportion': 1.0, 'h': 10, 'k': 5, 'alpha': 0.5, 'n_jobs': 1, 'random_state': 1}"")",DecisionTreeClassifier(random_state=1),0.9376546735198934,0.7083396995161702,0.8490909090909092,0.7343741928182156,0.8986104381826682,0.7559866803439889
185,"OS_('CE_SMOTE', ""{'proportion': 1.0, 'h': 10, 'k': 5, 'alpha': 0.5, 'n_jobs': 1, 'random_state': 1}"")",KNeighborsClassifier(),0.9338663620788121,0.6551587301587302,0.8854545454545455,0.7375266735184061,0.9125028688002039,0.7535419331824598
186,"OS_('CE_SMOTE', ""{'proportion': 1.0, 'h': 10, 'k': 5, 'alpha': 0.5, 'n_jobs': 1, 'random_state': 1}"")",MLPClassifier(random_state=1),0.914410812868837,0.5539036127271422,0.8054545454545454,0.6523579480101219,0.8660161927833737,0.6657989823854396
187,"OS_('CE_SMOTE', ""{'proportion': 1.0, 'h': 10, 'k': 5, 'alpha': 0.5, 'n_jobs': 1, 'random_state': 1}"")","Pipeline(steps=[('standardscaler', StandardScaler()),
                ('svc',
                 SVC(C=1, gamma='auto', kernel='linear', random_state=1))])",0.9105273177232058,0.5463492063492064,0.8236363636363636,0.651924741924742,0.871869607718135,0.6681256537508485
188,"OS_('Edge_Det_SMOTE', ""{'proportion': 1.0, 'k': 5, 'n_jobs': 1, 'random_state': 1}"")",DecisionTreeClassifier(random_state=1),0.9319246145059965,0.6270915032679738,0.7872727272727272,0.6860453386769175,0.867724722682647,0.6964602472792663
189,"OS_('Edge_Det_SMOTE', ""{'proportion': 1.0, 'k': 5, 'n_jobs': 1, 'random_state': 1}"")",KNeighborsClassifier(),0.9377498572244433,0.6813492063492064,0.8690909090909091,0.7376152540159332,0.9075702324790683,0.7560015494181149
190,"OS_('Edge_Det_SMOTE', ""{'proportion': 1.0, 'k': 5, 'n_jobs': 1, 'random_state': 1}"")",MLPClassifier(random_state=1),0.9299257567104512,0.6514170040485829,0.8254545454545456,0.707689879756478,0.8835898253219432,0.7228054956914752
191,"OS_('Edge_Det_SMOTE', ""{'proportion': 1.0, 'k': 5, 'n_jobs': 1, 'random_state': 1}"")","Pipeline(steps=[('standardscaler', StandardScaler()),
                ('svc',
                 SVC(C=1, gamma='auto', kernel='linear', random_state=1))])",0.9299067199695413,0.6538461538461539,0.8054545454545454,0.7017543859649122,0.8746534064346125,0.7154286182030313
192,"OS_('DBSMOTE', ""{'proportion': 1.0, 'eps': 0.8, 'min_samples': 3, 'n_jobs': 1, 'random_state': 1}"")",DecisionTreeClassifier(random_state=1),0.9280030458785455,0.6366300366300365,0.6890909090909091,0.6492412617220801,0.8218596200433508,0.6560106456993567
193,"OS_('DBSMOTE', ""{'proportion': 1.0, 'eps': 0.8, 'min_samples': 3, 'n_jobs': 1, 'random_state': 1}"")",KNeighborsClassifier(),0.9611079383209594,0.8927777777777777,0.7109090909090909,0.7784502923976608,0.850066513663989,0.7897561990700499
194,"OS_('DBSMOTE', ""{'proportion': 1.0, 'eps': 0.8, 'min_samples': 3, 'n_jobs': 1, 'random_state': 1}"")",MLPClassifier(random_state=1),0.9415381686655244,0.7400359874044085,0.7890909090909091,0.73363143927614,0.8739984699732245,0.7487719405937059
195,"OS_('DBSMOTE', ""{'proportion': 1.0, 'eps': 0.8, 'min_samples': 3, 'n_jobs': 1, 'random_state': 1}"")","Pipeline(steps=[('standardscaler', StandardScaler()),
                ('svc',
                 SVC(C=1, gamma='auto', kernel='linear', random_state=1))])",0.9337140681515326,0.7484848484848485,0.709090909090909,0.6957817337461301,0.8339634068596199,0.711784636842156
196,"OS_('ASMOBD', ""{'proportion': 1.0, 'min_samples': 3, 'eps': 0.8, 'eta': 0.5, 'T_1': 1.0, 'T_2': 1.0, 't_1': 4.0, 't_2': 4.0, 'a': 0.05, 'smoothing': 'linear', 'n_jobs': 1, 'random_state': 1}"")",DecisionTreeClassifier(random_state=1),0.9357700361698077,0.6715506715506715,0.7490909090909093,0.7000152555301297,0.852934888860555,0.705142593308231
197,"OS_('ASMOBD', ""{'proportion': 1.0, 'min_samples': 3, 'eps': 0.8, 'eta': 0.5, 'T_1': 1.0, 'T_2': 1.0, 't_1': 4.0, 't_2': 4.0, 'a': 0.05, 'smoothing': 'linear', 'n_jobs': 1, 'random_state': 1}"")",KNeighborsClassifier(),0.9611079383209594,0.915,0.6909090909090908,0.7747351221190231,0.8411534701857282,0.7884333958345515
198,"OS_('ASMOBD', ""{'proportion': 1.0, 'min_samples': 3, 'eps': 0.8, 'eta': 0.5, 'T_1': 1.0, 'T_2': 1.0, 't_1': 4.0, 't_2': 4.0, 'a': 0.05, 'smoothing': 'linear', 'n_jobs': 1, 'random_state': 1}"")",MLPClassifier(random_state=1),0.9572244431753283,0.8248085248085248,0.7690909090909092,0.7747301292058325,0.8737693909643418,0.7856639572837132
199,"OS_('ASMOBD', ""{'proportion': 1.0, 'min_samples': 3, 'eps': 0.8, 'eta': 0.5, 'T_1': 1.0, 'T_2': 1.0, 't_1': 4.0, 't_2': 4.0, 'a': 0.05, 'smoothing': 'linear', 'n_jobs': 1, 'random_state': 1}"")","Pipeline(steps=[('standardscaler', StandardScaler()),
                ('svc',
                 SVC(C=1, gamma='auto', kernel='linear', random_state=1))])",0.9552826956025129,0.8603174603174603,0.669090909090909,0.7455108359133126,0.8280821539376939,0.7549379457866887
200,"OS_('Assembled_SMOTE', ""{'proportion': 1.0, 'n_neighbors': 5, 'pop': 2, 'thres': 0.3, 'n_jobs': 1, 'random_state': 1}"")",DecisionTreeClassifier(random_state=1),0.9357890729107178,0.6682051282051282,0.7909090909090909,0.701299232736573,0.8717168175443071,0.7152299866777041
201,"OS_('Assembled_SMOTE', ""{'proportion': 1.0, 'n_neighbors': 5, 'pop': 2, 'thres': 0.3, 'n_jobs': 1, 'random_state': 1}"")",KNeighborsClassifier(),0.9358081096516276,0.6633477633477634,0.8672727272727272,0.7340476190476191,0.905597560457308,0.7492578977050692
202,"OS_('Assembled_SMOTE', ""{'proportion': 1.0, 'n_neighbors': 5, 'pop': 2, 'thres': 0.3, 'n_jobs': 1, 'random_state': 1}"")",MLPClassifier(random_state=1),0.914353702646107,0.5738705738705739,0.8254545454545456,0.6628293595137914,0.8749409239661693,0.6807928209853154
203,"OS_('Assembled_SMOTE', ""{'proportion': 1.0, 'n_neighbors': 5, 'pop': 2, 'thres': 0.3, 'n_jobs': 1, 'random_state': 1}"")","Pipeline(steps=[('standardscaler', StandardScaler()),
                ('svc',
                 SVC(C=1, gamma='auto', kernel='linear', random_state=1))])",0.9162954502189227,0.5679761904761905,0.8436363636363637,0.6712463048872586,0.8840201453525436,0.6881299391340614
204,"OS_('SDSMOTE', ""{'proportion': 1.0, 'n_neighbors': 5, 'n_jobs': 1, 'random_state': 1}"")",DecisionTreeClassifier(random_state=1),0.9338473253379022,0.6496128707893414,0.7890909090909091,0.6986470039833884,0.8697207701134768,0.7088691607312193
205,"OS_('SDSMOTE', ""{'proportion': 1.0, 'n_neighbors': 5, 'n_jobs': 1, 'random_state': 1}"")",KNeighborsClassifier(),0.933885398819722,0.653623188405797,0.889090909090909,0.7311642743221691,0.9143561137319903,0.7507119241151639
206,"OS_('SDSMOTE', ""{'proportion': 1.0, 'n_neighbors': 5, 'n_jobs': 1, 'random_state': 1}"")",MLPClassifier(random_state=1),0.922158766419189,0.5972289698605489,0.8454545454545455,0.687728135932034,0.888190105826852,0.7042048907574012
207,"OS_('SDSMOTE', ""{'proportion': 1.0, 'n_neighbors': 5, 'n_jobs': 1, 'random_state': 1}"")","Pipeline(steps=[('standardscaler', StandardScaler()),
                ('svc',
                 SVC(C=1, gamma='auto', kernel='linear', random_state=1))])",0.922158766419189,0.5923238912789996,0.8636363636363636,0.6937326402843644,0.8962057461005568,0.7105369726557079
208,"OS_('DSMOTE', ""{'proportion': 1.0, 'n_neighbors': 5, 'rate': 0.1, 'n_step': 50, 'n_jobs': 1, 'random_state': 1}"")",DecisionTreeClassifier(random_state=1),0.9474585950885208,0.7583333333333333,0.7090909090909092,0.7242955874534821,0.8415954779208636,0.728985382807933
209,"OS_('DSMOTE', ""{'proportion': 1.0, 'n_neighbors': 5, 'rate': 0.1, 'n_step': 50, 'n_jobs': 1, 'random_state': 1}"")",KNeighborsClassifier(),0.9611079383209594,0.915,0.6909090909090908,0.7747351221190231,0.8411534701857282,0.7884333958345515
210,"OS_('DSMOTE', ""{'proportion': 1.0, 'n_neighbors': 5, 'rate': 0.1, 'n_step': 50, 'n_jobs': 1, 'random_state': 1}"")",MLPClassifier(random_state=1),0.9552636588616028,0.846111111111111,0.7109090909090909,0.7544311536416799,0.8468290195078414,0.7660788881279915
211,"OS_('DSMOTE', ""{'proportion': 1.0, 'n_neighbors': 5, 'rate': 0.1, 'n_step': 50, 'n_jobs': 1, 'random_state': 1}"")","Pipeline(steps=[('standardscaler', StandardScaler()),
                ('svc',
                 SVC(C=1, gamma='auto', kernel='linear', random_state=1))])",0.9591852274890538,0.8399999999999999,0.7490909090909091,0.7787841260906276,0.8659199285987504,0.7865117410270925
212,"OS_('G_SMOTE', ""{'proportion': 1.0, 'n_neighbors': 5, 'method': 'linear', 'n_jobs': 1, 'random_state': 1}"")",DecisionTreeClassifier(random_state=1),0.9454787740338855,0.7119904931669637,0.8654545454545455,0.7633862433862435,0.9100414382251689,0.7758242609902287
213,"OS_('G_SMOTE', ""{'proportion': 1.0, 'n_neighbors': 5, 'method': 'linear', 'n_jobs': 1, 'random_state': 1}"")",KNeighborsClassifier(),0.918294308014468,0.5777777777777778,0.8872727272727271,0.6876978775700003,0.904774746058056,0.7093836673961446
214,"OS_('G_SMOTE', ""{'proportion': 1.0, 'n_neighbors': 5, 'method': 'linear', 'n_jobs': 1, 'random_state': 1}"")",MLPClassifier(random_state=1),0.914372739387017,0.5869658119658119,0.8072727272727274,0.6571948265312109,0.8669486591015343,0.6767392059820854
215,"OS_('G_SMOTE', ""{'proportion': 1.0, 'n_neighbors': 5, 'method': 'linear', 'n_jobs': 1, 'random_state': 1}"")","Pipeline(steps=[('standardscaler', StandardScaler()),
                ('svc',
                 SVC(C=1, gamma='auto', kernel='linear', random_state=1))])",0.9085474966685704,0.5407563025210085,0.8236363636363636,0.6454106280193236,0.8708060266054656,0.6634054240082115
216,"OS_('NT_SMOTE', ""{'proportion': 1.0, 'n_jobs': 1, 'random_state': 1}"")",DecisionTreeClassifier(random_state=1),0.9338282885969923,0.6596861471861472,0.769090909090909,0.6915351315351315,0.8607960389306812,0.7028293620222031
217,"OS_('NT_SMOTE', ""{'proportion': 1.0, 'n_jobs': 1, 'random_state': 1}"")",KNeighborsClassifier(),0.9397106415381687,0.6923076923076923,0.849090909090909,0.7382549194610906,0.8997558332270815,0.7541071996247518
218,"OS_('NT_SMOTE', ""{'proportion': 1.0, 'n_jobs': 1, 'random_state': 1}"")",MLPClassifier(random_state=1),0.9066057490957549,0.55052790346908,0.7872727272727272,0.6309822866344605,0.8537111649453866,0.6495201706282934
219,"OS_('NT_SMOTE', ""{'proportion': 1.0, 'n_jobs': 1, 'random_state': 1}"")","Pipeline(steps=[('standardscaler', StandardScaler()),
                ('svc',
                 SVC(C=1, gamma='auto', kernel='linear', random_state=1))])",0.9046068913002095,0.5611811391223156,0.7872727272727272,0.6320159718292147,0.8526242084236474,0.6526443051472535
220,"OS_('Lee', ""{'proportion': 1.0, 'n_neighbors': 5, 'rejection_level': 0.5, 'n_jobs': 1, 'random_state': 1}"")",DecisionTreeClassifier(random_state=1),0.9377117837426233,0.6921245421245421,0.7290909090909091,0.6957492545593231,0.8451088019040334,0.703114529255538
221,"OS_('Lee', ""{'proportion': 1.0, 'n_neighbors': 5, 'rejection_level': 0.5, 'n_jobs': 1, 'random_state': 1}"")",KNeighborsClassifier(),0.9533599847706073,0.7714285714285715,0.809090909090909,0.7700077700077699,0.8894566279909899,0.7800248676880694
222,"OS_('Lee', ""{'proportion': 1.0, 'n_neighbors': 5, 'rejection_level': 0.5, 'n_jobs': 1, 'random_state': 1}"")",MLPClassifier(random_state=1),0.9416333523700743,0.708076923076923,0.8072727272727274,0.732532144184318,0.8820608610650685,0.7449573577080274
223,"OS_('Lee', ""{'proportion': 1.0, 'n_neighbors': 5, 'rejection_level': 0.5, 'n_jobs': 1, 'random_state': 1}"")","Pipeline(steps=[('standardscaler', StandardScaler()),
                ('svc',
                 SVC(C=1, gamma='auto', kernel='linear', random_state=1))])",0.9435560632019799,0.719185520361991,0.8072727272727274,0.739355877616747,0.8831244421777381,0.7511375313773571
224,"OS_('SPY', ""{'n_neighbors': 5, 'threshold': 0.5, 'n_jobs': 1}"")",DecisionTreeClassifier(random_state=1),0.9298876832286312,0.641904761904762,0.8672727272727272,0.715889400921659,0.902301627778486,0.7347589890717373
225,"OS_('SPY', ""{'n_neighbors': 5, 'threshold': 0.5, 'n_jobs': 1}"")",KNeighborsClassifier(),0.9591471540072339,0.875,0.7109090909090909,0.770029239766082,0.8489795571422499,0.7811013905277363
226,"OS_('SPY', ""{'n_neighbors': 5, 'threshold': 0.5, 'n_jobs': 1}"")",MLPClassifier(random_state=1),0.9552826956025129,0.8659090909090909,0.6909090909090908,0.7500233426704015,0.8379042883250456,0.7638047647830384
227,"OS_('SPY', ""{'n_neighbors': 5, 'threshold': 0.5, 'n_jobs': 1}"")","Pipeline(steps=[('standardscaler', StandardScaler()),
                ('svc',
                 SVC(C=1, gamma='auto', kernel='linear', random_state=1))])",0.9455168475157054,0.7705555555555555,0.709090909090909,0.7157243788203539,0.8404968336945897,0.7275607083081301
228,"OS_('SMOTE_PSOBAT', ""{'maxit': 50, 'c1': 0.3, 'c2': 0.1, 'c3': 0.1, 'alpha': 0.9, 'gamma': 0.9, 'method': 'bat', 'n_jobs': 1, 'random_state': 1}"")",DecisionTreeClassifier(random_state=1),0.9357319626879879,0.6844444444444444,0.7454545454545454,0.7003417634996582,0.8511050193378384,0.7075205841662409
229,"OS_('SMOTE_PSOBAT', ""{'maxit': 50, 'c1': 0.3, 'c2': 0.1, 'c3': 0.1, 'alpha': 0.9, 'gamma': 0.9, 'method': 'bat', 'n_jobs': 1, 'random_state': 1}"")",KNeighborsClassifier(),0.9455168475157054,0.746502474134053,0.8490909090909092,0.7578964506791614,0.9029699519741596,0.7774441742231994
230,"OS_('SMOTE_PSOBAT', ""{'maxit': 50, 'c1': 0.3, 'c2': 0.1, 'c3': 0.1, 'alpha': 0.9, 'gamma': 0.9, 'method': 'bat', 'n_jobs': 1, 'random_state': 1}"")",MLPClassifier(random_state=1),0.9240243670283647,0.6611445559271647,0.809090909090909,0.684376169440108,0.8732107186875769,0.7089863654434674
231,"OS_('SMOTE_PSOBAT', ""{'maxit': 50, 'c1': 0.3, 'c2': 0.1, 'c3': 0.1, 'alpha': 0.9, 'gamma': 0.9, 'method': 'bat', 'n_jobs': 1, 'random_state': 1}"")","Pipeline(steps=[('standardscaler', StandardScaler()),
                ('svc',
                 SVC(C=1, gamma='auto', kernel='linear', random_state=1))])",0.9240053302874548,0.6736829836829836,0.7490909090909091,0.6712872975277068,0.8464248374346551,0.6906232796322874
232,"OS_('MDO', ""{'proportion': 1.0, 'K2': 5, 'K1_frac': 0.5, 'n_jobs': 1, 'random_state': 1}"")",DecisionTreeClassifier(random_state=1),0.9357509994288978,0.6377871148459383,0.8636363636363636,0.7293096179183136,0.903732627820987,0.7398800874388227
233,"OS_('MDO', ""{'proportion': 1.0, 'K2': 5, 'K1_frac': 0.5, 'n_jobs': 1, 'random_state': 1}"")",KNeighborsClassifier(),0.9436131734247096,0.7374883286647993,0.7890909090909091,0.733662736758712,0.8751555527221727,0.7482171924273102
234,"OS_('MDO', ""{'proportion': 1.0, 'K2': 5, 'K1_frac': 0.5, 'n_jobs': 1, 'random_state': 1}"")",MLPClassifier(random_state=1),0.9318865410241767,0.6418803418803419,0.8272727272727274,0.7049412829733196,0.8855741850482384,0.7195429887494409
235,"OS_('MDO', ""{'proportion': 1.0, 'K2': 5, 'K1_frac': 0.5, 'n_jobs': 1, 'random_state': 1}"")","Pipeline(steps=[('standardscaler', StandardScaler()),
                ('svc',
                 SVC(C=1, gamma='auto', kernel='linear', random_state=1))])",0.9280030458785455,0.6272649572649573,0.7490909090909091,0.6674338018960444,0.848622125887203,0.6776501944916016
236,"OS_('Random_SMOTE', ""{'proportion': 1.0, 'n_neighbors': 5, 'n_jobs': 1, 'random_state': 1}"")",DecisionTreeClassifier(random_state=1),0.9338092518560822,0.6586601307189542,0.8272727272727274,0.7144679881521986,0.8866494538654426,0.7284840952775286
237,"OS_('Random_SMOTE', ""{'proportion': 1.0, 'n_neighbors': 5, 'n_jobs': 1, 'random_state': 1}"")",KNeighborsClassifier(),0.9338663620788121,0.6548136645962732,0.889090909090909,0.7316770948349897,0.9143444260274556,0.7512580256981958
238,"OS_('Random_SMOTE', ""{'proportion': 1.0, 'n_neighbors': 5, 'n_jobs': 1, 'random_state': 1}"")",MLPClassifier(random_state=1),0.9182371977917381,0.6183150183150183,0.8272727272727274,0.675366600051032,0.8780239279187386,0.6985423870578111
239,"OS_('Random_SMOTE', ""{'proportion': 1.0, 'n_neighbors': 5, 'n_jobs': 1, 'random_state': 1}"")","Pipeline(steps=[('standardscaler', StandardScaler()),
                ('svc',
                 SVC(C=1, gamma='auto', kernel='linear', random_state=1))])",0.9201979821054636,0.6172435897435897,0.8054545454545454,0.6765771284398286,0.8692770623485911,0.693630383465252
240,"OS_('ISMOTE', ""{'n_neighbors': 5, 'minority_weight': 0.5, 'n_jobs': 1, 'random_state': 1}"")",DecisionTreeClassifier(random_state=1),0.7685703407576623,0.2906875973777817,0.8654545454545455,0.4315908405320171,0.8118997832462067,0.498876454036518
241,"OS_('ISMOTE', ""{'n_neighbors': 5, 'minority_weight': 0.5, 'n_jobs': 1, 'random_state': 1}"")",KNeighborsClassifier(),0.8715781458214356,0.445100708159852,0.8872727272727271,0.5859091670856378,0.8788163542862,0.6242117949417699
242,"OS_('ISMOTE', ""{'n_neighbors': 5, 'minority_weight': 0.5, 'n_jobs': 1, 'random_state': 1}"")",MLPClassifier(random_state=1),0.9259851513420901,0.6481740481740481,0.8472727272727273,0.7016735679779158,0.8912380466658167,0.7241145442143768
243,"OS_('ISMOTE', ""{'n_neighbors': 5, 'minority_weight': 0.5, 'n_jobs': 1, 'random_state': 1}"")","Pipeline(steps=[('standardscaler', StandardScaler()),
                ('svc',
                 SVC(C=1, gamma='auto', kernel='linear', random_state=1))])",0.9279649723967257,0.663076923076923,0.7672727272727273,0.6846859903381642,0.8566377661609078,0.6996170420319195
244,"OS_('GASMOTE', ""{'n_neighbors': 5, 'maxn': 7, 'n_pop': 10, 'popl3': 5, 'pm': 0.3, 'pr': 0.2, 'Ge': 10, 'n_jobs': 1, 'random_state': 1}"")",DecisionTreeClassifier(random_state=1),0.9435750999428898,0.7162987012987013,0.7472727272727273,0.7230827067669173,0.8563853117429556,0.7274070440737379
245,"OS_('GASMOTE', ""{'n_neighbors': 5, 'maxn': 7, 'n_pop': 10, 'popl3': 5, 'pm': 0.3, 'pr': 0.2, 'Ge': 10, 'n_jobs': 1, 'random_state': 1}"")",KNeighborsClassifier(),0.9514182371977917,0.7611111111111112,0.8272727272727274,0.7730538467380572,0.8963969994474903,0.7834699928769983
246,"OS_('GASMOTE', ""{'n_neighbors': 5, 'maxn': 7, 'n_pop': 10, 'popl3': 5, 'pm': 0.3, 'pr': 0.2, 'Ge': 10, 'n_jobs': 1, 'random_state': 1}"")",MLPClassifier(random_state=1),0.9533028745478773,0.7786324786324786,0.809090909090909,0.7694935082416572,0.8894332525819202,0.7814855317594489
247,"OS_('GASMOTE', ""{'n_neighbors': 5, 'maxn': 7, 'n_pop': 10, 'popl3': 5, 'pm': 0.3, 'pr': 0.2, 'Ge': 10, 'n_jobs': 1, 'random_state': 1}"")","Pipeline(steps=[('standardscaler', StandardScaler()),
                ('svc',
                 SVC(C=1, gamma='auto', kernel='linear', random_state=1))])",0.9396725680563488,0.7193564605329311,0.769090909090909,0.7149539093542323,0.864033533086829,0.7293343105974471
248,"OS_('SMOTE_FRST_2T', ""{'n_neighbors': 5, 'gamma_S': 0.7, 'gamma_M': 0.03, 'n_jobs': 1, 'random_state': 1}"")",DecisionTreeClassifier(random_state=1),0.9260232248239102,0.6356865356865357,0.7890909090909091,0.6788819875776397,0.8653963194355901,0.6953301058838177
249,"OS_('SMOTE_FRST_2T', ""{'n_neighbors': 5, 'gamma_S': 0.7, 'gamma_M': 0.03, 'n_jobs': 1, 'random_state': 1}"")",KNeighborsClassifier(),0.9280220826194556,0.6365359477124183,0.9072727272727272,0.7260702260702262,0.9191225721450124,0.748205481749594
250,"OS_('SMOTE_FRST_2T', ""{'n_neighbors': 5, 'gamma_S': 0.7, 'gamma_M': 0.03, 'n_jobs': 1, 'random_state': 1}"")",MLPClassifier(random_state=1),0.9279840091376357,0.6037369063684853,0.8836363636363636,0.7097736845862783,0.9083445960304305,0.7263903027278037
251,"OS_('SMOTE_FRST_2T', ""{'n_neighbors': 5, 'gamma_S': 0.7, 'gamma_M': 0.03, 'n_jobs': 1, 'random_state': 1}"")","Pipeline(steps=[('standardscaler', StandardScaler()),
                ('svc',
                 SVC(C=1, gamma='auto', kernel='linear', random_state=1))])",0.9105082809822959,0.536187527642636,0.8436363636363637,0.6527116612633855,0.8807943389009308,0.6709789729589286
252,"OS_('AND_SMOTE', ""{'proportion': 1.0, 'K': 15, 'n_jobs': 1, 'random_state': 1}"")",DecisionTreeClassifier(random_state=1),0.9435750999428898,0.6947802197802198,0.8272727272727274,0.7437452326468345,0.8920608610650687,0.7523338350071533
253,"OS_('AND_SMOTE', ""{'proportion': 1.0, 'K': 15, 'n_jobs': 1, 'random_state': 1}"")",KNeighborsClassifier(),0.9474776318294309,0.7386482798247505,0.8090909090909092,0.7518788186980406,0.8862074461303072,0.7627302902066627
254,"OS_('AND_SMOTE', ""{'proportion': 1.0, 'K': 15, 'n_jobs': 1, 'random_state': 1}"")",MLPClassifier(random_state=1),0.9318675042832668,0.6675557672461696,0.8272727272727274,0.7114049036088017,0.8855741850482384,0.7290823868151911
255,"OS_('AND_SMOTE', ""{'proportion': 1.0, 'K': 15, 'n_jobs': 1, 'random_state': 1}"")","Pipeline(steps=[('standardscaler', StandardScaler()),
                ('svc',
                 SVC(C=1, gamma='auto', kernel='linear', random_state=1))])",0.9299447934513612,0.661639014580191,0.8072727272727274,0.701516197168371,0.875585872752773,0.7177190355162273
256,"OS_('NRAS', ""{'proportion': 1.0, 'n_neighbors': 5, 't': 0.5, 'n_jobs': 1, 'random_state': 1}"")",DecisionTreeClassifier(random_state=1),0.947439558347611,0.7660606060606061,0.7072727272727273,0.7275856307435256,0.8406863870117727,0.732074690223906
257,"OS_('NRAS', ""{'proportion': 1.0, 'n_neighbors': 5, 't': 0.5, 'n_jobs': 1, 'random_state': 1}"")",KNeighborsClassifier(),0.9572244431753283,0.8076340326340326,0.809090909090909,0.7830260220030041,0.8916071656253985,0.7954994819264304
258,"OS_('NRAS', ""{'proportion': 1.0, 'n_neighbors': 5, 't': 0.5, 'n_jobs': 1, 'random_state': 1}"")",MLPClassifier(random_state=1),0.9533028745478773,0.7837606837606839,0.7890909090909091,0.766015247372092,0.8805202091036592,0.776056659049169
259,"OS_('NRAS', ""{'proportion': 1.0, 'n_neighbors': 5, 't': 0.5, 'n_jobs': 1, 'random_state': 1}"")","Pipeline(steps=[('standardscaler', StandardScaler()),
                ('svc',
                 SVC(C=1, gamma='auto', kernel='linear', random_state=1))])",0.9513420902341518,0.803076923076923,0.770909090909091,0.753532144184318,0.8714059246036806,0.7698078970151774
260,"OS_('AMSCO', ""{'n_pop': 5, 'n_iter': 15, 'omega': 0.1, 'r1': 0.1, 'r2': 0.1, 'n_jobs': 1, 'classifier': DecisionTreeClassifier(random_state=2), 'random_state': 1}"")",DecisionTreeClassifier(random_state=1),0.9280030458785455,0.6245002116906141,0.8654545454545456,0.7088563410602392,0.900375706574865,0.7265867762527046
261,"OS_('AMSCO', ""{'n_pop': 5, 'n_iter': 15, 'omega': 0.1, 'r1': 0.1, 'r2': 0.1, 'n_jobs': 1, 'classifier': DecisionTreeClassifier(random_state=2), 'random_state': 1}"")",KNeighborsClassifier(),0.9163144869598325,0.6042857142857143,0.9072727272727272,0.7022328548644337,0.9126242084236473,0.7277765978623849
262,"OS_('AMSCO', ""{'n_pop': 5, 'n_iter': 15, 'omega': 0.1, 'r1': 0.1, 'r2': 0.1, 'n_jobs': 1, 'classifier': DecisionTreeClassifier(random_state=2), 'random_state': 1}"")",MLPClassifier(random_state=1),0.8948791166952219,0.5005279034690799,0.8436363636363637,0.6204242172528618,0.8721220621360875,0.6454100211172062
263,"OS_('AMSCO', ""{'n_pop': 5, 'n_iter': 15, 'omega': 0.1, 'r1': 0.1, 'r2': 0.1, 'n_jobs': 1, 'classifier': DecisionTreeClassifier(random_state=2), 'random_state': 1}"")","Pipeline(steps=[('standardscaler', StandardScaler()),
                ('svc',
                 SVC(C=1, gamma='auto', kernel='linear', random_state=1))])",0.9026841804683038,0.5204187625240257,0.8618181818181819,0.6426071305006837,0.8844738407922138,0.6662022032316683
264,"OS_('SSO', ""{'proportion': 1.0, 'n_neighbors': 5, 'h': 10, 'n_iter': 5, 'n_jobs': 1, 'random_state': 1}"")",DecisionTreeClassifier(random_state=1),0.9474205216067009,0.6965367965367966,0.8454545454545455,0.7606060606060606,0.9021919758595776,0.7657690254862496
265,"OS_('SSO', ""{'proportion': 1.0, 'n_neighbors': 5, 'h': 10, 'n_iter': 5, 'n_jobs': 1, 'random_state': 1}"")",KNeighborsClassifier(),0.9435750999428898,0.7148901098901098,0.769090909090909,0.7237012263099218,0.8661840707212377,0.7327370182352497
266,"OS_('SSO', ""{'proportion': 1.0, 'n_neighbors': 5, 'h': 10, 'n_iter': 5, 'n_jobs': 1, 'random_state': 1}"")",MLPClassifier(random_state=1),0.9319055777650866,0.6629462041226748,0.8472727272727273,0.7171198527720266,0.8945222916401037,0.7358233628876258
267,"OS_('SSO', ""{'proportion': 1.0, 'n_neighbors': 5, 'h': 10, 'n_iter': 5, 'n_jobs': 1, 'random_state': 1}"")","Pipeline(steps=[('standardscaler', StandardScaler()),
                ('svc',
                 SVC(C=1, gamma='auto', kernel='linear', random_state=1))])",0.9299067199695413,0.6607843137254902,0.8472727272727273,0.7128619528619529,0.8934119597092949,0.7330392263499713
268,"OS_('NDO_sampling', ""{'proportion': 1.0, 'n_neighbors': 5, 'T': 0.5, 'n_jobs': 1, 'random_state': 1}"")",DecisionTreeClassifier(random_state=1),0.9357890729107178,0.6933333333333334,0.749090909090909,0.6946310160427808,0.8529699519741596,0.707707906977225
269,"OS_('NDO_sampling', ""{'proportion': 1.0, 'n_neighbors': 5, 'T': 0.5, 'n_jobs': 1, 'random_state': 1}"")",KNeighborsClassifier(),0.9319055777650866,0.6484708244299038,0.8872727272727271,0.7284078884078884,0.9123483785966254,0.7475592518099192
270,"OS_('NDO_sampling', ""{'proportion': 1.0, 'n_neighbors': 5, 'T': 0.5, 'n_jobs': 1, 'random_state': 1}"")",MLPClassifier(random_state=1),0.9221206929373691,0.6103785103785103,0.8454545454545455,0.6900674547518867,0.8881784181223171,0.7085372048056195
271,"OS_('NDO_sampling', ""{'proportion': 1.0, 'n_neighbors': 5, 'T': 0.5, 'n_jobs': 1, 'random_state': 1}"")","Pipeline(steps=[('standardscaler', StandardScaler()),
                ('svc',
                 SVC(C=1, gamma='auto', kernel='linear', random_state=1))])",0.9240814772510946,0.6149723479135243,0.8454545454545455,0.6949822866344605,0.8892653746440562,0.7122404725504781
272,"OS_('DSRBF', ""{'proportion': 1.0, 'n_neighbors': 5, 'm_min': 4, 'm_max': 10, 'Ib': 2, 'Ob': 2, 'n_pop': 500, 'n_init_pop': 5000, 'n_iter': 40, 'n_sampling_epoch': 5, 'n_jobs': 1, 'random_state': 1}"")",DecisionTreeClassifier(random_state=1),0.9396725680563488,0.679185520361991,0.8290909090909091,0.7271336553945249,0.8907960389306812,0.7404731819365625
273,"OS_('DSRBF', ""{'proportion': 1.0, 'n_neighbors': 5, 'm_min': 4, 'm_max': 10, 'Ib': 2, 'Ob': 2, 'n_pop': 500, 'n_init_pop': 5000, 'n_iter': 40, 'n_sampling_epoch': 5, 'n_jobs': 1, 'random_state': 1}"")",KNeighborsClassifier(),0.9319055777650866,0.6434924694515487,0.9072727272727272,0.7329966329966331,0.9212731097794211,0.7535904700220162
274,"OS_('DSRBF', ""{'proportion': 1.0, 'n_neighbors': 5, 'm_min': 4, 'm_max': 10, 'Ib': 2, 'Ob': 2, 'n_pop': 500, 'n_init_pop': 5000, 'n_iter': 40, 'n_sampling_epoch': 5, 'n_jobs': 1, 'random_state': 1}"")",MLPClassifier(random_state=1),0.9201979821054636,0.6022582096266307,0.8454545454545455,0.6846016991504247,0.8871148370096478,0.7037818677361464
275,"OS_('DSRBF', ""{'proportion': 1.0, 'n_neighbors': 5, 'm_min': 4, 'm_max': 10, 'Ib': 2, 'Ob': 2, 'n_pop': 500, 'n_init_pop': 5000, 'n_iter': 40, 'n_sampling_epoch': 5, 'n_jobs': 1, 'random_state': 1}"")","Pipeline(steps=[('standardscaler', StandardScaler()),
                ('svc',
                 SVC(C=1, gamma='auto', kernel='linear', random_state=1))])",0.914353702646107,0.5624816849816849,0.8236363636363636,0.6603767396698672,0.8740201453525437,0.676331456372053
276,"OS_('Gaussian_SMOTE', ""{'proportion': 1.0, 'n_neighbors': 5, 'sigma': 1.0, 'n_jobs': 1, 'random_state': 1}"")",DecisionTreeClassifier(random_state=1),0.9494193794022463,0.7177472527472528,0.8636363636363636,0.7751297977384934,0.9113296357686259,0.7828322733044535
277,"OS_('Gaussian_SMOTE', ""{'proportion': 1.0, 'n_neighbors': 5, 'sigma': 1.0, 'n_jobs': 1, 'random_state': 1}"")",KNeighborsClassifier(),0.9611650485436893,0.8141636141636142,0.809090909090909,0.8000693433187711,0.8937810786688768,0.8057966017555401
278,"OS_('Gaussian_SMOTE', ""{'proportion': 1.0, 'n_neighbors': 5, 'sigma': 1.0, 'n_jobs': 1, 'random_state': 1}"")",MLPClassifier(random_state=1),0.9299447934513612,0.6408187134502924,0.8454545454545455,0.7087881773399014,0.8925145565047389,0.7256119519118983
279,"OS_('Gaussian_SMOTE', ""{'proportion': 1.0, 'n_neighbors': 5, 'sigma': 1.0, 'n_jobs': 1, 'random_state': 1}"")","Pipeline(steps=[('standardscaler', StandardScaler()),
                ('svc',
                 SVC(C=1, gamma='auto', kernel='linear', random_state=1))])",0.914353702646107,0.5579394564843481,0.8636363636363636,0.6710935325987799,0.8918812954226698,0.6905450248978292
280,"OS_('kmeans_SMOTE', ""{'proportion': 1.0, 'n_neighbors': 5, 'n_clusters': 10, 'irt': 2.0, 'n_jobs': 1, 'random_state': 1}"")",DecisionTreeClassifier(random_state=1),0.9396725680563488,0.689067599067599,0.7272727272727272,0.7019762845849801,0.8452749798121466,0.7050633957820628
281,"OS_('kmeans_SMOTE', ""{'proportion': 1.0, 'n_neighbors': 5, 'n_clusters': 10, 'irt': 2.0, 'n_jobs': 1, 'random_state': 1}"")",KNeighborsClassifier(),0.963049685893775,0.865909090909091,0.7709090909090909,0.7948412698412699,0.8779042883250456,0.8062345291102536
282,"OS_('kmeans_SMOTE', ""{'proportion': 1.0, 'n_neighbors': 5, 'n_clusters': 10, 'irt': 2.0, 'n_jobs': 1, 'random_state': 1}"")",MLPClassifier(random_state=1),0.9533028745478773,0.7837606837606839,0.7890909090909091,0.766015247372092,0.8805202091036592,0.776056659049169
283,"OS_('kmeans_SMOTE', ""{'proportion': 1.0, 'n_neighbors': 5, 'n_clusters': 10, 'irt': 2.0, 'n_jobs': 1, 'random_state': 1}"")","Pipeline(steps=[('standardscaler', StandardScaler()),
                ('svc',
                 SVC(C=1, gamma='auto', kernel='linear', random_state=1))])",0.9474585950885208,0.7772222222222223,0.7509090909090909,0.7334873021715127,0.8603306557864763,0.7483287430601304
284,"OS_('Supervised_SMOTE', ""{'proportion': 1.0, 'th_lower': 0.5, 'th_upper': 1.0, 'classifier': RandomForestClassifier(n_estimators=50, n_jobs=1, random_state=5), 'n_jobs': 1, 'random_state': 1}"")",DecisionTreeClassifier(random_state=1),0.9396535313154388,0.677965367965368,0.7654545454545456,0.7160606060606062,0.8622036635641125,0.7188690038846001
285,"OS_('Supervised_SMOTE', ""{'proportion': 1.0, 'th_lower': 0.5, 'th_upper': 1.0, 'classifier': RandomForestClassifier(n_estimators=50, n_jobs=1, random_state=5), 'n_jobs': 1, 'random_state': 1}"")",KNeighborsClassifier(),0.9319055777650866,0.6733180544945252,0.8290909090909091,0.711936026936027,0.886494963661864,0.7310450106817323
286,"OS_('Supervised_SMOTE', ""{'proportion': 1.0, 'th_lower': 0.5, 'th_upper': 1.0, 'classifier': RandomForestClassifier(n_estimators=50, n_jobs=1, random_state=5), 'n_jobs': 1, 'random_state': 1}"")",MLPClassifier(random_state=1),0.9377498572244433,0.6872926093514329,0.8272727272727274,0.7273200229721969,0.8888350546134557,0.7421010198016077
287,"OS_('Supervised_SMOTE', ""{'proportion': 1.0, 'th_lower': 0.5, 'th_upper': 1.0, 'classifier': RandomForestClassifier(n_estimators=50, n_jobs=1, random_state=5), 'n_jobs': 1, 'random_state': 1}"")","Pipeline(steps=[('standardscaler', StandardScaler()),
                ('svc',
                 SVC(C=1, gamma='auto', kernel='linear', random_state=1))])",0.9377117837426233,0.6905982905982906,0.8072727272727274,0.7221281134324612,0.8798869480215904,0.7353339203897727
288,"OS_('SN_SMOTE', ""{'proportion': 1.0, 'n_neighbors': 5, 'n_jobs': 1, 'random_state': 1}"")",DecisionTreeClassifier(random_state=1),0.9260422615648201,0.6343272413860649,0.749090909090909,0.6671304347826087,0.8475585447745335,0.6792598882760359
289,"OS_('SN_SMOTE', ""{'proportion': 1.0, 'n_neighbors': 5, 'n_jobs': 1, 'random_state': 1}"")",KNeighborsClassifier(),0.9240814772510946,0.6302898550724637,0.849090909090909,0.696099339257234,0.8910835564622381,0.7172599193280563
290,"OS_('SN_SMOTE', ""{'proportion': 1.0, 'n_neighbors': 5, 'n_jobs': 1, 'random_state': 1}"")",MLPClassifier(random_state=1),0.9162954502189227,0.5776958232685787,0.8654545454545455,0.6769931982293543,0.893865655148965,0.6987060574744719
291,"OS_('SN_SMOTE', ""{'proportion': 1.0, 'n_neighbors': 5, 'n_jobs': 1, 'random_state': 1}"")","Pipeline(steps=[('standardscaler', StandardScaler()),
                ('svc',
                 SVC(C=1, gamma='auto', kernel='linear', random_state=1))])",0.9162764134780126,0.5886868686868687,0.8654545454545455,0.6806483516483517,0.893865655148965,0.7032705925578355
292,"OS_('CCR', ""{'proportion': 1.0, 'energy': 1.0, 'scaling': 0.0, 'n_jobs': 1, 'random_state': 1}"")",DecisionTreeClassifier(random_state=1),0.9455168475157054,0.7073593073593073,0.8254545454545456,0.7466310160427808,0.8922036635641124,0.7564368264624839
293,"OS_('CCR', ""{'proportion': 1.0, 'energy': 1.0, 'scaling': 0.0, 'n_jobs': 1, 'random_state': 1}"")",KNeighborsClassifier(),0.9552826956025129,0.8591919191919193,0.6909090909090908,0.7485028748341442,0.8379276637341153,0.7613682013381945
294,"OS_('CCR', ""{'proportion': 1.0, 'energy': 1.0, 'scaling': 0.0, 'n_jobs': 1, 'random_state': 1}"")",MLPClassifier(random_state=1),0.9396916047972587,0.6864607614607615,0.8454545454545455,0.7375881174508176,0.8979259637043648,0.751559700176401
295,"OS_('CCR', ""{'proportion': 1.0, 'energy': 1.0, 'scaling': 0.0, 'n_jobs': 1, 'random_state': 1}"")","Pipeline(steps=[('standardscaler', StandardScaler()),
                ('svc',
                 SVC(C=1, gamma='auto', kernel='linear', random_state=1))])",0.9007233961545783,0.5078942828084705,0.8836363636363636,0.6400955366472607,0.8931973309532918,0.6671330893177048
296,"OS_('ANS', ""{'proportion': 1.0, 'n_jobs': 1, 'random_state': 1}"")",DecisionTreeClassifier(random_state=1),0.9396916047972587,0.7164790764790764,0.7254545454545454,0.707964349376114,0.8443892643121256,0.7144170476724645
297,"OS_('ANS', ""{'proportion': 1.0, 'n_jobs': 1, 'random_state': 1}"")",KNeighborsClassifier(),0.9474966685703408,0.7428571428571429,0.7909090909090909,0.7391699803464509,0.8781918058566026,0.7528203320264846
298,"OS_('ANS', ""{'proportion': 1.0, 'n_jobs': 1, 'random_state': 1}"")",MLPClassifier(random_state=1),0.9397106415381687,0.7089102564102563,0.7890909090909092,0.7187684438323825,0.8729816396786942,0.7336408831574464
299,"OS_('ANS', ""{'proportion': 1.0, 'n_jobs': 1, 'random_state': 1}"")","Pipeline(steps=[('standardscaler', StandardScaler()),
                ('svc',
                 SVC(C=1, gamma='auto', kernel='linear', random_state=1))])",0.9358271463925376,0.7055555555555555,0.729090909090909,0.6924842855802608,0.8440569084958985,0.7047055885817999
300,"OS_('cluster_SMOTE', ""{'proportion': 1.0, 'n_neighbors': 3, 'n_clusters': 3, 'n_jobs': 1, 'random_state': 1}"")",DecisionTreeClassifier(random_state=1),0.9396535313154388,0.7022799422799423,0.7890909090909091,0.7219047619047619,0.8729582642696248,0.7336025852874088
301,"OS_('cluster_SMOTE', ""{'proportion': 1.0, 'n_neighbors': 3, 'n_clusters': 3, 'n_jobs': 1, 'random_state': 1}"")",KNeighborsClassifier(),0.9436131734247096,0.7185281385281386,0.889090909090909,0.765,0.9197558332270817,0.7839228313754625
302,"OS_('cluster_SMOTE', ""{'proportion': 1.0, 'n_neighbors': 3, 'n_clusters': 3, 'n_jobs': 1, 'random_state': 1}"")",MLPClassifier(random_state=1),0.8871501998857795,0.49652790346907993,0.7854545454545454,0.596779388083736,0.8420143227506482,0.6181288011675554
303,"OS_('cluster_SMOTE', ""{'proportion': 1.0, 'n_neighbors': 3, 'n_clusters': 3, 'n_jobs': 1, 'random_state': 1}"")","Pipeline(steps=[('standardscaler', StandardScaler()),
                ('svc',
                 SVC(C=1, gamma='auto', kernel='linear', random_state=1))])",0.8774224252807918,0.44664289958407605,0.7854545454545454,0.5658257116961232,0.8365561647328829,0.5902459091216118
