,OS,Algorithm,ACC,Precision,recall,F1-Score,AUC,G-measure
0,"OS_('SMOTE', ""{'proportion': 1.0, 'n_neighbors': 5, 'n_jobs': 1, 'random_state': 1}"")",DecisionTreeClassifier(random_state=1),0.8879291251384276,0.34238095238095234,0.4833333333333333,0.38666666666666666,0.7037179487179487,0.3992371787576943
1,"OS_('SMOTE', ""{'proportion': 1.0, 'n_neighbors': 5, 'n_jobs': 1, 'random_state': 1}"")",KNeighborsClassifier(),0.770764119601329,0.19100233100233102,0.6,0.28628205128205125,0.6933974358974359,0.3357725382418619
2,"OS_('SMOTE', ""{'proportion': 1.0, 'n_neighbors': 5, 'n_jobs': 1, 'random_state': 1}"")",MLPClassifier(random_state=1),0.6122923588039867,0.12861161856046766,0.6333333333333333,0.21172286082772013,0.6217307692307692,0.2828640059307386
3,"OS_('SMOTE', ""{'proportion': 1.0, 'n_neighbors': 5, 'n_jobs': 1, 'random_state': 1}"")","Pipeline(steps=[('standardscaler', StandardScaler()),
                ('svc',
                 SVC(C=1, gamma='auto', kernel='linear', random_state=1))])",0.8460686600221484,0.33888888888888885,0.7666666666666666,0.45135975135975137,0.8101282051282052,0.49714798552495354
4,"OS_('SMOTE_TomekLinks', ""{'proportion': 1.0, 'n_neighbors': 5, 'n_jobs': 1, 'random_state': 1}"")",DecisionTreeClassifier(random_state=1),0.8786267995570322,0.2983333333333333,0.4333333333333333,0.3329004329004329,0.6762179487179487,0.34851595867422036
5,"OS_('SMOTE_TomekLinks', ""{'proportion': 1.0, 'n_neighbors': 5, 'n_jobs': 1, 'random_state': 1}"")",KNeighborsClassifier(),0.770764119601329,0.19100233100233102,0.6,0.28628205128205125,0.6933974358974359,0.3357725382418619
6,"OS_('SMOTE_TomekLinks', ""{'proportion': 1.0, 'n_neighbors': 5, 'n_jobs': 1, 'random_state': 1}"")",MLPClassifier(random_state=1),0.5934662236987818,0.12278295376121462,0.6333333333333333,0.2036089641352799,0.6115384615384615,0.2762707312191718
7,"OS_('SMOTE_TomekLinks', ""{'proportion': 1.0, 'n_neighbors': 5, 'n_jobs': 1, 'random_state': 1}"")","Pipeline(steps=[('standardscaler', StandardScaler()),
                ('svc',
                 SVC(C=1, gamma='auto', kernel='linear', random_state=1))])",0.8321151716500553,0.31353174603174605,0.7666666666666666,0.43168936326831064,0.8025,0.4804579823052597
8,"OS_('SMOTE_ENN', ""{'proportion': 1.0, 'n_neighbors': 5, 'n_jobs': 1, 'random_state': 1}"")",DecisionTreeClassifier(random_state=1),0.8271317829457363,0.21071428571428572,0.4333333333333333,0.2754545454545455,0.6482051282051282,0.29755809053447857
9,"OS_('SMOTE_ENN', ""{'proportion': 1.0, 'n_neighbors': 5, 'n_jobs': 1, 'random_state': 1}"")",KNeighborsClassifier(),0.7055370985603544,0.16020254255548372,0.6666666666666667,0.25578431372549015,0.6887820512820513,0.3242696985419744
10,"OS_('SMOTE_ENN', ""{'proportion': 1.0, 'n_neighbors': 5, 'n_jobs': 1, 'random_state': 1}"")",MLPClassifier(random_state=1),0.5374307862679956,0.11944055944055945,0.7666666666666667,0.20407065408880293,0.6427564102564103,0.2987399059046097
11,"OS_('SMOTE_ENN', ""{'proportion': 1.0, 'n_neighbors': 5, 'n_jobs': 1, 'random_state': 1}"")","Pipeline(steps=[('standardscaler', StandardScaler()),
                ('svc',
                 SVC(C=1, gamma='auto', kernel='linear', random_state=1))])",0.7799557032115173,0.2193939393939394,0.6333333333333333,0.31487179487179484,0.7128205128205128,0.36472658935789176
12,"OS_('Borderline_SMOTE2', ""{'proportion': 1.0, 'n_neighbors': 5, 'k_neighbors': 5, 'n_jobs': 1, 'random_state': 1}"")",DecisionTreeClassifier(random_state=1),0.878516057585825,0.10666666666666666,0.11666666666666665,0.10714285714285716,0.5305769230769231,0.10937480486839479
13,"OS_('Borderline_SMOTE2', ""{'proportion': 1.0, 'n_neighbors': 5, 'k_neighbors': 5, 'n_jobs': 1, 'random_state': 1}"")",KNeighborsClassifier(),0.7852713178294575,0.01818181818181818,0.06666666666666667,0.028571428571428574,0.4573717948717949,0.03481553119113957
14,"OS_('Borderline_SMOTE2', ""{'proportion': 1.0, 'n_neighbors': 5, 'k_neighbors': 5, 'n_jobs': 1, 'random_state': 1}"")",MLPClassifier(random_state=1),0.7009966777408639,0.1490151515151515,0.6,0.235421888053467,0.6555128205128204,0.2959318821223776
15,"OS_('Borderline_SMOTE2', ""{'proportion': 1.0, 'n_neighbors': 5, 'k_neighbors': 5, 'n_jobs': 1, 'random_state': 1}"")","Pipeline(steps=[('standardscaler', StandardScaler()),
                ('svc',
                 SVC(C=1, gamma='auto', kernel='linear', random_state=1))])",0.8035437430786267,0.27055555555555555,0.8166666666666667,0.4013986013986014,0.8094230769230769,0.4658772780230507
16,"OS_('ADASYN', ""{'n_neighbors': 5, 'd_th': 0.9, 'beta': 1.0, 'n_jobs': 1, 'random_state': 1}"")",DecisionTreeClassifier(random_state=1),0.8689922480620155,0.21904761904761907,0.36666666666666664,0.2644444444444445,0.6401282051282051,0.2780711862206986
17,"OS_('ADASYN', ""{'n_neighbors': 5, 'd_th': 0.9, 'beta': 1.0, 'n_jobs': 1, 'random_state': 1}"")",KNeighborsClassifier(),0.7898117386489479,0.21190476190476187,0.6166666666666667,0.3123076923076923,0.7118589743589745,0.35911363188512363
18,"OS_('ADASYN', ""{'n_neighbors': 5, 'd_th': 0.9, 'beta': 1.0, 'n_jobs': 1, 'random_state': 1}"")",MLPClassifier(random_state=1),0.6032115171650055,0.14046541693600517,0.7,0.23148684761260827,0.6476282051282051,0.3104262736665922
19,"OS_('ADASYN', ""{'n_neighbors': 5, 'd_th': 0.9, 'beta': 1.0, 'n_jobs': 1, 'random_state': 1}"")","Pipeline(steps=[('standardscaler', StandardScaler()),
                ('svc',
                 SVC(C=1, gamma='auto', kernel='linear', random_state=1))])",0.8320044296788481,0.3115367965367965,0.8166666666666667,0.44222222222222224,0.8248076923076922,0.4976813343616825
20,"OS_('AHC', ""{'strategy': 'min', 'n_jobs': 1, 'random_state': 1}"")",DecisionTreeClassifier(random_state=1),0.9158361018826137,0.5133333333333334,0.4166666666666667,0.43714285714285717,0.688076923076923,0.45075226381457584
21,"OS_('AHC', ""{'strategy': 'min', 'n_jobs': 1, 'random_state': 1}"")",KNeighborsClassifier(),0.8598006644518271,0.16666666666666666,0.16666666666666666,0.15873015873015875,0.5427564102564103,0.16261050591702833
22,"OS_('AHC', ""{'strategy': 'min', 'n_jobs': 1, 'random_state': 1}"")",MLPClassifier(random_state=1),0.9205980066445182,0.0,0.0,0.0,0.5,0.0
23,"OS_('AHC', ""{'strategy': 'min', 'n_jobs': 1, 'random_state': 1}"")","Pipeline(steps=[('standardscaler', StandardScaler()),
                ('svc',
                 SVC(C=1, gamma='auto', kernel='linear', random_state=1))])",0.911295681063123,0.0,0.0,0.0,0.4949358974358974,0.0
24,"OS_('LLE_SMOTE', ""{'proportion': 1.0, 'n_neighbors': 5, 'n_components': 2, 'n_jobs': 1, 'random_state': 1}"")",DecisionTreeClassifier(random_state=1),0.8924695459579179,0.2833333333333333,0.29999999999999993,0.28571428571428575,0.6221794871794872,0.28867513459481287
25,"OS_('LLE_SMOTE', ""{'proportion': 1.0, 'n_neighbors': 5, 'n_components': 2, 'n_jobs': 1, 'random_state': 1}"")",KNeighborsClassifier(),0.8646733111849392,0.2723809523809524,0.45,0.33111111111111113,0.6766666666666666,0.3455983162571223
26,"OS_('LLE_SMOTE', ""{'proportion': 1.0, 'n_neighbors': 5, 'n_components': 2, 'n_jobs': 1, 'random_state': 1}"")",MLPClassifier(random_state=1),0.6684385382059801,0.15168106403400522,0.6333333333333333,0.24218564313597293,0.6521153846153847,0.3072320424020143
27,"OS_('LLE_SMOTE', ""{'proportion': 1.0, 'n_neighbors': 5, 'n_components': 2, 'n_jobs': 1, 'random_state': 1}"")","Pipeline(steps=[('standardscaler', StandardScaler()),
                ('svc',
                 SVC(C=1, gamma='auto', kernel='linear', random_state=1))])",0.8459579180509413,0.29,0.6333333333333333,0.3837916984975809,0.7483974358974359,0.41897106568480497
28,"OS_('distance_SMOTE', ""{'proportion': 1.0, 'n_neighbors': 5, 'n_jobs': 1, 'random_state': 1}"")",DecisionTreeClassifier(random_state=1),0.8879291251384276,0.20666666666666664,0.25,0.2253968253968254,0.5969871794871795,0.22685808005458757
29,"OS_('distance_SMOTE', ""{'proportion': 1.0, 'n_neighbors': 5, 'n_jobs': 1, 'random_state': 1}"")",KNeighborsClassifier(),0.7898117386489479,0.21675324675324678,0.6666666666666667,0.32468864468864467,0.7343589743589745,0.3782075538110594
30,"OS_('distance_SMOTE', ""{'proportion': 1.0, 'n_neighbors': 5, 'n_jobs': 1, 'random_state': 1}"")",MLPClassifier(random_state=1),0.607751937984496,0.1392016806722689,0.7,0.2298941798941799,0.6500641025641027,0.3092580984384095
31,"OS_('distance_SMOTE', ""{'proportion': 1.0, 'n_neighbors': 5, 'n_jobs': 1, 'random_state': 1}"")","Pipeline(steps=[('standardscaler', StandardScaler()),
                ('svc',
                 SVC(C=1, gamma='auto', kernel='linear', random_state=1))])",0.8410852713178294,0.30619047619047624,0.7,0.40998217468805703,0.7767307692307692,0.452236195486432
32,"OS_('SMMO', ""{'proportion': 1.0, 'n_neighbors': 5, 'ensemble': [QuadraticDiscriminantAnalysis(), DecisionTreeClassifier(random_state=2), GaussianNB()], 'n_jobs': 1, 'random_state': 1}"")",DecisionTreeClassifier(random_state=1),0.8926910299003323,0.18,0.2,0.18,0.5772435897435897,0.18492921399163703
33,"OS_('SMMO', ""{'proportion': 1.0, 'n_neighbors': 5, 'ensemble': [QuadraticDiscriminantAnalysis(), DecisionTreeClassifier(random_state=2), GaussianNB()], 'n_jobs': 1, 'random_state': 1}"")",KNeighborsClassifier(),0.9159468438538205,0.0,0.0,0.0,0.49749999999999994,0.0
34,"OS_('SMMO', ""{'proportion': 1.0, 'n_neighbors': 5, 'ensemble': [QuadraticDiscriminantAnalysis(), DecisionTreeClassifier(random_state=2), GaussianNB()], 'n_jobs': 1, 'random_state': 1}"")",MLPClassifier(random_state=1),0.9205980066445182,0.0,0.0,0.0,0.5,0.0
35,"OS_('SMMO', ""{'proportion': 1.0, 'n_neighbors': 5, 'ensemble': [QuadraticDiscriminantAnalysis(), DecisionTreeClassifier(random_state=2), GaussianNB()], 'n_jobs': 1, 'random_state': 1}"")","Pipeline(steps=[('standardscaler', StandardScaler()),
                ('svc',
                 SVC(C=1, gamma='auto', kernel='linear', random_state=1))])",0.9205980066445182,0.0,0.0,0.0,0.5,0.0
36,"OS_('polynom_fit_SMOTE', ""{'proportion': 1.0, 'topology': 'star', 'random_state': 1}"")",DecisionTreeClassifier(random_state=1),0.8645625692137319,0.18666666666666668,0.16666666666666666,0.15457875457875456,0.5455128205128206,0.16496054220462839
37,"OS_('polynom_fit_SMOTE', ""{'proportion': 1.0, 'topology': 'star', 'random_state': 1}"")",KNeighborsClassifier(),0.7805094130675526,0.2005982905982906,0.6333333333333333,0.30064102564102557,0.7151923076923077,0.3533121177946904
38,"OS_('polynom_fit_SMOTE', ""{'proportion': 1.0, 'topology': 'star', 'random_state': 1}"")",MLPClassifier(random_state=1),0.6823920265780732,0.1406776556776557,0.5999999999999999,0.22674578603371173,0.6453205128205128,0.2893281502259806
39,"OS_('polynom_fit_SMOTE', ""{'proportion': 1.0, 'topology': 'star', 'random_state': 1}"")","Pipeline(steps=[('standardscaler', StandardScaler()),
                ('svc',
                 SVC(C=1, gamma='auto', kernel='linear', random_state=1))])",0.8316722037652269,0.2841269841269841,0.7,0.3936651583710407,0.7715384615384615,0.43849573554495647
40,"OS_('Stefanowski', ""{'strategy': 'weak_amp', 'n_jobs': 1}"")",DecisionTreeClassifier(random_state=1),0.9066445182724253,0.22000000000000003,0.3333333333333333,0.2642857142857143,0.6464102564102563,0.27038938768622184
41,"OS_('Stefanowski', ""{'strategy': 'weak_amp', 'n_jobs': 1}"")",KNeighborsClassifier(),0.8316722037652271,0.20121212121212123,0.41666666666666663,0.259047619047619,0.6425000000000001,0.28185459379889977
42,"OS_('Stefanowski', ""{'strategy': 'weak_amp', 'n_jobs': 1}"")",MLPClassifier(random_state=1),0.9205980066445182,0.0,0.0,0.0,0.5,0.0
43,"OS_('Stefanowski', ""{'strategy': 'weak_amp', 'n_jobs': 1}"")","Pipeline(steps=[('standardscaler', StandardScaler()),
                ('svc',
                 SVC(C=1, gamma='auto', kernel='linear', random_state=1))])",0.8970099667774086,0.3878787878787879,0.5,0.4,0.7147435897435898,0.4199166474113438
44,"OS_('ADOMS', ""{'proportion': 1.0, 'n_neighbors': 5, 'n_jobs': 1, 'random_state': 1}"")",DecisionTreeClassifier(random_state=1),0.878516057585825,0.4419047619047619,0.4833333333333333,0.3888888888888889,0.6986538461538462,0.4228536961970419
45,"OS_('ADOMS', ""{'proportion': 1.0, 'n_neighbors': 5, 'n_jobs': 1, 'random_state': 1}"")",KNeighborsClassifier(),0.7990033222591362,0.26192307692307687,0.7166666666666667,0.3707301522007404,0.7619871794871795,0.4243907395921537
46,"OS_('ADOMS', ""{'proportion': 1.0, 'n_neighbors': 5, 'n_jobs': 1, 'random_state': 1}"")",MLPClassifier(random_state=1),0.6263565891472868,0.13943223443223443,0.6333333333333333,0.2253220611916264,0.6294871794871794,0.293412268872172
47,"OS_('ADOMS', ""{'proportion': 1.0, 'n_neighbors': 5, 'n_jobs': 1, 'random_state': 1}"")","Pipeline(steps=[('standardscaler', StandardScaler()),
                ('svc',
                 SVC(C=1, gamma='auto', kernel='linear', random_state=1))])",0.8178294573643411,0.28047619047619043,0.7666666666666666,0.4018648018648019,0.7948076923076923,0.45699864101989307
48,"OS_('Safe_Level_SMOTE', ""{'proportion': 1.0, 'n_neighbors': 5, 'n_jobs': 1, 'random_state': 1}"")",DecisionTreeClassifier(random_state=1),0.8227021040974529,0.17666666666666667,0.35,0.23021978021978023,0.6066025641025641,0.24588964203540584
49,"OS_('Safe_Level_SMOTE', ""{'proportion': 1.0, 'n_neighbors': 5, 'n_jobs': 1, 'random_state': 1}"")",KNeighborsClassifier(),0.8551495016611295,0.1571428571428571,0.3,0.20444444444444443,0.601923076923077,0.21607726626627272
50,"OS_('Safe_Level_SMOTE', ""{'proportion': 1.0, 'n_neighbors': 5, 'n_jobs': 1, 'random_state': 1}"")",MLPClassifier(random_state=1),0.9019933554817274,0.03333333333333333,0.06666666666666667,0.04444444444444444,0.5208333333333333,0.04714045207910317
51,"OS_('Safe_Level_SMOTE', ""{'proportion': 1.0, 'n_neighbors': 5, 'n_jobs': 1, 'random_state': 1}"")","Pipeline(steps=[('standardscaler', StandardScaler()),
                ('svc',
                 SVC(C=1, gamma='auto', kernel='linear', random_state=1))])",0.9019933554817274,0.05,0.13333333333333333,0.07272727272727272,0.5516666666666666,0.08164965809277261
52,"OS_('MSMOTE', ""{'proportion': 1.0, 'n_neighbors': 5, 'n_jobs': 1, 'random_state': 1}"")",DecisionTreeClassifier(random_state=1),0.8738648947951273,0.12571428571428572,0.21666666666666665,0.1590909090909091,0.5728846153846153,0.1650291198522004
53,"OS_('MSMOTE', ""{'proportion': 1.0, 'n_neighbors': 5, 'n_jobs': 1, 'random_state': 1}"")",KNeighborsClassifier(),0.8039867109634551,0.01818181818181818,0.06666666666666667,0.028571428571428574,0.4675641025641026,0.03481553119113957
54,"OS_('MSMOTE', ""{'proportion': 1.0, 'n_neighbors': 5, 'n_jobs': 1, 'random_state': 1}"")",MLPClassifier(random_state=1),0.6823920265780732,0.11569815805109925,0.4833333333333333,0.1836681447207763,0.5921794871794872,0.2336196872155829
55,"OS_('MSMOTE', ""{'proportion': 1.0, 'n_neighbors': 5, 'n_jobs': 1, 'random_state': 1}"")","Pipeline(steps=[('standardscaler', StandardScaler()),
                ('svc',
                 SVC(C=1, gamma='auto', kernel='linear', random_state=1))])",0.7988925802879291,0.2563888888888889,0.75,0.3758119073908548,0.7762179487179488,0.4332333228239267
56,"OS_('DE_oversampling', ""{'proportion': 1.0, 'n_neighbors': 5, 'crossover_rate': 0.5, 'similarity_threshold': 0.5, 'n_clusters': 30, 'n_jobs': 1, 'random_state': 1}"")",DecisionTreeClassifier(random_state=1),0.8129568106312293,0.17714285714285713,0.4166666666666667,0.24675324675324678,0.6319871794871794,0.2705149873890744
57,"OS_('DE_oversampling', ""{'proportion': 1.0, 'n_neighbors': 5, 'crossover_rate': 0.5, 'similarity_threshold': 0.5, 'n_clusters': 30, 'n_jobs': 1, 'random_state': 1}"")",KNeighborsClassifier(),0.7616832779623477,0.16888888888888887,0.5166666666666666,0.2431578947368421,0.6493589743589744,0.28704206206288757
58,"OS_('DE_oversampling', ""{'proportion': 1.0, 'n_neighbors': 5, 'crossover_rate': 0.5, 'similarity_threshold': 0.5, 'n_clusters': 30, 'n_jobs': 1, 'random_state': 1}"")",MLPClassifier(random_state=1),0.46655592469545953,0.12319444444444443,0.9,0.2136796536796537,0.6660897435897435,0.3277326346187085
59,"OS_('DE_oversampling', ""{'proportion': 1.0, 'n_neighbors': 5, 'crossover_rate': 0.5, 'similarity_threshold': 0.5, 'n_clusters': 30, 'n_jobs': 1, 'random_state': 1}"")","Pipeline(steps=[('standardscaler', StandardScaler()),
                ('svc',
                 SVC(C=1, gamma='auto', kernel='linear', random_state=1))])",0.7849390919158361,0.2660064935064935,0.8833333333333334,0.4039948355737829,0.8299999999999998,0.480480916469903
60,"OS_('SMOBD', ""{'proportion': 1.0, 'eta1': 0.5, 't': 1.8, 'min_samples': 5, 'max_eps': 1.0, 'n_jobs': 1, 'random_state': 1}"")",DecisionTreeClassifier(random_state=1),0.9017718715393134,0.4416666666666667,0.5999999999999999,0.4903174603174604,0.7642307692307693,0.5052016601858488
61,"OS_('SMOBD', ""{'proportion': 1.0, 'eta1': 0.5, 't': 1.8, 'min_samples': 5, 'max_eps': 1.0, 'n_jobs': 1, 'random_state': 1}"")",KNeighborsClassifier(),0.7802879291251383,0.21843434343434343,0.6666666666666667,0.32404761904761903,0.7292948717948718,0.37787014215685716
62,"OS_('SMOBD', ""{'proportion': 1.0, 'eta1': 0.5, 't': 1.8, 'min_samples': 5, 'max_eps': 1.0, 'n_jobs': 1, 'random_state': 1}"")",MLPClassifier(random_state=1),0.6171650055370985,0.12968875809433084,0.6499999999999999,0.21496826750023681,0.6325,0.28880967442555516
63,"OS_('SMOBD', ""{'proportion': 1.0, 'eta1': 0.5, 't': 1.8, 'min_samples': 5, 'max_eps': 1.0, 'n_jobs': 1, 'random_state': 1}"")","Pipeline(steps=[('standardscaler', StandardScaler()),
                ('svc',
                 SVC(C=1, gamma='auto', kernel='linear', random_state=1))])",0.8085271317829458,0.2625,0.75,0.38032961190855924,0.7813461538461538,0.43692872156622686
64,"OS_('SUNDO', ""{'n_jobs': 1, 'random_state': 1}"")",DecisionTreeClassifier(random_state=1),0.9067552602436324,0.5199999999999999,0.41666666666666663,0.4188888888888889,0.683076923076923,0.44108249704942376
65,"OS_('SUNDO', ""{'n_jobs': 1, 'random_state': 1}"")",KNeighborsClassifier(),0.8645625692137319,0.0,0.0,0.0,0.46961538461538466,0.0
66,"OS_('SUNDO', ""{'n_jobs': 1, 'random_state': 1}"")",MLPClassifier(random_state=1),0.7942414174972313,0.25972222222222224,0.4666666666666667,0.2937799043062201,0.6449358974358974,0.32578388479486586
67,"OS_('SUNDO', ""{'n_jobs': 1, 'random_state': 1}"")","Pipeline(steps=[('standardscaler', StandardScaler()),
                ('svc',
                 SVC(C=1, gamma='auto', kernel='linear', random_state=1))])",0.8736434108527131,0.34787878787878784,0.5666666666666667,0.40793650793650793,0.7328846153846154,0.43047248385250503
68,"OS_('MSYN', ""{'pressure': 1.5, 'n_neighbors': 5, 'n_jobs': 1, 'random_state': 1}"")",DecisionTreeClassifier(random_state=1),0.9205980066445182,0.5233333333333333,0.7166666666666666,0.5809523809523809,0.8280128205128205,0.5999525442619764
69,"OS_('MSYN', ""{'pressure': 1.5, 'n_neighbors': 5, 'n_jobs': 1, 'random_state': 1}"")",KNeighborsClassifier(),0.7805094130675526,0.13186813186813187,0.36666666666666664,0.18772727272727271,0.5920512820512821,0.21531336493209619
70,"OS_('MSYN', ""{'pressure': 1.5, 'n_neighbors': 5, 'n_jobs': 1, 'random_state': 1}"")",MLPClassifier(random_state=1),0.6312292358803987,0.13441558441558443,0.6333333333333333,0.21901587301587302,0.6319871794871794,0.28847897237133646
71,"OS_('MSYN', ""{'pressure': 1.5, 'n_neighbors': 5, 'n_jobs': 1, 'random_state': 1}"")","Pipeline(steps=[('standardscaler', StandardScaler()),
                ('svc',
                 SVC(C=1, gamma='auto', kernel='linear', random_state=1))])",0.8083056478405316,0.2511904761904762,0.7,0.3596791443850268,0.7587820512820513,0.41217620904711183
72,"OS_('SVM_balance', ""{'proportion': 1.0, 'n_neighbors': 5, 'n_jobs': 1, 'random_state': 1}"")",DecisionTreeClassifier(random_state=1),0.8507198228128461,0.18,0.31666666666666665,0.22272727272727275,0.6076923076923076,0.23492921399163702
73,"OS_('SVM_balance', ""{'proportion': 1.0, 'n_neighbors': 5, 'n_jobs': 1, 'random_state': 1}"")",KNeighborsClassifier(),0.7614617940199336,0.1788811188811189,0.6,0.2730952380952381,0.6883333333333332,0.32554295011929874
74,"OS_('SVM_balance', ""{'proportion': 1.0, 'n_neighbors': 5, 'n_jobs': 1, 'random_state': 1}"")",MLPClassifier(random_state=1),0.5841638981173864,0.12208730158730159,0.6333333333333333,0.2025100630363788,0.6065384615384615,0.27528757136960297
75,"OS_('SVM_balance', ""{'proportion': 1.0, 'n_neighbors': 5, 'n_jobs': 1, 'random_state': 1}"")","Pipeline(steps=[('standardscaler', StandardScaler()),
                ('svc',
                 SVC(C=1, gamma='auto', kernel='linear', random_state=1))])",0.8084163898117387,0.26908730158730154,0.7666666666666666,0.3895648211437685,0.7896794871794872,0.44731623537174725
76,"OS_('TRIM_SMOTE', ""{'proportion': 1.0, 'n_neighbors': 5, 'min_precision': 0.3, 'n_jobs': 1, 'random_state': 1}"")",DecisionTreeClassifier(random_state=1),0.8786267995570322,0.27,0.41666666666666663,0.3253968253968254,0.6674999999999999,0.3341816474054401
77,"OS_('TRIM_SMOTE', ""{'proportion': 1.0, 'n_neighbors': 5, 'min_precision': 0.3, 'n_jobs': 1, 'random_state': 1}"")",KNeighborsClassifier(),0.775858250276855,0.18311688311688315,0.55,0.2704761904761904,0.6735897435897436,0.31413645300590876
78,"OS_('TRIM_SMOTE', ""{'proportion': 1.0, 'n_neighbors': 5, 'min_precision': 0.3, 'n_jobs': 1, 'random_state': 1}"")",MLPClassifier(random_state=1),0.6406423034330011,0.15822452057746175,0.7,0.2557814075418431,0.6678846153846154,0.33006081667258846
79,"OS_('TRIM_SMOTE', ""{'proportion': 1.0, 'n_neighbors': 5, 'min_precision': 0.3, 'n_jobs': 1, 'random_state': 1}"")","Pipeline(steps=[('standardscaler', StandardScaler()),
                ('svc',
                 SVC(C=1, gamma='auto', kernel='linear', random_state=1))])",0.8179401993355482,0.2768253968253968,0.75,0.39242424242424245,0.7864743589743589,0.4469219286820672
80,"OS_('SMOTE_RSB', ""{'proportion': 2.0, 'n_neighbors': 5, 'n_jobs': 1, 'random_state': 1}"")",DecisionTreeClassifier(random_state=1),0.9207087486157253,0.5416666666666666,0.5833333333333333,0.5281385281385281,0.7665384615384615,0.544482955067305
81,"OS_('SMOTE_RSB', ""{'proportion': 2.0, 'n_neighbors': 5, 'n_jobs': 1, 'random_state': 1}"")",KNeighborsClassifier(),0.8832779623477298,0.0,0.0,0.0,0.4796794871794871,0.0
82,"OS_('SMOTE_RSB', ""{'proportion': 2.0, 'n_neighbors': 5, 'n_jobs': 1, 'random_state': 1}"")",MLPClassifier(random_state=1),0.9159468438538205,0.0,0.0,0.0,0.49749999999999994,0.0
83,"OS_('SMOTE_RSB', ""{'proportion': 2.0, 'n_neighbors': 5, 'n_jobs': 1, 'random_state': 1}"")","Pipeline(steps=[('standardscaler', StandardScaler()),
                ('svc',
                 SVC(C=1, gamma='auto', kernel='linear', random_state=1))])",0.8738648947951273,0.0,0.0,0.0,0.47474358974358977,0.0
84,"OS_('ProWSyn', ""{'proportion': 1.0, 'n_neighbors': 5, 'L': 5, 'theta': 1.0, 'n_jobs': 1, 'random_state': 1}"")",DecisionTreeClassifier(random_state=1),0.8693244739756368,0.3197619047619048,0.6666666666666666,0.4288888888888889,0.7775000000000001,0.459789297090272
85,"OS_('ProWSyn', ""{'proportion': 1.0, 'n_neighbors': 5, 'L': 5, 'theta': 1.0, 'n_jobs': 1, 'random_state': 1}"")",KNeighborsClassifier(),0.7571428571428571,0.19909673659673657,0.6666666666666667,0.3010729208871624,0.7167307692307693,0.3596089728095103
86,"OS_('ProWSyn', ""{'proportion': 1.0, 'n_neighbors': 5, 'L': 5, 'theta': 1.0, 'n_jobs': 1, 'random_state': 1}"")",MLPClassifier(random_state=1),0.607751937984496,0.12505494505494505,0.65,0.20698234216225223,0.6276282051282052,0.281502503242192
87,"OS_('ProWSyn', ""{'proportion': 1.0, 'n_neighbors': 5, 'L': 5, 'theta': 1.0, 'n_jobs': 1, 'random_state': 1}"")","Pipeline(steps=[('standardscaler', StandardScaler()),
                ('svc',
                 SVC(C=1, gamma='auto', kernel='linear', random_state=1))])",0.8317829457364342,0.28504273504273503,0.75,0.40755633255633256,0.793974358974359,0.45820033578826136
88,"OS_('SL_graph_SMOTE', ""{'proportion': 1.0, 'n_neighbors': 5, 'n_jobs': 1, 'random_state': 1}"")",DecisionTreeClassifier(random_state=1),0.8879291251384276,0.3,0.2833333333333333,0.2622222222222222,0.6112820512820513,0.2765270894419022
89,"OS_('SL_graph_SMOTE', ""{'proportion': 1.0, 'n_neighbors': 5, 'n_jobs': 1, 'random_state': 1}"")",KNeighborsClassifier(),0.7992248062015503,0.09090909090909091,0.3333333333333333,0.14285714285714285,0.5882692307692308,0.17407765595569785
90,"OS_('SL_graph_SMOTE', ""{'proportion': 1.0, 'n_neighbors': 5, 'n_jobs': 1, 'random_state': 1}"")",MLPClassifier(random_state=1),0.7056478405315614,0.12603896103896103,0.5,0.19785247432306258,0.6130769230769231,0.24806105352653773
91,"OS_('SL_graph_SMOTE', ""{'proportion': 1.0, 'n_neighbors': 5, 'n_jobs': 1, 'random_state': 1}"")","Pipeline(steps=[('standardscaler', StandardScaler()),
                ('svc',
                 SVC(C=1, gamma='auto', kernel='linear', random_state=1))])",0.8411960132890366,0.28996336996336997,0.7,0.4009018759018759,0.7765384615384616,0.4440815753992714
92,"OS_('NRSBoundary_SMOTE', ""{'proportion': 1.0, 'n_neighbors': 5, 'w': 0.005, 'n_jobs': 1, 'random_state': 1}"")",DecisionTreeClassifier(random_state=1),0.8879291251384276,0.3233333333333333,0.4333333333333333,0.3611111111111111,0.6810897435897435,0.36947604912063864
93,"OS_('NRSBoundary_SMOTE', ""{'proportion': 1.0, 'n_neighbors': 5, 'w': 0.005, 'n_jobs': 1, 'random_state': 1}"")",KNeighborsClassifier(),0.8084163898117387,0.243015873015873,0.6,0.3352380952380952,0.7138461538461539,0.37472087767999124
94,"OS_('NRSBoundary_SMOTE', ""{'proportion': 1.0, 'n_neighbors': 5, 'w': 0.005, 'n_jobs': 1, 'random_state': 1}"")",MLPClassifier(random_state=1),0.593798449612403,0.14115411158889418,0.7666666666666666,0.23535621466655948,0.6733333333333332,0.3248842251579309
95,"OS_('NRSBoundary_SMOTE', ""{'proportion': 1.0, 'n_neighbors': 5, 'w': 0.005, 'n_jobs': 1, 'random_state': 1}"")","Pipeline(steps=[('standardscaler', StandardScaler()),
                ('svc',
                 SVC(C=1, gamma='auto', kernel='linear', random_state=1))])",0.8460686600221484,0.33115384615384613,0.8166666666666667,0.4620129870129871,0.8324358974358974,0.5135632298594066
96,"OS_('LVQ_SMOTE', ""{'proportion': 1.0, 'n_neighbors': 5, 'n_clusters': 10, 'n_jobs': 1, 'random_state': 1}"")",DecisionTreeClassifier(random_state=1),0.8553709856035437,0.3433333333333334,0.5999999999999999,0.4338888888888889,0.7389102564102564,0.45218201655457546
97,"OS_('LVQ_SMOTE', ""{'proportion': 1.0, 'n_neighbors': 5, 'n_clusters': 10, 'n_jobs': 1, 'random_state': 1}"")",KNeighborsClassifier(),0.8083056478405316,0.2411111111111111,0.7166666666666666,0.3526495726495727,0.767051282051282,0.41020112361389316
98,"OS_('LVQ_SMOTE', ""{'proportion': 1.0, 'n_neighbors': 5, 'n_clusters': 10, 'n_jobs': 1, 'random_state': 1}"")",MLPClassifier(random_state=1),0.6125138427464009,0.15385252428730686,0.7666666666666666,0.2517930286265933,0.6835897435897436,0.3377882079164841
99,"OS_('LVQ_SMOTE', ""{'proportion': 1.0, 'n_neighbors': 5, 'n_clusters': 10, 'n_jobs': 1, 'random_state': 1}"")","Pipeline(steps=[('standardscaler', StandardScaler()),
                ('svc',
                 SVC(C=1, gamma='auto', kernel='linear', random_state=1))])",0.8038759689922481,0.2808333333333333,0.8833333333333334,0.42159945317840053,0.8403205128205128,0.49406063595211813
100,"OS_('SOI_CJ', ""{'proportion': 1.0, 'n_neighbors': 5, 'method': 'interpolation', 'n_jobs': 1, 'random_state': 1}"")",DecisionTreeClassifier(random_state=1),0.8926910299003323,0.26,0.29999999999999993,0.2688888888888889,0.6221153846153846,0.2743719330916286
101,"OS_('SOI_CJ', ""{'proportion': 1.0, 'n_neighbors': 5, 'method': 'interpolation', 'n_jobs': 1, 'random_state': 1}"")",KNeighborsClassifier(),0.8972314507198229,0.0,0.0,0.0,0.48730769230769233,0.0
102,"OS_('SOI_CJ', ""{'proportion': 1.0, 'n_neighbors': 5, 'method': 'interpolation', 'n_jobs': 1, 'random_state': 1}"")",MLPClassifier(random_state=1),0.7332225913621262,0.04520358868184955,0.1833333333333333,0.06968325791855204,0.4828205128205128,0.08827117394290555
103,"OS_('SOI_CJ', ""{'proportion': 1.0, 'n_neighbors': 5, 'method': 'interpolation', 'n_jobs': 1, 'random_state': 1}"")","Pipeline(steps=[('standardscaler', StandardScaler()),
                ('svc',
                 SVC(C=1, gamma='auto', kernel='linear', random_state=1))])",0.9112956810631229,0.25,0.1833333333333333,0.2038095238095238,0.5790384615384615,0.21009536313038996
104,"OS_('ROSE', ""{'proportion': 1.0, 'random_state': 1}"")",DecisionTreeClassifier(random_state=1),0.873532668881506,0.3952380952380952,0.29999999999999993,0.29873015873015873,0.6118589743589744,0.3217241378021519
105,"OS_('ROSE', ""{'proportion': 1.0, 'random_state': 1}"")",KNeighborsClassifier(),0.817718715393134,0.12683982683982684,0.31666666666666665,0.17795093795093794,0.59,0.1982115398095035
106,"OS_('ROSE', ""{'proportion': 1.0, 'random_state': 1}"")",MLPClassifier(random_state=1),0.6308970099667774,0.13801120448179272,0.7,0.22878167285220727,0.6625,0.30861414282996436
107,"OS_('ROSE', ""{'proportion': 1.0, 'random_state': 1}"")","Pipeline(steps=[('standardscaler', StandardScaler()),
                ('svc',
                 SVC(C=1, gamma='auto', kernel='linear', random_state=1))])",0.7473975636766335,0.18195970695970695,0.65,0.2805882352941177,0.7033333333333334,0.3407919977298759
108,"OS_('SMOTE_OUT', ""{'proportion': 1.0, 'n_neighbors': 5, 'n_jobs': 1, 'random_state': 1}"")",DecisionTreeClassifier(random_state=1),0.8548172757475084,0.27166666666666667,0.4166666666666667,0.31731601731601733,0.6548717948717948,0.33028511690183066
109,"OS_('SMOTE_OUT', ""{'proportion': 1.0, 'n_neighbors': 5, 'n_jobs': 1, 'random_state': 1}"")",KNeighborsClassifier(),0.7709856035437431,0.19792152292152293,0.6166666666666667,0.29404761904761906,0.7017948717948718,0.34507952098042816
110,"OS_('SMOTE_OUT', ""{'proportion': 1.0, 'n_neighbors': 5, 'n_jobs': 1, 'random_state': 1}"")",MLPClassifier(random_state=1),0.6032115171650055,0.13215817321080478,0.7,0.2195169082125604,0.6475641025641025,0.30045598663263573
111,"OS_('SMOTE_OUT', ""{'proportion': 1.0, 'n_neighbors': 5, 'n_jobs': 1, 'random_state': 1}"")","Pipeline(steps=[('standardscaler', StandardScaler()),
                ('svc',
                 SVC(C=1, gamma='auto', kernel='linear', random_state=1))])",0.8553709856035437,0.37249999999999994,0.8333333333333334,0.49447102604997345,0.8460256410256412,0.5432206587537683
112,"OS_('SMOTE_Cosine', ""{'proportion': 1.0, 'n_neighbors': 5, 'n_jobs': 1, 'random_state': 1}"")",DecisionTreeClassifier(random_state=1),0.9159468438538205,0.4666666666666666,0.5999999999999999,0.52,0.772051282051282,0.5266196755718969
113,"OS_('SMOTE_Cosine', ""{'proportion': 1.0, 'n_neighbors': 5, 'n_jobs': 1, 'random_state': 1}"")",KNeighborsClassifier(),0.8177187153931339,0.24978354978354975,0.6166666666666667,0.3457142857142857,0.7271794871794872,0.38603471259770117
114,"OS_('SMOTE_Cosine', ""{'proportion': 1.0, 'n_neighbors': 5, 'n_jobs': 1, 'random_state': 1}"")",MLPClassifier(random_state=1),0.6122923588039867,0.14014652014652013,0.7,0.22977058942149156,0.6526923076923076,0.30847645024139697
115,"OS_('SMOTE_Cosine', ""{'proportion': 1.0, 'n_neighbors': 5, 'n_jobs': 1, 'random_state': 1}"")","Pipeline(steps=[('standardscaler', StandardScaler()),
                ('svc',
                 SVC(C=1, gamma='auto', kernel='linear', random_state=1))])",0.8410852713178294,0.3188888888888889,0.7666666666666666,0.4352813199872023,0.8074358974358974,0.4842948765977496
116,"OS_('Selected_SMOTE', ""{'proportion': 1.0, 'n_neighbors': 5, 'perc_sign_attr': 0.5, 'n_jobs': 1, 'random_state': 1}"")",DecisionTreeClassifier(random_state=1),0.8786267995570322,0.2583333333333333,0.36666666666666664,0.2829004329004329,0.6453846153846154,0.2968761807247881
117,"OS_('Selected_SMOTE', ""{'proportion': 1.0, 'n_neighbors': 5, 'perc_sign_attr': 0.5, 'n_jobs': 1, 'random_state': 1}"")",KNeighborsClassifier(),0.7991140642303434,0.23690476190476187,0.6666666666666667,0.3463986013986014,0.7393589743589745,0.3949855786458386
118,"OS_('Selected_SMOTE', ""{'proportion': 1.0, 'n_neighbors': 5, 'perc_sign_attr': 0.5, 'n_jobs': 1, 'random_state': 1}"")",MLPClassifier(random_state=1),0.6125138427464009,0.14220168067226888,0.7,0.23415337149352494,0.652628205128205,0.3127415160735882
119,"OS_('Selected_SMOTE', ""{'proportion': 1.0, 'n_neighbors': 5, 'perc_sign_attr': 0.5, 'n_jobs': 1, 'random_state': 1}"")","Pipeline(steps=[('standardscaler', StandardScaler()),
                ('svc',
                 SVC(C=1, gamma='auto', kernel='linear', random_state=1))])",0.8459579180509411,0.33452380952380956,0.8166666666666667,0.46553773024361256,0.8324999999999999,0.5159999456435258
120,"OS_('LN_SMOTE', ""{'proportion': 1.0, 'n_neighbors': 5, 'n_jobs': 1, 'random_state': 1}"")",DecisionTreeClassifier(random_state=1),0.9066445182724253,0.31333333333333335,0.29999999999999993,0.2942857142857143,0.6298076923076923,0.30039926782956217
121,"OS_('LN_SMOTE', ""{'proportion': 1.0, 'n_neighbors': 5, 'n_jobs': 1, 'random_state': 1}"")",KNeighborsClassifier(),0.9252491694352158,0.2,0.1,0.13333333333333333,0.5475,0.1414213562373095
122,"OS_('LN_SMOTE', ""{'proportion': 1.0, 'n_neighbors': 5, 'n_jobs': 1, 'random_state': 1}"")",MLPClassifier(random_state=1),0.9019933554817274,0.06666666666666667,0.2,0.1,0.5794871794871794,0.11547005383792515
123,"OS_('LN_SMOTE', ""{'proportion': 1.0, 'n_neighbors': 5, 'n_jobs': 1, 'random_state': 1}"")","Pipeline(steps=[('standardscaler', StandardScaler()),
                ('svc',
                 SVC(C=1, gamma='auto', kernel='linear', random_state=1))])",0.9112956810631229,0.08,0.2,0.1142857142857143,0.5846153846153846,0.12649110640673517
124,"OS_('MWMOTE', ""{'proportion': 1.0, 'k1': 5, 'k2': 5, 'k3': 5, 'M': 10, 'cf_th': 5.0, 'cmax': 10.0, 'n_jobs': 1, 'random_state': 1}"")",DecisionTreeClassifier(random_state=1),0.8786267995570322,0.20714285714285713,0.2333333333333333,0.19666666666666668,0.5838461538461539,0.20799783421305168
125,"OS_('MWMOTE', ""{'proportion': 1.0, 'k1': 5, 'k2': 5, 'k3': 5, 'M': 10, 'cf_th': 5.0, 'cmax': 10.0, 'n_jobs': 1, 'random_state': 1}"")",KNeighborsClassifier(),0.775858250276855,0.14999999999999997,0.4666666666666666,0.22505494505494505,0.6344871794871795,0.26300594357374624
126,"OS_('MWMOTE', ""{'proportion': 1.0, 'k1': 5, 'k2': 5, 'k3': 5, 'M': 10, 'cf_th': 5.0, 'cmax': 10.0, 'n_jobs': 1, 'random_state': 1}"")",MLPClassifier(random_state=1),0.6308970099667774,0.14182739457338997,0.7,0.23328854152383566,0.6626282051282051,0.31193920103311357
127,"OS_('MWMOTE', ""{'proportion': 1.0, 'k1': 5, 'k2': 5, 'k3': 5, 'M': 10, 'cf_th': 5.0, 'cmax': 10.0, 'n_jobs': 1, 'random_state': 1}"")","Pipeline(steps=[('standardscaler', StandardScaler()),
                ('svc',
                 SVC(C=1, gamma='auto', kernel='linear', random_state=1))])",0.8507198228128461,0.3534126984126984,0.8833333333333334,0.49366515837104075,0.8658333333333333,0.5507309702253602
128,"OS_('PDFOS', ""{'proportion': 1.0, 'n_jobs': 1, 'random_state': 1}"")",DecisionTreeClassifier(random_state=1),0.8924695459579179,0.5619047619047619,0.3666666666666666,0.36603174603174604,0.6529487179487179,0.4111295629622925
129,"OS_('PDFOS', ""{'proportion': 1.0, 'n_jobs': 1, 'random_state': 1}"")",KNeighborsClassifier(),0.7851605758582503,0.1505982905982906,0.5333333333333333,0.23397435897435895,0.6728846153846154,0.28260143967603557
130,"OS_('PDFOS', ""{'proportion': 1.0, 'n_jobs': 1, 'random_state': 1}"")",MLPClassifier(random_state=1),0.6032115171650055,0.14417534220165798,0.6499999999999999,0.22980901451489685,0.6254487179487179,0.29873252696301145
131,"OS_('PDFOS', ""{'proportion': 1.0, 'n_jobs': 1, 'random_state': 1}"")","Pipeline(steps=[('standardscaler', StandardScaler()),
                ('svc',
                 SVC(C=1, gamma='auto', kernel='linear', random_state=1))])",0.8458471760797341,0.3349206349206349,0.8666666666666666,0.4767420814479638,0.8548717948717949,0.5338229888327157
132,"OS_('NEATER', ""{'proportion': 1.0, 'smote_n_neighbors': 5, 'b': 5, 'alpha': 0.1, 'h': 20, 'n_jobs': 1, 'random_state': 1}"")",DecisionTreeClassifier(random_state=1),0.8689922480620155,0.20238095238095238,0.3,0.22714285714285715,0.6094230769230771,0.23866576106055798
133,"OS_('NEATER', ""{'proportion': 1.0, 'smote_n_neighbors': 5, 'b': 5, 'alpha': 0.1, 'h': 20, 'n_jobs': 1, 'random_state': 1}"")",KNeighborsClassifier(),0.8224806201550388,0.24303751803751802,0.6,0.33924963924963925,0.721474358974359,0.3773117625065675
134,"OS_('NEATER', ""{'proportion': 1.0, 'smote_n_neighbors': 5, 'b': 5, 'alpha': 0.1, 'h': 20, 'n_jobs': 1, 'random_state': 1}"")",MLPClassifier(random_state=1),0.5658914728682171,0.14247549019607844,0.8333333333333334,0.2393650793650793,0.6891025641025642,0.33859065110276176
135,"OS_('NEATER', ""{'proportion': 1.0, 'smote_n_neighbors': 5, 'b': 5, 'alpha': 0.1, 'h': 20, 'n_jobs': 1, 'random_state': 1}"")","Pipeline(steps=[('standardscaler', StandardScaler()),
                ('svc',
                 SVC(C=1, gamma='auto', kernel='linear', random_state=1))])",0.8365448504983387,0.3304761904761905,0.8166666666666667,0.4564102564102564,0.8275,0.5095177315588308
136,"OS_('Gazzah', ""{'proportion': 1.0, 'n_components': 2, 'n_jobs': 1, 'random_state': 1}"")",DecisionTreeClassifier(random_state=1),0.911184939091916,0.0,0.0,0.0,0.4948717948717949,0.0
137,"OS_('Gazzah', ""{'proportion': 1.0, 'n_components': 2, 'n_jobs': 1, 'random_state': 1}"")",KNeighborsClassifier(),0.7946843853820599,0.2132967032967033,0.6333333333333333,0.31397435897435894,0.7228846153846153,0.3636192379971372
138,"OS_('Gazzah', ""{'proportion': 1.0, 'n_components': 2, 'n_jobs': 1, 'random_state': 1}"")",MLPClassifier(random_state=1),0.6495016611295681,0.07106643356643357,0.3,0.11377192982456139,0.49012820512820515,0.14491179213775637
139,"OS_('Gazzah', ""{'proportion': 1.0, 'n_components': 2, 'n_jobs': 1, 'random_state': 1}"")","Pipeline(steps=[('standardscaler', StandardScaler()),
                ('svc',
                 SVC(C=1, gamma='auto', kernel='linear', random_state=1))])",0.7945736434108527,0.22865800865800864,0.65,0.3320634920634921,0.7286538461538461,0.38051256813800327
140,"OS_('MCT', ""{'proportion': 1.0, 'n_jobs': 1, 'random_state': 1}"")",DecisionTreeClassifier(random_state=1),0.9066445182724253,0.2857142857142857,0.3833333333333333,0.30095238095238097,0.6689102564102564,0.3171114660981753
141,"OS_('MCT', ""{'proportion': 1.0, 'n_jobs': 1, 'random_state': 1}"")",KNeighborsClassifier(),0.8130675526024363,0.18555555555555556,0.41666666666666663,0.2441025641025641,0.6323076923076923,0.2699165045124281
142,"OS_('MCT', ""{'proportion': 1.0, 'n_jobs': 1, 'random_state': 1}"")",MLPClassifier(random_state=1),0.607751937984496,0.13297191697191696,0.7,0.22074314574314574,0.6500641025641025,0.3015396994387241
143,"OS_('MCT', ""{'proportion': 1.0, 'n_jobs': 1, 'random_state': 1}"")","Pipeline(steps=[('standardscaler', StandardScaler()),
                ('svc',
                 SVC(C=1, gamma='auto', kernel='linear', random_state=1))])",0.8274640088593577,0.3241666666666666,0.8833333333333334,0.462058993637941,0.8532051282051283,0.5259177141850767
144,"OS_('ADG', ""{'proportion': 1.0, 'kernel': 'inner', 'lam': 1.0, 'mu': 1.0, 'k': 12, 'gamma': 1.0, 'n_jobs': 1, 'random_state': 1}"")",DecisionTreeClassifier(random_state=1),0.8926910299003323,0.18,0.2,0.18,0.5772435897435897,0.18492921399163703
145,"OS_('ADG', ""{'proportion': 1.0, 'kernel': 'inner', 'lam': 1.0, 'mu': 1.0, 'k': 12, 'gamma': 1.0, 'n_jobs': 1, 'random_state': 1}"")",KNeighborsClassifier(),0.9159468438538205,0.0,0.0,0.0,0.49749999999999994,0.0
146,"OS_('ADG', ""{'proportion': 1.0, 'kernel': 'inner', 'lam': 1.0, 'mu': 1.0, 'k': 12, 'gamma': 1.0, 'n_jobs': 1, 'random_state': 1}"")",MLPClassifier(random_state=1),0.9205980066445182,0.0,0.0,0.0,0.5,0.0
147,"OS_('ADG', ""{'proportion': 1.0, 'kernel': 'inner', 'lam': 1.0, 'mu': 1.0, 'k': 12, 'gamma': 1.0, 'n_jobs': 1, 'random_state': 1}"")","Pipeline(steps=[('standardscaler', StandardScaler()),
                ('svc',
                 SVC(C=1, gamma='auto', kernel='linear', random_state=1))])",0.9205980066445182,0.0,0.0,0.0,0.5,0.0
148,"OS_('SMOTE_IPF', ""{'proportion': 1.0, 'n_neighbors': 5, 'n_folds': 9, 'k': 3, 'p': 0.01, 'voting': 'majority', 'n_jobs': 1, 'classifier': DecisionTreeClassifier(random_state=2), 'random_state': 1}"")",DecisionTreeClassifier(random_state=1),0.8879291251384276,0.34238095238095234,0.4833333333333333,0.38666666666666666,0.7037179487179487,0.3992371787576943
149,"OS_('SMOTE_IPF', ""{'proportion': 1.0, 'n_neighbors': 5, 'n_folds': 9, 'k': 3, 'p': 0.01, 'voting': 'majority', 'n_jobs': 1, 'classifier': DecisionTreeClassifier(random_state=2), 'random_state': 1}"")",KNeighborsClassifier(),0.770764119601329,0.19100233100233102,0.6,0.28628205128205125,0.6933974358974359,0.3357725382418619
150,"OS_('SMOTE_IPF', ""{'proportion': 1.0, 'n_neighbors': 5, 'n_folds': 9, 'k': 3, 'p': 0.01, 'voting': 'majority', 'n_jobs': 1, 'classifier': DecisionTreeClassifier(random_state=2), 'random_state': 1}"")",MLPClassifier(random_state=1),0.6122923588039867,0.12861161856046766,0.6333333333333333,0.21172286082772013,0.6217307692307692,0.2828640059307386
151,"OS_('SMOTE_IPF', ""{'proportion': 1.0, 'n_neighbors': 5, 'n_folds': 9, 'k': 3, 'p': 0.01, 'voting': 'majority', 'n_jobs': 1, 'classifier': DecisionTreeClassifier(random_state=2), 'random_state': 1}"")","Pipeline(steps=[('standardscaler', StandardScaler()),
                ('svc',
                 SVC(C=1, gamma='auto', kernel='linear', random_state=1))])",0.8460686600221484,0.33888888888888885,0.7666666666666666,0.45135975135975137,0.8101282051282052,0.49714798552495354
152,"OS_('KernelADASYN', ""{'proportion': 1.0, 'k': 5, 'h': 1.0, 'n_jobs': 1, 'random_state': 1}"")",DecisionTreeClassifier(random_state=1),0.859468438538206,0.06666666666666667,0.13333333333333333,0.08888888888888888,0.5285897435897435,0.09428090415820634
153,"OS_('KernelADASYN', ""{'proportion': 1.0, 'k': 5, 'h': 1.0, 'n_jobs': 1, 'random_state': 1}"")",KNeighborsClassifier(),0.9159468438538205,0.0,0.0,0.0,0.49749999999999994,0.0
154,"OS_('KernelADASYN', ""{'proportion': 1.0, 'k': 5, 'h': 1.0, 'n_jobs': 1, 'random_state': 1}"")",MLPClassifier(random_state=1),0.9205980066445182,0.0,0.0,0.0,0.5,0.0
155,"OS_('KernelADASYN', ""{'proportion': 1.0, 'k': 5, 'h': 1.0, 'n_jobs': 1, 'random_state': 1}"")","Pipeline(steps=[('standardscaler', StandardScaler()),
                ('svc',
                 SVC(C=1, gamma='auto', kernel='linear', random_state=1))])",0.906423034330011,0.0,0.0,0.0,0.49230769230769234,0.0
156,"OS_('MOT2LD', ""{'proportion': 1.0, 'n_components': 2, 'k': 5, 'd_cut': 'auto', 'n_jobs': 1, 'random_state': 1}"")",DecisionTreeClassifier(random_state=1),0.8878183831672203,0.13333333333333333,0.18333333333333332,0.14603174603174604,0.5663461538461538,0.1520159310771689
157,"OS_('MOT2LD', ""{'proportion': 1.0, 'n_components': 2, 'k': 5, 'd_cut': 'auto', 'n_jobs': 1, 'random_state': 1}"")",KNeighborsClassifier(),0.803765227021041,0.04444444444444444,0.13333333333333333,0.06666666666666667,0.4981410256410257,0.0769800358919501
158,"OS_('MOT2LD', ""{'proportion': 1.0, 'n_components': 2, 'k': 5, 'd_cut': 'auto', 'n_jobs': 1, 'random_state': 1}"")",MLPClassifier(random_state=1),0.640531561461794,0.11064213564213563,0.4833333333333333,0.17574277574277575,0.5697435897435896,0.22682099703928196
159,"OS_('MOT2LD', ""{'proportion': 1.0, 'n_components': 2, 'k': 5, 'd_cut': 'auto', 'n_jobs': 1, 'random_state': 1}"")","Pipeline(steps=[('standardscaler', StandardScaler()),
                ('svc',
                 SVC(C=1, gamma='auto', kernel='linear', random_state=1))])",0.8506090808416389,0.29000000000000004,0.6333333333333333,0.3827838827838828,0.7507692307692307,0.41933276343701564
160,"OS_('V_SYNTH', ""{'proportion': 1.0, 'n_components': 3, 'n_jobs': 1, 'random_state': 1}"")",DecisionTreeClassifier(random_state=1),0.8737541528239202,0.26666666666666666,0.2333333333333333,0.22222222222222218,0.5813461538461538,0.23570226039551584
161,"OS_('V_SYNTH', ""{'proportion': 1.0, 'n_components': 3, 'n_jobs': 1, 'random_state': 1}"")",KNeighborsClassifier(),0.8508305647840532,0.125,0.13333333333333333,0.11636363636363636,0.5235897435897436,0.1224744871391589
162,"OS_('V_SYNTH', ""{'proportion': 1.0, 'n_components': 3, 'n_jobs': 1, 'random_state': 1}"")",MLPClassifier(random_state=1),0.6770764119601329,0.08710526315789473,0.3833333333333333,0.13766233766233768,0.5444871794871794,0.1784101942132736
163,"OS_('V_SYNTH', ""{'proportion': 1.0, 'n_components': 3, 'n_jobs': 1, 'random_state': 1}"")","Pipeline(steps=[('standardscaler', StandardScaler()),
                ('svc',
                 SVC(C=1, gamma='auto', kernel='linear', random_state=1))])",0.5984496124031007,0.09127272727272726,0.5499999999999999,0.15604597701149425,0.5771153846153846,0.2232976136875912
164,"OS_('OUPS', ""{'proportion': 1.0, 'n_jobs': 1, 'random_state': 1}"")",DecisionTreeClassifier(random_state=1),0.7994462901439645,0.18008658008658007,0.45,0.25382395382395384,0.6414102564102564,0.28236293648819377
165,"OS_('OUPS', ""{'proportion': 1.0, 'n_jobs': 1, 'random_state': 1}"")",KNeighborsClassifier(),0.6921373200442968,0.16777777777777778,0.6666666666666666,0.2638888888888889,0.681474358974359,0.33014668262952496
166,"OS_('OUPS', ""{'proportion': 1.0, 'n_jobs': 1, 'random_state': 1}"")",MLPClassifier(random_state=1),0.5609080841638981,0.12092352092352092,0.7,0.20491005291005288,0.6244871794871794,0.2891453821167299
167,"OS_('OUPS', ""{'proportion': 1.0, 'n_jobs': 1, 'random_state': 1}"")","Pipeline(steps=[('standardscaler', StandardScaler()),
                ('svc',
                 SVC(C=1, gamma='auto', kernel='linear', random_state=1))])",0.6869324473975637,0.17886554621848738,0.8333333333333334,0.2937254901960784,0.7542307692307693,0.385180864126509
168,"OS_('SMOTE_D', ""{'proportion': 1.0, 'k': 3, 'n_jobs': 1, 'random_state': 1}"")",DecisionTreeClassifier(random_state=1),0.89734219269103,0.27999999999999997,0.25,0.24666666666666667,0.6022435897435897,0.2556398921102918
169,"OS_('SMOTE_D', ""{'proportion': 1.0, 'k': 3, 'n_jobs': 1, 'random_state': 1}"")",KNeighborsClassifier(),0.9159468438538205,0.0,0.0,0.0,0.49749999999999994,0.0
170,"OS_('SMOTE_D', ""{'proportion': 1.0, 'k': 3, 'n_jobs': 1, 'random_state': 1}"")",MLPClassifier(random_state=1),0.9205980066445182,0.0,0.0,0.0,0.5,0.0
171,"OS_('SMOTE_D', ""{'proportion': 1.0, 'k': 3, 'n_jobs': 1, 'random_state': 1}"")","Pipeline(steps=[('standardscaler', StandardScaler()),
                ('svc',
                 SVC(C=1, gamma='auto', kernel='linear', random_state=1))])",0.9205980066445182,0.0,0.0,0.0,0.5,0.0
172,"OS_('SMOTE_PSO', ""{'k': 3, 'eps': 0.05, 'n_pop': 10, 'w': 1.0, 'c1': 2.0, 'c2': 2.0, 'num_it': 10, 'n_jobs': 1, 'random_state': 1}"")",DecisionTreeClassifier(random_state=1),0.8925802879291252,0.22999999999999998,0.3833333333333333,0.2833333333333333,0.6611538461538461,0.294700912136174
173,"OS_('SMOTE_PSO', ""{'k': 3, 'eps': 0.05, 'n_pop': 10, 'w': 1.0, 'c1': 2.0, 'c2': 2.0, 'num_it': 10, 'n_jobs': 1, 'random_state': 1}"")",KNeighborsClassifier(),0.8224806201550388,0.1901010101010101,0.41666666666666663,0.24981684981684976,0.6373717948717949,0.2743630980858468
174,"OS_('SMOTE_PSO', ""{'k': 3, 'eps': 0.05, 'n_pop': 10, 'w': 1.0, 'c1': 2.0, 'c2': 2.0, 'num_it': 10, 'n_jobs': 1, 'random_state': 1}"")",MLPClassifier(random_state=1),0.9112956810631229,0.0,0.0,0.0,0.495,0.0
175,"OS_('SMOTE_PSO', ""{'k': 3, 'eps': 0.05, 'n_pop': 10, 'w': 1.0, 'c1': 2.0, 'c2': 2.0, 'num_it': 10, 'n_jobs': 1, 'random_state': 1}"")","Pipeline(steps=[('standardscaler', StandardScaler()),
                ('svc',
                 SVC(C=1, gamma='auto', kernel='linear', random_state=1))])",0.8972314507198227,0.45,0.6333333333333333,0.4876190476190477,0.7763461538461539,0.5121027033568037
176,"OS_('CURE_SMOTE', ""{'proportion': 1.0, 'n_clusters': 5, 'noise_th': 2, 'n_jobs': 1, 'random_state': 1}"")",DecisionTreeClassifier(random_state=1),0.8972314507198229,0.35238095238095235,0.31666666666666665,0.26666666666666666,0.6330128205128205,0.2975974008082621
177,"OS_('CURE_SMOTE', ""{'proportion': 1.0, 'n_clusters': 5, 'noise_th': 2, 'n_jobs': 1, 'random_state': 1}"")",KNeighborsClassifier(),0.8131782945736434,0.1896969696969697,0.35,0.2349206349206349,0.6015384615384616,0.25093559311136965
178,"OS_('CURE_SMOTE', ""{'proportion': 1.0, 'n_clusters': 5, 'noise_th': 2, 'n_jobs': 1, 'random_state': 1}"")",MLPClassifier(random_state=1),0.6637873754152824,0.13914835164835165,0.65,0.22398164952611413,0.658076923076923,0.2945939511880483
179,"OS_('CURE_SMOTE', ""{'proportion': 1.0, 'n_clusters': 5, 'noise_th': 2, 'n_jobs': 1, 'random_state': 1}"")","Pipeline(steps=[('standardscaler', StandardScaler()),
                ('svc',
                 SVC(C=1, gamma='auto', kernel='linear', random_state=1))])",0.8554817275747508,0.3666666666666666,0.7666666666666667,0.4566488413547237,0.8151923076923075,0.5067159727471079
180,"OS_('SOMO', ""{'proportion': 1.0, 'n_grid': 10, 'sigma': 0.2, 'learning_rate': 0.5, 'n_iter': 100, 'n_jobs': 1, 'random_state': 1}"")",DecisionTreeClassifier(random_state=1),0.8926910299003323,0.18,0.2,0.18,0.5772435897435897,0.18492921399163703
181,"OS_('SOMO', ""{'proportion': 1.0, 'n_grid': 10, 'sigma': 0.2, 'learning_rate': 0.5, 'n_iter': 100, 'n_jobs': 1, 'random_state': 1}"")",KNeighborsClassifier(),0.9159468438538205,0.0,0.0,0.0,0.49749999999999994,0.0
182,"OS_('SOMO', ""{'proportion': 1.0, 'n_grid': 10, 'sigma': 0.2, 'learning_rate': 0.5, 'n_iter': 100, 'n_jobs': 1, 'random_state': 1}"")",MLPClassifier(random_state=1),0.9205980066445182,0.0,0.0,0.0,0.5,0.0
183,"OS_('SOMO', ""{'proportion': 1.0, 'n_grid': 10, 'sigma': 0.2, 'learning_rate': 0.5, 'n_iter': 100, 'n_jobs': 1, 'random_state': 1}"")","Pipeline(steps=[('standardscaler', StandardScaler()),
                ('svc',
                 SVC(C=1, gamma='auto', kernel='linear', random_state=1))])",0.9205980066445182,0.0,0.0,0.0,0.5,0.0
184,"OS_('CE_SMOTE', ""{'proportion': 1.0, 'h': 10, 'k': 5, 'alpha': 0.5, 'n_jobs': 1, 'random_state': 1}"")",DecisionTreeClassifier(random_state=1),0.8782945736434108,0.31333333333333335,0.4333333333333333,0.3441558441558442,0.676025641025641,0.35813429474852476
185,"OS_('CE_SMOTE', ""{'proportion': 1.0, 'h': 10, 'k': 5, 'alpha': 0.5, 'n_jobs': 1, 'random_state': 1}"")",KNeighborsClassifier(),0.859468438538206,0.34404761904761905,0.6666666666666667,0.4121212121212121,0.7725641025641025,0.45586495674365957
186,"OS_('CE_SMOTE', ""{'proportion': 1.0, 'h': 10, 'k': 5, 'alpha': 0.5, 'n_jobs': 1, 'random_state': 1}"")",MLPClassifier(random_state=1),0.6919158361018826,0.20909090909090908,0.6333333333333333,0.27920346320346323,0.665128205128205,0.33903887839282054
187,"OS_('CE_SMOTE', ""{'proportion': 1.0, 'h': 10, 'k': 5, 'alpha': 0.5, 'n_jobs': 1, 'random_state': 1}"")","Pipeline(steps=[('standardscaler', StandardScaler()),
                ('svc',
                 SVC(C=1, gamma='auto', kernel='linear', random_state=1))])",0.85968992248062,0.3476190476190476,0.65,0.4092929292929293,0.764423076923077,0.45068657749422136
188,"OS_('Edge_Det_SMOTE', ""{'proportion': 1.0, 'k': 5, 'n_jobs': 1, 'random_state': 1}"")",DecisionTreeClassifier(random_state=1),0.8926910299003323,0.4,0.5499999999999999,0.4442857142857143,0.7367948717948718,0.45925174628666204
189,"OS_('Edge_Det_SMOTE', ""{'proportion': 1.0, 'k': 5, 'n_jobs': 1, 'random_state': 1}"")",KNeighborsClassifier(),0.8084163898117387,0.228015873015873,0.6,0.3275457875457875,0.7137179487179488,0.3678569192198477
190,"OS_('Edge_Det_SMOTE', ""{'proportion': 1.0, 'k': 5, 'n_jobs': 1, 'random_state': 1}"")",MLPClassifier(random_state=1),0.6263565891472868,0.13943223443223443,0.6333333333333333,0.2253220611916264,0.6294871794871794,0.293412268872172
191,"OS_('Edge_Det_SMOTE', ""{'proportion': 1.0, 'k': 5, 'n_jobs': 1, 'random_state': 1}"")","Pipeline(steps=[('standardscaler', StandardScaler()),
                ('svc',
                 SVC(C=1, gamma='auto', kernel='linear', random_state=1))])",0.8320044296788482,0.3073412698412698,0.7666666666666666,0.4278509794299268,0.8024358974358975,0.47709682856622593
192,"OS_('DBSMOTE', ""{'proportion': 1.0, 'eps': 0.8, 'min_samples': 3, 'n_jobs': 1, 'random_state': 1}"")",DecisionTreeClassifier(random_state=1),0.9066445182724252,0.44000000000000006,0.35,0.3642857142857143,0.6523076923076923,0.3792418661433216
193,"OS_('DBSMOTE', ""{'proportion': 1.0, 'eps': 0.8, 'min_samples': 3, 'n_jobs': 1, 'random_state': 1}"")",KNeighborsClassifier(),0.8924695459579179,0.16666666666666666,0.16666666666666666,0.16666666666666666,0.560448717948718,0.16666666666666666
194,"OS_('DBSMOTE', ""{'proportion': 1.0, 'eps': 0.8, 'min_samples': 3, 'n_jobs': 1, 'random_state': 1}"")",MLPClassifier(random_state=1),0.6591362126245848,0.1392135642135642,0.5833333333333333,0.2201872201872202,0.6248717948717949,0.28027324542176685
195,"OS_('DBSMOTE', ""{'proportion': 1.0, 'eps': 0.8, 'min_samples': 3, 'n_jobs': 1, 'random_state': 1}"")","Pipeline(steps=[('standardscaler', StandardScaler()),
                ('svc',
                 SVC(C=1, gamma='auto', kernel='linear', random_state=1))])",0.8880398671096346,0.36666666666666664,0.5166666666666667,0.4014285714285715,0.7177564102564102,0.42079512526676704
196,"OS_('ASMOBD', ""{'proportion': 1.0, 'min_samples': 3, 'eps': 0.8, 'eta': 0.5, 'T_1': 1.0, 'T_2': 1.0, 't_1': 4.0, 't_2': 4.0, 'a': 0.05, 'smoothing': 'linear', 'n_jobs': 1, 'random_state': 1}"")",DecisionTreeClassifier(random_state=1),0.892358803986711,0.24,0.16666666666666666,0.18333333333333332,0.5606410256410257,0.19306113418674173
197,"OS_('ASMOBD', ""{'proportion': 1.0, 'min_samples': 3, 'eps': 0.8, 'eta': 0.5, 'T_1': 1.0, 'T_2': 1.0, 't_1': 4.0, 't_2': 4.0, 'a': 0.05, 'smoothing': 'linear', 'n_jobs': 1, 'random_state': 1}"")",KNeighborsClassifier(),0.878516057585825,0.11666666666666665,0.13333333333333333,0.12380952380952381,0.5387820512820513,0.12440169358562922
198,"OS_('ASMOBD', ""{'proportion': 1.0, 'min_samples': 3, 'eps': 0.8, 'eta': 0.5, 'T_1': 1.0, 'T_2': 1.0, 't_1': 4.0, 't_2': 4.0, 'a': 0.05, 'smoothing': 'linear', 'n_jobs': 1, 'random_state': 1}"")",MLPClassifier(random_state=1),0.6589147286821705,0.08123428858722977,0.3833333333333333,0.13058404558404557,0.5350641025641025,0.17294599517558293
199,"OS_('ASMOBD', ""{'proportion': 1.0, 'min_samples': 3, 'eps': 0.8, 'eta': 0.5, 'T_1': 1.0, 'T_2': 1.0, 't_1': 4.0, 't_2': 4.0, 'a': 0.05, 'smoothing': 'linear', 'n_jobs': 1, 'random_state': 1}"")","Pipeline(steps=[('standardscaler', StandardScaler()),
                ('svc',
                 SVC(C=1, gamma='auto', kernel='linear', random_state=1))])",0.8879291251384276,0.33999999999999997,0.4166666666666667,0.3626984126984127,0.6729487179487179,0.37032237569326776
200,"OS_('Assembled_SMOTE', ""{'proportion': 1.0, 'n_neighbors': 5, 'pop': 2, 'thres': 0.3, 'n_jobs': 1, 'random_state': 1}"")",DecisionTreeClassifier(random_state=1),0.8829457364341085,0.3604761904761905,0.4833333333333333,0.39098124098124093,0.7009615384615384,0.4060983855668626
201,"OS_('Assembled_SMOTE', ""{'proportion': 1.0, 'n_neighbors': 5, 'pop': 2, 'thres': 0.3, 'n_jobs': 1, 'random_state': 1}"")",KNeighborsClassifier(),0.8085271317829456,0.25,0.6166666666666667,0.34444444444444444,0.7221153846153847,0.3850849930561872
202,"OS_('Assembled_SMOTE', ""{'proportion': 1.0, 'n_neighbors': 5, 'pop': 2, 'thres': 0.3, 'n_jobs': 1, 'random_state': 1}"")",MLPClassifier(random_state=1),0.5936877076411959,0.1229076479076479,0.6333333333333333,0.20351594375123785,0.6116666666666666,0.2760189431602608
203,"OS_('Assembled_SMOTE', ""{'proportion': 1.0, 'n_neighbors': 5, 'pop': 2, 'thres': 0.3, 'n_jobs': 1, 'random_state': 1}"")","Pipeline(steps=[('standardscaler', StandardScaler()),
                ('svc',
                 SVC(C=1, gamma='auto', kernel='linear', random_state=1))])",0.8274640088593579,0.3079761904761905,0.7666666666666666,0.42315789473684207,0.7998717948717948,0.474288964302403
204,"OS_('SDSMOTE', ""{'proportion': 1.0, 'n_neighbors': 5, 'n_jobs': 1, 'random_state': 1}"")",DecisionTreeClassifier(random_state=1),0.8643410852713178,0.30333333333333334,0.4333333333333333,0.3547619047619047,0.6682692307692307,0.3614280298854147
205,"OS_('SDSMOTE', ""{'proportion': 1.0, 'n_neighbors': 5, 'n_jobs': 1, 'random_state': 1}"")",KNeighborsClassifier(),0.7897009966777409,0.23772727272727273,0.7333333333333333,0.3539194139194139,0.7651923076923077,0.41369341954319927
206,"OS_('SDSMOTE', ""{'proportion': 1.0, 'n_neighbors': 5, 'n_jobs': 1, 'random_state': 1}"")",MLPClassifier(random_state=1),0.5937984496124031,0.13594627594627595,0.7,0.22540926506443748,0.6425000000000001,0.30560006722542293
207,"OS_('SDSMOTE', ""{'proportion': 1.0, 'n_neighbors': 5, 'n_jobs': 1, 'random_state': 1}"")","Pipeline(steps=[('standardscaler', StandardScaler()),
                ('svc',
                 SVC(C=1, gamma='auto', kernel='linear', random_state=1))])",0.8272425249169434,0.30019841269841263,0.7666666666666666,0.41896209054103783,0.7999358974358974,0.4705223459917193
208,"OS_('DSMOTE', ""{'proportion': 1.0, 'n_neighbors': 5, 'rate': 0.1, 'n_step': 50, 'n_jobs': 1, 'random_state': 1}"")",DecisionTreeClassifier(random_state=1),0.9111849390919158,0.4666666666666667,0.2333333333333333,0.29999999999999993,0.6014102564102564,0.3235580767419013
209,"OS_('DSMOTE', ""{'proportion': 1.0, 'n_neighbors': 5, 'rate': 0.1, 'n_step': 50, 'n_jobs': 1, 'random_state': 1}"")",KNeighborsClassifier(),0.8786267995570322,0.2,0.05,0.08,0.49974358974358973,0.1
210,"OS_('DSMOTE', ""{'proportion': 1.0, 'n_neighbors': 5, 'rate': 0.1, 'n_step': 50, 'n_jobs': 1, 'random_state': 1}"")",MLPClassifier(random_state=1),0.8550387596899224,0.10666666666666666,0.11666666666666665,0.10714285714285716,0.5177564102564103,0.10937480486839479
211,"OS_('DSMOTE', ""{'proportion': 1.0, 'n_neighbors': 5, 'rate': 0.1, 'n_step': 50, 'n_jobs': 1, 'random_state': 1}"")","Pipeline(steps=[('standardscaler', StandardScaler()),
                ('svc',
                 SVC(C=1, gamma='auto', kernel='linear', random_state=1))])",0.8972314507198227,0.30666666666666664,0.2333333333333333,0.24999999999999994,0.593974358974359,0.2597278008534084
212,"OS_('G_SMOTE', ""{'proportion': 1.0, 'n_neighbors': 5, 'method': 'linear', 'n_jobs': 1, 'random_state': 1}"")",DecisionTreeClassifier(random_state=1),0.911295681063123,0.5166666666666666,0.36666666666666664,0.3885714285714286,0.6631410256410256,0.41258976576862294
213,"OS_('G_SMOTE', ""{'proportion': 1.0, 'n_neighbors': 5, 'method': 'linear', 'n_jobs': 1, 'random_state': 1}"")",KNeighborsClassifier(),0.8178294573643411,0.25333333333333335,0.6,0.3457431457431458,0.7189102564102565,0.38288737391271843
214,"OS_('G_SMOTE', ""{'proportion': 1.0, 'n_neighbors': 5, 'method': 'linear', 'n_jobs': 1, 'random_state': 1}"")",MLPClassifier(random_state=1),0.5984496124031007,0.1352886002886003,0.7,0.22443097643097643,0.6449999999999999,0.3047867525678368
215,"OS_('G_SMOTE', ""{'proportion': 1.0, 'n_neighbors': 5, 'method': 'linear', 'n_jobs': 1, 'random_state': 1}"")","Pipeline(steps=[('standardscaler', StandardScaler()),
                ('svc',
                 SVC(C=1, gamma='auto', kernel='linear', random_state=1))])",0.8176079734219268,0.28535714285714286,0.75,0.40289815447710187,0.7864102564102564,0.45459497382873043
216,"OS_('NT_SMOTE', ""{'proportion': 1.0, 'n_jobs': 1, 'random_state': 1}"")",DecisionTreeClassifier(random_state=1),0.8878183831672203,0.3,0.4333333333333333,0.3288888888888889,0.6810256410256409,0.34723776756055696
217,"OS_('NT_SMOTE', ""{'proportion': 1.0, 'n_jobs': 1, 'random_state': 1}"")",KNeighborsClassifier(),0.8131782945736434,0.24615384615384617,0.6166666666666667,0.3394444444444445,0.7247435897435898,0.3811618853392395
218,"OS_('NT_SMOTE', ""{'proportion': 1.0, 'n_jobs': 1, 'random_state': 1}"")",MLPClassifier(random_state=1),0.607641196013289,0.1301137685843568,0.6333333333333333,0.2132383388137864,0.6192948717948717,0.28389861732120786
219,"OS_('NT_SMOTE', ""{'proportion': 1.0, 'n_jobs': 1, 'random_state': 1}"")","Pipeline(steps=[('standardscaler', StandardScaler()),
                ('svc',
                 SVC(C=1, gamma='auto', kernel='linear', random_state=1))])",0.8457364341085271,0.3261538461538461,0.7666666666666666,0.44267676767676767,0.8100000000000002,0.4902402838058986
220,"OS_('Lee', ""{'proportion': 1.0, 'n_neighbors': 5, 'rejection_level': 0.5, 'n_jobs': 1, 'random_state': 1}"")",DecisionTreeClassifier(random_state=1),0.8642303433001107,0.27095238095238094,0.4333333333333333,0.31873015873015875,0.6683974358974359,0.3347657255767148
221,"OS_('Lee', ""{'proportion': 1.0, 'n_neighbors': 5, 'rejection_level': 0.5, 'n_jobs': 1, 'random_state': 1}"")",KNeighborsClassifier(),0.8552602436323365,0.21666666666666665,0.3333333333333333,0.26031746031746034,0.6183333333333334,0.26748598491509407
222,"OS_('Lee', ""{'proportion': 1.0, 'n_neighbors': 5, 'rejection_level': 0.5, 'n_jobs': 1, 'random_state': 1}"")",MLPClassifier(random_state=1),0.6449612403100775,0.08386832465779834,0.4333333333333333,0.1388047138047138,0.5499358974358974,0.1885200466069565
223,"OS_('Lee', ""{'proportion': 1.0, 'n_neighbors': 5, 'rejection_level': 0.5, 'n_jobs': 1, 'random_state': 1}"")","Pipeline(steps=[('standardscaler', StandardScaler()),
                ('svc',
                 SVC(C=1, gamma='auto', kernel='linear', random_state=1))])",0.8599114064230342,0.3228205128205128,0.5833333333333333,0.3954761904761904,0.7335897435897436,0.4212654338942071
224,"OS_('SPY', ""{'n_neighbors': 5, 'threshold': 0.5, 'n_jobs': 1}"")",DecisionTreeClassifier(random_state=1),0.8880398671096346,0.18,0.2,0.18,0.5747435897435897,0.18492921399163703
225,"OS_('SPY', ""{'n_neighbors': 5, 'threshold': 0.5, 'n_jobs': 1}"")",KNeighborsClassifier(),0.9112956810631229,0.0,0.0,0.0,0.495,0.0
226,"OS_('SPY', ""{'n_neighbors': 5, 'threshold': 0.5, 'n_jobs': 1}"")",MLPClassifier(random_state=1),0.9205980066445182,0.0,0.0,0.0,0.5,0.0
227,"OS_('SPY', ""{'n_neighbors': 5, 'threshold': 0.5, 'n_jobs': 1}"")","Pipeline(steps=[('standardscaler', StandardScaler()),
                ('svc',
                 SVC(C=1, gamma='auto', kernel='linear', random_state=1))])",0.9205980066445182,0.0,0.0,0.0,0.5,0.0
228,"OS_('SMOTE_PSOBAT', ""{'maxit': 50, 'c1': 0.3, 'c2': 0.1, 'c3': 0.1, 'alpha': 0.9, 'gamma': 0.9, 'method': 'bat', 'n_jobs': 1, 'random_state': 1}"")",DecisionTreeClassifier(random_state=1),0.8693244739756368,0.3171428571428571,0.5166666666666667,0.3806637806637806,0.7074358974358973,0.39807546189843646
229,"OS_('SMOTE_PSOBAT', ""{'maxit': 50, 'c1': 0.3, 'c2': 0.1, 'c3': 0.1, 'alpha': 0.9, 'gamma': 0.9, 'method': 'bat', 'n_jobs': 1, 'random_state': 1}"")",KNeighborsClassifier(),0.8269102990033221,0.22954545454545455,0.5,0.2948051948051948,0.6790384615384614,0.32692108071257764
230,"OS_('SMOTE_PSOBAT', ""{'maxit': 50, 'c1': 0.3, 'c2': 0.1, 'c3': 0.1, 'alpha': 0.9, 'gamma': 0.9, 'method': 'bat', 'n_jobs': 1, 'random_state': 1}"")",MLPClassifier(random_state=1),0.887375415282392,0.0,0.0,0.0,0.4821153846153846,0.0
231,"OS_('SMOTE_PSOBAT', ""{'maxit': 50, 'c1': 0.3, 'c2': 0.1, 'c3': 0.1, 'alpha': 0.9, 'gamma': 0.9, 'method': 'bat', 'n_jobs': 1, 'random_state': 1}"")","Pipeline(steps=[('standardscaler', StandardScaler()),
                ('svc',
                 SVC(C=1, gamma='auto', kernel='linear', random_state=1))])",0.8692137320044295,0.26282051282051283,0.45,0.2876984126984127,0.6796794871794871,0.318803501478876
232,"OS_('MDO', ""{'proportion': 1.0, 'K2': 5, 'K1_frac': 0.5, 'n_jobs': 1, 'random_state': 1}"")",DecisionTreeClassifier(random_state=1),0.8925802879291252,0.2,0.3333333333333333,0.25,0.6386538461538461,0.2581988897471611
233,"OS_('MDO', ""{'proportion': 1.0, 'K2': 5, 'K1_frac': 0.5, 'n_jobs': 1, 'random_state': 1}"")",KNeighborsClassifier(),0.8924695459579179,0.1,0.06666666666666667,0.08,0.515576923076923,0.08164965809277261
234,"OS_('MDO', ""{'proportion': 1.0, 'K2': 5, 'K1_frac': 0.5, 'n_jobs': 1, 'random_state': 1}"")",MLPClassifier(random_state=1),0.6821705426356589,0.07707172054998143,0.31666666666666665,0.12115384615384614,0.5168589743589743,0.15348739623353946
235,"OS_('MDO', ""{'proportion': 1.0, 'K2': 5, 'K1_frac': 0.5, 'n_jobs': 1, 'random_state': 1}"")","Pipeline(steps=[('standardscaler', StandardScaler()),
                ('svc',
                 SVC(C=1, gamma='auto', kernel='linear', random_state=1))])",0.9111849390919158,0.36666666666666664,0.36666666666666664,0.3619047619047619,0.663076923076923,0.3642734410091836
236,"OS_('Random_SMOTE', ""{'proportion': 1.0, 'n_neighbors': 5, 'n_jobs': 1, 'random_state': 1}"")",DecisionTreeClassifier(random_state=1),0.8925802879291252,0.37619047619047613,0.4833333333333333,0.3927272727272727,0.7061538461538462,0.4105676401954289
237,"OS_('Random_SMOTE', ""{'proportion': 1.0, 'n_neighbors': 5, 'n_jobs': 1, 'random_state': 1}"")",KNeighborsClassifier(),0.7851605758582503,0.2263125763125763,0.6833333333333333,0.3307575757575757,0.7403205128205129,0.38644627007777055
238,"OS_('Random_SMOTE', ""{'proportion': 1.0, 'n_neighbors': 5, 'n_jobs': 1, 'random_state': 1}"")",MLPClassifier(random_state=1),0.6077519379844961,0.12475695928785173,0.6333333333333333,0.2065681902638424,0.6191666666666666,0.2787810102330292
239,"OS_('Random_SMOTE', ""{'proportion': 1.0, 'n_neighbors': 5, 'n_jobs': 1, 'random_state': 1}"")","Pipeline(steps=[('standardscaler', StandardScaler()),
                ('svc',
                 SVC(C=1, gamma='auto', kernel='linear', random_state=1))])",0.8414174972314508,0.34380952380952384,0.7666666666666666,0.44666666666666666,0.8074999999999999,0.49547948493117816
240,"OS_('ISMOTE', ""{'n_neighbors': 5, 'minority_weight': 0.5, 'n_jobs': 1, 'random_state': 1}"")",DecisionTreeClassifier(random_state=1),0.7705426356589146,0.15333333333333332,0.4666666666666666,0.2188888888888889,0.6316025641025641,0.25864164381172394
241,"OS_('ISMOTE', ""{'n_neighbors': 5, 'minority_weight': 0.5, 'n_jobs': 1, 'random_state': 1}"")",KNeighborsClassifier(),0.7612403100775194,0.20467032967032966,0.6333333333333333,0.3022549019607843,0.7023717948717949,0.3544956085371805
242,"OS_('ISMOTE', ""{'n_neighbors': 5, 'minority_weight': 0.5, 'n_jobs': 1, 'random_state': 1}"")",MLPClassifier(random_state=1),0.6116279069767442,0.11541125541125541,0.5333333333333333,0.1844968944099379,0.576153846153846,0.24258103678287096
243,"OS_('ISMOTE', ""{'n_neighbors': 5, 'minority_weight': 0.5, 'n_jobs': 1, 'random_state': 1}"")","Pipeline(steps=[('standardscaler', StandardScaler()),
                ('svc',
                 SVC(C=1, gamma='auto', kernel='linear', random_state=1))])",0.6730897009966778,0.18388663967611335,0.8166666666666667,0.2935930735930736,0.7382692307692308,0.3808892483282974
244,"OS_('GASMOTE', ""{'n_neighbors': 5, 'maxn': 7, 'n_pop': 10, 'popl3': 5, 'pm': 0.3, 'pr': 0.2, 'Ge': 10, 'n_jobs': 1, 'random_state': 1}"")",DecisionTreeClassifier(random_state=1),0.8877076411960132,0.3721428571428571,0.39999999999999997,0.31,0.6644230769230769,0.34499295122181123
245,"OS_('GASMOTE', ""{'n_neighbors': 5, 'maxn': 7, 'n_pop': 10, 'popl3': 5, 'pm': 0.3, 'pr': 0.2, 'Ge': 10, 'n_jobs': 1, 'random_state': 1}"")",KNeighborsClassifier(),0.8411960132890366,0.24666666666666665,0.45,0.302014652014652,0.6641666666666667,0.32382583543972643
246,"OS_('GASMOTE', ""{'n_neighbors': 5, 'maxn': 7, 'n_pop': 10, 'popl3': 5, 'pm': 0.3, 'pr': 0.2, 'Ge': 10, 'n_jobs': 1, 'random_state': 1}"")",MLPClassifier(random_state=1),0.9205980066445182,0.1,0.06666666666666667,0.08,0.5308333333333334,0.08164965809277261
247,"OS_('GASMOTE', ""{'n_neighbors': 5, 'maxn': 7, 'n_pop': 10, 'popl3': 5, 'pm': 0.3, 'pr': 0.2, 'Ge': 10, 'n_jobs': 1, 'random_state': 1}"")","Pipeline(steps=[('standardscaler', StandardScaler()),
                ('svc',
                 SVC(C=1, gamma='auto', kernel='linear', random_state=1))])",0.8973421926910298,0.4521645021645021,0.7,0.5168831168831169,0.8071153846153847,0.5443075173719224
248,"OS_('SMOTE_FRST_2T', ""{'n_neighbors': 5, 'gamma_S': 0.7, 'gamma_M': 0.03, 'n_jobs': 1, 'random_state': 1}"")",DecisionTreeClassifier(random_state=1),0.8925802879291252,0.37,0.5499999999999999,0.4404761904761905,0.7368589743589743,0.450097995316111
249,"OS_('SMOTE_FRST_2T', ""{'n_neighbors': 5, 'gamma_S': 0.7, 'gamma_M': 0.03, 'n_jobs': 1, 'random_state': 1}"")",KNeighborsClassifier(),0.7803986710963454,0.21736596736596736,0.6666666666666667,0.3220779220779221,0.7293589743589743,0.3762818455403207
250,"OS_('SMOTE_FRST_2T', ""{'n_neighbors': 5, 'gamma_S': 0.7, 'gamma_M': 0.03, 'n_jobs': 1, 'random_state': 1}"")",MLPClassifier(random_state=1),0.5749723145071982,0.1312254194607136,0.7,0.21850505050505048,0.6323717948717948,0.2998214727116334
251,"OS_('SMOTE_FRST_2T', ""{'n_neighbors': 5, 'gamma_S': 0.7, 'gamma_M': 0.03, 'n_jobs': 1, 'random_state': 1}"")","Pipeline(steps=[('standardscaler', StandardScaler()),
                ('svc',
                 SVC(C=1, gamma='auto', kernel='linear', random_state=1))])",0.8273532668881505,0.30416666666666664,0.7666666666666666,0.42179037336932074,0.8,0.47284647185470624
252,"OS_('AND_SMOTE', ""{'proportion': 1.0, 'K': 15, 'n_jobs': 1, 'random_state': 1}"")",DecisionTreeClassifier(random_state=1),0.8972314507198229,0.18571428571428572,0.25,0.18666666666666668,0.6023076923076923,0.20164141226025017
253,"OS_('AND_SMOTE', ""{'proportion': 1.0, 'K': 15, 'n_jobs': 1, 'random_state': 1}"")",KNeighborsClassifier(),0.8178294573643411,0.11666666666666665,0.26666666666666666,0.15714285714285717,0.5672435897435898,0.17320508075688773
254,"OS_('AND_SMOTE', ""{'proportion': 1.0, 'K': 15, 'n_jobs': 1, 'random_state': 1}"")",MLPClassifier(random_state=1),0.6450719822812847,0.0863408521303258,0.4333333333333333,0.14232323232323232,0.5497435897435897,0.1914551546736693
255,"OS_('AND_SMOTE', ""{'proportion': 1.0, 'K': 15, 'n_jobs': 1, 'random_state': 1}"")","Pipeline(steps=[('standardscaler', StandardScaler()),
                ('svc',
                 SVC(C=1, gamma='auto', kernel='linear', random_state=1))])",0.8552602436323365,0.32666666666666666,0.6499999999999999,0.4188888888888888,0.7617307692307692,0.45079543887628065
256,"OS_('NRAS', ""{'proportion': 1.0, 'n_neighbors': 5, 't': 0.5, 'n_jobs': 1, 'random_state': 1}"")",DecisionTreeClassifier(random_state=1),0.89734219269103,0.18,0.2,0.18,0.5797435897435897,0.18492921399163703
257,"OS_('NRAS', ""{'proportion': 1.0, 'n_neighbors': 5, 't': 0.5, 'n_jobs': 1, 'random_state': 1}"")",KNeighborsClassifier(),0.9159468438538205,0.1,0.06666666666666667,0.08,0.5283333333333333,0.08164965809277261
258,"OS_('NRAS', ""{'proportion': 1.0, 'n_neighbors': 5, 't': 0.5, 'n_jobs': 1, 'random_state': 1}"")",MLPClassifier(random_state=1),0.8275747508305648,0.00909090909090909,0.06666666666666667,0.016,0.48083333333333333,0.02461829819586655
259,"OS_('NRAS', ""{'proportion': 1.0, 'n_neighbors': 5, 't': 0.5, 'n_jobs': 1, 'random_state': 1}"")","Pipeline(steps=[('standardscaler', StandardScaler()),
                ('svc',
                 SVC(C=1, gamma='auto', kernel='linear', random_state=1))])",0.9066445182724252,0.0,0.0,0.0,0.4925,0.0
260,"OS_('AMSCO', ""{'n_pop': 5, 'n_iter': 15, 'omega': 0.1, 'r1': 0.1, 'r2': 0.1, 'n_jobs': 1, 'classifier': DecisionTreeClassifier(random_state=2), 'random_state': 1}"")",DecisionTreeClassifier(random_state=1),0.8785160575858251,0.29,0.36666666666666664,0.3230158730158731,0.6451923076923077,0.3256614672258461
261,"OS_('AMSCO', ""{'n_pop': 5, 'n_iter': 15, 'omega': 0.1, 'r1': 0.1, 'r2': 0.1, 'n_jobs': 1, 'classifier': DecisionTreeClassifier(random_state=2), 'random_state': 1}"")",KNeighborsClassifier(),0.8130675526024363,0.2566017316017316,0.7166666666666667,0.3733333333333333,0.7695512820512821,0.42548191797865853
262,"OS_('AMSCO', ""{'n_pop': 5, 'n_iter': 15, 'omega': 0.1, 'r1': 0.1, 'r2': 0.1, 'n_jobs': 1, 'classifier': DecisionTreeClassifier(random_state=2), 'random_state': 1}"")",MLPClassifier(random_state=1),0.5940199335548173,0.1245920745920746,0.7166666666666667,0.2076780116435289,0.6510897435897436,0.2925672375241696
263,"OS_('AMSCO', ""{'n_pop': 5, 'n_iter': 15, 'omega': 0.1, 'r1': 0.1, 'r2': 0.1, 'n_jobs': 1, 'classifier': DecisionTreeClassifier(random_state=2), 'random_state': 1}"")","Pipeline(steps=[('standardscaler', StandardScaler()),
                ('svc',
                 SVC(C=1, gamma='auto', kernel='linear', random_state=1))])",0.8460686600221484,0.35321428571428576,0.8166666666666667,0.47830940988835724,0.8326282051282051,0.5263424525101585
264,"OS_('SSO', ""{'proportion': 1.0, 'n_neighbors': 5, 'h': 10, 'n_iter': 5, 'n_jobs': 1, 'random_state': 1}"")",DecisionTreeClassifier(random_state=1),0.8646733111849392,0.1619047619047619,0.16666666666666666,0.1542857142857143,0.5455128205128206,0.15911363188512362
265,"OS_('SSO', ""{'proportion': 1.0, 'n_neighbors': 5, 'h': 10, 'n_iter': 5, 'n_jobs': 1, 'random_state': 1}"")",KNeighborsClassifier(),0.7849390919158361,0.11272727272727272,0.31666666666666665,0.16238095238095238,0.5719230769230769,0.1862375059806273
266,"OS_('SSO', ""{'proportion': 1.0, 'n_neighbors': 5, 'h': 10, 'n_iter': 5, 'n_jobs': 1, 'random_state': 1}"")",MLPClassifier(random_state=1),0.7289036544850498,0.08523809523809524,0.3,0.12803030303030302,0.5333333333333333,0.1561066798603956
267,"OS_('SSO', ""{'proportion': 1.0, 'n_neighbors': 5, 'h': 10, 'n_iter': 5, 'n_jobs': 1, 'random_state': 1}"")","Pipeline(steps=[('standardscaler', StandardScaler()),
                ('svc',
                 SVC(C=1, gamma='auto', kernel='linear', random_state=1))])",0.7990033222591362,0.2145238095238095,0.5833333333333333,0.3064024211083035,0.7003205128205128,0.3482921701764413
268,"OS_('NDO_sampling', ""{'proportion': 1.0, 'n_neighbors': 5, 'T': 0.5, 'n_jobs': 1, 'random_state': 1}"")",DecisionTreeClassifier(random_state=1),0.8878183831672203,0.3466666666666667,0.4666666666666667,0.3920634920634921,0.6953205128205128,0.399193677096123
269,"OS_('NDO_sampling', ""{'proportion': 1.0, 'n_neighbors': 5, 'T': 0.5, 'n_jobs': 1, 'random_state': 1}"")",KNeighborsClassifier(),0.803765227021041,0.18293650793650795,0.4666666666666666,0.2562237762237762,0.6497435897435897,0.2875475042824878
270,"OS_('NDO_sampling', ""{'proportion': 1.0, 'n_neighbors': 5, 'T': 0.5, 'n_jobs': 1, 'random_state': 1}"")",MLPClassifier(random_state=1),0.5940199335548173,0.1337609491957318,0.7,0.22207977207977211,0.6425000000000001,0.30274796689552447
271,"OS_('NDO_sampling', ""{'proportion': 1.0, 'n_neighbors': 5, 'T': 0.5, 'n_jobs': 1, 'random_state': 1}"")","Pipeline(steps=[('standardscaler', StandardScaler()),
                ('svc',
                 SVC(C=1, gamma='auto', kernel='linear', random_state=1))])",0.7757475083056479,0.24206876456876456,0.8166666666666667,0.3682645527846767,0.7943589743589744,0.440203316339791
272,"OS_('DSRBF', ""{'proportion': 1.0, 'n_neighbors': 5, 'm_min': 4, 'm_max': 10, 'Ib': 2, 'Ob': 2, 'n_pop': 500, 'n_init_pop': 5000, 'n_iter': 40, 'n_sampling_epoch': 5, 'n_jobs': 1, 'random_state': 1}"")",DecisionTreeClassifier(random_state=1),0.8831672203765226,0.2357142857142857,0.36666666666666664,0.2771428571428572,0.6477564102564103,0.28866576106055797
273,"OS_('DSRBF', ""{'proportion': 1.0, 'n_neighbors': 5, 'm_min': 4, 'm_max': 10, 'Ib': 2, 'Ob': 2, 'n_pop': 500, 'n_init_pop': 5000, 'n_iter': 40, 'n_sampling_epoch': 5, 'n_jobs': 1, 'random_state': 1}"")",KNeighborsClassifier(),0.8131782945736434,0.2681818181818182,0.6666666666666666,0.3721212121212122,0.7471153846153846,0.4159249377824804
274,"OS_('DSRBF', ""{'proportion': 1.0, 'n_neighbors': 5, 'm_min': 4, 'm_max': 10, 'Ib': 2, 'Ob': 2, 'n_pop': 500, 'n_init_pop': 5000, 'n_iter': 40, 'n_sampling_epoch': 5, 'n_jobs': 1, 'random_state': 1}"")",MLPClassifier(random_state=1),0.6125138427464009,0.1411064425770308,0.7,0.2325085589791472,0.6526282051282052,0.3113509590232519
275,"OS_('DSRBF', ""{'proportion': 1.0, 'n_neighbors': 5, 'm_min': 4, 'm_max': 10, 'Ib': 2, 'Ob': 2, 'n_pop': 500, 'n_init_pop': 5000, 'n_iter': 40, 'n_sampling_epoch': 5, 'n_jobs': 1, 'random_state': 1}"")","Pipeline(steps=[('standardscaler', StandardScaler()),
                ('svc',
                 SVC(C=1, gamma='auto', kernel='linear', random_state=1))])",0.8320044296788481,0.29999999999999993,0.7666666666666666,0.4194771241830065,0.8023076923076923,0.47126978216055615
276,"OS_('Gaussian_SMOTE', ""{'proportion': 1.0, 'n_neighbors': 5, 'sigma': 1.0, 'n_jobs': 1, 'random_state': 1}"")",DecisionTreeClassifier(random_state=1),0.8644518272425248,0.15833333333333333,0.16666666666666666,0.15064935064935064,0.5453846153846154,0.15629488288431145
277,"OS_('Gaussian_SMOTE', ""{'proportion': 1.0, 'n_neighbors': 5, 'sigma': 1.0, 'n_jobs': 1, 'random_state': 1}"")",KNeighborsClassifier(),0.8691029900332226,0.0,0.0,0.0,0.4721794871794872,0.0
278,"OS_('Gaussian_SMOTE', ""{'proportion': 1.0, 'n_neighbors': 5, 'sigma': 1.0, 'n_jobs': 1, 'random_state': 1}"")",MLPClassifier(random_state=1),0.7197120708748617,0.09111111111111111,0.36666666666666664,0.14285714285714288,0.559551282051282,0.17990482500095006
279,"OS_('Gaussian_SMOTE', ""{'proportion': 1.0, 'n_neighbors': 5, 'sigma': 1.0, 'n_jobs': 1, 'random_state': 1}"")","Pipeline(steps=[('standardscaler', StandardScaler()),
                ('svc',
                 SVC(C=1, gamma='auto', kernel='linear', random_state=1))])",0.6683277962347731,0.145014245014245,0.5666666666666667,0.2137557603686636,0.6209615384615386,0.27230498283851273
280,"OS_('kmeans_SMOTE', ""{'proportion': 1.0, 'n_neighbors': 5, 'n_clusters': 10, 'irt': 2.0, 'n_jobs': 1, 'random_state': 1}"")",DecisionTreeClassifier(random_state=1),0.8926910299003323,0.18,0.2,0.18,0.5772435897435897,0.18492921399163703
281,"OS_('kmeans_SMOTE', ""{'proportion': 1.0, 'n_neighbors': 5, 'n_clusters': 10, 'irt': 2.0, 'n_jobs': 1, 'random_state': 1}"")",KNeighborsClassifier(),0.9159468438538205,0.0,0.0,0.0,0.49749999999999994,0.0
282,"OS_('kmeans_SMOTE', ""{'proportion': 1.0, 'n_neighbors': 5, 'n_clusters': 10, 'irt': 2.0, 'n_jobs': 1, 'random_state': 1}"")",MLPClassifier(random_state=1),0.9205980066445182,0.0,0.0,0.0,0.5,0.0
283,"OS_('kmeans_SMOTE', ""{'proportion': 1.0, 'n_neighbors': 5, 'n_clusters': 10, 'irt': 2.0, 'n_jobs': 1, 'random_state': 1}"")","Pipeline(steps=[('standardscaler', StandardScaler()),
                ('svc',
                 SVC(C=1, gamma='auto', kernel='linear', random_state=1))])",0.9205980066445182,0.0,0.0,0.0,0.5,0.0
284,"OS_('Supervised_SMOTE', ""{'proportion': 1.0, 'th_lower': 0.5, 'th_upper': 1.0, 'classifier': RandomForestClassifier(n_estimators=50, n_jobs=1, random_state=5), 'n_jobs': 1, 'random_state': 1}"")",DecisionTreeClassifier(random_state=1),0.9018826135105206,0.29999999999999993,0.36666666666666664,0.3142857142857143,0.6579487179487179,0.3235580767419013
285,"OS_('Supervised_SMOTE', ""{'proportion': 1.0, 'th_lower': 0.5, 'th_upper': 1.0, 'classifier': RandomForestClassifier(n_estimators=50, n_jobs=1, random_state=5), 'n_jobs': 1, 'random_state': 1}"")",KNeighborsClassifier(),0.7850498338870431,0.14493506493506494,0.3,0.18603174603174605,0.5637820512820513,0.2027173595294692
286,"OS_('Supervised_SMOTE', ""{'proportion': 1.0, 'th_lower': 0.5, 'th_upper': 1.0, 'classifier': RandomForestClassifier(n_estimators=50, n_jobs=1, random_state=5), 'n_jobs': 1, 'random_state': 1}"")",MLPClassifier(random_state=1),0.5939091915836103,0.13563025210084034,0.7,0.22461382213704195,0.6425641025641026,0.3046562721070085
287,"OS_('Supervised_SMOTE', ""{'proportion': 1.0, 'th_lower': 0.5, 'th_upper': 1.0, 'classifier': RandomForestClassifier(n_estimators=50, n_jobs=1, random_state=5), 'n_jobs': 1, 'random_state': 1}"")","Pipeline(steps=[('standardscaler', StandardScaler()),
                ('svc',
                 SVC(C=1, gamma='auto', kernel='linear', random_state=1))])",0.8322259136212626,0.33166666666666667,0.8166666666666667,0.4536796536796537,0.8248717948717947,0.5080985020465966
288,"OS_('SN_SMOTE', ""{'proportion': 1.0, 'n_neighbors': 5, 'n_jobs': 1, 'random_state': 1}"")",DecisionTreeClassifier(random_state=1),0.89734219269103,0.36666666666666664,0.3833333333333333,0.37142857142857144,0.6636538461538461,0.37320508075688774
289,"OS_('SN_SMOTE', ""{'proportion': 1.0, 'n_neighbors': 5, 'n_jobs': 1, 'random_state': 1}"")",KNeighborsClassifier(),0.775858250276855,0.14714285714285716,0.4333333333333333,0.21426573426573423,0.6203205128205129,0.2486225689358676
290,"OS_('SN_SMOTE', ""{'proportion': 1.0, 'n_neighbors': 5, 'n_jobs': 1, 'random_state': 1}"")",MLPClassifier(random_state=1),0.6125138427464009,0.13992063492063492,0.7,0.23121926855942201,0.6525641025641025,0.3104843854892279
291,"OS_('SN_SMOTE', ""{'proportion': 1.0, 'n_neighbors': 5, 'n_jobs': 1, 'random_state': 1}"")","Pipeline(steps=[('standardscaler', StandardScaler()),
                ('svc',
                 SVC(C=1, gamma='auto', kernel='linear', random_state=1))])",0.8411960132890364,0.319010989010989,0.8166666666666667,0.4511038961038961,0.8298717948717949,0.5048941547797251
292,"OS_('CCR', ""{'proportion': 1.0, 'energy': 1.0, 'scaling': 0.0, 'n_jobs': 1, 'random_state': 1}"")",DecisionTreeClassifier(random_state=1),0.8365448504983387,0.12857142857142856,0.16666666666666666,0.13999999999999999,0.5302564102564103,0.14364357804719846
293,"OS_('CCR', ""{'proportion': 1.0, 'energy': 1.0, 'scaling': 0.0, 'n_jobs': 1, 'random_state': 1}"")",KNeighborsClassifier(),0.8785160575858251,0.0,0.0,0.0,0.47711538461538466,0.0
294,"OS_('CCR', ""{'proportion': 1.0, 'energy': 1.0, 'scaling': 0.0, 'n_jobs': 1, 'random_state': 1}"")",MLPClassifier(random_state=1),0.6452934662236988,0.13558441558441559,0.5833333333333333,0.21476923076923074,0.6173076923076922,0.2754686714397573
295,"OS_('CCR', ""{'proportion': 1.0, 'energy': 1.0, 'scaling': 0.0, 'n_jobs': 1, 'random_state': 1}"")","Pipeline(steps=[('standardscaler', StandardScaler()),
                ('svc',
                 SVC(C=1, gamma='auto', kernel='linear', random_state=1))])",0.5002214839424142,0.10673003999792219,0.7,0.18237292577849853,0.5918589743589744,0.268923642398123
296,"OS_('ANS', ""{'proportion': 1.0, 'n_jobs': 1, 'random_state': 1}"")",DecisionTreeClassifier(random_state=1),0.9251384274640089,0.4,0.16666666666666666,0.2333333333333333,0.5782692307692308,0.25689141007523464
297,"OS_('ANS', ""{'proportion': 1.0, 'n_jobs': 1, 'random_state': 1}"")",KNeighborsClassifier(),0.8131782945736434,0.11000000000000001,0.3333333333333333,0.16503496503496504,0.5957051282051282,0.1911941695938058
298,"OS_('ANS', ""{'proportion': 1.0, 'n_jobs': 1, 'random_state': 1}"")",MLPClassifier(random_state=1),0.6778516057585826,0.17076923076923076,0.65,0.2628372303828693,0.6657692307692307,0.3254747538507831
299,"OS_('ANS', ""{'proportion': 1.0, 'n_jobs': 1, 'random_state': 1}"")","Pipeline(steps=[('standardscaler', StandardScaler()),
                ('svc',
                 SVC(C=1, gamma='auto', kernel='linear', random_state=1))])",0.8645625692137319,0.3485347985347985,0.7666666666666667,0.46547619047619043,0.8201282051282053,0.5078136676736925
300,"OS_('cluster_SMOTE', ""{'proportion': 1.0, 'n_neighbors': 3, 'n_clusters': 3, 'n_jobs': 1, 'random_state': 1}"")",DecisionTreeClassifier(random_state=1),0.878516057585825,0.2966666666666667,0.36666666666666664,0.320952380952381,0.6451923076923076,0.32624110544984253
301,"OS_('cluster_SMOTE', ""{'proportion': 1.0, 'n_neighbors': 3, 'n_clusters': 3, 'n_jobs': 1, 'random_state': 1}"")",KNeighborsClassifier(),0.8085271317829458,0.17777777777777776,0.36666666666666664,0.23555555555555557,0.6071794871794871,0.25291059814292904
302,"OS_('cluster_SMOTE', ""{'proportion': 1.0, 'n_neighbors': 3, 'n_clusters': 3, 'n_jobs': 1, 'random_state': 1}"")",MLPClassifier(random_state=1),0.7008859357696566,0.10062271062271062,0.35,0.15545177045177044,0.5404487179487178,0.1869488262455305
303,"OS_('cluster_SMOTE', ""{'proportion': 1.0, 'n_neighbors': 3, 'n_clusters': 3, 'n_jobs': 1, 'random_state': 1}"")","Pipeline(steps=[('standardscaler', StandardScaler()),
                ('svc',
                 SVC(C=1, gamma='auto', kernel='linear', random_state=1))])",0.8553709856035437,0.3445238095238095,0.75,0.45154061624649866,0.8066666666666666,0.4950853561275036
