,OS,Algorithm,ACC,Precision,recall,F1-Score,AUC,G-measure
0,train_STARM_star_nn_5_rj_0.5,DecisionTreeClassifier(random_state=1),0.8815243457407986,0.08025252525252526,0.16666666666666666,0.10610644257703081,0.5402654363180679,0.11420166682377983
1,train_STARM_star_nn_5_rj_0.5,KNeighborsClassifier(),0.9162652486706288,0.19603174603174603,0.23333333333333334,0.20820512820512818,0.5902597402597403,0.21141237982158656
2,train_STARM_star_nn_5_rj_0.5,MLPClassifier(random_state=1),0.8180690230424357,0.11048828622358035,0.36666666666666664,0.16332291370654542,0.6025746183640921,0.19546750168010726
3,train_STARM_star_nn_5_rj_0.5,"Pipeline(steps=[('standardscaler', StandardScaler()),
                ('svc',
                 SVC(C=1, gamma='auto', kernel='linear', random_state=1))])",0.8195704306120322,0.10976686995868583,0.39999999999999997,0.16806103527183777,0.6192754613807245,0.20571552391880105
