,OS,Algorithm,ACC,Precision,recall,F1-Score,AUC,G-measure
0,train_STARM_star_nn_5_rj_0.5,DecisionTreeClassifier(random_state=1),0.9136084284460052,0.601948051948052,0.6285714285714286,0.5986147186147186,0.7876736924277907,0.6068081700414161
1,train_STARM_star_nn_5_rj_0.5,KNeighborsClassifier(),0.9075943810359964,0.5413986013986014,0.8285714285714286,0.6533333333333332,0.8727010148321623,0.6689245993318896
2,train_STARM_star_nn_5_rj_0.5,MLPClassifier(random_state=1),0.8897278314310798,0.4922222222222222,0.8285714285714285,0.6098086124401914,0.8627010148321625,0.6343372808830703
3,train_STARM_star_nn_5_rj_0.5,"Pipeline(steps=[('standardscaler', StandardScaler()),
                ('svc',
                 SVC(C=1, gamma='auto', kernel='linear', random_state=1))])",0.9105794556628621,0.5476923076923077,0.8857142857142858,0.6733333333333332,0.8996057767369244,0.6945589605520719
