,OS,Algorithm,ACC,Precision,recall,F1-Score,AUC,G-measure
0,"OS_('SMOTE', ""{'proportion': 1.0, 'n_neighbors': 5, 'n_jobs': 1, 'random_state': 1}"")",DecisionTreeClassifier(random_state=1),0.9486157253599113,0.7928571428571429,0.8666666666666668,0.8113419913419913,0.9144144144144144,0.8204896854336929
1,"OS_('SMOTE', ""{'proportion': 1.0, 'n_neighbors': 5, 'n_jobs': 1, 'random_state': 1}"")",KNeighborsClassifier(),0.9198228128460686,0.8266666666666665,0.8,0.7606060606060605,0.8702702702702704,0.7855249445783343
2,"OS_('SMOTE', ""{'proportion': 1.0, 'n_neighbors': 5, 'n_jobs': 1, 'random_state': 1}"")",MLPClassifier(random_state=1),0.9197120708748615,0.8225,0.8333333333333333,0.7825108225108225,0.8842342342342342,0.8037362495636344
3,"OS_('SMOTE', ""{'proportion': 1.0, 'n_neighbors': 5, 'n_jobs': 1, 'random_state': 1}"")","Pipeline(steps=[('standardscaler', StandardScaler()),
                ('svc',
                 SVC(C=1, gamma='auto', kernel='linear', random_state=1))])",0.9200442967884828,0.8102564102564103,0.7666666666666667,0.7262626262626263,0.8563063063063063,0.7554123075955224
4,"OS_('SMOTE_TomekLinks', ""{'proportion': 1.0, 'n_neighbors': 5, 'n_jobs': 1, 'random_state': 1}"")",DecisionTreeClassifier(random_state=1),0.953266888150609,0.8028571428571428,0.9,0.8367965367965369,0.931081081081081,0.8440745469625783
5,"OS_('SMOTE_TomekLinks', ""{'proportion': 1.0, 'n_neighbors': 5, 'n_jobs': 1, 'random_state': 1}"")",KNeighborsClassifier(),0.9198228128460686,0.8266666666666665,0.8,0.7606060606060605,0.8702702702702704,0.7855249445783343
6,"OS_('SMOTE_TomekLinks', ""{'proportion': 1.0, 'n_neighbors': 5, 'n_jobs': 1, 'random_state': 1}"")",MLPClassifier(random_state=1),0.9197120708748615,0.8225,0.8333333333333333,0.7825108225108225,0.8842342342342342,0.8037362495636344
7,"OS_('SMOTE_TomekLinks', ""{'proportion': 1.0, 'n_neighbors': 5, 'n_jobs': 1, 'random_state': 1}"")","Pipeline(steps=[('standardscaler', StandardScaler()),
                ('svc',
                 SVC(C=1, gamma='auto', kernel='linear', random_state=1))])",0.9200442967884828,0.8102564102564103,0.7666666666666667,0.7262626262626263,0.8563063063063063,0.7554123075955224
8,"OS_('SMOTE_ENN', ""{'proportion': 1.0, 'n_neighbors': 5, 'n_jobs': 1, 'random_state': 1}"")",DecisionTreeClassifier(random_state=1),0.9485049833887043,0.7849999999999999,0.9,0.8239760239760241,0.9283783783783784,0.833157579025294
9,"OS_('SMOTE_ENN', ""{'proportion': 1.0, 'n_neighbors': 5, 'n_jobs': 1, 'random_state': 1}"")",KNeighborsClassifier(),0.9198228128460686,0.8266666666666665,0.8,0.7606060606060605,0.8702702702702704,0.7855249445783343
10,"OS_('SMOTE_ENN', ""{'proportion': 1.0, 'n_neighbors': 5, 'n_jobs': 1, 'random_state': 1}"")",MLPClassifier(random_state=1),0.9150609080841638,0.7958333333333333,0.8333333333333333,0.7703896103896104,0.8815315315315315,0.7910102342289234
11,"OS_('SMOTE_ENN', ""{'proportion': 1.0, 'n_neighbors': 5, 'n_jobs': 1, 'random_state': 1}"")","Pipeline(steps=[('standardscaler', StandardScaler()),
                ('svc',
                 SVC(C=1, gamma='auto', kernel='linear', random_state=1))])",0.9200442967884828,0.8102564102564103,0.7666666666666667,0.7262626262626263,0.8563063063063063,0.7554123075955224
12,"OS_('Borderline_SMOTE2', ""{'proportion': 1.0, 'n_neighbors': 5, 'k_neighbors': 5, 'n_jobs': 1, 'random_state': 1}"")",DecisionTreeClassifier(random_state=1),0.9199335548172757,0.7714285714285715,0.8333333333333334,0.7603280929596719,0.8842342342342342,0.7803508004995968
13,"OS_('Borderline_SMOTE2', ""{'proportion': 1.0, 'n_neighbors': 5, 'k_neighbors': 5, 'n_jobs': 1, 'random_state': 1}"")",KNeighborsClassifier(),0.9244739756367663,0.8266666666666665,0.8333333333333333,0.7872727272727272,0.886936936936937,0.80740290452657
14,"OS_('Borderline_SMOTE2', ""{'proportion': 1.0, 'n_neighbors': 5, 'k_neighbors': 5, 'n_jobs': 1, 'random_state': 1}"")",MLPClassifier(random_state=1),0.9149501661129568,0.8188235294117646,0.8333333333333333,0.7781818181818181,0.8815315315315315,0.8003980795979728
15,"OS_('Borderline_SMOTE2', ""{'proportion': 1.0, 'n_neighbors': 5, 'k_neighbors': 5, 'n_jobs': 1, 'random_state': 1}"")","Pipeline(steps=[('standardscaler', StandardScaler()),
                ('svc',
                 SVC(C=1, gamma='auto', kernel='linear', random_state=1))])",0.9343300110741971,0.8333333333333333,0.7666666666666667,0.7484848484848484,0.8644144144144145,0.7727989292436234
16,"OS_('ADASYN', ""{'n_neighbors': 5, 'd_th': 0.9, 'beta': 1.0, 'n_jobs': 1, 'random_state': 1}"")",DecisionTreeClassifier(random_state=1),0.9345514950166113,0.7564285714285715,0.8,0.7657342657342656,0.8783783783783784,0.771911437466029
17,"OS_('ADASYN', ""{'n_neighbors': 5, 'd_th': 0.9, 'beta': 1.0, 'n_jobs': 1, 'random_state': 1}"")",KNeighborsClassifier(),0.8914728682170543,0.7269172932330826,0.8333333333333333,0.7336829836829837,0.868018018018018,0.7546740496812887
18,"OS_('ADASYN', ""{'n_neighbors': 5, 'd_th': 0.9, 'beta': 1.0, 'n_jobs': 1, 'random_state': 1}"")",MLPClassifier(random_state=1),0.9006644518272425,0.7833333333333333,0.8666666666666668,0.776969696969697,0.8873873873873874,0.7984817050034441
19,"OS_('ADASYN', ""{'n_neighbors': 5, 'd_th': 0.9, 'beta': 1.0, 'n_jobs': 1, 'random_state': 1}"")","Pipeline(steps=[('standardscaler', StandardScaler()),
                ('svc',
                 SVC(C=1, gamma='auto', kernel='linear', random_state=1))])",0.9151716500553709,0.8,0.7999999999999999,0.7333333333333333,0.8675675675675676,0.7642734410091836
20,"OS_('AHC', ""{'strategy': 'min', 'n_jobs': 1, 'random_state': 1}"")",DecisionTreeClassifier(random_state=1),0.9579180509413068,0.8428571428571429,0.8666666666666668,0.83991341991342,0.9198198198198199,0.8472846046768053
21,"OS_('AHC', ""{'strategy': 'min', 'n_jobs': 1, 'random_state': 1}"")",KNeighborsClassifier(),0.9246954595791804,0.836923076923077,0.7666666666666667,0.7383838383838384,0.859009009009009,0.7681383229302333
22,"OS_('AHC', ""{'strategy': 'min', 'n_jobs': 1, 'random_state': 1}"")",MLPClassifier(random_state=1),0.9294573643410852,0.8433333333333334,0.7666666666666667,0.7449197860962566,0.8617117117117118,0.7732030332146054
23,"OS_('AHC', ""{'strategy': 'min', 'n_jobs': 1, 'random_state': 1}"")","Pipeline(steps=[('standardscaler', StandardScaler()),
                ('svc',
                 SVC(C=1, gamma='auto', kernel='linear', random_state=1))])",0.9200442967884828,0.8102564102564103,0.7666666666666667,0.7262626262626263,0.8563063063063063,0.7554123075955224
24,"OS_('LLE_SMOTE', ""{'proportion': 1.0, 'n_neighbors': 5, 'n_components': 2, 'n_jobs': 1, 'random_state': 1}"")",DecisionTreeClassifier(random_state=1),0.9485049833887043,0.825,0.8333333333333334,0.808911088911089,0.9004504504504505,0.8189418225745764
25,"OS_('LLE_SMOTE', ""{'proportion': 1.0, 'n_neighbors': 5, 'n_components': 2, 'n_jobs': 1, 'random_state': 1}"")",KNeighborsClassifier(),0.9150609080841638,0.8171428571428571,0.76,0.74481658692185,0.8502702702702702,0.7656731794871606
26,"OS_('LLE_SMOTE', ""{'proportion': 1.0, 'n_neighbors': 5, 'n_components': 2, 'n_jobs': 1, 'random_state': 1}"")",MLPClassifier(random_state=1),0.9198228128460686,0.8266666666666665,0.8,0.7606060606060605,0.8702702702702704,0.7855249445783343
27,"OS_('LLE_SMOTE', ""{'proportion': 1.0, 'n_neighbors': 5, 'n_components': 2, 'n_jobs': 1, 'random_state': 1}"")","Pipeline(steps=[('standardscaler', StandardScaler()),
                ('svc',
                 SVC(C=1, gamma='auto', kernel='linear', random_state=1))])",0.9200442967884828,0.836923076923077,0.7333333333333333,0.7202020202020203,0.8423423423423424,0.7507125087652887
28,"OS_('distance_SMOTE', ""{'proportion': 1.0, 'n_neighbors': 5, 'n_jobs': 1, 'random_state': 1}"")",DecisionTreeClassifier(random_state=1),0.9392026578073089,0.805,0.7666666666666667,0.772027972027972,0.867117117117117,0.7788661148476073
29,"OS_('distance_SMOTE', ""{'proportion': 1.0, 'n_neighbors': 5, 'n_jobs': 1, 'random_state': 1}"")",KNeighborsClassifier(),0.9198228128460686,0.8,0.8333333333333333,0.7751515151515151,0.8842342342342342,0.794676889191859
30,"OS_('distance_SMOTE', ""{'proportion': 1.0, 'n_neighbors': 5, 'n_jobs': 1, 'random_state': 1}"")",MLPClassifier(random_state=1),0.9197120708748615,0.8225,0.8333333333333333,0.7825108225108225,0.8842342342342342,0.8037362495636344
31,"OS_('distance_SMOTE', ""{'proportion': 1.0, 'n_neighbors': 5, 'n_jobs': 1, 'random_state': 1}"")","Pipeline(steps=[('standardscaler', StandardScaler()),
                ('svc',
                 SVC(C=1, gamma='auto', kernel='linear', random_state=1))])",0.915282392026578,0.8047619047619048,0.7666666666666667,0.720414673046252,0.8536036036036035,0.7509004339397533
32,"OS_('SMMO', ""{'proportion': 1.0, 'n_neighbors': 5, 'ensemble': [QuadraticDiscriminantAnalysis(), DecisionTreeClassifier(random_state=2), GaussianNB()], 'n_jobs': 1, 'random_state': 1}"")",DecisionTreeClassifier(random_state=1),0.953156146179402,0.825,0.8666666666666668,0.8270929070929072,0.9171171171171173,0.836367636739521
33,"OS_('SMMO', ""{'proportion': 1.0, 'n_neighbors': 5, 'ensemble': [QuadraticDiscriminantAnalysis(), DecisionTreeClassifier(random_state=2), GaussianNB()], 'n_jobs': 1, 'random_state': 1}"")",KNeighborsClassifier(),0.9246954595791804,0.8327272727272726,0.7266666666666668,0.7272727272727273,0.8417117117117117,0.7519755663351436
34,"OS_('SMMO', ""{'proportion': 1.0, 'n_neighbors': 5, 'ensemble': [QuadraticDiscriminantAnalysis(), DecisionTreeClassifier(random_state=2), GaussianNB()], 'n_jobs': 1, 'random_state': 1}"")",MLPClassifier(random_state=1),0.9438538205980066,0.8933333333333333,0.6933333333333334,0.7545454545454545,0.8385585585585587,0.7727371228441245
35,"OS_('SMMO', ""{'proportion': 1.0, 'n_neighbors': 5, 'ensemble': [QuadraticDiscriminantAnalysis(), DecisionTreeClassifier(random_state=2), GaussianNB()], 'n_jobs': 1, 'random_state': 1}"")","Pipeline(steps=[('standardscaler', StandardScaler()),
                ('svc',
                 SVC(C=1, gamma='auto', kernel='linear', random_state=1))])",0.9200442967884828,0.836923076923077,0.7333333333333333,0.7202020202020203,0.8423423423423424,0.7507125087652887
36,"OS_('polynom_fit_SMOTE', ""{'proportion': 1.0, 'topology': 'star', 'random_state': 1}"")",DecisionTreeClassifier(random_state=1),0.9438538205980066,0.7992857142857142,0.8333333333333333,0.8041958041958042,0.8977477477477477,0.8101900974811922
37,"OS_('polynom_fit_SMOTE', ""{'proportion': 1.0, 'topology': 'star', 'random_state': 1}"")",KNeighborsClassifier(),0.9244739756367663,0.8266666666666665,0.8333333333333333,0.7872727272727272,0.886936936936937,0.80740290452657
38,"OS_('polynom_fit_SMOTE', ""{'proportion': 1.0, 'topology': 'star', 'random_state': 1}"")",MLPClassifier(random_state=1),0.9150609080841638,0.8225,0.8,0.7558441558441558,0.8675675675675677,0.7818582896153987
39,"OS_('polynom_fit_SMOTE', ""{'proportion': 1.0, 'topology': 'star', 'random_state': 1}"")","Pipeline(steps=[('standardscaler', StandardScaler()),
                ('svc',
                 SVC(C=1, gamma='auto', kernel='linear', random_state=1))])",0.9200442967884828,0.8102564102564103,0.7666666666666667,0.7262626262626263,0.8563063063063063,0.7554123075955224
40,"OS_('Stefanowski', ""{'strategy': 'weak_amp', 'n_jobs': 1}"")",DecisionTreeClassifier(random_state=1),0.953156146179402,0.835,0.8666666666666668,0.8343656343656344,0.9171171171171171,0.8425266841034617
41,"OS_('Stefanowski', ""{'strategy': 'weak_amp', 'n_jobs': 1}"")",KNeighborsClassifier(),0.9246954595791804,0.8102564102564103,0.8,0.7595959595959595,0.8729729729729729,0.7813636099949066
42,"OS_('Stefanowski', ""{'strategy': 'weak_amp', 'n_jobs': 1}"")",MLPClassifier(random_state=1),0.9294573643410852,0.8433333333333334,0.7666666666666667,0.7449197860962566,0.8617117117117118,0.7732030332146054
43,"OS_('Stefanowski', ""{'strategy': 'weak_amp', 'n_jobs': 1}"")","Pipeline(steps=[('standardscaler', StandardScaler()),
                ('svc',
                 SVC(C=1, gamma='auto', kernel='linear', random_state=1))])",0.9105204872646733,0.8,0.7666666666666667,0.7151515151515151,0.850900900900901,0.746847626844239
44,"OS_('ADOMS', ""{'proportion': 1.0, 'n_neighbors': 5, 'n_jobs': 1, 'random_state': 1}"")",DecisionTreeClassifier(random_state=1),0.9299003322259136,0.7516666666666667,0.7666666666666667,0.7477855477855477,0.8617117117117118,0.7534140841781853
45,"OS_('ADOMS', ""{'proportion': 1.0, 'n_neighbors': 5, 'n_jobs': 1, 'random_state': 1}"")",KNeighborsClassifier(),0.9198228128460686,0.8215384615384614,0.76,0.7494949494949494,0.852972972972973,0.7692826784117759
46,"OS_('ADOMS', ""{'proportion': 1.0, 'n_neighbors': 5, 'n_jobs': 1, 'random_state': 1}"")",MLPClassifier(random_state=1),0.9245847176079733,0.8314285714285713,0.8,0.7658692185007974,0.8729729729729729,0.7895777516738486
47,"OS_('ADOMS', ""{'proportion': 1.0, 'n_neighbors': 5, 'n_jobs': 1, 'random_state': 1}"")","Pipeline(steps=[('standardscaler', StandardScaler()),
                ('svc',
                 SVC(C=1, gamma='auto', kernel='linear', random_state=1))])",0.9200442967884828,0.8102564102564103,0.7666666666666667,0.7262626262626263,0.8563063063063063,0.7554123075955224
48,"OS_('Safe_Level_SMOTE', ""{'proportion': 1.0, 'n_neighbors': 5, 'n_jobs': 1, 'random_state': 1}"")",DecisionTreeClassifier(random_state=1),0.953156146179402,0.825,0.8666666666666668,0.8270929070929072,0.9171171171171173,0.836367636739521
49,"OS_('Safe_Level_SMOTE', ""{'proportion': 1.0, 'n_neighbors': 5, 'n_jobs': 1, 'random_state': 1}"")",KNeighborsClassifier(),0.9246954595791804,0.8327272727272726,0.7266666666666668,0.7272727272727273,0.8417117117117117,0.7519755663351436
50,"OS_('Safe_Level_SMOTE', ""{'proportion': 1.0, 'n_neighbors': 5, 'n_jobs': 1, 'random_state': 1}"")",MLPClassifier(random_state=1),0.9438538205980066,0.8933333333333333,0.6933333333333334,0.7545454545454545,0.8385585585585587,0.7727371228441245
51,"OS_('Safe_Level_SMOTE', ""{'proportion': 1.0, 'n_neighbors': 5, 'n_jobs': 1, 'random_state': 1}"")","Pipeline(steps=[('standardscaler', StandardScaler()),
                ('svc',
                 SVC(C=1, gamma='auto', kernel='linear', random_state=1))])",0.9200442967884828,0.836923076923077,0.7333333333333333,0.7202020202020203,0.8423423423423424,0.7507125087652887
52,"OS_('MSMOTE', ""{'proportion': 1.0, 'n_neighbors': 5, 'n_jobs': 1, 'random_state': 1}"")",DecisionTreeClassifier(random_state=1),0.9437430786267995,0.8111111111111111,0.8333333333333334,0.7979220779220779,0.8977477477477477,0.8098991380661434
53,"OS_('MSMOTE', ""{'proportion': 1.0, 'n_neighbors': 5, 'n_jobs': 1, 'random_state': 1}"")",KNeighborsClassifier(),0.9198228128460686,0.8266666666666665,0.8,0.7606060606060605,0.8702702702702704,0.7855249445783343
54,"OS_('MSMOTE', ""{'proportion': 1.0, 'n_neighbors': 5, 'n_jobs': 1, 'random_state': 1}"")",MLPClassifier(random_state=1),0.910188261351052,0.8155555555555555,0.8333333333333333,0.7742292490118576,0.8788288288288288,0.7973421060275909
55,"OS_('MSMOTE', ""{'proportion': 1.0, 'n_neighbors': 5, 'n_jobs': 1, 'random_state': 1}"")","Pipeline(steps=[('standardscaler', StandardScaler()),
                ('svc',
                 SVC(C=1, gamma='auto', kernel='linear', random_state=1))])",0.9009966777408638,0.8188235294117646,0.7333333333333333,0.7,0.8315315315315315,0.7351430030854084
56,"OS_('DE_oversampling', ""{'proportion': 1.0, 'n_neighbors': 5, 'crossover_rate': 0.5, 'similarity_threshold': 0.5, 'n_clusters': 30, 'n_jobs': 1, 'random_state': 1}"")",DecisionTreeClassifier(random_state=1),0.9062015503875968,0.6774242424242424,0.8666666666666668,0.7289533995416348,0.8900900900900901,0.7497803358492859
57,"OS_('DE_oversampling', ""{'proportion': 1.0, 'n_neighbors': 5, 'crossover_rate': 0.5, 'similarity_threshold': 0.5, 'n_clusters': 30, 'n_jobs': 1, 'random_state': 1}"")",KNeighborsClassifier(),0.8874861572535991,0.6342657342657343,0.86,0.7088858509911142,0.875945945945946,0.7274384880745172
58,"OS_('DE_oversampling', ""{'proportion': 1.0, 'n_neighbors': 5, 'crossover_rate': 0.5, 'similarity_threshold': 0.5, 'n_clusters': 30, 'n_jobs': 1, 'random_state': 1}"")",MLPClassifier(random_state=1),0.9483942414174973,0.8711111111111111,0.8,0.8034632034632034,0.8864864864864865,0.8191260892403951
59,"OS_('DE_oversampling', ""{'proportion': 1.0, 'n_neighbors': 5, 'crossover_rate': 0.5, 'similarity_threshold': 0.5, 'n_clusters': 30, 'n_jobs': 1, 'random_state': 1}"")","Pipeline(steps=[('standardscaler', StandardScaler()),
                ('svc',
                 SVC(C=1, gamma='auto', kernel='linear', random_state=1))])",0.9295681063122923,0.7909090909090909,0.8,0.7583333333333333,0.8756756756756758,0.7762613287299579
60,"OS_('SMOBD', ""{'proportion': 1.0, 'eta1': 0.5, 't': 1.8, 'min_samples': 5, 'max_eps': 1.0, 'n_jobs': 1, 'random_state': 1}"")",DecisionTreeClassifier(random_state=1),0.9625692137320044,0.8742857142857142,0.8666666666666668,0.8603729603729603,0.9225225225225225,0.8654025912383687
61,"OS_('SMOBD', ""{'proportion': 1.0, 'eta1': 0.5, 't': 1.8, 'min_samples': 5, 'max_eps': 1.0, 'n_jobs': 1, 'random_state': 1}"")",KNeighborsClassifier(),0.9199335548172757,0.7647619047619048,0.8333333333333333,0.7658692185007974,0.8842342342342342,0.7814897287698723
62,"OS_('SMOBD', ""{'proportion': 1.0, 'eta1': 0.5, 't': 1.8, 'min_samples': 5, 'max_eps': 1.0, 'n_jobs': 1, 'random_state': 1}"")",MLPClassifier(random_state=1),0.9149501661129568,0.8188235294117646,0.8333333333333333,0.7781818181818181,0.8815315315315315,0.8003980795979728
63,"OS_('SMOBD', ""{'proportion': 1.0, 'eta1': 0.5, 't': 1.8, 'min_samples': 5, 'max_eps': 1.0, 'n_jobs': 1, 'random_state': 1}"")","Pipeline(steps=[('standardscaler', StandardScaler()),
                ('svc',
                 SVC(C=1, gamma='auto', kernel='linear', random_state=1))])",0.9105204872646733,0.8,0.7666666666666667,0.7151515151515151,0.850900900900901,0.746847626844239
64,"OS_('SUNDO', ""{'n_jobs': 1, 'random_state': 1}"")",DecisionTreeClassifier(random_state=1),0.9482834994462902,0.8099999999999999,0.9,0.8320346320346321,0.9283783783783784,0.8432599714972969
65,"OS_('SUNDO', ""{'n_jobs': 1, 'random_state': 1}"")",KNeighborsClassifier(),0.9199335548172757,0.8266666666666665,0.7266666666666668,0.7213903743315508,0.8390090090090091,0.7473831442398893
66,"OS_('SUNDO', ""{'n_jobs': 1, 'random_state': 1}"")",MLPClassifier(random_state=1),0.9199335548172757,0.8314285714285713,0.7666666666666667,0.732535885167464,0.8563063063063063,0.7636264492744642
67,"OS_('SUNDO', ""{'n_jobs': 1, 'random_state': 1}"")","Pipeline(steps=[('standardscaler', StandardScaler()),
                ('svc',
                 SVC(C=1, gamma='auto', kernel='linear', random_state=1))])",0.9199335548172757,0.8314285714285713,0.7666666666666667,0.732535885167464,0.8563063063063063,0.7636264492744642
68,"OS_('MSYN', ""{'pressure': 1.5, 'n_neighbors': 5, 'n_jobs': 1, 'random_state': 1}"")",DecisionTreeClassifier(random_state=1),0.9485049833887043,0.8083333333333332,0.8666666666666668,0.8156643356643356,0.9144144144144144,0.8264618721681783
69,"OS_('MSYN', ""{'pressure': 1.5, 'n_neighbors': 5, 'n_jobs': 1, 'random_state': 1}"")",KNeighborsClassifier(),0.9245847176079733,0.8314285714285713,0.8,0.7658692185007974,0.8729729729729729,0.7895777516738486
70,"OS_('MSYN', ""{'pressure': 1.5, 'n_neighbors': 5, 'n_jobs': 1, 'random_state': 1}"")",MLPClassifier(random_state=1),0.929235880398671,0.8314285714285713,0.8333333333333333,0.792535885167464,0.8896396396396395,0.8114557116220842
71,"OS_('MSYN', ""{'pressure': 1.5, 'n_neighbors': 5, 'n_jobs': 1, 'random_state': 1}"")","Pipeline(steps=[('standardscaler', StandardScaler()),
                ('svc',
                 SVC(C=1, gamma='auto', kernel='linear', random_state=1))])",0.9246954595791804,0.836923076923077,0.7666666666666667,0.7383838383838384,0.859009009009009,0.7681383229302333
72,"OS_('SVM_balance', ""{'proportion': 1.0, 'n_neighbors': 5, 'n_jobs': 1, 'random_state': 1}"")",DecisionTreeClassifier(random_state=1),0.953266888150609,0.8028571428571428,0.9,0.8367965367965369,0.931081081081081,0.8440745469625783
73,"OS_('SVM_balance', ""{'proportion': 1.0, 'n_neighbors': 5, 'n_jobs': 1, 'random_state': 1}"")",KNeighborsClassifier(),0.9198228128460686,0.8266666666666665,0.8,0.7606060606060605,0.8702702702702704,0.7855249445783343
74,"OS_('SVM_balance', ""{'proportion': 1.0, 'n_neighbors': 5, 'n_jobs': 1, 'random_state': 1}"")",MLPClassifier(random_state=1),0.9197120708748615,0.8225,0.8333333333333333,0.7825108225108225,0.8842342342342342,0.8037362495636344
75,"OS_('SVM_balance', ""{'proportion': 1.0, 'n_neighbors': 5, 'n_jobs': 1, 'random_state': 1}"")","Pipeline(steps=[('standardscaler', StandardScaler()),
                ('svc',
                 SVC(C=1, gamma='auto', kernel='linear', random_state=1))])",0.9200442967884828,0.8102564102564103,0.7666666666666667,0.7262626262626263,0.8563063063063063,0.7554123075955224
76,"OS_('TRIM_SMOTE', ""{'proportion': 1.0, 'n_neighbors': 5, 'min_precision': 0.3, 'n_jobs': 1, 'random_state': 1}"")",DecisionTreeClassifier(random_state=1),0.9388704318936876,0.7909090909090909,0.8666666666666668,0.7982467532467532,0.909009009009009,0.8130937262237504
77,"OS_('TRIM_SMOTE', ""{'proportion': 1.0, 'n_neighbors': 5, 'min_precision': 0.3, 'n_jobs': 1, 'random_state': 1}"")",KNeighborsClassifier(),0.9245847176079733,0.8314285714285713,0.8,0.7658692185007974,0.8729729729729729,0.7895777516738486
78,"OS_('TRIM_SMOTE', ""{'proportion': 1.0, 'n_neighbors': 5, 'min_precision': 0.3, 'n_jobs': 1, 'random_state': 1}"")",MLPClassifier(random_state=1),0.9055370985603544,0.8155555555555555,0.8,0.747562582345191,0.8621621621621622,0.7754641460793552
79,"OS_('TRIM_SMOTE', ""{'proportion': 1.0, 'n_neighbors': 5, 'min_precision': 0.3, 'n_jobs': 1, 'random_state': 1}"")","Pipeline(steps=[('standardscaler', StandardScaler()),
                ('svc',
                 SVC(C=1, gamma='auto', kernel='linear', random_state=1))])",0.915282392026578,0.8314285714285713,0.7333333333333333,0.7143540669856459,0.8396396396396396,0.7462006351095196
80,"OS_('SMOTE_RSB', ""{'proportion': 2.0, 'n_neighbors': 5, 'n_jobs': 1, 'random_state': 1}"")",DecisionTreeClassifier(random_state=1),0.9438538205980066,0.775,0.8666666666666668,0.7985214785214785,0.9117117117117118,0.8095727174964086
81,"OS_('SMOTE_RSB', ""{'proportion': 2.0, 'n_neighbors': 5, 'n_jobs': 1, 'random_state': 1}"")",KNeighborsClassifier(),0.9245847176079733,0.8266666666666665,0.76,0.7547237076648841,0.8556756756756757,0.7733344466392736
82,"OS_('SMOTE_RSB', ""{'proportion': 2.0, 'n_neighbors': 5, 'n_jobs': 1, 'random_state': 1}"")",MLPClassifier(random_state=1),0.9198228128460686,0.8266666666666665,0.8,0.7606060606060605,0.8702702702702704,0.7855249445783343
83,"OS_('SMOTE_RSB', ""{'proportion': 2.0, 'n_neighbors': 5, 'n_jobs': 1, 'random_state': 1}"")","Pipeline(steps=[('standardscaler', StandardScaler()),
                ('svc',
                 SVC(C=1, gamma='auto', kernel='linear', random_state=1))])",0.9246954595791804,0.8102564102564103,0.7999999999999999,0.7444444444444445,0.8729729729729729,0.772838121760467
84,"OS_('ProWSyn', ""{'proportion': 1.0, 'n_neighbors': 5, 'L': 5, 'theta': 1.0, 'n_jobs': 1, 'random_state': 1}"")",DecisionTreeClassifier(random_state=1),0.9203765227021041,0.7080952380952381,0.7666666666666667,0.7137062937062937,0.8563063063063062,0.7252710414986786
85,"OS_('ProWSyn', ""{'proportion': 1.0, 'n_neighbors': 5, 'L': 5, 'theta': 1.0, 'n_jobs': 1, 'random_state': 1}"")",KNeighborsClassifier(),0.9104097452934662,0.7672619047619047,0.8333333333333333,0.755004995004995,0.8788288288288288,0.7761742541834337
86,"OS_('ProWSyn', ""{'proportion': 1.0, 'n_neighbors': 5, 'L': 5, 'theta': 1.0, 'n_jobs': 1, 'random_state': 1}"")",MLPClassifier(random_state=1),0.9244739756367663,0.8266666666666665,0.8333333333333333,0.7872727272727272,0.886936936936937,0.80740290452657
87,"OS_('ProWSyn', ""{'proportion': 1.0, 'n_neighbors': 5, 'L': 5, 'theta': 1.0, 'n_jobs': 1, 'random_state': 1}"")","Pipeline(steps=[('standardscaler', StandardScaler()),
                ('svc',
                 SVC(C=1, gamma='auto', kernel='linear', random_state=1))])",0.915282392026578,0.8047619047619048,0.7666666666666667,0.720414673046252,0.8536036036036035,0.7509004339397533
88,"OS_('SL_graph_SMOTE', ""{'proportion': 1.0, 'n_neighbors': 5, 'n_jobs': 1, 'random_state': 1}"")",DecisionTreeClassifier(random_state=1),0.953156146179402,0.825,0.8666666666666668,0.8270929070929072,0.9171171171171173,0.836367636739521
89,"OS_('SL_graph_SMOTE', ""{'proportion': 1.0, 'n_neighbors': 5, 'n_jobs': 1, 'random_state': 1}"")",KNeighborsClassifier(),0.9246954595791804,0.8327272727272726,0.7266666666666668,0.7272727272727273,0.8417117117117117,0.7519755663351436
90,"OS_('SL_graph_SMOTE', ""{'proportion': 1.0, 'n_neighbors': 5, 'n_jobs': 1, 'random_state': 1}"")",MLPClassifier(random_state=1),0.9438538205980066,0.8933333333333333,0.6933333333333334,0.7545454545454545,0.8385585585585587,0.7727371228441245
91,"OS_('SL_graph_SMOTE', ""{'proportion': 1.0, 'n_neighbors': 5, 'n_jobs': 1, 'random_state': 1}"")","Pipeline(steps=[('standardscaler', StandardScaler()),
                ('svc',
                 SVC(C=1, gamma='auto', kernel='linear', random_state=1))])",0.9200442967884828,0.836923076923077,0.7333333333333333,0.7202020202020203,0.8423423423423424,0.7507125087652887
92,"OS_('NRSBoundary_SMOTE', ""{'proportion': 1.0, 'n_neighbors': 5, 'w': 0.005, 'n_jobs': 1, 'random_state': 1}"")",DecisionTreeClassifier(random_state=1),0.9299003322259136,0.7364285714285714,0.7666666666666667,0.7384615384615384,0.8617117117117117,0.7449411118000511
93,"OS_('NRSBoundary_SMOTE', ""{'proportion': 1.0, 'n_neighbors': 5, 'w': 0.005, 'n_jobs': 1, 'random_state': 1}"")",KNeighborsClassifier(),0.8913621262458472,0.7214285714285714,0.8666666666666668,0.7464335664335664,0.881981981981982,0.7677382057895656
94,"OS_('NRSBoundary_SMOTE', ""{'proportion': 1.0, 'n_neighbors': 5, 'w': 0.005, 'n_jobs': 1, 'random_state': 1}"")",MLPClassifier(random_state=1),0.8960132890365449,0.75,0.8666666666666668,0.7618181818181817,0.8846846846846846,0.7825741858350553
95,"OS_('NRSBoundary_SMOTE', ""{'proportion': 1.0, 'n_neighbors': 5, 'w': 0.005, 'n_jobs': 1, 'random_state': 1}"")","Pipeline(steps=[('standardscaler', StandardScaler()),
                ('svc',
                 SVC(C=1, gamma='auto', kernel='linear', random_state=1))])",0.9104097452934662,0.7958333333333333,0.7999999999999999,0.7285714285714285,0.8648648648648649,0.760606786046248
96,"OS_('LVQ_SMOTE', ""{'proportion': 1.0, 'n_neighbors': 5, 'n_clusters': 10, 'n_jobs': 1, 'random_state': 1}"")",DecisionTreeClassifier(random_state=1),0.9578073089700997,0.8583333333333332,0.9,0.8556643356643356,0.9337837837837839,0.8672867012145646
97,"OS_('LVQ_SMOTE', ""{'proportion': 1.0, 'n_neighbors': 5, 'n_clusters': 10, 'n_jobs': 1, 'random_state': 1}"")",KNeighborsClassifier(),0.9199335548172757,0.8047619047619048,0.8,0.7537480063795853,0.8702702702702704,0.7768517363391376
98,"OS_('LVQ_SMOTE', ""{'proportion': 1.0, 'n_neighbors': 5, 'n_clusters': 10, 'n_jobs': 1, 'random_state': 1}"")",MLPClassifier(random_state=1),0.8960132890365449,0.8099999999999999,0.8,0.7406060606060605,0.8567567567567569,0.7700548907404092
99,"OS_('LVQ_SMOTE', ""{'proportion': 1.0, 'n_neighbors': 5, 'n_clusters': 10, 'n_jobs': 1, 'random_state': 1}"")","Pipeline(steps=[('standardscaler', StandardScaler()),
                ('svc',
                 SVC(C=1, gamma='auto', kernel='linear', random_state=1))])",0.8820598006644518,0.75,0.7666666666666667,0.6799999999999999,0.8346846846846846,0.7154700538379252
100,"OS_('SOI_CJ', ""{'proportion': 1.0, 'n_neighbors': 5, 'method': 'interpolation', 'n_jobs': 1, 'random_state': 1}"")",DecisionTreeClassifier(random_state=1),0.9485049833887043,0.825,0.8333333333333334,0.808911088911089,0.9004504504504505,0.8189418225745764
101,"OS_('SOI_CJ', ""{'proportion': 1.0, 'n_neighbors': 5, 'method': 'interpolation', 'n_jobs': 1, 'random_state': 1}"")",KNeighborsClassifier(),0.9245847176079733,0.8314285714285713,0.8,0.7658692185007974,0.8729729729729729,0.7895777516738486
102,"OS_('SOI_CJ', ""{'proportion': 1.0, 'n_neighbors': 5, 'method': 'interpolation', 'n_jobs': 1, 'random_state': 1}"")",MLPClassifier(random_state=1),0.9245847176079733,0.8314285714285713,0.8,0.7658692185007974,0.8729729729729729,0.7895777516738486
103,"OS_('SOI_CJ', ""{'proportion': 1.0, 'n_neighbors': 5, 'method': 'interpolation', 'n_jobs': 1, 'random_state': 1}"")","Pipeline(steps=[('standardscaler', StandardScaler()),
                ('svc',
                 SVC(C=1, gamma='auto', kernel='linear', random_state=1))])",0.915282392026578,0.8314285714285713,0.7333333333333333,0.7143540669856459,0.8396396396396396,0.7462006351095196
104,"OS_('ROSE', ""{'proportion': 1.0, 'random_state': 1}"")",DecisionTreeClassifier(random_state=1),0.9300110741971206,0.7261904761904762,0.8333333333333333,0.7675324675324676,0.8896396396396395,0.7736135047089049
105,"OS_('ROSE', ""{'proportion': 1.0, 'random_state': 1}"")",KNeighborsClassifier(),0.929235880398671,0.8314285714285713,0.8333333333333333,0.792535885167464,0.8896396396396395,0.8114557116220842
106,"OS_('ROSE', ""{'proportion': 1.0, 'random_state': 1}"")",MLPClassifier(random_state=1),0.9197120708748615,0.8225,0.8333333333333333,0.7825108225108225,0.8842342342342342,0.8037362495636344
107,"OS_('ROSE', ""{'proportion': 1.0, 'random_state': 1}"")","Pipeline(steps=[('standardscaler', StandardScaler()),
                ('svc',
                 SVC(C=1, gamma='auto', kernel='linear', random_state=1))])",0.9244739756367663,0.8266666666666665,0.8333333333333333,0.7872727272727272,0.886936936936937,0.80740290452657
108,"OS_('SMOTE_OUT', ""{'proportion': 1.0, 'n_neighbors': 5, 'n_jobs': 1, 'random_state': 1}"")",DecisionTreeClassifier(random_state=1),0.953156146179402,0.825,0.8666666666666668,0.8270929070929072,0.9171171171171173,0.836367636739521
109,"OS_('SMOTE_OUT', ""{'proportion': 1.0, 'n_neighbors': 5, 'n_jobs': 1, 'random_state': 1}"")",KNeighborsClassifier(),0.9199335548172757,0.8047619047619048,0.8,0.7537480063795853,0.8702702702702704,0.7768517363391376
110,"OS_('SMOTE_OUT', ""{'proportion': 1.0, 'n_neighbors': 5, 'n_jobs': 1, 'random_state': 1}"")",MLPClassifier(random_state=1),0.9245847176079733,0.8314285714285713,0.8,0.7658692185007974,0.8729729729729729,0.7895777516738486
111,"OS_('SMOTE_OUT', ""{'proportion': 1.0, 'n_neighbors': 5, 'n_jobs': 1, 'random_state': 1}"")","Pipeline(steps=[('standardscaler', StandardScaler()),
                ('svc',
                 SVC(C=1, gamma='auto', kernel='linear', random_state=1))])",0.9200442967884828,0.8102564102564103,0.7666666666666667,0.7262626262626263,0.8563063063063063,0.7554123075955224
112,"OS_('SMOTE_Cosine', ""{'proportion': 1.0, 'n_neighbors': 5, 'n_jobs': 1, 'random_state': 1}"")",DecisionTreeClassifier(random_state=1),0.9578073089700997,0.8278571428571428,0.9,0.8503496503496504,0.9337837837837837,0.8570754574205391
113,"OS_('SMOTE_Cosine', ""{'proportion': 1.0, 'n_neighbors': 5, 'n_jobs': 1, 'random_state': 1}"")",KNeighborsClassifier(),0.9199335548172757,0.8047619047619048,0.8,0.7537480063795853,0.8702702702702704,0.7768517363391376
114,"OS_('SMOTE_Cosine', ""{'proportion': 1.0, 'n_neighbors': 5, 'n_jobs': 1, 'random_state': 1}"")",MLPClassifier(random_state=1),0.9245847176079733,0.8314285714285713,0.8,0.7658692185007974,0.8729729729729729,0.7895777516738486
115,"OS_('SMOTE_Cosine', ""{'proportion': 1.0, 'n_neighbors': 5, 'n_jobs': 1, 'random_state': 1}"")","Pipeline(steps=[('standardscaler', StandardScaler()),
                ('svc',
                 SVC(C=1, gamma='auto', kernel='linear', random_state=1))])",0.9200442967884828,0.8102564102564103,0.7666666666666667,0.7262626262626263,0.8563063063063063,0.7554123075955224
116,"OS_('Selected_SMOTE', ""{'proportion': 1.0, 'n_neighbors': 5, 'perc_sign_attr': 0.5, 'n_jobs': 1, 'random_state': 1}"")",DecisionTreeClassifier(random_state=1),0.9579180509413068,0.8742857142857142,0.8333333333333333,0.8385547785547784,0.9058558558558557,0.8461277215888584
117,"OS_('Selected_SMOTE', ""{'proportion': 1.0, 'n_neighbors': 5, 'perc_sign_attr': 0.5, 'n_jobs': 1, 'random_state': 1}"")",KNeighborsClassifier(),0.929235880398671,0.8314285714285713,0.8333333333333333,0.792535885167464,0.8896396396396395,0.8114557116220842
118,"OS_('Selected_SMOTE', ""{'proportion': 1.0, 'n_neighbors': 5, 'perc_sign_attr': 0.5, 'n_jobs': 1, 'random_state': 1}"")",MLPClassifier(random_state=1),0.910188261351052,0.8155555555555555,0.8333333333333333,0.7742292490118576,0.8788288288288288,0.7973421060275909
119,"OS_('Selected_SMOTE', ""{'proportion': 1.0, 'n_neighbors': 5, 'perc_sign_attr': 0.5, 'n_jobs': 1, 'random_state': 1}"")","Pipeline(steps=[('standardscaler', StandardScaler()),
                ('svc',
                 SVC(C=1, gamma='auto', kernel='linear', random_state=1))])",0.9200442967884828,0.8102564102564103,0.7666666666666667,0.7262626262626263,0.8563063063063063,0.7554123075955224
120,"OS_('LN_SMOTE', ""{'proportion': 1.0, 'n_neighbors': 5, 'n_jobs': 1, 'random_state': 1}"")",DecisionTreeClassifier(random_state=1),0.9485049833887043,0.7964285714285715,0.8666666666666668,0.8117082917082918,0.9144144144144144,0.8215316566940312
121,"OS_('LN_SMOTE', ""{'proportion': 1.0, 'n_neighbors': 5, 'n_jobs': 1, 'random_state': 1}"")",KNeighborsClassifier(),0.9245847176079733,0.8266666666666665,0.76,0.7547237076648841,0.8556756756756757,0.7733344466392736
122,"OS_('LN_SMOTE', ""{'proportion': 1.0, 'n_neighbors': 5, 'n_jobs': 1, 'random_state': 1}"")",MLPClassifier(random_state=1),0.9245847176079733,0.8314285714285713,0.8,0.7658692185007974,0.8729729729729729,0.7895777516738486
123,"OS_('LN_SMOTE', ""{'proportion': 1.0, 'n_neighbors': 5, 'n_jobs': 1, 'random_state': 1}"")","Pipeline(steps=[('standardscaler', StandardScaler()),
                ('svc',
                 SVC(C=1, gamma='auto', kernel='linear', random_state=1))])",0.9343300110741971,0.86,0.7333333333333333,0.7424242424242424,0.8504504504504504,0.7680991304133897
124,"OS_('MWMOTE', ""{'proportion': 1.0, 'k1': 5, 'k2': 5, 'k3': 5, 'M': 10, 'cf_th': 5.0, 'cmax': 10.0, 'n_jobs': 1, 'random_state': 1}"")",DecisionTreeClassifier(random_state=1),0.9155038759689921,0.7533333333333333,0.7333333333333334,0.7103743315508021,0.8396396396396396,0.7262668151838835
125,"OS_('MWMOTE', ""{'proportion': 1.0, 'k1': 5, 'k2': 5, 'k3': 5, 'M': 10, 'cf_th': 5.0, 'cmax': 10.0, 'n_jobs': 1, 'random_state': 1}"")",KNeighborsClassifier(),0.896124031007752,0.7573934837092732,0.8333333333333333,0.743100233100233,0.8707207207207206,0.7669686905169596
126,"OS_('MWMOTE', ""{'proportion': 1.0, 'k1': 5, 'k2': 5, 'k3': 5, 'M': 10, 'cf_th': 5.0, 'cmax': 10.0, 'n_jobs': 1, 'random_state': 1}"")",MLPClassifier(random_state=1),0.9007751937984496,0.7859649122807018,0.8333333333333333,0.7584848484848484,0.8734234234234235,0.7818046705624493
127,"OS_('MWMOTE', ""{'proportion': 1.0, 'k1': 5, 'k2': 5, 'k3': 5, 'M': 10, 'cf_th': 5.0, 'cmax': 10.0, 'n_jobs': 1, 'random_state': 1}"")","Pipeline(steps=[('standardscaler', StandardScaler()),
                ('svc',
                 SVC(C=1, gamma='auto', kernel='linear', random_state=1))])",0.9151716500553709,0.8,0.7999999999999999,0.7333333333333333,0.8675675675675676,0.7642734410091836
128,"OS_('PDFOS', ""{'proportion': 1.0, 'n_jobs': 1, 'random_state': 1}"")",DecisionTreeClassifier(random_state=1),0.9392026578073089,0.7707142857142857,0.8333333333333333,0.7888111888111887,0.895045045045045,0.7953541174357025
129,"OS_('PDFOS', ""{'proportion': 1.0, 'n_jobs': 1, 'random_state': 1}"")",KNeighborsClassifier(),0.929235880398671,0.8314285714285713,0.8333333333333333,0.792535885167464,0.8896396396396395,0.8114557116220842
130,"OS_('PDFOS', ""{'proportion': 1.0, 'n_jobs': 1, 'random_state': 1}"")",MLPClassifier(random_state=1),0.9149501661129568,0.8188235294117646,0.8333333333333333,0.7781818181818181,0.8815315315315315,0.8003980795979728
131,"OS_('PDFOS', ""{'proportion': 1.0, 'n_jobs': 1, 'random_state': 1}"")","Pipeline(steps=[('standardscaler', StandardScaler()),
                ('svc',
                 SVC(C=1, gamma='auto', kernel='linear', random_state=1))])",0.915282392026578,0.8047619047619048,0.7666666666666667,0.720414673046252,0.8536036036036035,0.7509004339397533
132,"OS_('NEATER', ""{'proportion': 1.0, 'smote_n_neighbors': 5, 'b': 5, 'alpha': 0.1, 'h': 20, 'n_jobs': 1, 'random_state': 1}"")",DecisionTreeClassifier(random_state=1),0.9344407530454042,0.790952380952381,0.7266666666666668,0.7472727272727272,0.8471171171171171,0.7529993690654878
133,"OS_('NEATER', ""{'proportion': 1.0, 'smote_n_neighbors': 5, 'b': 5, 'alpha': 0.1, 'h': 20, 'n_jobs': 1, 'random_state': 1}"")",KNeighborsClassifier(),0.8867109634551495,0.7147619047619047,0.8333333333333333,0.7252214452214452,0.8653153153153152,0.7471308877909433
134,"OS_('NEATER', ""{'proportion': 1.0, 'smote_n_neighbors': 5, 'b': 5, 'alpha': 0.1, 'h': 20, 'n_jobs': 1, 'random_state': 1}"")",MLPClassifier(random_state=1),0.8960132890365449,0.75,0.8666666666666668,0.7618181818181817,0.8846846846846846,0.7825741858350553
135,"OS_('NEATER', ""{'proportion': 1.0, 'smote_n_neighbors': 5, 'b': 5, 'alpha': 0.1, 'h': 20, 'n_jobs': 1, 'random_state': 1}"")","Pipeline(steps=[('standardscaler', StandardScaler()),
                ('svc',
                 SVC(C=1, gamma='auto', kernel='linear', random_state=1))])",0.9104097452934662,0.7672619047619047,0.8333333333333333,0.7465201465201464,0.8788288288288288,0.7717221084001425
136,"OS_('Gazzah', ""{'proportion': 1.0, 'n_components': 2, 'n_jobs': 1, 'random_state': 1}"")",DecisionTreeClassifier(random_state=1),0.9625692137320044,0.8699999999999999,0.86,0.8587012987012986,0.9191891891891892,0.8618386152599873
137,"OS_('Gazzah', ""{'proportion': 1.0, 'n_components': 2, 'n_jobs': 1, 'random_state': 1}"")",KNeighborsClassifier(),0.8913621262458472,0.7214285714285714,0.9,0.7512820512820512,0.895945945945946,0.7784293189922673
138,"OS_('Gazzah', ""{'proportion': 1.0, 'n_components': 2, 'n_jobs': 1, 'random_state': 1}"")",MLPClassifier(random_state=1),0.9007751937984496,0.7740601503759399,0.8666666666666668,0.7545288045288044,0.8873873873873874,0.7849624779922783
139,"OS_('Gazzah', ""{'proportion': 1.0, 'n_components': 2, 'n_jobs': 1, 'random_state': 1}"")","Pipeline(steps=[('standardscaler', StandardScaler()),
                ('svc',
                 SVC(C=1, gamma='auto', kernel='linear', random_state=1))])",0.9245847176079733,0.8047619047619048,0.8666666666666668,0.780414673046252,0.9009009009009009,0.8068177191913494
140,"OS_('MCT', ""{'proportion': 1.0, 'n_jobs': 1, 'random_state': 1}"")",DecisionTreeClassifier(random_state=1),0.9485049833887043,0.825,0.8333333333333334,0.808911088911089,0.9004504504504505,0.8189418225745764
141,"OS_('MCT', ""{'proportion': 1.0, 'n_jobs': 1, 'random_state': 1}"")",KNeighborsClassifier(),0.9199335548172757,0.8047619047619048,0.8,0.7537480063795853,0.8702702702702704,0.7768517363391376
142,"OS_('MCT', ""{'proportion': 1.0, 'n_jobs': 1, 'random_state': 1}"")",MLPClassifier(random_state=1),0.9149501661129568,0.8188235294117646,0.8333333333333333,0.7781818181818181,0.8815315315315315,0.8003980795979728
143,"OS_('MCT', ""{'proportion': 1.0, 'n_jobs': 1, 'random_state': 1}"")","Pipeline(steps=[('standardscaler', StandardScaler()),
                ('svc',
                 SVC(C=1, gamma='auto', kernel='linear', random_state=1))])",0.9105204872646733,0.8,0.7666666666666667,0.7151515151515151,0.850900900900901,0.746847626844239
144,"OS_('ADG', ""{'proportion': 1.0, 'kernel': 'inner', 'lam': 1.0, 'mu': 1.0, 'k': 12, 'gamma': 1.0, 'n_jobs': 1, 'random_state': 1}"")",DecisionTreeClassifier(random_state=1),0.953156146179402,0.825,0.8666666666666668,0.8270929070929072,0.9171171171171173,0.836367636739521
145,"OS_('ADG', ""{'proportion': 1.0, 'kernel': 'inner', 'lam': 1.0, 'mu': 1.0, 'k': 12, 'gamma': 1.0, 'n_jobs': 1, 'random_state': 1}"")",KNeighborsClassifier(),0.9246954595791804,0.8327272727272726,0.7266666666666668,0.7272727272727273,0.8417117117117117,0.7519755663351436
146,"OS_('ADG', ""{'proportion': 1.0, 'kernel': 'inner', 'lam': 1.0, 'mu': 1.0, 'k': 12, 'gamma': 1.0, 'n_jobs': 1, 'random_state': 1}"")",MLPClassifier(random_state=1),0.9438538205980066,0.8933333333333333,0.6933333333333334,0.7545454545454545,0.8385585585585587,0.7727371228441245
147,"OS_('ADG', ""{'proportion': 1.0, 'kernel': 'inner', 'lam': 1.0, 'mu': 1.0, 'k': 12, 'gamma': 1.0, 'n_jobs': 1, 'random_state': 1}"")","Pipeline(steps=[('standardscaler', StandardScaler()),
                ('svc',
                 SVC(C=1, gamma='auto', kernel='linear', random_state=1))])",0.9200442967884828,0.836923076923077,0.7333333333333333,0.7202020202020203,0.8423423423423424,0.7507125087652887
148,"OS_('SMOTE_IPF', ""{'proportion': 1.0, 'n_neighbors': 5, 'n_folds': 9, 'k': 3, 'p': 0.01, 'voting': 'majority', 'n_jobs': 1, 'classifier': DecisionTreeClassifier(random_state=2), 'random_state': 1}"")",DecisionTreeClassifier(random_state=1),0.9486157253599113,0.7928571428571429,0.8666666666666668,0.8113419913419913,0.9144144144144144,0.8204896854336929
149,"OS_('SMOTE_IPF', ""{'proportion': 1.0, 'n_neighbors': 5, 'n_folds': 9, 'k': 3, 'p': 0.01, 'voting': 'majority', 'n_jobs': 1, 'classifier': DecisionTreeClassifier(random_state=2), 'random_state': 1}"")",KNeighborsClassifier(),0.9198228128460686,0.8266666666666665,0.8,0.7606060606060605,0.8702702702702704,0.7855249445783343
150,"OS_('SMOTE_IPF', ""{'proportion': 1.0, 'n_neighbors': 5, 'n_folds': 9, 'k': 3, 'p': 0.01, 'voting': 'majority', 'n_jobs': 1, 'classifier': DecisionTreeClassifier(random_state=2), 'random_state': 1}"")",MLPClassifier(random_state=1),0.9197120708748615,0.8225,0.8333333333333333,0.7825108225108225,0.8842342342342342,0.8037362495636344
151,"OS_('SMOTE_IPF', ""{'proportion': 1.0, 'n_neighbors': 5, 'n_folds': 9, 'k': 3, 'p': 0.01, 'voting': 'majority', 'n_jobs': 1, 'classifier': DecisionTreeClassifier(random_state=2), 'random_state': 1}"")","Pipeline(steps=[('standardscaler', StandardScaler()),
                ('svc',
                 SVC(C=1, gamma='auto', kernel='linear', random_state=1))])",0.9200442967884828,0.8102564102564103,0.7666666666666667,0.7262626262626263,0.8563063063063063,0.7554123075955224
152,"OS_('KernelADASYN', ""{'proportion': 1.0, 'k': 5, 'h': 1.0, 'n_jobs': 1, 'random_state': 1}"")",DecisionTreeClassifier(random_state=1),0.9013289036544851,0.6714285714285715,0.8333333333333334,0.7109774436090225,0.8734234234234235,0.7306724826674112
153,"OS_('KernelADASYN', ""{'proportion': 1.0, 'k': 5, 'h': 1.0, 'n_jobs': 1, 'random_state': 1}"")",KNeighborsClassifier(),0.9295681063122923,0.8488888888888889,0.6933333333333334,0.7233766233766235,0.8304504504504505,0.745934732976069
154,"OS_('KernelADASYN', ""{'proportion': 1.0, 'k': 5, 'h': 1.0, 'n_jobs': 1, 'random_state': 1}"")",MLPClassifier(random_state=1),0.9107419712070873,0.7912087912087912,0.7333333333333333,0.6978243978243979,0.8369369369369369,0.728095840066918
155,"OS_('KernelADASYN', ""{'proportion': 1.0, 'k': 5, 'h': 1.0, 'n_jobs': 1, 'random_state': 1}"")","Pipeline(steps=[('standardscaler', StandardScaler()),
                ('svc',
                 SVC(C=1, gamma='auto', kernel='linear', random_state=1))])",0.9242524916943522,0.8247619047619048,0.86,0.8064335664335663,0.8975675675675676,0.823413565045451
156,"OS_('MOT2LD', ""{'proportion': 1.0, 'n_components': 2, 'k': 5, 'd_cut': 'auto', 'n_jobs': 1, 'random_state': 1}"")",DecisionTreeClassifier(random_state=1),0.9438538205980066,0.7916666666666667,0.8333333333333334,0.7937595737595737,0.8977477477477478,0.8030343034061875
157,"OS_('MOT2LD', ""{'proportion': 1.0, 'n_components': 2, 'k': 5, 'd_cut': 'auto', 'n_jobs': 1, 'random_state': 1}"")",KNeighborsClassifier(),0.9293466223698781,0.836923076923077,0.8,0.7717171717171716,0.8756756756756758,0.7940896253296177
158,"OS_('MOT2LD', ""{'proportion': 1.0, 'n_components': 2, 'k': 5, 'd_cut': 'auto', 'n_jobs': 1, 'random_state': 1}"")",MLPClassifier(random_state=1),0.9245847176079733,0.8314285714285713,0.8,0.7658692185007974,0.8729729729729729,0.7895777516738486
159,"OS_('MOT2LD', ""{'proportion': 1.0, 'n_components': 2, 'k': 5, 'd_cut': 'auto', 'n_jobs': 1, 'random_state': 1}"")","Pipeline(steps=[('standardscaler', StandardScaler()),
                ('svc',
                 SVC(C=1, gamma='auto', kernel='linear', random_state=1))])",0.9343300110741971,0.86,0.7333333333333333,0.7424242424242424,0.8504504504504504,0.7680991304133897
160,"OS_('V_SYNTH', ""{'proportion': 1.0, 'n_components': 3, 'n_jobs': 1, 'random_state': 1}"")",DecisionTreeClassifier(random_state=1),0.9486157253599113,0.8076190476190476,0.8333333333333333,0.8118881118881118,0.9004504504504505,0.8161617387366465
161,"OS_('V_SYNTH', ""{'proportion': 1.0, 'n_components': 3, 'n_jobs': 1, 'random_state': 1}"")",KNeighborsClassifier(),0.8726467331118493,0.6611528822055137,0.7933333333333333,0.6895104895104895,0.83990990990991,0.7065924872593848
162,"OS_('V_SYNTH', ""{'proportion': 1.0, 'n_components': 3, 'n_jobs': 1, 'random_state': 1}"")",MLPClassifier(random_state=1),0.8862679955703211,0.7916666666666667,0.9,0.7822122704881325,0.8932432432432431,0.810365675695016
163,"OS_('V_SYNTH', ""{'proportion': 1.0, 'n_components': 3, 'n_jobs': 1, 'random_state': 1}"")","Pipeline(steps=[('standardscaler', StandardScaler()),
                ('svc',
                 SVC(C=1, gamma='auto', kernel='linear', random_state=1))])",0.9578073089700997,0.835,0.9,0.8525474525474526,0.9337837837837839,0.8599524982684063
164,"OS_('OUPS', ""{'proportion': 1.0, 'n_jobs': 1, 'random_state': 1}"")",DecisionTreeClassifier(random_state=1),0.9155038759689921,0.7533333333333333,0.7666666666666667,0.7133180544945251,0.8536036036036035,0.7358445792038664
165,"OS_('OUPS', ""{'proportion': 1.0, 'n_jobs': 1, 'random_state': 1}"")",KNeighborsClassifier(),0.896124031007752,0.8126315789473685,0.7666666666666667,0.7106060606060606,0.8427927927927928,0.7467014235495403
166,"OS_('OUPS', ""{'proportion': 1.0, 'n_jobs': 1, 'random_state': 1}"")",MLPClassifier(random_state=1),0.9148394241417497,0.826984126984127,0.8666666666666668,0.7867234215060301,0.8954954954954955,0.8145688173658211
167,"OS_('OUPS', ""{'proportion': 1.0, 'n_jobs': 1, 'random_state': 1}"")","Pipeline(steps=[('standardscaler', StandardScaler()),
                ('svc',
                 SVC(C=1, gamma='auto', kernel='linear', random_state=1))])",0.8912513842746399,0.8142857142857143,0.8,0.7254079254079254,0.854054054054054,0.7623009136345006
168,"OS_('SMOTE_D', ""{'proportion': 1.0, 'k': 3, 'n_jobs': 1, 'random_state': 1}"")",DecisionTreeClassifier(random_state=1),0.953156146179402,0.825,0.8666666666666668,0.8270929070929072,0.9171171171171173,0.836367636739521
169,"OS_('SMOTE_D', ""{'proportion': 1.0, 'k': 3, 'n_jobs': 1, 'random_state': 1}"")",KNeighborsClassifier(),0.9246954595791804,0.8327272727272726,0.7266666666666668,0.7272727272727273,0.8417117117117117,0.7519755663351436
170,"OS_('SMOTE_D', ""{'proportion': 1.0, 'k': 3, 'n_jobs': 1, 'random_state': 1}"")",MLPClassifier(random_state=1),0.9388704318936876,0.8623376623376624,0.8,0.7732517482517482,0.8810810810810811,0.8006224179551946
171,"OS_('SMOTE_D', ""{'proportion': 1.0, 'k': 3, 'n_jobs': 1, 'random_state': 1}"")","Pipeline(steps=[('standardscaler', StandardScaler()),
                ('svc',
                 SVC(C=1, gamma='auto', kernel='linear', random_state=1))])",0.9341085271317828,0.8547619047619047,0.8,0.7658988070752777,0.8783783783783784,0.7948818903361268
172,"OS_('SMOTE_PSO', ""{'k': 3, 'eps': 0.05, 'n_pop': 10, 'w': 1.0, 'c1': 2.0, 'c2': 2.0, 'num_it': 10, 'n_jobs': 1, 'random_state': 1}"")",DecisionTreeClassifier(random_state=1),0.9485049833887043,0.7964285714285715,0.8666666666666668,0.8117082917082918,0.9144144144144144,0.8215316566940312
173,"OS_('SMOTE_PSO', ""{'k': 3, 'eps': 0.05, 'n_pop': 10, 'w': 1.0, 'c1': 2.0, 'c2': 2.0, 'num_it': 10, 'n_jobs': 1, 'random_state': 1}"")",KNeighborsClassifier(),0.915282392026578,0.7857142857142857,0.8,0.7434915961231751,0.8675675675675676,0.7669610829754778
174,"OS_('SMOTE_PSO', ""{'k': 3, 'eps': 0.05, 'n_pop': 10, 'w': 1.0, 'c1': 2.0, 'c2': 2.0, 'num_it': 10, 'n_jobs': 1, 'random_state': 1}"")",MLPClassifier(random_state=1),0.9198228128460686,0.8266666666666665,0.8,0.7606060606060605,0.8702702702702704,0.7855249445783343
175,"OS_('SMOTE_PSO', ""{'k': 3, 'eps': 0.05, 'n_pop': 10, 'w': 1.0, 'c1': 2.0, 'c2': 2.0, 'num_it': 10, 'n_jobs': 1, 'random_state': 1}"")","Pipeline(steps=[('standardscaler', StandardScaler()),
                ('svc',
                 SVC(C=1, gamma='auto', kernel='linear', random_state=1))])",0.9057585825027685,0.7958333333333333,0.7666666666666667,0.7103896103896103,0.8481981981981981,0.7431809718813034
176,"OS_('CURE_SMOTE', ""{'proportion': 1.0, 'n_clusters': 5, 'noise_th': 2, 'n_jobs': 1, 'random_state': 1}"")",DecisionTreeClassifier(random_state=1),0.9198228128460686,0.7615384615384615,0.8266666666666668,0.762135642135642,0.880900900900901,0.7774815414024687
177,"OS_('CURE_SMOTE', ""{'proportion': 1.0, 'n_clusters': 5, 'noise_th': 2, 'n_jobs': 1, 'random_state': 1}"")",KNeighborsClassifier(),0.915282392026578,0.8,0.7266666666666668,0.7092691622103386,0.8363063063063063,0.7346571289051782
178,"OS_('CURE_SMOTE', ""{'proportion': 1.0, 'n_clusters': 5, 'noise_th': 2, 'n_jobs': 1, 'random_state': 1}"")",MLPClassifier(random_state=1),0.9009966777408638,0.8188235294117646,0.7333333333333333,0.7,0.8315315315315315,0.7351430030854084
179,"OS_('CURE_SMOTE', ""{'proportion': 1.0, 'n_clusters': 5, 'noise_th': 2, 'n_jobs': 1, 'random_state': 1}"")","Pipeline(steps=[('standardscaler', StandardScaler()),
                ('svc',
                 SVC(C=1, gamma='auto', kernel='linear', random_state=1))])",0.915393133997785,0.8102564102564103,0.7333333333333333,0.7080808080808081,0.8396396396396396,0.7379864934305778
180,"OS_('SOMO', ""{'proportion': 1.0, 'n_grid': 10, 'sigma': 0.2, 'learning_rate': 0.5, 'n_iter': 100, 'n_jobs': 1, 'random_state': 1}"")",DecisionTreeClassifier(random_state=1),0.9293466223698781,0.7769230769230769,0.8666666666666668,0.7843578643578644,0.9036036036036037,0.8022884883203105
181,"OS_('SOMO', ""{'proportion': 1.0, 'n_grid': 10, 'sigma': 0.2, 'learning_rate': 0.5, 'n_iter': 100, 'n_jobs': 1, 'random_state': 1}"")",KNeighborsClassifier(),0.9246954595791804,0.8327272727272726,0.7266666666666668,0.7272727272727273,0.8417117117117117,0.7519755663351436
182,"OS_('SOMO', ""{'proportion': 1.0, 'n_grid': 10, 'sigma': 0.2, 'learning_rate': 0.5, 'n_iter': 100, 'n_jobs': 1, 'random_state': 1}"")",MLPClassifier(random_state=1),0.9104097452934662,0.8225,0.7666666666666667,0.7225108225108225,0.850900900900901,0.7559069872160143
183,"OS_('SOMO', ""{'proportion': 1.0, 'n_grid': 10, 'sigma': 0.2, 'learning_rate': 0.5, 'n_iter': 100, 'n_jobs': 1, 'random_state': 1}"")","Pipeline(steps=[('standardscaler', StandardScaler()),
                ('svc',
                 SVC(C=1, gamma='auto', kernel='linear', random_state=1))])",0.9295681063122923,0.8509090909090908,0.7333333333333333,0.7340909090909091,0.8477477477477479,0.7615177466687286
184,"OS_('CE_SMOTE', ""{'proportion': 1.0, 'h': 10, 'k': 5, 'alpha': 0.5, 'n_jobs': 1, 'random_state': 1}"")",DecisionTreeClassifier(random_state=1),0.9299003322259136,0.7478571428571429,0.7666666666666667,0.744055944055944,0.8617117117117117,0.7505952789746438
185,"OS_('CE_SMOTE', ""{'proportion': 1.0, 'h': 10, 'k': 5, 'alpha': 0.5, 'n_jobs': 1, 'random_state': 1}"")",KNeighborsClassifier(),0.9244739756367663,0.8215384615384614,0.7933333333333333,0.776161616161616,0.8696396396396396,0.7911606383600116
186,"OS_('CE_SMOTE', ""{'proportion': 1.0, 'h': 10, 'k': 5, 'alpha': 0.5, 'n_jobs': 1, 'random_state': 1}"")",MLPClassifier(random_state=1),0.929235880398671,0.8314285714285713,0.8333333333333333,0.792535885167464,0.8896396396396395,0.8114557116220842
187,"OS_('CE_SMOTE', ""{'proportion': 1.0, 'h': 10, 'k': 5, 'alpha': 0.5, 'n_jobs': 1, 'random_state': 1}"")","Pipeline(steps=[('standardscaler', StandardScaler()),
                ('svc',
                 SVC(C=1, gamma='auto', kernel='linear', random_state=1))])",0.9200442967884828,0.8102564102564103,0.7666666666666667,0.7262626262626263,0.8563063063063063,0.7554123075955224
188,"OS_('Edge_Det_SMOTE', ""{'proportion': 1.0, 'k': 5, 'n_jobs': 1, 'random_state': 1}"")",DecisionTreeClassifier(random_state=1),0.9437430786267995,0.8277777777777778,0.8,0.7931601731601732,0.8837837837837839,0.8033607239759224
189,"OS_('Edge_Det_SMOTE', ""{'proportion': 1.0, 'k': 5, 'n_jobs': 1, 'random_state': 1}"")",KNeighborsClassifier(),0.915282392026578,0.8047619047619048,0.7666666666666667,0.720414673046252,0.8536036036036035,0.7509004339397533
190,"OS_('Edge_Det_SMOTE', ""{'proportion': 1.0, 'k': 5, 'n_jobs': 1, 'random_state': 1}"")",MLPClassifier(random_state=1),0.9102990033222591,0.8188235294117646,0.8,0.7515151515151515,0.8648648648648649,0.7785201196497373
191,"OS_('Edge_Det_SMOTE', ""{'proportion': 1.0, 'k': 5, 'n_jobs': 1, 'random_state': 1}"")","Pipeline(steps=[('standardscaler', StandardScaler()),
                ('svc',
                 SVC(C=1, gamma='auto', kernel='linear', random_state=1))])",0.9200442967884828,0.8102564102564103,0.7666666666666667,0.7262626262626263,0.8563063063063063,0.7554123075955224
192,"OS_('DBSMOTE', ""{'proportion': 1.0, 'eps': 0.8, 'min_samples': 3, 'n_jobs': 1, 'random_state': 1}"")",DecisionTreeClassifier(random_state=1),0.953156146179402,0.825,0.8666666666666668,0.8270929070929072,0.9171171171171173,0.836367636739521
193,"OS_('DBSMOTE', ""{'proportion': 1.0, 'eps': 0.8, 'min_samples': 3, 'n_jobs': 1, 'random_state': 1}"")",KNeighborsClassifier(),0.9199335548172757,0.8266666666666665,0.7266666666666668,0.7213903743315508,0.8390090090090091,0.7473831442398893
194,"OS_('DBSMOTE', ""{'proportion': 1.0, 'eps': 0.8, 'min_samples': 3, 'n_jobs': 1, 'random_state': 1}"")",MLPClassifier(random_state=1),0.929235880398671,0.8428571428571429,0.8333333333333334,0.7868482394798184,0.8896396396396395,0.8112566087953699
195,"OS_('DBSMOTE', ""{'proportion': 1.0, 'eps': 0.8, 'min_samples': 3, 'n_jobs': 1, 'random_state': 1}"")","Pipeline(steps=[('standardscaler', StandardScaler()),
                ('svc',
                 SVC(C=1, gamma='auto', kernel='linear', random_state=1))])",0.9343300110741971,0.86,0.7333333333333333,0.7424242424242424,0.8504504504504504,0.7680991304133897
196,"OS_('ASMOBD', ""{'proportion': 1.0, 'min_samples': 3, 'eps': 0.8, 'eta': 0.5, 'T_1': 1.0, 'T_2': 1.0, 't_1': 4.0, 't_2': 4.0, 'a': 0.05, 'smoothing': 'linear', 'n_jobs': 1, 'random_state': 1}"")",DecisionTreeClassifier(random_state=1),0.953156146179402,0.825,0.8666666666666668,0.8270929070929072,0.9171171171171173,0.836367636739521
197,"OS_('ASMOBD', ""{'proportion': 1.0, 'min_samples': 3, 'eps': 0.8, 'eta': 0.5, 'T_1': 1.0, 'T_2': 1.0, 't_1': 4.0, 't_2': 4.0, 'a': 0.05, 'smoothing': 'linear', 'n_jobs': 1, 'random_state': 1}"")",KNeighborsClassifier(),0.9199335548172757,0.8266666666666665,0.7266666666666668,0.7213903743315508,0.8390090090090091,0.7473831442398893
198,"OS_('ASMOBD', ""{'proportion': 1.0, 'min_samples': 3, 'eps': 0.8, 'eta': 0.5, 'T_1': 1.0, 'T_2': 1.0, 't_1': 4.0, 't_2': 4.0, 'a': 0.05, 'smoothing': 'linear', 'n_jobs': 1, 'random_state': 1}"")",MLPClassifier(random_state=1),0.9245847176079733,0.8380952380952381,0.8,0.7688995215311005,0.8729729729729729,0.7927592555075264
199,"OS_('ASMOBD', ""{'proportion': 1.0, 'min_samples': 3, 'eps': 0.8, 'eta': 0.5, 'T_1': 1.0, 'T_2': 1.0, 't_1': 4.0, 't_2': 4.0, 'a': 0.05, 'smoothing': 'linear', 'n_jobs': 1, 'random_state': 1}"")","Pipeline(steps=[('standardscaler', StandardScaler()),
                ('svc',
                 SVC(C=1, gamma='auto', kernel='linear', random_state=1))])",0.9343300110741971,0.86,0.7333333333333333,0.7424242424242424,0.8504504504504504,0.7680991304133897
200,"OS_('Assembled_SMOTE', ""{'proportion': 1.0, 'n_neighbors': 5, 'pop': 2, 'thres': 0.3, 'n_jobs': 1, 'random_state': 1}"")",DecisionTreeClassifier(random_state=1),0.9578073089700997,0.8230952380952381,0.9,0.8505827505827506,0.9337837837837839,0.8560039182976402
201,"OS_('Assembled_SMOTE', ""{'proportion': 1.0, 'n_neighbors': 5, 'pop': 2, 'thres': 0.3, 'n_jobs': 1, 'random_state': 1}"")",KNeighborsClassifier(),0.9008859357696567,0.7888888888888889,0.8,0.7354413702239789,0.8594594594594595,0.7627381307446441
202,"OS_('Assembled_SMOTE', ""{'proportion': 1.0, 'n_neighbors': 5, 'pop': 2, 'thres': 0.3, 'n_jobs': 1, 'random_state': 1}"")",MLPClassifier(random_state=1),0.910188261351052,0.8155555555555555,0.8333333333333333,0.7742292490118576,0.8788288288288288,0.7973421060275909
203,"OS_('Assembled_SMOTE', ""{'proportion': 1.0, 'n_neighbors': 5, 'pop': 2, 'thres': 0.3, 'n_jobs': 1, 'random_state': 1}"")","Pipeline(steps=[('standardscaler', StandardScaler()),
                ('svc',
                 SVC(C=1, gamma='auto', kernel='linear', random_state=1))])",0.9105204872646733,0.8,0.7666666666666667,0.7151515151515151,0.850900900900901,0.746847626844239
204,"OS_('SDSMOTE', ""{'proportion': 1.0, 'n_neighbors': 5, 'n_jobs': 1, 'random_state': 1}"")",DecisionTreeClassifier(random_state=1),0.9485049833887043,0.8416666666666668,0.8,0.8041491841491842,0.8864864864864865,0.8124034084843552
205,"OS_('SDSMOTE', ""{'proportion': 1.0, 'n_neighbors': 5, 'n_jobs': 1, 'random_state': 1}"")",KNeighborsClassifier(),0.915282392026578,0.7547619047619047,0.8,0.7404146730462519,0.8675675675675676,0.7579048672409869
206,"OS_('SDSMOTE', ""{'proportion': 1.0, 'n_neighbors': 5, 'n_jobs': 1, 'random_state': 1}"")",MLPClassifier(random_state=1),0.9197120708748615,0.8225,0.8333333333333333,0.7825108225108225,0.8842342342342342,0.8037362495636344
207,"OS_('SDSMOTE', ""{'proportion': 1.0, 'n_neighbors': 5, 'n_jobs': 1, 'random_state': 1}"")","Pipeline(steps=[('standardscaler', StandardScaler()),
                ('svc',
                 SVC(C=1, gamma='auto', kernel='linear', random_state=1))])",0.915282392026578,0.8047619047619048,0.7666666666666667,0.720414673046252,0.8536036036036035,0.7509004339397533
208,"OS_('DSMOTE', ""{'proportion': 1.0, 'n_neighbors': 5, 'rate': 0.1, 'n_step': 50, 'n_jobs': 1, 'random_state': 1}"")",DecisionTreeClassifier(random_state=1),0.953156146179402,0.875,0.8,0.8156643356643357,0.8891891891891893,0.8264618721681785
209,"OS_('DSMOTE', ""{'proportion': 1.0, 'n_neighbors': 5, 'rate': 0.1, 'n_step': 50, 'n_jobs': 1, 'random_state': 1}"")",KNeighborsClassifier(),0.915282392026578,0.8266666666666665,0.6933333333333334,0.7032085561497327,0.8223423423423423,0.7299573300749447
210,"OS_('DSMOTE', ""{'proportion': 1.0, 'n_neighbors': 5, 'rate': 0.1, 'n_step': 50, 'n_jobs': 1, 'random_state': 1}"")",MLPClassifier(random_state=1),0.9057585825027685,0.8171428571428571,0.6933333333333334,0.6933014354066985,0.816936936936937,0.7222960629228317
211,"OS_('DSMOTE', ""{'proportion': 1.0, 'n_neighbors': 5, 'rate': 0.1, 'n_step': 50, 'n_jobs': 1, 'random_state': 1}"")","Pipeline(steps=[('standardscaler', StandardScaler()),
                ('svc',
                 SVC(C=1, gamma='auto', kernel='linear', random_state=1))])",0.9295681063122923,0.8509090909090908,0.7333333333333333,0.7340909090909091,0.8477477477477479,0.7615177466687286
212,"OS_('G_SMOTE', ""{'proportion': 1.0, 'n_neighbors': 5, 'method': 'linear', 'n_jobs': 1, 'random_state': 1}"")",DecisionTreeClassifier(random_state=1),0.9297895902547065,0.7811111111111112,0.7333333333333334,0.7355844155844156,0.8477477477477476,0.7462385688102888
213,"OS_('G_SMOTE', ""{'proportion': 1.0, 'n_neighbors': 5, 'method': 'linear', 'n_jobs': 1, 'random_state': 1}"")",KNeighborsClassifier(),0.9105204872646733,0.7714285714285715,0.8,0.733100233100233,0.8648648648648649,0.7579629491981337
214,"OS_('G_SMOTE', ""{'proportion': 1.0, 'n_neighbors': 5, 'method': 'linear', 'n_jobs': 1, 'random_state': 1}"")",MLPClassifier(random_state=1),0.910188261351052,0.8155555555555555,0.8333333333333333,0.7742292490118576,0.8788288288288288,0.7973421060275909
215,"OS_('G_SMOTE', ""{'proportion': 1.0, 'n_neighbors': 5, 'method': 'linear', 'n_jobs': 1, 'random_state': 1}"")","Pipeline(steps=[('standardscaler', StandardScaler()),
                ('svc',
                 SVC(C=1, gamma='auto', kernel='linear', random_state=1))])",0.915282392026578,0.8047619047619048,0.7666666666666667,0.720414673046252,0.8536036036036035,0.7509004339397533
216,"OS_('NT_SMOTE', ""{'proportion': 1.0, 'n_jobs': 1, 'random_state': 1}"")",DecisionTreeClassifier(random_state=1),0.9392026578073089,0.795,0.7666666666666667,0.7647552447552447,0.867117117117117,0.7727070674836665
217,"OS_('NT_SMOTE', ""{'proportion': 1.0, 'n_jobs': 1, 'random_state': 1}"")",KNeighborsClassifier(),0.896345514950166,0.7135854341736694,0.8,0.7106759906759906,0.8567567567567569,0.732011255171386
218,"OS_('NT_SMOTE', ""{'proportion': 1.0, 'n_jobs': 1, 'random_state': 1}"")",MLPClassifier(random_state=1),0.9054263565891473,0.8126315789473685,0.8333333333333333,0.7706060606060605,0.8761261261261261,0.7945306858971602
219,"OS_('NT_SMOTE', ""{'proportion': 1.0, 'n_jobs': 1, 'random_state': 1}"")","Pipeline(steps=[('standardscaler', StandardScaler()),
                ('svc',
                 SVC(C=1, gamma='auto', kernel='linear', random_state=1))])",0.9105204872646733,0.8,0.7666666666666667,0.7151515151515151,0.850900900900901,0.746847626844239
220,"OS_('Lee', ""{'proportion': 1.0, 'n_neighbors': 5, 'rejection_level': 0.5, 'n_jobs': 1, 'random_state': 1}"")",DecisionTreeClassifier(random_state=1),0.9485049833887043,0.825,0.8333333333333334,0.808911088911089,0.9004504504504505,0.8189418225745764
221,"OS_('Lee', ""{'proportion': 1.0, 'n_neighbors': 5, 'rejection_level': 0.5, 'n_jobs': 1, 'random_state': 1}"")",KNeighborsClassifier(),0.9199335548172757,0.8314285714285713,0.7666666666666667,0.732535885167464,0.8563063063063063,0.7636264492744642
222,"OS_('Lee', ""{'proportion': 1.0, 'n_neighbors': 5, 'rejection_level': 0.5, 'n_jobs': 1, 'random_state': 1}"")",MLPClassifier(random_state=1),0.9198228128460686,0.8266666666666665,0.8,0.7606060606060605,0.8702702702702704,0.7855249445783343
223,"OS_('Lee', ""{'proportion': 1.0, 'n_neighbors': 5, 'rejection_level': 0.5, 'n_jobs': 1, 'random_state': 1}"")","Pipeline(steps=[('standardscaler', StandardScaler()),
                ('svc',
                 SVC(C=1, gamma='auto', kernel='linear', random_state=1))])",0.9246954595791804,0.836923076923077,0.7666666666666667,0.7383838383838384,0.859009009009009,0.7681383229302333
224,"OS_('SPY', ""{'n_neighbors': 5, 'threshold': 0.5, 'n_jobs': 1}"")",DecisionTreeClassifier(random_state=1),0.9485049833887043,0.8083333333333332,0.8666666666666668,0.8156643356643356,0.9144144144144144,0.8264618721681783
225,"OS_('SPY', ""{'n_neighbors': 5, 'threshold': 0.5, 'n_jobs': 1}"")",KNeighborsClassifier(),0.9246954595791804,0.8327272727272726,0.7266666666666668,0.7272727272727273,0.8417117117117117,0.7519755663351436
226,"OS_('SPY', ""{'n_neighbors': 5, 'threshold': 0.5, 'n_jobs': 1}"")",MLPClassifier(random_state=1),0.9438538205980066,0.8933333333333333,0.6933333333333334,0.7545454545454545,0.8385585585585587,0.7727371228441245
227,"OS_('SPY', ""{'n_neighbors': 5, 'threshold': 0.5, 'n_jobs': 1}"")","Pipeline(steps=[('standardscaler', StandardScaler()),
                ('svc',
                 SVC(C=1, gamma='auto', kernel='linear', random_state=1))])",0.9248062015503875,0.8433333333333334,0.7333333333333333,0.7267379679144386,0.8450450450450451,0.7557772190496608
228,"OS_('SMOTE_PSOBAT', ""{'maxit': 50, 'c1': 0.3, 'c2': 0.1, 'c3': 0.1, 'alpha': 0.9, 'gamma': 0.9, 'method': 'bat', 'n_jobs': 1, 'random_state': 1}"")",DecisionTreeClassifier(random_state=1),0.9437430786267995,0.7992063492063493,0.8333333333333334,0.7959573759573759,0.8977477477477478,0.8059505580953772
229,"OS_('SMOTE_PSOBAT', ""{'maxit': 50, 'c1': 0.3, 'c2': 0.1, 'c3': 0.1, 'alpha': 0.9, 'gamma': 0.9, 'method': 'bat', 'n_jobs': 1, 'random_state': 1}"")",KNeighborsClassifier(),0.9151716500553709,0.8266666666666665,0.7666666666666667,0.7272727272727273,0.8536036036036038,0.75957364217895
230,"OS_('SMOTE_PSOBAT', ""{'maxit': 50, 'c1': 0.3, 'c2': 0.1, 'c3': 0.1, 'alpha': 0.9, 'gamma': 0.9, 'method': 'bat', 'n_jobs': 1, 'random_state': 1}"")",MLPClassifier(random_state=1),0.9055370985603544,0.8155555555555555,0.8,0.747562582345191,0.8621621621621622,0.7754641460793552
231,"OS_('SMOTE_PSOBAT', ""{'maxit': 50, 'c1': 0.3, 'c2': 0.1, 'c3': 0.1, 'alpha': 0.9, 'gamma': 0.9, 'method': 'bat', 'n_jobs': 1, 'random_state': 1}"")","Pipeline(steps=[('standardscaler', StandardScaler()),
                ('svc',
                 SVC(C=1, gamma='auto', kernel='linear', random_state=1))])",0.9246954595791804,0.8102564102564103,0.7999999999999999,0.7444444444444445,0.8729729729729729,0.772838121760467
232,"OS_('MDO', ""{'proportion': 1.0, 'K2': 5, 'K1_frac': 0.5, 'n_jobs': 1, 'random_state': 1}"")",DecisionTreeClassifier(random_state=1),0.9150609080841638,0.7839285714285714,0.8666666666666668,0.7664335664335664,0.8954954954954955,0.7941680416587524
233,"OS_('MDO', ""{'proportion': 1.0, 'K2': 5, 'K1_frac': 0.5, 'n_jobs': 1, 'random_state': 1}"")",KNeighborsClassifier(),0.9151716500553709,0.8215384615384614,0.7266666666666668,0.7161616161616161,0.8363063063063063,0.7433313760123916
234,"OS_('MDO', ""{'proportion': 1.0, 'K2': 5, 'K1_frac': 0.5, 'n_jobs': 1, 'random_state': 1}"")",MLPClassifier(random_state=1),0.9151716500553709,0.8266666666666665,0.7666666666666667,0.7424242424242424,0.8536036036036038,0.7680991304133897
235,"OS_('MDO', ""{'proportion': 1.0, 'K2': 5, 'K1_frac': 0.5, 'n_jobs': 1, 'random_state': 1}"")","Pipeline(steps=[('standardscaler', StandardScaler()),
                ('svc',
                 SVC(C=1, gamma='auto', kernel='linear', random_state=1))])",0.9293466223698781,0.8483516483516483,0.8,0.7593628593628594,0.8756756756756756,0.7898171800517547
236,"OS_('Random_SMOTE', ""{'proportion': 1.0, 'n_neighbors': 5, 'n_jobs': 1, 'random_state': 1}"")",DecisionTreeClassifier(random_state=1),0.9438538205980066,0.8178571428571428,0.8,0.7764102564102563,0.8837837837837839,0.792337766293908
237,"OS_('Random_SMOTE', ""{'proportion': 1.0, 'n_neighbors': 5, 'n_jobs': 1, 'random_state': 1}"")",KNeighborsClassifier(),0.9198228128460686,0.8266666666666665,0.8,0.7606060606060605,0.8702702702702704,0.7855249445783343
238,"OS_('Random_SMOTE', ""{'proportion': 1.0, 'n_neighbors': 5, 'n_jobs': 1, 'random_state': 1}"")",MLPClassifier(random_state=1),0.929235880398671,0.8314285714285713,0.8333333333333333,0.792535885167464,0.8896396396396395,0.8114557116220842
239,"OS_('Random_SMOTE', ""{'proportion': 1.0, 'n_neighbors': 5, 'n_jobs': 1, 'random_state': 1}"")","Pipeline(steps=[('standardscaler', StandardScaler()),
                ('svc',
                 SVC(C=1, gamma='auto', kernel='linear', random_state=1))])",0.9200442967884828,0.8102564102564103,0.7666666666666667,0.7262626262626263,0.8563063063063063,0.7554123075955224
240,"OS_('ISMOTE', ""{'n_neighbors': 5, 'minority_weight': 0.5, 'n_jobs': 1, 'random_state': 1}"")",DecisionTreeClassifier(random_state=1),0.8914728682170543,0.7090601503759398,0.8666666666666668,0.7380785880785881,0.881981981981982,0.7607329569635318
241,"OS_('ISMOTE', ""{'n_neighbors': 5, 'minority_weight': 0.5, 'n_jobs': 1, 'random_state': 1}"")",KNeighborsClassifier(),0.9008859357696567,0.75,0.8266666666666668,0.7341991341991342,0.8700900900900901,0.759848422686132
242,"OS_('ISMOTE', ""{'n_neighbors': 5, 'minority_weight': 0.5, 'n_jobs': 1, 'random_state': 1}"")",MLPClassifier(random_state=1),0.9054263565891473,0.7954887218045112,0.8666666666666668,0.778997668997669,0.8900900900900901,0.8027746871912079
243,"OS_('ISMOTE', ""{'n_neighbors': 5, 'minority_weight': 0.5, 'n_jobs': 1, 'random_state': 1}"")","Pipeline(steps=[('standardscaler', StandardScaler()),
                ('svc',
                 SVC(C=1, gamma='auto', kernel='linear', random_state=1))])",0.9200442967884828,0.7912087912087912,0.8,0.7493395493395493,0.8702702702702704,0.7714729566312469
244,"OS_('GASMOTE', ""{'n_neighbors': 5, 'maxn': 7, 'n_pop': 10, 'popl3': 5, 'pm': 0.3, 'pr': 0.2, 'Ge': 10, 'n_jobs': 1, 'random_state': 1}"")",DecisionTreeClassifier(random_state=1),0.9392026578073089,0.8016666666666667,0.7666666666666667,0.7677855477855478,0.8671171171171173,0.7758885713173442
245,"OS_('GASMOTE', ""{'n_neighbors': 5, 'maxn': 7, 'n_pop': 10, 'popl3': 5, 'pm': 0.3, 'pr': 0.2, 'Ge': 10, 'n_jobs': 1, 'random_state': 1}"")",KNeighborsClassifier(),0.915282392026578,0.8047619047619048,0.7666666666666667,0.720414673046252,0.8536036036036035,0.7509004339397533
246,"OS_('GASMOTE', ""{'n_neighbors': 5, 'maxn': 7, 'n_pop': 10, 'popl3': 5, 'pm': 0.3, 'pr': 0.2, 'Ge': 10, 'n_jobs': 1, 'random_state': 1}"")",MLPClassifier(random_state=1),0.9199335548172757,0.8314285714285713,0.7666666666666667,0.732535885167464,0.8563063063063063,0.7636264492744642
247,"OS_('GASMOTE', ""{'n_neighbors': 5, 'maxn': 7, 'n_pop': 10, 'popl3': 5, 'pm': 0.3, 'pr': 0.2, 'Ge': 10, 'n_jobs': 1, 'random_state': 1}"")","Pipeline(steps=[('standardscaler', StandardScaler()),
                ('svc',
                 SVC(C=1, gamma='auto', kernel='linear', random_state=1))])",0.9295681063122923,0.8242424242424242,0.7666666666666667,0.7401515151515151,0.8617117117117118,0.7662175454989623
248,"OS_('SMOTE_FRST_2T', ""{'n_neighbors': 5, 'gamma_S': 0.7, 'gamma_M': 0.03, 'n_jobs': 1, 'random_state': 1}"")",DecisionTreeClassifier(random_state=1),0.9342192691029899,0.7651948051948052,0.8666666666666668,0.7907342657342656,0.9063063063063062,0.8029408769123503
249,"OS_('SMOTE_FRST_2T', ""{'n_neighbors': 5, 'gamma_S': 0.7, 'gamma_M': 0.03, 'n_jobs': 1, 'random_state': 1}"")",KNeighborsClassifier(),0.9104097452934662,0.7939285714285715,0.8,0.7404595404595404,0.8648648648648649,0.7670223095699089
250,"OS_('SMOTE_FRST_2T', ""{'n_neighbors': 5, 'gamma_S': 0.7, 'gamma_M': 0.03, 'n_jobs': 1, 'random_state': 1}"")",MLPClassifier(random_state=1),0.9055370985603544,0.8155555555555555,0.8,0.747562582345191,0.8621621621621622,0.7754641460793552
251,"OS_('SMOTE_FRST_2T', ""{'n_neighbors': 5, 'gamma_S': 0.7, 'gamma_M': 0.03, 'n_jobs': 1, 'random_state': 1}"")","Pipeline(steps=[('standardscaler', StandardScaler()),
                ('svc',
                 SVC(C=1, gamma='auto', kernel='linear', random_state=1))])",0.915282392026578,0.8047619047619048,0.7666666666666667,0.720414673046252,0.8536036036036035,0.7509004339397533
252,"OS_('AND_SMOTE', ""{'proportion': 1.0, 'K': 15, 'n_jobs': 1, 'random_state': 1}"")",DecisionTreeClassifier(random_state=1),0.9438538205980066,0.825,0.8,0.7786080586080586,0.8837837837837839,0.7952148071417752
253,"OS_('AND_SMOTE', ""{'proportion': 1.0, 'K': 15, 'n_jobs': 1, 'random_state': 1}"")",KNeighborsClassifier(),0.9199335548172757,0.8314285714285713,0.7666666666666667,0.732535885167464,0.8563063063063063,0.7636264492744642
254,"OS_('AND_SMOTE', ""{'proportion': 1.0, 'K': 15, 'n_jobs': 1, 'random_state': 1}"")",MLPClassifier(random_state=1),0.9150609080841638,0.8225,0.8,0.7558441558441558,0.8675675675675677,0.7818582896153987
255,"OS_('AND_SMOTE', ""{'proportion': 1.0, 'K': 15, 'n_jobs': 1, 'random_state': 1}"")","Pipeline(steps=[('standardscaler', StandardScaler()),
                ('svc',
                 SVC(C=1, gamma='auto', kernel='linear', random_state=1))])",0.915282392026578,0.8314285714285713,0.7333333333333333,0.7143540669856459,0.8396396396396396,0.7462006351095196
256,"OS_('NRAS', ""{'proportion': 1.0, 'n_neighbors': 5, 't': 0.5, 'n_jobs': 1, 'random_state': 1}"")",DecisionTreeClassifier(random_state=1),0.9673311184939092,0.9166666666666666,0.8333333333333334,0.8654545454545455,0.9112612612612614,0.870197044644325
257,"OS_('NRAS', ""{'proportion': 1.0, 'n_neighbors': 5, 't': 0.5, 'n_jobs': 1, 'random_state': 1}"")",KNeighborsClassifier(),0.9199335548172757,0.8266666666666665,0.7266666666666668,0.7213903743315508,0.8390090090090091,0.7473831442398893
258,"OS_('NRAS', ""{'proportion': 1.0, 'n_neighbors': 5, 't': 0.5, 'n_jobs': 1, 'random_state': 1}"")",MLPClassifier(random_state=1),0.9295681063122923,0.8488888888888889,0.6933333333333334,0.7233766233766235,0.8304504504504505,0.745934732976069
259,"OS_('NRAS', ""{'proportion': 1.0, 'n_neighbors': 5, 't': 0.5, 'n_jobs': 1, 'random_state': 1}"")","Pipeline(steps=[('standardscaler', StandardScaler()),
                ('svc',
                 SVC(C=1, gamma='auto', kernel='linear', random_state=1))])",0.953156146179402,0.9047619047619048,0.76,0.7937062937062936,0.8718918918918919,0.8118417941305905
260,"OS_('AMSCO', ""{'n_pop': 5, 'n_iter': 15, 'omega': 0.1, 'r1': 0.1, 'r2': 0.1, 'n_jobs': 1, 'classifier': DecisionTreeClassifier(random_state=2), 'random_state': 1}"")",DecisionTreeClassifier(random_state=1),0.9438538205980066,0.8116666666666668,0.8,0.7932400932400931,0.8837837837837839,0.7994734328462296
261,"OS_('AMSCO', ""{'n_pop': 5, 'n_iter': 15, 'omega': 0.1, 'r1': 0.1, 'r2': 0.1, 'n_jobs': 1, 'classifier': DecisionTreeClassifier(random_state=2), 'random_state': 1}"")",KNeighborsClassifier(),0.9149501661129568,0.8188235294117646,0.8333333333333333,0.7781818181818181,0.8815315315315315,0.8003980795979728
262,"OS_('AMSCO', ""{'n_pop': 5, 'n_iter': 15, 'omega': 0.1, 'r1': 0.1, 'r2': 0.1, 'n_jobs': 1, 'classifier': DecisionTreeClassifier(random_state=2), 'random_state': 1}"")",MLPClassifier(random_state=1),0.9007751937984496,0.7859649122807018,0.8333333333333333,0.7584848484848484,0.8734234234234235,0.7818046705624493
263,"OS_('AMSCO', ""{'n_pop': 5, 'n_iter': 15, 'omega': 0.1, 'r1': 0.1, 'r2': 0.1, 'n_jobs': 1, 'classifier': DecisionTreeClassifier(random_state=2), 'random_state': 1}"")","Pipeline(steps=[('standardscaler', StandardScaler()),
                ('svc',
                 SVC(C=1, gamma='auto', kernel='linear', random_state=1))])",0.915282392026578,0.8047619047619048,0.7666666666666667,0.720414673046252,0.8536036036036035,0.7509004339397533
264,"OS_('SSO', ""{'proportion': 1.0, 'n_neighbors': 5, 'h': 10, 'n_iter': 5, 'n_jobs': 1, 'random_state': 1}"")",DecisionTreeClassifier(random_state=1),0.9485049833887043,0.8278571428571428,0.8333333333333334,0.8167832167832169,0.9004504504504505,0.823624953308666
265,"OS_('SSO', ""{'proportion': 1.0, 'n_neighbors': 5, 'h': 10, 'n_iter': 5, 'n_jobs': 1, 'random_state': 1}"")",KNeighborsClassifier(),0.929235880398671,0.8380952380952381,0.8333333333333334,0.7870813397129186,0.8896396396396398,0.8101850696724708
266,"OS_('SSO', ""{'proportion': 1.0, 'n_neighbors': 5, 'h': 10, 'n_iter': 5, 'n_jobs': 1, 'random_state': 1}"")",MLPClassifier(random_state=1),0.9196013289036544,0.8302521008403362,0.8666666666666668,0.7906759906759906,0.8981981981981983,0.8176247909362033
267,"OS_('SSO', ""{'proportion': 1.0, 'n_neighbors': 5, 'h': 10, 'n_iter': 5, 'n_jobs': 1, 'random_state': 1}"")","Pipeline(steps=[('standardscaler', StandardScaler()),
                ('svc',
                 SVC(C=1, gamma='auto', kernel='linear', random_state=1))])",0.9148394241417497,0.826984126984127,0.8666666666666668,0.7867234215060301,0.8954954954954955,0.8145688173658211
268,"OS_('NDO_sampling', ""{'proportion': 1.0, 'n_neighbors': 5, 'T': 0.5, 'n_jobs': 1, 'random_state': 1}"")",DecisionTreeClassifier(random_state=1),0.9486157253599113,0.7928571428571429,0.8666666666666668,0.8113419913419913,0.9144144144144144,0.8204896854336929
269,"OS_('NDO_sampling', ""{'proportion': 1.0, 'n_neighbors': 5, 'T': 0.5, 'n_jobs': 1, 'random_state': 1}"")",KNeighborsClassifier(),0.9198228128460686,0.8266666666666665,0.8,0.7606060606060605,0.8702702702702704,0.7855249445783343
270,"OS_('NDO_sampling', ""{'proportion': 1.0, 'n_neighbors': 5, 'T': 0.5, 'n_jobs': 1, 'random_state': 1}"")",MLPClassifier(random_state=1),0.9197120708748615,0.8225,0.8333333333333333,0.7825108225108225,0.8842342342342342,0.8037362495636344
271,"OS_('NDO_sampling', ""{'proportion': 1.0, 'n_neighbors': 5, 'T': 0.5, 'n_jobs': 1, 'random_state': 1}"")","Pipeline(steps=[('standardscaler', StandardScaler()),
                ('svc',
                 SVC(C=1, gamma='auto', kernel='linear', random_state=1))])",0.9200442967884828,0.8102564102564103,0.7666666666666667,0.7262626262626263,0.8563063063063063,0.7554123075955224
272,"OS_('DSRBF', ""{'proportion': 1.0, 'n_neighbors': 5, 'm_min': 4, 'm_max': 10, 'Ib': 2, 'Ob': 2, 'n_pop': 500, 'n_init_pop': 5000, 'n_iter': 40, 'n_sampling_epoch': 5, 'n_jobs': 1, 'random_state': 1}"")",DecisionTreeClassifier(random_state=1),0.9251384274640089,0.7753968253968253,0.7333333333333333,0.7277522477522478,0.8450450450450451,0.740861867629419
273,"OS_('DSRBF', ""{'proportion': 1.0, 'n_neighbors': 5, 'm_min': 4, 'm_max': 10, 'Ib': 2, 'Ob': 2, 'n_pop': 500, 'n_init_pop': 5000, 'n_iter': 40, 'n_sampling_epoch': 5, 'n_jobs': 1, 'random_state': 1}"")",KNeighborsClassifier(),0.9055370985603544,0.8155555555555555,0.8,0.747562582345191,0.8621621621621622,0.7754641460793552
274,"OS_('DSRBF', ""{'proportion': 1.0, 'n_neighbors': 5, 'm_min': 4, 'm_max': 10, 'Ib': 2, 'Ob': 2, 'n_pop': 500, 'n_init_pop': 5000, 'n_iter': 40, 'n_sampling_epoch': 5, 'n_jobs': 1, 'random_state': 1}"")",MLPClassifier(random_state=1),0.9055370985603544,0.8155555555555555,0.8,0.747562582345191,0.8621621621621622,0.7754641460793552
275,"OS_('DSRBF', ""{'proportion': 1.0, 'n_neighbors': 5, 'm_min': 4, 'm_max': 10, 'Ib': 2, 'Ob': 2, 'n_pop': 500, 'n_init_pop': 5000, 'n_iter': 40, 'n_sampling_epoch': 5, 'n_jobs': 1, 'random_state': 1}"")","Pipeline(steps=[('standardscaler', StandardScaler()),
                ('svc',
                 SVC(C=1, gamma='auto', kernel='linear', random_state=1))])",0.915282392026578,0.8047619047619048,0.7666666666666667,0.720414673046252,0.8536036036036035,0.7509004339397533
276,"OS_('Gaussian_SMOTE', ""{'proportion': 1.0, 'n_neighbors': 5, 'sigma': 1.0, 'n_jobs': 1, 'random_state': 1}"")",DecisionTreeClassifier(random_state=1),0.9344407530454042,0.7568253968253968,0.8333333333333333,0.7778221778221778,0.8923423423423422,0.7863114329272695
277,"OS_('Gaussian_SMOTE', ""{'proportion': 1.0, 'n_neighbors': 5, 'sigma': 1.0, 'n_jobs': 1, 'random_state': 1}"")",KNeighborsClassifier(),0.9197120708748615,0.8339285714285716,0.8333333333333334,0.7616716616716617,0.8842342342342342,0.7950116585024803
278,"OS_('Gaussian_SMOTE', ""{'proportion': 1.0, 'n_neighbors': 5, 'sigma': 1.0, 'n_jobs': 1, 'random_state': 1}"")",MLPClassifier(random_state=1),0.9243632336655592,0.8125,0.9,0.8084848484848484,0.914864864864865,0.8308819816524778
279,"OS_('Gaussian_SMOTE', ""{'proportion': 1.0, 'n_neighbors': 5, 'sigma': 1.0, 'n_jobs': 1, 'random_state': 1}"")","Pipeline(steps=[('standardscaler', StandardScaler()),
                ('svc',
                 SVC(C=1, gamma='auto', kernel='linear', random_state=1))])",0.9337763012181617,0.8380952380952381,0.9,0.8264335664335665,0.9202702702702702,0.846507575813036
280,"OS_('kmeans_SMOTE', ""{'proportion': 1.0, 'n_neighbors': 5, 'n_clusters': 10, 'irt': 2.0, 'n_jobs': 1, 'random_state': 1}"")",DecisionTreeClassifier(random_state=1),0.9437430786267995,0.8142857142857143,0.7933333333333333,0.7883982683982683,0.8804504504504503,0.7960526203227201
281,"OS_('kmeans_SMOTE', ""{'proportion': 1.0, 'n_neighbors': 5, 'n_clusters': 10, 'irt': 2.0, 'n_jobs': 1, 'random_state': 1}"")",KNeighborsClassifier(),0.9198228128460686,0.8266666666666665,0.8,0.7606060606060605,0.8702702702702704,0.7855249445783343
282,"OS_('kmeans_SMOTE', ""{'proportion': 1.0, 'n_neighbors': 5, 'n_clusters': 10, 'irt': 2.0, 'n_jobs': 1, 'random_state': 1}"")",MLPClassifier(random_state=1),0.9196013289036544,0.8254901960784314,0.8666666666666668,0.7993939393939394,0.8981981981981983,0.8210053975965954
283,"OS_('kmeans_SMOTE', ""{'proportion': 1.0, 'n_neighbors': 5, 'n_clusters': 10, 'irt': 2.0, 'n_jobs': 1, 'random_state': 1}"")","Pipeline(steps=[('standardscaler', StandardScaler()),
                ('svc',
                 SVC(C=1, gamma='auto', kernel='linear', random_state=1))])",0.915282392026578,0.8314285714285713,0.7333333333333333,0.7143540669856459,0.8396396396396396,0.7462006351095196
284,"OS_('Supervised_SMOTE', ""{'proportion': 1.0, 'th_lower': 0.5, 'th_upper': 1.0, 'classifier': RandomForestClassifier(n_estimators=50, n_jobs=1, random_state=5), 'n_jobs': 1, 'random_state': 1}"")",DecisionTreeClassifier(random_state=1),0.9438538205980066,0.7916666666666667,0.8333333333333334,0.7937595737595737,0.8977477477477478,0.8030343034061875
285,"OS_('Supervised_SMOTE', ""{'proportion': 1.0, 'th_lower': 0.5, 'th_upper': 1.0, 'classifier': RandomForestClassifier(n_estimators=50, n_jobs=1, random_state=5), 'n_jobs': 1, 'random_state': 1}"")",KNeighborsClassifier(),0.9245847176079733,0.8314285714285713,0.8,0.7658692185007974,0.8729729729729729,0.7895777516738486
286,"OS_('Supervised_SMOTE', ""{'proportion': 1.0, 'th_lower': 0.5, 'th_upper': 1.0, 'classifier': RandomForestClassifier(n_estimators=50, n_jobs=1, random_state=5), 'n_jobs': 1, 'random_state': 1}"")",MLPClassifier(random_state=1),0.9198228128460686,0.8266666666666665,0.8,0.7606060606060605,0.8702702702702704,0.7855249445783343
287,"OS_('Supervised_SMOTE', ""{'proportion': 1.0, 'th_lower': 0.5, 'th_upper': 1.0, 'classifier': RandomForestClassifier(n_estimators=50, n_jobs=1, random_state=5), 'n_jobs': 1, 'random_state': 1}"")","Pipeline(steps=[('standardscaler', StandardScaler()),
                ('svc',
                 SVC(C=1, gamma='auto', kernel='linear', random_state=1))])",0.9200442967884828,0.8102564102564103,0.7666666666666667,0.7262626262626263,0.8563063063063063,0.7554123075955224
288,"OS_('SN_SMOTE', ""{'proportion': 1.0, 'n_neighbors': 5, 'n_jobs': 1, 'random_state': 1}"")",DecisionTreeClassifier(random_state=1),0.9345514950166113,0.7607142857142858,0.8,0.7633566433566432,0.8783783783783784,0.7717692559068171
289,"OS_('SN_SMOTE', ""{'proportion': 1.0, 'n_neighbors': 5, 'n_jobs': 1, 'random_state': 1}"")",KNeighborsClassifier(),0.9006644518272425,0.8099999999999999,0.8333333333333333,0.7672727272727272,0.8734234234234235,0.7919328506886448
290,"OS_('SN_SMOTE', ""{'proportion': 1.0, 'n_neighbors': 5, 'n_jobs': 1, 'random_state': 1}"")",MLPClassifier(random_state=1),0.9054263565891473,0.8126315789473685,0.8333333333333333,0.7706060606060605,0.8761261261261261,0.7945306858971602
291,"OS_('SN_SMOTE', ""{'proportion': 1.0, 'n_neighbors': 5, 'n_jobs': 1, 'random_state': 1}"")","Pipeline(steps=[('standardscaler', StandardScaler()),
                ('svc',
                 SVC(C=1, gamma='auto', kernel='linear', random_state=1))])",0.9105204872646733,0.8,0.7666666666666667,0.7151515151515151,0.850900900900901,0.746847626844239
292,"OS_('CCR', ""{'proportion': 1.0, 'energy': 1.0, 'scaling': 0.0, 'n_jobs': 1, 'random_state': 1}"")",DecisionTreeClassifier(random_state=1),0.9342192691029899,0.7688888888888888,0.86,0.7915584415584416,0.9029729729729731,0.8028098271513852
293,"OS_('CCR', ""{'proportion': 1.0, 'energy': 1.0, 'scaling': 0.0, 'n_jobs': 1, 'random_state': 1}"")",KNeighborsClassifier(),0.9246954595791804,0.8327272727272726,0.7266666666666668,0.7272727272727273,0.8417117117117117,0.7519755663351436
294,"OS_('CCR', ""{'proportion': 1.0, 'energy': 1.0, 'scaling': 0.0, 'n_jobs': 1, 'random_state': 1}"")",MLPClassifier(random_state=1),0.9100775193798449,0.8026315789473685,0.9,0.7965800865800865,0.9067567567567567,0.8216764179860038
295,"OS_('CCR', ""{'proportion': 1.0, 'energy': 1.0, 'scaling': 0.0, 'n_jobs': 1, 'random_state': 1}"")","Pipeline(steps=[('standardscaler', StandardScaler()),
                ('svc',
                 SVC(C=1, gamma='auto', kernel='linear', random_state=1))])",0.8769656699889257,0.7416666666666667,0.9,0.7556321839080461,0.8878378378378378,0.7845523919552848
296,"OS_('ANS', ""{'proportion': 1.0, 'n_jobs': 1, 'random_state': 1}"")",DecisionTreeClassifier(random_state=1),0.9485049833887043,0.825,0.8333333333333334,0.808911088911089,0.9004504504504505,0.8189418225745764
297,"OS_('ANS', ""{'proportion': 1.0, 'n_jobs': 1, 'random_state': 1}"")",KNeighborsClassifier(),0.9199335548172757,0.8266666666666665,0.7266666666666668,0.7213903743315508,0.8390090090090091,0.7473831442398893
298,"OS_('ANS', ""{'proportion': 1.0, 'n_jobs': 1, 'random_state': 1}"")",MLPClassifier(random_state=1),0.9245847176079733,0.8380952380952381,0.8,0.7537480063795854,0.8729729729729729,0.7842337672730866
299,"OS_('ANS', ""{'proportion': 1.0, 'n_jobs': 1, 'random_state': 1}"")","Pipeline(steps=[('standardscaler', StandardScaler()),
                ('svc',
                 SVC(C=1, gamma='auto', kernel='linear', random_state=1))])",0.9200442967884828,0.836923076923077,0.7333333333333333,0.7202020202020203,0.8423423423423424,0.7507125087652887
300,"OS_('cluster_SMOTE', ""{'proportion': 1.0, 'n_neighbors': 3, 'n_clusters': 3, 'n_jobs': 1, 'random_state': 1}"")",DecisionTreeClassifier(random_state=1),0.9485049833887043,0.7964285714285715,0.8666666666666668,0.8117082917082916,0.9144144144144144,0.8215316566940313
301,"OS_('cluster_SMOTE', ""{'proportion': 1.0, 'n_neighbors': 3, 'n_clusters': 3, 'n_jobs': 1, 'random_state': 1}"")",KNeighborsClassifier(),0.915282392026578,0.7361904761904762,0.8333333333333333,0.7504846031161819,0.8815315315315315,0.7666537487243826
302,"OS_('cluster_SMOTE', ""{'proportion': 1.0, 'n_neighbors': 3, 'n_clusters': 3, 'n_jobs': 1, 'random_state': 1}"")",MLPClassifier(random_state=1),0.9244739756367663,0.8,0.8666666666666668,0.796969696969697,0.9009009009009009,0.8139517588413693
303,"OS_('cluster_SMOTE', ""{'proportion': 1.0, 'n_neighbors': 3, 'n_clusters': 3, 'n_jobs': 1, 'random_state': 1}"")","Pipeline(steps=[('standardscaler', StandardScaler()),
                ('svc',
                 SVC(C=1, gamma='auto', kernel='linear', random_state=1))])",0.9200442967884828,0.8102564102564103,0.7666666666666667,0.7262626262626263,0.8563063063063063,0.7554123075955224
