,OS,Algorithm,ACC,Precision,recall,F1-Score,AUC,G-measure
0,"OS_('SMOTE', ""{'proportion': 1.0, 'n_neighbors': 5, 'n_jobs': 1, 'random_state': 1}"")",DecisionTreeClassifier(random_state=1),0.8086378737541529,0.7327272727272727,0.7285714285714285,0.7169885057471265,0.7883004926108373,0.7237561260510557
1,"OS_('SMOTE', ""{'proportion': 1.0, 'n_neighbors': 5, 'n_jobs': 1, 'random_state': 1}"")",KNeighborsClassifier(),0.780952380952381,0.6413333333333333,0.9285714285714286,0.742684766214178,0.8193349753694582,0.7634218409081484
2,"OS_('SMOTE', ""{'proportion': 1.0, 'n_neighbors': 5, 'n_jobs': 1, 'random_state': 1}"")",MLPClassifier(random_state=1),0.7019933554817277,0.5890977078477079,0.9142857142857143,0.6939595539109877,0.7570197044334975,0.7217628708229789
3,"OS_('SMOTE', ""{'proportion': 1.0, 'n_neighbors': 5, 'n_jobs': 1, 'random_state': 1}"")","Pipeline(steps=[('standardscaler', StandardScaler()),
                ('svc',
                 SVC(C=1, gamma='auto', kernel='linear', random_state=1))])",0.6780730897009967,0.530046685340803,0.8428571428571429,0.6425990746661375,0.7206896551724138,0.6639262088157489
4,"OS_('SMOTE_TomekLinks', ""{'proportion': 1.0, 'n_neighbors': 5, 'n_jobs': 1, 'random_state': 1}"")",DecisionTreeClassifier(random_state=1),0.7993355481727575,0.7195989974937343,0.7428571428571429,0.7165445665445666,0.7850985221674878,0.7238212617483762
5,"OS_('SMOTE_TomekLinks', ""{'proportion': 1.0, 'n_neighbors': 5, 'n_jobs': 1, 'random_state': 1}"")",KNeighborsClassifier(),0.7763012181616833,0.6373333333333333,0.9285714285714286,0.7393514328808447,0.8158866995073891,0.7607230238875371
6,"OS_('SMOTE_TomekLinks', ""{'proportion': 1.0, 'n_neighbors': 5, 'n_jobs': 1, 'random_state': 1}"")",MLPClassifier(random_state=1),0.6787375415282393,0.5752891277968677,0.9428571428571428,0.6884456813028241,0.747167487684729,0.7222396774993962
7,"OS_('SMOTE_TomekLinks', ""{'proportion': 1.0, 'n_neighbors': 5, 'n_jobs': 1, 'random_state': 1}"")","Pipeline(steps=[('standardscaler', StandardScaler()),
                ('svc',
                 SVC(C=1, gamma='auto', kernel='linear', random_state=1))])",0.6827242524916943,0.5322558554810076,0.8285714285714285,0.6413265487424488,0.7204433497536946,0.6604025497532792
8,"OS_('SMOTE_ENN', ""{'proportion': 1.0, 'n_neighbors': 5, 'n_jobs': 1, 'random_state': 1}"")",DecisionTreeClassifier(random_state=1),0.7713178294573644,0.6370096570096571,0.8428571428571429,0.7134172596241563,0.7899014778325124,0.726440267963319
9,"OS_('SMOTE_ENN', ""{'proportion': 1.0, 'n_neighbors': 5, 'n_jobs': 1, 'random_state': 1}"")",KNeighborsClassifier(),0.739202657807309,0.5981991910027892,0.9428571428571428,0.7153801447505361,0.7919950738916256,0.7422432851324012
10,"OS_('SMOTE_ENN', ""{'proportion': 1.0, 'n_neighbors': 5, 'n_jobs': 1, 'random_state': 1}"")",MLPClassifier(random_state=1),0.6369878183831672,0.5468796425452773,0.9857142857142858,0.6757336374317507,0.727216748768473,0.718575725120213
11,"OS_('SMOTE_ENN', ""{'proportion': 1.0, 'n_neighbors': 5, 'n_jobs': 1, 'random_state': 1}"")","Pipeline(steps=[('standardscaler', StandardScaler()),
                ('svc',
                 SVC(C=1, gamma='auto', kernel='linear', random_state=1))])",0.7109634551495015,0.557970584600173,0.9428571428571428,0.6936916704666363,0.7706896551724138,0.7212334662592536
12,"OS_('Borderline_SMOTE2', ""{'proportion': 1.0, 'n_neighbors': 5, 'k_neighbors': 5, 'n_jobs': 1, 'random_state': 1}"")",DecisionTreeClassifier(random_state=1),0.7529346622369878,0.6209341535657324,0.7857142857142857,0.6814362108479755,0.7616995073891626,0.692279191148119
13,"OS_('Borderline_SMOTE2', ""{'proportion': 1.0, 'n_neighbors': 5, 'k_neighbors': 5, 'n_jobs': 1, 'random_state': 1}"")",KNeighborsClassifier(),0.7578073089700996,0.6169766325628394,0.9428571428571428,0.7301715080784847,0.8057881773399014,0.7544399063145507
14,"OS_('Borderline_SMOTE2', ""{'proportion': 1.0, 'n_neighbors': 5, 'k_neighbors': 5, 'n_jobs': 1, 'random_state': 1}"")",MLPClassifier(random_state=1),0.6601328903654485,0.5612540400775694,0.9571428571428571,0.6795584900626918,0.7370689655172413,0.7175167646738468
15,"OS_('Borderline_SMOTE2', ""{'proportion': 1.0, 'n_neighbors': 5, 'k_neighbors': 5, 'n_jobs': 1, 'random_state': 1}"")","Pipeline(steps=[('standardscaler', StandardScaler()),
                ('svc',
                 SVC(C=1, gamma='auto', kernel='linear', random_state=1))])",0.664673311184939,0.5546965452847805,0.9142857142857143,0.6680194805194806,0.7293103448275862,0.6998297793506777
16,"OS_('ADASYN', ""{'n_neighbors': 5, 'd_th': 0.9, 'beta': 1.0, 'n_jobs': 1, 'random_state': 1}"")",DecisionTreeClassifier(random_state=1),0.7992248062015505,0.7140914640914641,0.7428571428571429,0.7073274229795969,0.7850985221674878,0.7177817991603449
17,"OS_('ADASYN', ""{'n_neighbors': 5, 'd_th': 0.9, 'beta': 1.0, 'n_jobs': 1, 'random_state': 1}"")",KNeighborsClassifier(),0.766998892580288,0.6305494505494506,0.9285714285714286,0.733349890563513,0.8089901477832513,0.7559456352698228
18,"OS_('ADASYN', ""{'n_neighbors': 5, 'd_th': 0.9, 'beta': 1.0, 'n_jobs': 1, 'random_state': 1}"")",MLPClassifier(random_state=1),0.6740863787375415,0.5708676127793775,0.9142857142857143,0.6756322136346606,0.7363300492610837,0.7076821899080157
19,"OS_('ADASYN', ""{'n_neighbors': 5, 'd_th': 0.9, 'beta': 1.0, 'n_jobs': 1, 'random_state': 1}"")","Pipeline(steps=[('standardscaler', StandardScaler()),
                ('svc',
                 SVC(C=1, gamma='auto', kernel='linear', random_state=1))])",0.6459579180509413,0.5470951270951272,0.9142857142857143,0.6568567970923594,0.7155172413793104,0.6920392988472587
20,"OS_('AHC', ""{'strategy': 'min', 'n_jobs': 1, 'random_state': 1}"")",DecisionTreeClassifier(random_state=1),0.8224806201550388,0.7446198830409357,0.7571428571428571,0.7312159962799349,0.8060344827586208,0.7409644163101953
21,"OS_('AHC', ""{'strategy': 'min', 'n_jobs': 1, 'random_state': 1}"")",KNeighborsClassifier(),0.780952380952381,0.6413333333333333,0.9285714285714286,0.742684766214178,0.8193349753694582,0.7634218409081484
22,"OS_('AHC', ""{'strategy': 'min', 'n_jobs': 1, 'random_state': 1}"")",MLPClassifier(random_state=1),0.6740863787375415,0.56506993006993,0.9142857142857143,0.675651602271834,0.7363300492610837,0.7064511400433581
23,"OS_('AHC', ""{'strategy': 'min', 'n_jobs': 1, 'random_state': 1}"")","Pipeline(steps=[('standardscaler', StandardScaler()),
                ('svc',
                 SVC(C=1, gamma='auto', kernel='linear', random_state=1))])",0.6780730897009966,0.5311246337615506,0.8428571428571429,0.6425484419885459,0.7206896551724138,0.6641690728498542
24,"OS_('LLE_SMOTE', ""{'proportion': 1.0, 'n_neighbors': 5, 'n_components': 2, 'n_jobs': 1, 'random_state': 1}"")",DecisionTreeClassifier(random_state=1),0.8130675526024363,0.7379824561403507,0.7285714285714286,0.7107259204622288,0.7917487684729064,0.7218598300549729
25,"OS_('LLE_SMOTE', ""{'proportion': 1.0, 'n_neighbors': 5, 'n_components': 2, 'n_jobs': 1, 'random_state': 1}"")",KNeighborsClassifier(),0.7808416389811739,0.6458915470494417,0.8857142857142858,0.729746043430254,0.8082512315270935,0.7474895446691857
26,"OS_('LLE_SMOTE', ""{'proportion': 1.0, 'n_neighbors': 5, 'n_components': 2, 'n_jobs': 1, 'random_state': 1}"")",MLPClassifier(random_state=1),0.6973421926910299,0.5824681943216425,0.8857142857142858,0.682476105726679,0.7461822660098522,0.7074366314012769
27,"OS_('LLE_SMOTE', ""{'proportion': 1.0, 'n_neighbors': 5, 'n_components': 2, 'n_jobs': 1, 'random_state': 1}"")","Pipeline(steps=[('standardscaler', StandardScaler()),
                ('svc',
                 SVC(C=1, gamma='auto', kernel='linear', random_state=1))])",0.6781838316722038,0.5302586206896551,0.8571428571428571,0.646445432072907,0.7245073891625615,0.6694116430364656
28,"OS_('distance_SMOTE', ""{'proportion': 1.0, 'n_neighbors': 5, 'n_jobs': 1, 'random_state': 1}"")",DecisionTreeClassifier(random_state=1),0.8225913621262458,0.734112554112554,0.7857142857142857,0.7425714285714287,0.8134236453201972,0.7511825570982322
29,"OS_('distance_SMOTE', ""{'proportion': 1.0, 'n_neighbors': 5, 'n_jobs': 1, 'random_state': 1}"")",KNeighborsClassifier(),0.7620155038759691,0.6075384615384615,0.9142857142857144,0.7180124015418133,0.8016009852216749,0.7390316009521782
30,"OS_('distance_SMOTE', ""{'proportion': 1.0, 'n_neighbors': 5, 'n_jobs': 1, 'random_state': 1}"")",MLPClassifier(random_state=1),0.6880398671096346,0.5791440041440042,0.9,0.6820931700297577,0.7429802955665024,0.7097663001910451
31,"OS_('distance_SMOTE', ""{'proportion': 1.0, 'n_neighbors': 5, 'n_jobs': 1, 'random_state': 1}"")","Pipeline(steps=[('standardscaler', StandardScaler()),
                ('svc',
                 SVC(C=1, gamma='auto', kernel='linear', random_state=1))])",0.6921373200442968,0.5442830687830689,0.8428571428571429,0.653113776467435,0.7311576354679803,0.6728488552279535
32,"OS_('SMMO', ""{'proportion': 1.0, 'n_neighbors': 5, 'ensemble': [QuadraticDiscriminantAnalysis(), DecisionTreeClassifier(random_state=2), GaussianNB()], 'n_jobs': 1, 'random_state': 1}"")",DecisionTreeClassifier(random_state=1),0.7990033222591363,0.7232142857142858,0.7,0.6898724264241505,0.7740147783251232,0.7004992926734144
33,"OS_('SMMO', ""{'proportion': 1.0, 'n_neighbors': 5, 'ensemble': [QuadraticDiscriminantAnalysis(), DecisionTreeClassifier(random_state=2), GaussianNB()], 'n_jobs': 1, 'random_state': 1}"")",KNeighborsClassifier(),0.775968992248062,0.6249848702022616,0.8571428571428571,0.7155794449912098,0.797167487684729,0.7281755534818414
34,"OS_('SMMO', ""{'proportion': 1.0, 'n_neighbors': 5, 'ensemble': [QuadraticDiscriminantAnalysis(), DecisionTreeClassifier(random_state=2), GaussianNB()], 'n_jobs': 1, 'random_state': 1}"")",MLPClassifier(random_state=1),0.6780730897009967,0.5193712121212121,0.6571428571428571,0.5522081756324635,0.6730295566502463,0.5696663944462641
35,"OS_('SMMO', ""{'proportion': 1.0, 'n_neighbors': 5, 'ensemble': [QuadraticDiscriminantAnalysis(), DecisionTreeClassifier(random_state=2), GaussianNB()], 'n_jobs': 1, 'random_state': 1}"")","Pipeline(steps=[('standardscaler', StandardScaler()),
                ('svc',
                 SVC(C=1, gamma='auto', kernel='linear', random_state=1))])",0.6825027685492802,0.54711998527788,0.7285714285714285,0.6024008355296149,0.6948275862068967,0.6195513340873182
36,"OS_('polynom_fit_SMOTE', ""{'proportion': 1.0, 'topology': 'star', 'random_state': 1}"")",DecisionTreeClassifier(random_state=1),0.8131782945736434,0.7287554112554113,0.7571428571428571,0.7278095238095239,0.7990147783251231,0.7353262140759788
37,"OS_('polynom_fit_SMOTE', ""{'proportion': 1.0, 'topology': 'star', 'random_state': 1}"")",KNeighborsClassifier(),0.7669988925802879,0.6287293447293447,0.9285714285714286,0.7320906448883494,0.8089901477832513,0.7548655870719208
38,"OS_('polynom_fit_SMOTE', ""{'proportion': 1.0, 'topology': 'star', 'random_state': 1}"")",MLPClassifier(random_state=1),0.683388704318937,0.5737258440484247,0.9571428571428571,0.6918521167332181,0.7543103448275862,0.7270901960704652
39,"OS_('polynom_fit_SMOTE', ""{'proportion': 1.0, 'topology': 'star', 'random_state': 1}"")","Pipeline(steps=[('standardscaler', StandardScaler()),
                ('svc',
                 SVC(C=1, gamma='auto', kernel='linear', random_state=1))])",0.7014396456256922,0.5512918552036199,0.8285714285714286,0.6543258891645989,0.73435960591133,0.67174588395908
40,"OS_('Stefanowski', ""{'strategy': 'weak_amp', 'n_jobs': 1}"")",DecisionTreeClassifier(random_state=1),0.7571428571428572,0.6181145561672945,0.8142857142857143,0.6917327115029989,0.7719211822660098,0.7036615835395926
41,"OS_('Stefanowski', ""{'strategy': 'weak_amp', 'n_jobs': 1}"")",KNeighborsClassifier(),0.7345514950166112,0.5942400594574508,0.9285714285714285,0.708724822383359,0.7848522167487685,0.7344160846163076
42,"OS_('Stefanowski', ""{'strategy': 'weak_amp', 'n_jobs': 1}"")",MLPClassifier(random_state=1),0.6554817275747509,0.5630295573020032,0.9428571428571428,0.6764747474747475,0.7299261083743842,0.712900650080789
43,"OS_('Stefanowski', ""{'strategy': 'weak_amp', 'n_jobs': 1}"")","Pipeline(steps=[('standardscaler', StandardScaler()),
                ('svc',
                 SVC(C=1, gamma='auto', kernel='linear', random_state=1))])",0.6457364341085271,0.5174657389837656,0.9,0.6381130268199234,0.7115763546798028,0.6718809694516368
44,"OS_('ADOMS', ""{'proportion': 1.0, 'n_neighbors': 5, 'n_jobs': 1, 'random_state': 1}"")",DecisionTreeClassifier(random_state=1),0.7945736434108528,0.6851515151515152,0.7571428571428571,0.7060134879769768,0.7852216748768472,0.7135104428765786
45,"OS_('ADOMS', ""{'proportion': 1.0, 'n_neighbors': 5, 'n_jobs': 1, 'random_state': 1}"")",KNeighborsClassifier(),0.7807308970099668,0.647,0.9000000000000001,0.7307414463761213,0.8119458128078818,0.7517679323541515
46,"OS_('ADOMS', ""{'proportion': 1.0, 'n_neighbors': 5, 'n_jobs': 1, 'random_state': 1}"")",MLPClassifier(random_state=1),0.7019933554817277,0.587709776813225,0.8857142857142858,0.6865749903788003,0.7496305418719211,0.7108074008523937
47,"OS_('ADOMS', ""{'proportion': 1.0, 'n_neighbors': 5, 'n_jobs': 1, 'random_state': 1}"")","Pipeline(steps=[('standardscaler', StandardScaler()),
                ('svc',
                 SVC(C=1, gamma='auto', kernel='linear', random_state=1))])",0.6968992248062016,0.5543154121863799,0.8428571428571429,0.65811977445825,0.7347290640394089,0.677797363053646
48,"OS_('Safe_Level_SMOTE', ""{'proportion': 1.0, 'n_neighbors': 5, 'n_jobs': 1, 'random_state': 1}"")",DecisionTreeClassifier(random_state=1),0.8133997785160576,0.7186101617680565,0.7571428571428571,0.7224167786236751,0.7991379310344827,0.7300891323139272
49,"OS_('Safe_Level_SMOTE', ""{'proportion': 1.0, 'n_neighbors': 5, 'n_jobs': 1, 'random_state': 1}"")",KNeighborsClassifier(),0.7529346622369878,0.6149461279461279,0.9,0.7103505480398933,0.7912561576354681,0.7334416686456134
50,"OS_('Safe_Level_SMOTE', ""{'proportion': 1.0, 'n_neighbors': 5, 'n_jobs': 1, 'random_state': 1}"")",MLPClassifier(random_state=1),0.6973421926910299,0.5821911421911421,0.9285714285714285,0.6937602558753999,0.7572660098522167,0.7234347647829311
51,"OS_('Safe_Level_SMOTE', ""{'proportion': 1.0, 'n_neighbors': 5, 'n_jobs': 1, 'random_state': 1}"")","Pipeline(steps=[('standardscaler', StandardScaler()),
                ('svc',
                 SVC(C=1, gamma='auto', kernel='linear', random_state=1))])",0.6500553709856035,0.5050745231779714,0.8,0.6104208194905869,0.6889162561576354,0.6309115372040787
52,"OS_('MSMOTE', ""{'proportion': 1.0, 'n_neighbors': 5, 'n_jobs': 1, 'random_state': 1}"")",DecisionTreeClassifier(random_state=1),0.8411960132890364,0.7767569659442725,0.7714285714285715,0.7598631476050832,0.8235221674876847,0.7669356243540539
53,"OS_('MSMOTE', ""{'proportion': 1.0, 'n_neighbors': 5, 'n_jobs': 1, 'random_state': 1}"")",KNeighborsClassifier(),0.7715393133997785,0.6355104895104895,0.9142857142857144,0.7298642533936652,0.808743842364532,0.7519463304250341
54,"OS_('MSMOTE', ""{'proportion': 1.0, 'n_neighbors': 5, 'n_jobs': 1, 'random_state': 1}"")",MLPClassifier(random_state=1),0.6926910299003323,0.580757506338626,0.8857142857142858,0.6791559006754162,0.7427339901477833,0.7052404399232854
55,"OS_('MSMOTE', ""{'proportion': 1.0, 'n_neighbors': 5, 'n_jobs': 1, 'random_state': 1}"")","Pipeline(steps=[('standardscaler', StandardScaler()),
                ('svc',
                 SVC(C=1, gamma='auto', kernel='linear', random_state=1))])",0.7157253599114064,0.5826294620412268,0.8285714285714286,0.6701380012668265,0.7450738916256159,0.6874723971794807
56,"OS_('DE_oversampling', ""{'proportion': 1.0, 'n_neighbors': 5, 'crossover_rate': 0.5, 'similarity_threshold': 0.5, 'n_clusters': 30, 'n_jobs': 1, 'random_state': 1}"")",DecisionTreeClassifier(random_state=1),0.770874861572536,0.6283252695017401,0.7857142857142857,0.6945084485407065,0.7747536945812807,0.7007102404782889
57,"OS_('DE_oversampling', ""{'proportion': 1.0, 'n_neighbors': 5, 'crossover_rate': 0.5, 'similarity_threshold': 0.5, 'n_clusters': 30, 'n_jobs': 1, 'random_state': 1}"")",KNeighborsClassifier(),0.748062015503876,0.5925022385022386,0.9,0.7025781255306287,0.7875615763546799,0.7239655347012477
58,"OS_('DE_oversampling', ""{'proportion': 1.0, 'n_neighbors': 5, 'crossover_rate': 0.5, 'similarity_threshold': 0.5, 'n_clusters': 30, 'n_jobs': 1, 'random_state': 1}"")",MLPClassifier(random_state=1),0.6553709856035437,0.557379679144385,0.9142857142857143,0.6635465806617247,0.7225369458128079,0.6981623895823861
59,"OS_('DE_oversampling', ""{'proportion': 1.0, 'n_neighbors': 5, 'crossover_rate': 0.5, 'similarity_threshold': 0.5, 'n_clusters': 30, 'n_jobs': 1, 'random_state': 1}"")","Pipeline(steps=[('standardscaler', StandardScaler()),
                ('svc',
                 SVC(C=1, gamma='auto', kernel='linear', random_state=1))])",0.6878183831672204,0.55793391667755,0.8428571428571429,0.654983164983165,0.7280788177339902,0.6770351946495857
60,"OS_('SMOBD', ""{'proportion': 1.0, 'eta1': 0.5, 't': 1.8, 'min_samples': 5, 'max_eps': 1.0, 'n_jobs': 1, 'random_state': 1}"")",DecisionTreeClassifier(random_state=1),0.798892580287929,0.680959595959596,0.7857142857142858,0.722141173003242,0.7955665024630543,0.7276866122277409
61,"OS_('SMOBD', ""{'proportion': 1.0, 'eta1': 0.5, 't': 1.8, 'min_samples': 5, 'max_eps': 1.0, 'n_jobs': 1, 'random_state': 1}"")",KNeighborsClassifier(),0.7714285714285715,0.6151428571428571,0.9285714285714286,0.7305968541262658,0.8121921182266011,0.7508310130927043
62,"OS_('SMOBD', ""{'proportion': 1.0, 'eta1': 0.5, 't': 1.8, 'min_samples': 5, 'max_eps': 1.0, 'n_jobs': 1, 'random_state': 1}"")",MLPClassifier(random_state=1),0.6880398671096346,0.5765867107802591,0.9,0.6802777777777778,0.7429802955665025,0.7082417437918205
63,"OS_('SMOBD', ""{'proportion': 1.0, 'eta1': 0.5, 't': 1.8, 'min_samples': 5, 'max_eps': 1.0, 'n_jobs': 1, 'random_state': 1}"")","Pipeline(steps=[('standardscaler', StandardScaler()),
                ('svc',
                 SVC(C=1, gamma='auto', kernel='linear', random_state=1))])",0.6828349944629014,0.5387020133723988,0.8428571428571429,0.6468258528046646,0.7242610837438423,0.668196880062448
64,"OS_('SUNDO', ""{'n_jobs': 1, 'random_state': 1}"")",DecisionTreeClassifier(random_state=1),0.734108527131783,0.5990987569934939,0.7571428571428572,0.6517816492450639,0.7403940886699506,0.6647067642156871
65,"OS_('SUNDO', ""{'n_jobs': 1, 'random_state': 1}"")",KNeighborsClassifier(),0.7482834994462901,0.6066190224725694,0.9,0.7101185101185102,0.7876847290640394,0.7311775969936912
66,"OS_('SUNDO', ""{'n_jobs': 1, 'random_state': 1}"")",MLPClassifier(random_state=1),0.6647840531561462,0.5622921522921522,0.9285714285714285,0.6753037761848776,0.733128078817734,0.7088750029693072
67,"OS_('SUNDO', ""{'n_jobs': 1, 'random_state': 1}"")","Pipeline(steps=[('standardscaler', StandardScaler()),
                ('svc',
                 SVC(C=1, gamma='auto', kernel='linear', random_state=1))])",0.6549280177187153,0.5284803921568628,0.9142857142857144,0.6513971512358608,0.7220443349753695,0.68485049793755
68,"OS_('MSYN', ""{'pressure': 1.5, 'n_neighbors': 5, 'n_jobs': 1, 'random_state': 1}"")",DecisionTreeClassifier(random_state=1),0.8131782945736434,0.7433333333333333,0.7,0.7034659141017727,0.78435960591133,0.7124684960496843
69,"OS_('MSYN', ""{'pressure': 1.5, 'n_neighbors': 5, 'n_jobs': 1, 'random_state': 1}"")",KNeighborsClassifier(),0.7622369878183831,0.6285043416622363,0.8857142857142858,0.7157241218345197,0.7944581280788177,0.736017751552877
70,"OS_('MSYN', ""{'pressure': 1.5, 'n_neighbors': 5, 'n_jobs': 1, 'random_state': 1}"")",MLPClassifier(random_state=1),0.7065337763012182,0.5925761739623547,0.8571428571428573,0.6787927211222509,0.7456896551724138,0.7011323677927209
71,"OS_('MSYN', ""{'pressure': 1.5, 'n_neighbors': 5, 'n_jobs': 1, 'random_state': 1}"")","Pipeline(steps=[('standardscaler', StandardScaler()),
                ('svc',
                 SVC(C=1, gamma='auto', kernel='linear', random_state=1))])",0.6779623477297896,0.5285968660968661,0.8,0.6273170731707316,0.7096059113300492,0.6453684547935067
72,"OS_('SVM_balance', ""{'proportion': 1.0, 'n_neighbors': 5, 'n_jobs': 1, 'random_state': 1}"")",DecisionTreeClassifier(random_state=1),0.7578073089700996,0.6307692307692309,0.8285714285714285,0.6997597597597597,0.7762315270935961,0.7144325679233934
73,"OS_('SVM_balance', ""{'proportion': 1.0, 'n_neighbors': 5, 'n_jobs': 1, 'random_state': 1}"")",KNeighborsClassifier(),0.753156146179402,0.6110934990934991,0.9428571428571428,0.725974567437982,0.8023399014778325,0.7508658070716072
74,"OS_('SVM_balance', ""{'proportion': 1.0, 'n_neighbors': 5, 'n_jobs': 1, 'random_state': 1}"")",MLPClassifier(random_state=1),0.6601328903654485,0.5560680517037253,0.9428571428571428,0.6736666666666667,0.7333743842364531,0.7098958634820447
75,"OS_('SVM_balance', ""{'proportion': 1.0, 'n_neighbors': 5, 'n_jobs': 1, 'random_state': 1}"")","Pipeline(steps=[('standardscaler', StandardScaler()),
                ('svc',
                 SVC(C=1, gamma='auto', kernel='linear', random_state=1))])",0.6967884828349945,0.5556372549019608,0.8857142857142858,0.6714152759948653,0.7456896551724138,0.6952334012592345
76,"OS_('TRIM_SMOTE', ""{'proportion': 1.0, 'n_neighbors': 5, 'min_precision': 0.3, 'n_jobs': 1, 'random_state': 1}"")",DecisionTreeClassifier(random_state=1),0.7945736434108528,0.710925925925926,0.7571428571428571,0.7048824673029339,0.7853448275862069,0.7191956956680188
77,"OS_('TRIM_SMOTE', ""{'proportion': 1.0, 'n_neighbors': 5, 'min_precision': 0.3, 'n_jobs': 1, 'random_state': 1}"")",KNeighborsClassifier(),0.780952380952381,0.6413589743589743,0.9285714285714286,0.742603794554259,0.8193349753694582,0.7633812054371936
78,"OS_('TRIM_SMOTE', ""{'proportion': 1.0, 'n_neighbors': 5, 'min_precision': 0.3, 'n_jobs': 1, 'random_state': 1}"")",MLPClassifier(random_state=1),0.7159468438538207,0.6000520089229766,0.9142857142857143,0.7033137364688317,0.7673645320197044,0.7292930107662288
79,"OS_('TRIM_SMOTE', ""{'proportion': 1.0, 'n_neighbors': 5, 'min_precision': 0.3, 'n_jobs': 1, 'random_state': 1}"")","Pipeline(steps=[('standardscaler', StandardScaler()),
                ('svc',
                 SVC(C=1, gamma='auto', kernel='linear', random_state=1))])",0.6593576965669989,0.5148364279398763,0.8428571428571429,0.6314164904862579,0.7067733990147784,0.6544579343046384
80,"OS_('SMOTE_RSB', ""{'proportion': 2.0, 'n_neighbors': 5, 'n_jobs': 1, 'random_state': 1}"")",DecisionTreeClassifier(random_state=1),0.8271317829457365,0.7611745048896752,0.7285714285714284,0.7291178667055245,0.8020935960591133,0.7369279143669467
81,"OS_('SMOTE_RSB', ""{'proportion': 2.0, 'n_neighbors': 5, 'n_jobs': 1, 'random_state': 1}"")",KNeighborsClassifier(),0.7665559246954595,0.6160259344012206,0.8428571428571429,0.7012368102151385,0.7865763546798029,0.7151464619038441
82,"OS_('SMOTE_RSB', ""{'proportion': 2.0, 'n_neighbors': 5, 'n_jobs': 1, 'random_state': 1}"")",MLPClassifier(random_state=1),0.6779623477297896,0.5919808949220714,0.4,0.44889656081801954,0.6068965517241379,0.4705799284137404
83,"OS_('SMOTE_RSB', ""{'proportion': 2.0, 'n_neighbors': 5, 'n_jobs': 1, 'random_state': 1}"")","Pipeline(steps=[('standardscaler', StandardScaler()),
                ('svc',
                 SVC(C=1, gamma='auto', kernel='linear', random_state=1))])",0.7149501661129569,0.5852631578947368,0.5714285714285714,0.5678787878787879,0.6783251231527093,0.5730800527509173
84,"OS_('ProWSyn', ""{'proportion': 1.0, 'n_neighbors': 5, 'L': 5, 'theta': 1.0, 'n_jobs': 1, 'random_state': 1}"")",DecisionTreeClassifier(random_state=1),0.7996677740863788,0.712886061307114,0.7857142857142857,0.717131509701169,0.7961822660098522,0.7328925368727432
85,"OS_('ProWSyn', ""{'proportion': 1.0, 'n_neighbors': 5, 'L': 5, 'theta': 1.0, 'n_jobs': 1, 'random_state': 1}"")",KNeighborsClassifier(),0.7763012181616833,0.637025641025641,0.9285714285714286,0.7390950226244344,0.8158866995073891,0.7605154225782591
86,"OS_('ProWSyn', ""{'proportion': 1.0, 'n_neighbors': 5, 'L': 5, 'theta': 1.0, 'n_jobs': 1, 'random_state': 1}"")",MLPClassifier(random_state=1),0.7159468438538207,0.5964214436352107,0.8857142857142858,0.6931332833208301,0.7599753694581282,0.716358569313859
87,"OS_('ProWSyn', ""{'proportion': 1.0, 'n_neighbors': 5, 'L': 5, 'theta': 1.0, 'n_jobs': 1, 'random_state': 1}"")","Pipeline(steps=[('standardscaler', StandardScaler()),
                ('svc',
                 SVC(C=1, gamma='auto', kernel='linear', random_state=1))])",0.6686600221483942,0.5161831012598276,0.8,0.6179667257558681,0.7027093596059113,0.6374728828377543
88,"OS_('SL_graph_SMOTE', ""{'proportion': 1.0, 'n_neighbors': 5, 'n_jobs': 1, 'random_state': 1}"")",DecisionTreeClassifier(random_state=1),0.8133997785160576,0.7186101617680565,0.7571428571428571,0.7224167786236751,0.7991379310344827,0.7300891323139272
89,"OS_('SL_graph_SMOTE', ""{'proportion': 1.0, 'n_neighbors': 5, 'n_jobs': 1, 'random_state': 1}"")",KNeighborsClassifier(),0.7529346622369878,0.6149461279461279,0.9,0.7103505480398933,0.7912561576354681,0.7334416686456134
90,"OS_('SL_graph_SMOTE', ""{'proportion': 1.0, 'n_neighbors': 5, 'n_jobs': 1, 'random_state': 1}"")",MLPClassifier(random_state=1),0.6973421926910299,0.5821911421911421,0.9285714285714285,0.6937602558753999,0.7572660098522167,0.7234347647829311
91,"OS_('SL_graph_SMOTE', ""{'proportion': 1.0, 'n_neighbors': 5, 'n_jobs': 1, 'random_state': 1}"")","Pipeline(steps=[('standardscaler', StandardScaler()),
                ('svc',
                 SVC(C=1, gamma='auto', kernel='linear', random_state=1))])",0.6500553709856035,0.5050745231779714,0.8,0.6104208194905869,0.6889162561576354,0.6309115372040787
92,"OS_('NRSBoundary_SMOTE', ""{'proportion': 1.0, 'n_neighbors': 5, 'w': 0.005, 'n_jobs': 1, 'random_state': 1}"")",DecisionTreeClassifier(random_state=1),0.7805094130675526,0.699484126984127,0.6857142857142857,0.670487012987013,0.7565270935960591,0.6813995083726991
93,"OS_('NRSBoundary_SMOTE', ""{'proportion': 1.0, 'n_neighbors': 5, 'w': 0.005, 'n_jobs': 1, 'random_state': 1}"")",KNeighborsClassifier(),0.7483942414174972,0.609604324821716,0.9285714285714286,0.7175346204871237,0.7951970443349754,0.742714834149494
94,"OS_('NRSBoundary_SMOTE', ""{'proportion': 1.0, 'n_neighbors': 5, 'w': 0.005, 'n_jobs': 1, 'random_state': 1}"")",MLPClassifier(random_state=1),0.6787375415282393,0.5739461926961926,0.9285714285714285,0.6831084900812006,0.7434729064039409,0.7157536315049153
95,"OS_('NRSBoundary_SMOTE', ""{'proportion': 1.0, 'n_neighbors': 5, 'w': 0.005, 'n_jobs': 1, 'random_state': 1}"")","Pipeline(steps=[('standardscaler', StandardScaler()),
                ('svc',
                 SVC(C=1, gamma='auto', kernel='linear', random_state=1))])",0.6739756367663344,0.5523529411764706,0.9,0.6666539343009931,0.732512315270936,0.6953231549739033
96,"OS_('LVQ_SMOTE', ""{'proportion': 1.0, 'n_neighbors': 5, 'n_clusters': 10, 'n_jobs': 1, 'random_state': 1}"")",DecisionTreeClassifier(random_state=1),0.7805094130675526,0.6485380116959065,0.7571428571428571,0.6954545454545455,0.7746305418719212,0.6991297568158766
97,"OS_('LVQ_SMOTE', ""{'proportion': 1.0, 'n_neighbors': 5, 'n_clusters': 10, 'n_jobs': 1, 'random_state': 1}"")",KNeighborsClassifier(),0.747951273532669,0.5960225442834138,0.8714285714285716,0.6942754207573357,0.7801724137931034,0.7136229240757453
98,"OS_('LVQ_SMOTE', ""{'proportion': 1.0, 'n_neighbors': 5, 'n_clusters': 10, 'n_jobs': 1, 'random_state': 1}"")",MLPClassifier(random_state=1),0.7112956810631228,0.5924824682304399,0.9,0.6929656945873088,0.7602216748768473,0.7187115301047864
99,"OS_('LVQ_SMOTE', ""{'proportion': 1.0, 'n_neighbors': 5, 'n_clusters': 10, 'n_jobs': 1, 'random_state': 1}"")","Pipeline(steps=[('standardscaler', StandardScaler()),
                ('svc',
                 SVC(C=1, gamma='auto', kernel='linear', random_state=1))])",0.6641196013289037,0.5281131708266433,0.8428571428571429,0.6367839687194525,0.710344827586207,0.6603435924286079
100,"OS_('SOI_CJ', ""{'proportion': 1.0, 'n_neighbors': 5, 'method': 'interpolation', 'n_jobs': 1, 'random_state': 1}"")",DecisionTreeClassifier(random_state=1),0.8085271317829458,0.726507724301842,0.7428571428571429,0.7161770297646876,0.7919950738916256,0.725334714175367
101,"OS_('SOI_CJ', ""{'proportion': 1.0, 'n_neighbors': 5, 'method': 'interpolation', 'n_jobs': 1, 'random_state': 1}"")",KNeighborsClassifier(),0.7667774086378738,0.6336923076923077,0.9000000000000001,0.7198642533936652,0.8016009852216749,0.742909503471091
102,"OS_('SOI_CJ', ""{'proportion': 1.0, 'n_neighbors': 5, 'method': 'interpolation', 'n_jobs': 1, 'random_state': 1}"")",MLPClassifier(random_state=1),0.7159468438538207,0.5959838056680162,0.9,0.6989898989898988,0.7636699507389163,0.7227707143565633
103,"OS_('SOI_CJ', ""{'proportion': 1.0, 'n_neighbors': 5, 'method': 'interpolation', 'n_jobs': 1, 'random_state': 1}"")","Pipeline(steps=[('standardscaler', StandardScaler()),
                ('svc',
                 SVC(C=1, gamma='auto', kernel='linear', random_state=1))])",0.6873754152823921,0.5347792860734037,0.8142857142857143,0.6403329197684036,0.7201970443349753,0.6570982503837636
104,"OS_('ROSE', ""{'proportion': 1.0, 'random_state': 1}"")",DecisionTreeClassifier(random_state=1),0.7993355481727575,0.6912252964426877,0.7999999999999999,0.7246401573987781,0.7998768472906403,0.7349963854420428
105,"OS_('ROSE', ""{'proportion': 1.0, 'random_state': 1}"")",KNeighborsClassifier(),0.7433001107419713,0.5901573498964804,0.8571428571428573,0.6866682298261246,0.7730295566502463,0.7048518949116696
106,"OS_('ROSE', ""{'proportion': 1.0, 'random_state': 1}"")",MLPClassifier(random_state=1),0.6926910299003323,0.5822585278942016,0.9142857142857143,0.6879761904761905,0.7501231527093596,0.7169790701664873
107,"OS_('ROSE', ""{'proportion': 1.0, 'random_state': 1}"")","Pipeline(steps=[('standardscaler', StandardScaler()),
                ('svc',
                 SVC(C=1, gamma='auto', kernel='linear', random_state=1))])",0.6692137320044297,0.5570951270951271,0.9,0.6636595181807948,0.729064039408867,0.6947351303993716
108,"OS_('SMOTE_OUT', ""{'proportion': 1.0, 'n_neighbors': 5, 'n_jobs': 1, 'random_state': 1}"")",DecisionTreeClassifier(random_state=1),0.8272425249169434,0.7498412698412699,0.7714285714285715,0.7470604395604397,0.8131773399014779,0.7537960257079478
109,"OS_('SMOTE_OUT', ""{'proportion': 1.0, 'n_neighbors': 5, 'n_jobs': 1, 'random_state': 1}"")",KNeighborsClassifier(),0.7761904761904762,0.6401771561771562,0.9142857142857144,0.7336429308565531,0.8121921182266011,0.7550325581192712
110,"OS_('SMOTE_OUT', ""{'proportion': 1.0, 'n_neighbors': 5, 'n_jobs': 1, 'random_state': 1}"")",MLPClassifier(random_state=1),0.683388704318937,0.5732989458141589,0.8714285714285716,0.6693898905324102,0.7321428571428571,0.6949356745315747
111,"OS_('SMOTE_OUT', ""{'proportion': 1.0, 'n_neighbors': 5, 'n_jobs': 1, 'random_state': 1}"")","Pipeline(steps=[('standardscaler', StandardScaler()),
                ('svc',
                 SVC(C=1, gamma='auto', kernel='linear', random_state=1))])",0.7017718715393134,0.5713189207306855,0.8142857142857144,0.657195043497168,0.7310344827586207,0.6745891420894887
112,"OS_('SMOTE_Cosine', ""{'proportion': 1.0, 'n_neighbors': 5, 'n_jobs': 1, 'random_state': 1}"")",DecisionTreeClassifier(random_state=1),0.7761904761904762,0.671285055524186,0.7285714285714285,0.6778870796262101,0.7641625615763548,0.6887803860847169
113,"OS_('SMOTE_Cosine', ""{'proportion': 1.0, 'n_neighbors': 5, 'n_jobs': 1, 'random_state': 1}"")",KNeighborsClassifier(),0.7715393133997785,0.6355104895104895,0.9142857142857144,0.7298642533936652,0.808743842364532,0.7519463304250341
114,"OS_('SMOTE_Cosine', ""{'proportion': 1.0, 'n_neighbors': 5, 'n_jobs': 1, 'random_state': 1}"")",MLPClassifier(random_state=1),0.6973421926910299,0.583207294497617,0.9,0.6863095238095238,0.7498768472906404,0.7130119521297764
115,"OS_('SMOTE_Cosine', ""{'proportion': 1.0, 'n_neighbors': 5, 'n_jobs': 1, 'random_state': 1}"")","Pipeline(steps=[('standardscaler', StandardScaler()),
                ('svc',
                 SVC(C=1, gamma='auto', kernel='linear', random_state=1))])",0.6874861572535991,0.5410696329813977,0.8285714285714286,0.6456517178075007,0.7240147783251232,0.6647592686831109
116,"OS_('Selected_SMOTE', ""{'proportion': 1.0, 'n_neighbors': 5, 'perc_sign_attr': 0.5, 'n_jobs': 1, 'random_state': 1}"")",DecisionTreeClassifier(random_state=1),0.8458471760797343,0.7697988286223582,0.7714285714285715,0.7646664303438497,0.8268472906403941,0.7676321279345564
117,"OS_('Selected_SMOTE', ""{'proportion': 1.0, 'n_neighbors': 5, 'perc_sign_attr': 0.5, 'n_jobs': 1, 'random_state': 1}"")",KNeighborsClassifier(),0.7901439645625692,0.6538906455862977,0.9142857142857144,0.744724376674841,0.822536945812808,0.7640901356639987
118,"OS_('Selected_SMOTE', ""{'proportion': 1.0, 'n_neighbors': 5, 'perc_sign_attr': 0.5, 'n_jobs': 1, 'random_state': 1}"")",MLPClassifier(random_state=1),0.6973421926910299,0.5824681943216425,0.8857142857142858,0.682476105726679,0.7461822660098522,0.7074366314012769
119,"OS_('Selected_SMOTE', ""{'proportion': 1.0, 'n_neighbors': 5, 'perc_sign_attr': 0.5, 'n_jobs': 1, 'random_state': 1}"")","Pipeline(steps=[('standardscaler', StandardScaler()),
                ('svc',
                 SVC(C=1, gamma='auto', kernel='linear', random_state=1))])",0.6967884828349945,0.5490470811022594,0.8714285714285716,0.6647397047397048,0.7419950738916256,0.6868658187474238
120,"OS_('LN_SMOTE', ""{'proportion': 1.0, 'n_neighbors': 5, 'n_jobs': 1, 'random_state': 1}"")",DecisionTreeClassifier(random_state=1),0.8133997785160577,0.7239891171779717,0.7571428571428571,0.7292688172043011,0.7991379310344827,0.7348939894015041
121,"OS_('LN_SMOTE', ""{'proportion': 1.0, 'n_neighbors': 5, 'n_jobs': 1, 'random_state': 1}"")",KNeighborsClassifier(),0.7576965669988925,0.6167575757575757,0.9,0.7163292847503373,0.794704433497537,0.73697014662868
122,"OS_('LN_SMOTE', ""{'proportion': 1.0, 'n_neighbors': 5, 'n_jobs': 1, 'random_state': 1}"")",MLPClassifier(random_state=1),0.7019933554817277,0.5897043939033104,0.9285714285714285,0.6988515590689504,0.7607142857142857,0.7278651381699703
123,"OS_('LN_SMOTE', ""{'proportion': 1.0, 'n_neighbors': 5, 'n_jobs': 1, 'random_state': 1}"")","Pipeline(steps=[('standardscaler', StandardScaler()),
                ('svc',
                 SVC(C=1, gamma='auto', kernel='linear', random_state=1))])",0.6733111849390919,0.522984962406015,0.8285714285714286,0.6337662337662336,0.7135467980295567,0.6542562548182503
124,"OS_('MWMOTE', ""{'proportion': 1.0, 'k1': 5, 'k2': 5, 'k3': 5, 'M': 10, 'cf_th': 5.0, 'cmax': 10.0, 'n_jobs': 1, 'random_state': 1}"")",DecisionTreeClassifier(random_state=1),0.8085271317829458,0.7038562091503268,0.7857142857142858,0.7254356665527362,0.8030788177339903,0.735016089587199
125,"OS_('MWMOTE', ""{'proportion': 1.0, 'k1': 5, 'k2': 5, 'k3': 5, 'M': 10, 'cf_th': 5.0, 'cmax': 10.0, 'n_jobs': 1, 'random_state': 1}"")",KNeighborsClassifier(),0.7669988925802879,0.6293589743589743,0.9142857142857143,0.7290140509645153,0.805295566502463,0.7499919387400853
126,"OS_('MWMOTE', ""{'proportion': 1.0, 'k1': 5, 'k2': 5, 'k3': 5, 'M': 10, 'cf_th': 5.0, 'cmax': 10.0, 'n_jobs': 1, 'random_state': 1}"")",MLPClassifier(random_state=1),0.7159468438538207,0.5982077145864222,0.9428571428571428,0.7096969696969697,0.7747536945812807,0.7389976632039568
127,"OS_('MWMOTE', ""{'proportion': 1.0, 'k1': 5, 'k2': 5, 'k3': 5, 'M': 10, 'cf_th': 5.0, 'cmax': 10.0, 'n_jobs': 1, 'random_state': 1}"")","Pipeline(steps=[('standardscaler', StandardScaler()),
                ('svc',
                 SVC(C=1, gamma='auto', kernel='linear', random_state=1))])",0.6688815060908084,0.5320848358500488,0.8571428571428573,0.6437037042929873,0.7176108374384236,0.6683147671363002
128,"OS_('PDFOS', ""{'proportion': 1.0, 'n_jobs': 1, 'random_state': 1}"")",DecisionTreeClassifier(random_state=1),0.8506090808416389,0.7774390968508615,0.8142857142857143,0.7802798861480076,0.8415024630541872,0.7880255764928649
129,"OS_('PDFOS', ""{'proportion': 1.0, 'n_jobs': 1, 'random_state': 1}"")",KNeighborsClassifier(),0.7434108527131784,0.591897683636814,0.8714285714285716,0.6937202096758088,0.7767241379310346,0.7123235476699906
130,"OS_('PDFOS', ""{'proportion': 1.0, 'n_jobs': 1, 'random_state': 1}"")",MLPClassifier(random_state=1),0.6973421926910299,0.5844873355909008,0.9142857142857143,0.6916089803064375,0.7535714285714284,0.7194750549503589
131,"OS_('PDFOS', ""{'proportion': 1.0, 'n_jobs': 1, 'random_state': 1}"")","Pipeline(steps=[('standardscaler', StandardScaler()),
                ('svc',
                 SVC(C=1, gamma='auto', kernel='linear', random_state=1))])",0.6922480620155039,0.5461183271453369,0.9,0.6707533867945921,0.745935960591133,0.6961397089698169
132,"OS_('NEATER', ""{'proportion': 1.0, 'smote_n_neighbors': 5, 'b': 5, 'alpha': 0.1, 'h': 20, 'n_jobs': 1, 'random_state': 1}"")",DecisionTreeClassifier(random_state=1),0.7715393133997785,0.6731501348892653,0.7428571428571429,0.6862773487773488,0.7644088669950739,0.697029623590797
133,"OS_('NEATER', ""{'proportion': 1.0, 'smote_n_neighbors': 5, 'b': 5, 'alpha': 0.1, 'h': 20, 'n_jobs': 1, 'random_state': 1}"")",KNeighborsClassifier(),0.7576965669988927,0.6216410256410256,0.9,0.7190950226244344,0.794704433497537,0.7395497258438208
134,"OS_('NEATER', ""{'proportion': 1.0, 'smote_n_neighbors': 5, 'b': 5, 'alpha': 0.1, 'h': 20, 'n_jobs': 1, 'random_state': 1}"")",MLPClassifier(random_state=1),0.6461794019933554,0.5513551506972559,0.9571428571428571,0.6712092159048682,0.7267241379310345,0.710695318299533
135,"OS_('NEATER', ""{'proportion': 1.0, 'smote_n_neighbors': 5, 'b': 5, 'alpha': 0.1, 'h': 20, 'n_jobs': 1, 'random_state': 1}"")","Pipeline(steps=[('standardscaler', StandardScaler()),
                ('svc',
                 SVC(C=1, gamma='auto', kernel='linear', random_state=1))])",0.6271317829457363,0.5111288920499446,0.9428571428571428,0.6476188095791675,0.7086206896551724,0.6854178326008047
136,"OS_('Gazzah', ""{'proportion': 1.0, 'n_components': 2, 'n_jobs': 1, 'random_state': 1}"")",DecisionTreeClassifier(random_state=1),0.6586932447397563,0.0,0.0,0.0,0.4894088669950739,0.0
137,"OS_('Gazzah', ""{'proportion': 1.0, 'n_components': 2, 'n_jobs': 1, 'random_state': 1}"")",KNeighborsClassifier(),0.7900332225913622,0.6779894589414713,0.7714285714285714,0.7097709817064656,0.785591133004926,0.7171863151351913
138,"OS_('Gazzah', ""{'proportion': 1.0, 'n_components': 2, 'n_jobs': 1, 'random_state': 1}"")",MLPClassifier(random_state=1),0.6684385382059801,0.5305594405594405,0.34285714285714286,0.4014074074074074,0.5850985221674877,0.41767303342639817
139,"OS_('Gazzah', ""{'proportion': 1.0, 'n_components': 2, 'n_jobs': 1, 'random_state': 1}"")","Pipeline(steps=[('standardscaler', StandardScaler()),
                ('svc',
                 SVC(C=1, gamma='auto', kernel='linear', random_state=1))])",0.7200442967884829,0.5804334365325078,0.7,0.6220136852394916,0.7152709359605911,0.6310396922796185
140,"OS_('MCT', ""{'proportion': 1.0, 'n_jobs': 1, 'random_state': 1}"")",DecisionTreeClassifier(random_state=1),0.8086378737541529,0.7188888888888888,0.7571428571428571,0.7158567774936062,0.7956896551724139,0.726842620280887
141,"OS_('MCT', ""{'proportion': 1.0, 'n_jobs': 1, 'random_state': 1}"")",KNeighborsClassifier(),0.7715393133997785,0.6358552188552189,0.9142857142857144,0.7299583911771481,0.808743842364532,0.7520686961075191
142,"OS_('MCT', ""{'proportion': 1.0, 'n_jobs': 1, 'random_state': 1}"")",MLPClassifier(random_state=1),0.6926910299003323,0.5821260302877951,0.9,0.68312753188109,0.7464285714285714,0.7109997006981301
143,"OS_('MCT', ""{'proportion': 1.0, 'n_jobs': 1, 'random_state': 1}"")","Pipeline(steps=[('standardscaler', StandardScaler()),
                ('svc',
                 SVC(C=1, gamma='auto', kernel='linear', random_state=1))])",0.6642303433001107,0.5172330367074527,0.8571428571428573,0.6357242742058065,0.7141625615763546,0.6606863054743153
144,"OS_('ADG', ""{'proportion': 1.0, 'kernel': 'inner', 'lam': 1.0, 'mu': 1.0, 'k': 12, 'gamma': 1.0, 'n_jobs': 1, 'random_state': 1}"")",DecisionTreeClassifier(random_state=1),0.8179401993355482,0.7383193277310924,0.7428571428571428,0.7246745060649399,0.7988916256157635,0.7325695314438351
145,"OS_('ADG', ""{'proportion': 1.0, 'kernel': 'inner', 'lam': 1.0, 'mu': 1.0, 'k': 12, 'gamma': 1.0, 'n_jobs': 1, 'random_state': 1}"")",KNeighborsClassifier(),0.7807308970099668,0.6530878579848831,0.8428571428571429,0.7185176085176085,0.797167487684729,0.7330799862827202
146,"OS_('ADG', ""{'proportion': 1.0, 'kernel': 'inner', 'lam': 1.0, 'mu': 1.0, 'k': 12, 'gamma': 1.0, 'n_jobs': 1, 'random_state': 1}"")",MLPClassifier(random_state=1),0.6778516057585826,0.6285714285714286,0.39999999999999997,0.4298955946014769,0.6068965517241379,0.46827392098445736
147,"OS_('ADG', ""{'proportion': 1.0, 'kernel': 'inner', 'lam': 1.0, 'mu': 1.0, 'k': 12, 'gamma': 1.0, 'n_jobs': 1, 'random_state': 1}"")","Pipeline(steps=[('standardscaler', StandardScaler()),
                ('svc',
                 SVC(C=1, gamma='auto', kernel='linear', random_state=1))])",0.7245847176079734,0.6445054945054945,0.5714285714285714,0.5817455516185099,0.6855911330049261,0.5945623113813769
148,"OS_('SMOTE_IPF', ""{'proportion': 1.0, 'n_neighbors': 5, 'n_folds': 9, 'k': 3, 'p': 0.01, 'voting': 'majority', 'n_jobs': 1, 'classifier': DecisionTreeClassifier(random_state=2), 'random_state': 1}"")",DecisionTreeClassifier(random_state=1),0.8086378737541529,0.7327272727272727,0.7285714285714285,0.7169885057471265,0.7883004926108373,0.7237561260510557
149,"OS_('SMOTE_IPF', ""{'proportion': 1.0, 'n_neighbors': 5, 'n_folds': 9, 'k': 3, 'p': 0.01, 'voting': 'majority', 'n_jobs': 1, 'classifier': DecisionTreeClassifier(random_state=2), 'random_state': 1}"")",KNeighborsClassifier(),0.780952380952381,0.6413333333333333,0.9285714285714286,0.742684766214178,0.8193349753694582,0.7634218409081484
150,"OS_('SMOTE_IPF', ""{'proportion': 1.0, 'n_neighbors': 5, 'n_folds': 9, 'k': 3, 'p': 0.01, 'voting': 'majority', 'n_jobs': 1, 'classifier': DecisionTreeClassifier(random_state=2), 'random_state': 1}"")",MLPClassifier(random_state=1),0.7019933554817277,0.5890977078477079,0.9142857142857143,0.6939595539109877,0.7570197044334975,0.7217628708229789
151,"OS_('SMOTE_IPF', ""{'proportion': 1.0, 'n_neighbors': 5, 'n_folds': 9, 'k': 3, 'p': 0.01, 'voting': 'majority', 'n_jobs': 1, 'classifier': DecisionTreeClassifier(random_state=2), 'random_state': 1}"")","Pipeline(steps=[('standardscaler', StandardScaler()),
                ('svc',
                 SVC(C=1, gamma='auto', kernel='linear', random_state=1))])",0.6780730897009967,0.530046685340803,0.8428571428571429,0.6425990746661375,0.7206896551724138,0.6639262088157489
152,"OS_('KernelADASYN', ""{'proportion': 1.0, 'k': 5, 'h': 1.0, 'n_jobs': 1, 'random_state': 1}"")",DecisionTreeClassifier(random_state=1),0.8179401993355482,0.7120915032679739,0.7714285714285715,0.7338399503722084,0.8061576354679802,0.7377875038127636
153,"OS_('KernelADASYN', ""{'proportion': 1.0, 'k': 5, 'h': 1.0, 'n_jobs': 1, 'random_state': 1}"")",KNeighborsClassifier(),0.7853820598006644,0.6587400318979266,0.8285714285714286,0.7181996434937611,0.7969211822660098,0.7308083622914188
154,"OS_('KernelADASYN', ""{'proportion': 1.0, 'k': 5, 'h': 1.0, 'n_jobs': 1, 'random_state': 1}"")",MLPClassifier(random_state=1),0.6871539313399778,0.6047712418300654,0.38571428571428573,0.4353794749100417,0.6100985221674877,0.46184152337386647
155,"OS_('KernelADASYN', ""{'proportion': 1.0, 'k': 5, 'h': 1.0, 'n_jobs': 1, 'random_state': 1}"")","Pipeline(steps=[('standardscaler', StandardScaler()),
                ('svc',
                 SVC(C=1, gamma='auto', kernel='linear', random_state=1))])",0.6452934662236988,0.596031746031746,0.3571428571428571,0.35712791783380016,0.5716748768472907,0.4113625100885418
156,"OS_('MOT2LD', ""{'proportion': 1.0, 'n_components': 2, 'k': 5, 'd_cut': 'auto', 'n_jobs': 1, 'random_state': 1}"")",DecisionTreeClassifier(random_state=1),0.8131782945736434,0.7539744912809929,0.6857142857142856,0.6993563498472334,0.7806650246305418,0.709463068927382
157,"OS_('MOT2LD', ""{'proportion': 1.0, 'n_components': 2, 'k': 5, 'd_cut': 'auto', 'n_jobs': 1, 'random_state': 1}"")",KNeighborsClassifier(),0.7620155038759691,0.6075384615384615,0.9142857142857144,0.7180124015418133,0.8016009852216749,0.7390316009521782
158,"OS_('MOT2LD', ""{'proportion': 1.0, 'n_components': 2, 'k': 5, 'd_cut': 'auto', 'n_jobs': 1, 'random_state': 1}"")",MLPClassifier(random_state=1),0.7019933554817277,0.5817526395173453,0.9142857142857143,0.6905674390968508,0.7570197044334975,0.7182932151035729
159,"OS_('MOT2LD', ""{'proportion': 1.0, 'n_components': 2, 'k': 5, 'd_cut': 'auto', 'n_jobs': 1, 'random_state': 1}"")","Pipeline(steps=[('standardscaler', StandardScaler()),
                ('svc',
                 SVC(C=1, gamma='auto', kernel='linear', random_state=1))])",0.6919158361018826,0.5390653594771242,0.8142857142857143,0.6411426496398959,0.7236453201970444,0.6585225371378356
160,"OS_('V_SYNTH', ""{'proportion': 1.0, 'n_components': 3, 'n_jobs': 1, 'random_state': 1}"")",DecisionTreeClassifier(random_state=1),0.7808416389811739,0.702166060060797,0.7571428571428572,0.7117615176151763,0.775,0.7205357504616318
161,"OS_('V_SYNTH', ""{'proportion': 1.0, 'n_components': 3, 'n_jobs': 1, 'random_state': 1}"")",KNeighborsClassifier(),0.748172757475083,0.6007391304347827,0.8857142857142858,0.7016887332676806,0.7839901477832513,0.7220894580726418
162,"OS_('V_SYNTH', ""{'proportion': 1.0, 'n_components': 3, 'n_jobs': 1, 'random_state': 1}"")",MLPClassifier(random_state=1),0.6694352159468439,0.5694440281940283,0.9285714285714285,0.678592641188452,0.736576354679803,0.7122467115307968
163,"OS_('V_SYNTH', ""{'proportion': 1.0, 'n_components': 3, 'n_jobs': 1, 'random_state': 1}"")","Pipeline(steps=[('standardscaler', StandardScaler()),
                ('svc',
                 SVC(C=1, gamma='auto', kernel='linear', random_state=1))])",0.6317829457364341,0.4974047651097052,0.9714285714285715,0.6482128232128233,0.7194581280788177,0.6894538283915421
164,"OS_('OUPS', ""{'proportion': 1.0, 'n_jobs': 1, 'random_state': 1}"")",DecisionTreeClassifier(random_state=1),0.7995570321151717,0.6862703962703962,0.8142857142857143,0.7330651918887213,0.8035714285714286,0.7415911062823414
165,"OS_('OUPS', ""{'proportion': 1.0, 'n_jobs': 1, 'random_state': 1}"")",KNeighborsClassifier(),0.7668881506090808,0.6321515151515151,0.8857142857142858,0.719688814797174,0.7979064039408866,0.7389829702844954
166,"OS_('OUPS', ""{'proportion': 1.0, 'n_jobs': 1, 'random_state': 1}"")",MLPClassifier(random_state=1),0.739202657807309,0.6155641025641027,0.8428571428571429,0.6974403958614485,0.7661330049261084,0.7130044882803916
167,"OS_('OUPS', ""{'proportion': 1.0, 'n_jobs': 1, 'random_state': 1}"")","Pipeline(steps=[('standardscaler', StandardScaler()),
                ('svc',
                 SVC(C=1, gamma='auto', kernel='linear', random_state=1))])",0.6966777408637873,0.5459710144927536,0.7571428571428572,0.626520419623868,0.7124384236453202,0.6388235837115637
168,"OS_('SMOTE_D', ""{'proportion': 1.0, 'k': 3, 'n_jobs': 1, 'random_state': 1}"")",DecisionTreeClassifier(random_state=1),0.8272425249169435,0.74489898989899,0.7428571428571428,0.7338333333333333,0.8057881773399014,0.7388314111695259
169,"OS_('SMOTE_D', ""{'proportion': 1.0, 'k': 3, 'n_jobs': 1, 'random_state': 1}"")",KNeighborsClassifier(),0.7853820598006644,0.6587400318979266,0.8285714285714286,0.7181996434937611,0.7969211822660098,0.7308083622914188
170,"OS_('SMOTE_D', ""{'proportion': 1.0, 'k': 3, 'n_jobs': 1, 'random_state': 1}"")",MLPClassifier(random_state=1),0.7104097452934662,0.6526470588235294,0.42857142857142855,0.47561885781277036,0.638423645320197,0.504571746931332
171,"OS_('SMOTE_D', ""{'proportion': 1.0, 'k': 3, 'n_jobs': 1, 'random_state': 1}"")","Pipeline(steps=[('standardscaler', StandardScaler()),
                ('svc',
                 SVC(C=1, gamma='auto', kernel='linear', random_state=1))])",0.6963455149501662,0.5893939393939395,0.34285714285714286,0.4201771561771562,0.6057881773399015,0.4416387911738357
172,"OS_('SMOTE_PSO', ""{'k': 3, 'eps': 0.05, 'n_pop': 10, 'w': 1.0, 'c1': 2.0, 'c2': 2.0, 'num_it': 10, 'n_jobs': 1, 'random_state': 1}"")",DecisionTreeClassifier(random_state=1),0.7946843853820599,0.6826926010678872,0.8142857142857143,0.7205429942272047,0.8,0.7343263306298327
173,"OS_('SMOTE_PSO', ""{'k': 3, 'eps': 0.05, 'n_pop': 10, 'w': 1.0, 'c1': 2.0, 'c2': 2.0, 'num_it': 10, 'n_jobs': 1, 'random_state': 1}"")",KNeighborsClassifier(),0.6967884828349945,0.5510368663594469,0.8857142857142858,0.6614022235074867,0.745935960591133,0.6890897731371871
174,"OS_('SMOTE_PSO', ""{'k': 3, 'eps': 0.05, 'n_pop': 10, 'w': 1.0, 'c1': 2.0, 'c2': 2.0, 'num_it': 10, 'n_jobs': 1, 'random_state': 1}"")",MLPClassifier(random_state=1),0.6323366555924694,0.5426211926211926,0.9714285714285715,0.6693221288515406,0.7200738916256159,0.7108766808202465
175,"OS_('SMOTE_PSO', ""{'k': 3, 'eps': 0.05, 'n_pop': 10, 'w': 1.0, 'c1': 2.0, 'c2': 2.0, 'num_it': 10, 'n_jobs': 1, 'random_state': 1}"")","Pipeline(steps=[('standardscaler', StandardScaler()),
                ('svc',
                 SVC(C=1, gamma='auto', kernel='linear', random_state=1))])",0.6181616832779623,0.5088116688116687,0.9714285714285715,0.6525670268107243,0.7093596059113301,0.694153559363513
176,"OS_('CURE_SMOTE', ""{'proportion': 1.0, 'n_clusters': 5, 'noise_th': 2, 'n_jobs': 1, 'random_state': 1}"")",DecisionTreeClassifier(random_state=1),0.8180509413067553,0.7097943722943723,0.8,0.7431691297208539,0.8136699507389162,0.7489922562442203
177,"OS_('CURE_SMOTE', ""{'proportion': 1.0, 'n_clusters': 5, 'noise_th': 2, 'n_jobs': 1, 'random_state': 1}"")",KNeighborsClassifier(),0.7763012181616833,0.6376666666666666,0.9142857142857143,0.7359371278875922,0.8121921182266011,0.7555971740905857
178,"OS_('CURE_SMOTE', ""{'proportion': 1.0, 'n_clusters': 5, 'noise_th': 2, 'n_jobs': 1, 'random_state': 1}"")",MLPClassifier(random_state=1),0.7159468438538206,0.5974130036630036,0.8714285714285713,0.6886157422541862,0.7562807881773399,0.7107919067781568
179,"OS_('CURE_SMOTE', ""{'proportion': 1.0, 'n_clusters': 5, 'noise_th': 2, 'n_jobs': 1, 'random_state': 1}"")","Pipeline(steps=[('standardscaler', StandardScaler()),
                ('svc',
                 SVC(C=1, gamma='auto', kernel='linear', random_state=1))])",0.6874861572535991,0.538948717948718,0.7857142857142857,0.6316734143049934,0.7129310344827585,0.6466930393790377
180,"OS_('SOMO', ""{'proportion': 1.0, 'n_grid': 10, 'sigma': 0.2, 'learning_rate': 0.5, 'n_iter': 100, 'n_jobs': 1, 'random_state': 1}"")",DecisionTreeClassifier(random_state=1),0.8179401993355482,0.7383193277310924,0.7428571428571428,0.7246745060649399,0.7988916256157635,0.7325695314438351
181,"OS_('SOMO', ""{'proportion': 1.0, 'n_grid': 10, 'sigma': 0.2, 'learning_rate': 0.5, 'n_iter': 100, 'n_jobs': 1, 'random_state': 1}"")",KNeighborsClassifier(),0.7853820598006644,0.6587400318979266,0.8285714285714286,0.7181996434937611,0.7969211822660098,0.7308083622914188
182,"OS_('SOMO', ""{'proportion': 1.0, 'n_grid': 10, 'sigma': 0.2, 'learning_rate': 0.5, 'n_iter': 100, 'n_jobs': 1, 'random_state': 1}"")",MLPClassifier(random_state=1),0.6918050941306755,0.6227272727272728,0.29999999999999993,0.3891336898395722,0.5913793103448276,0.4216229782057447
183,"OS_('SOMO', ""{'proportion': 1.0, 'n_grid': 10, 'sigma': 0.2, 'learning_rate': 0.5, 'n_iter': 100, 'n_jobs': 1, 'random_state': 1}"")","Pipeline(steps=[('standardscaler', StandardScaler()),
                ('svc',
                 SVC(C=1, gamma='auto', kernel='linear', random_state=1))])",0.7478405315614618,0.666435319066898,0.5714285714285714,0.5976945149358942,0.702832512315271,0.6080812341603739
184,"OS_('CE_SMOTE', ""{'proportion': 1.0, 'h': 10, 'k': 5, 'alpha': 0.5, 'n_jobs': 1, 'random_state': 1}"")",DecisionTreeClassifier(random_state=1),0.7574750830564784,0.6608333333333334,0.6857142857142857,0.6453447790599494,0.7392857142857142,0.6591014422946705
185,"OS_('CE_SMOTE', ""{'proportion': 1.0, 'h': 10, 'k': 5, 'alpha': 0.5, 'n_jobs': 1, 'random_state': 1}"")",KNeighborsClassifier(),0.7715393133997785,0.6368616600790513,0.8714285714285716,0.7192936828230947,0.7976600985221675,0.7364595768646984
186,"OS_('CE_SMOTE', ""{'proportion': 1.0, 'h': 10, 'k': 5, 'alpha': 0.5, 'n_jobs': 1, 'random_state': 1}"")",MLPClassifier(random_state=1),0.7158361018826135,0.5868804144355927,0.7999999999999999,0.6572419151729497,0.7378078817733991,0.6748187413335073
187,"OS_('CE_SMOTE', ""{'proportion': 1.0, 'h': 10, 'k': 5, 'alpha': 0.5, 'n_jobs': 1, 'random_state': 1}"")","Pipeline(steps=[('standardscaler', StandardScaler()),
                ('svc',
                 SVC(C=1, gamma='auto', kernel='linear', random_state=1))])",0.6733111849390918,0.5265873015873016,0.7714285714285715,0.6178571428571428,0.6987684729064039,0.6330381276311319
188,"OS_('Edge_Det_SMOTE', ""{'proportion': 1.0, 'k': 5, 'n_jobs': 1, 'random_state': 1}"")",DecisionTreeClassifier(random_state=1),0.7995570321151717,0.7238621917111618,0.7714285714285715,0.7250051701138658,0.7924876847290641,0.7361976067090572
189,"OS_('Edge_Det_SMOTE', ""{'proportion': 1.0, 'k': 5, 'n_jobs': 1, 'random_state': 1}"")",KNeighborsClassifier(),0.7856035437430786,0.646,0.9285714285714286,0.746463443677066,0.8227832512315271,0.7665080686023853
190,"OS_('Edge_Det_SMOTE', ""{'proportion': 1.0, 'k': 5, 'n_jobs': 1, 'random_state': 1}"")",MLPClassifier(random_state=1),0.6926910299003323,0.5794184552786946,0.9142857142857143,0.6872882515754102,0.7501231527093596,0.7160057725257053
191,"OS_('Edge_Det_SMOTE', ""{'proportion': 1.0, 'k': 5, 'n_jobs': 1, 'random_state': 1}"")","Pipeline(steps=[('standardscaler', StandardScaler()),
                ('svc',
                 SVC(C=1, gamma='auto', kernel='linear', random_state=1))])",0.6922480620155038,0.5523477896905888,0.8571428571428571,0.6590734491264291,0.7349753694581281,0.6812558275458098
192,"OS_('DBSMOTE', ""{'proportion': 1.0, 'eps': 0.8, 'min_samples': 3, 'n_jobs': 1, 'random_state': 1}"")",DecisionTreeClassifier(random_state=1),0.8178294573643411,0.7571395924337101,0.7285714285714286,0.7263569239445817,0.7951970443349754,0.7345294467834852
193,"OS_('DBSMOTE', ""{'proportion': 1.0, 'eps': 0.8, 'min_samples': 3, 'n_jobs': 1, 'random_state': 1}"")",KNeighborsClassifier(),0.7715393133997785,0.6368181818181818,0.9,0.7271517027863776,0.8050492610837438,0.7474154926109864
194,"OS_('DBSMOTE', ""{'proportion': 1.0, 'eps': 0.8, 'min_samples': 3, 'n_jobs': 1, 'random_state': 1}"")",MLPClassifier(random_state=1),0.6973421926910299,0.5848788273130378,0.9285714285714285,0.6949660474174812,0.7572660098522167,0.7247000829260422
195,"OS_('DBSMOTE', ""{'proportion': 1.0, 'eps': 0.8, 'min_samples': 3, 'n_jobs': 1, 'random_state': 1}"")","Pipeline(steps=[('standardscaler', StandardScaler()),
                ('svc',
                 SVC(C=1, gamma='auto', kernel='linear', random_state=1))])",0.7017718715393134,0.5758325271753264,0.8571428571428571,0.6706883208758677,0.7421182266009854,0.6929061489957464
196,"OS_('ASMOBD', ""{'proportion': 1.0, 'min_samples': 3, 'eps': 0.8, 'eta': 0.5, 'T_1': 1.0, 'T_2': 1.0, 't_1': 4.0, 't_2': 4.0, 'a': 0.05, 'smoothing': 'linear', 'n_jobs': 1, 'random_state': 1}"")",DecisionTreeClassifier(random_state=1),0.7994462901439646,0.7073083778966132,0.7571428571428572,0.7199393438103115,0.7887931034482758,0.7260342152357221
197,"OS_('ASMOBD', ""{'proportion': 1.0, 'min_samples': 3, 'eps': 0.8, 'eta': 0.5, 'T_1': 1.0, 'T_2': 1.0, 't_1': 4.0, 't_2': 4.0, 'a': 0.05, 'smoothing': 'linear', 'n_jobs': 1, 'random_state': 1}"")",KNeighborsClassifier(),0.7716500553709855,0.6337037037037037,0.9142857142857143,0.7324415220813317,0.808743842364532,0.7528131214431815
198,"OS_('ASMOBD', ""{'proportion': 1.0, 'min_samples': 3, 'eps': 0.8, 'eta': 0.5, 'T_1': 1.0, 'T_2': 1.0, 't_1': 4.0, 't_2': 4.0, 'a': 0.05, 'smoothing': 'linear', 'n_jobs': 1, 'random_state': 1}"")",MLPClassifier(random_state=1),0.6787375415282393,0.5724964006581654,0.9,0.6744800817702253,0.7360837438423646,0.7041371402142931
199,"OS_('ASMOBD', ""{'proportion': 1.0, 'min_samples': 3, 'eps': 0.8, 'eta': 0.5, 'T_1': 1.0, 'T_2': 1.0, 't_1': 4.0, 't_2': 4.0, 'a': 0.05, 'smoothing': 'linear', 'n_jobs': 1, 'random_state': 1}"")","Pipeline(steps=[('standardscaler', StandardScaler()),
                ('svc',
                 SVC(C=1, gamma='auto', kernel='linear', random_state=1))])",0.6924695459579181,0.5660230033658026,0.8285714285714286,0.6558032059907528,0.727832512315271,0.6759780709512304
200,"OS_('Assembled_SMOTE', ""{'proportion': 1.0, 'n_neighbors': 5, 'pop': 2, 'thres': 0.3, 'n_jobs': 1, 'random_state': 1}"")",DecisionTreeClassifier(random_state=1),0.82281284606866,0.735438596491228,0.7714285714285714,0.7413519813519814,0.8097290640394089,0.7473592070254026
201,"OS_('Assembled_SMOTE', ""{'proportion': 1.0, 'n_neighbors': 5, 'pop': 2, 'thres': 0.3, 'n_jobs': 1, 'random_state': 1}"")",KNeighborsClassifier(),0.7716500553709855,0.6336861598440545,0.9142857142857144,0.7317025293918747,0.808743842364532,0.7524115105236647
202,"OS_('Assembled_SMOTE', ""{'proportion': 1.0, 'n_neighbors': 5, 'pop': 2, 'thres': 0.3, 'n_jobs': 1, 'random_state': 1}"")",MLPClassifier(random_state=1),0.7066445182724254,0.5907801019643125,0.9285714285714285,0.7003909722891695,0.7641625615763546,0.7289853284775988
203,"OS_('Assembled_SMOTE', ""{'proportion': 1.0, 'n_neighbors': 5, 'pop': 2, 'thres': 0.3, 'n_jobs': 1, 'random_state': 1}"")","Pipeline(steps=[('standardscaler', StandardScaler()),
                ('svc',
                 SVC(C=1, gamma='auto', kernel='linear', random_state=1))])",0.678294573643411,0.5360103294288854,0.8857142857142856,0.658503933342643,0.7318965517241379,0.6838857695162457
204,"OS_('SDSMOTE', ""{'proportion': 1.0, 'n_neighbors': 5, 'n_jobs': 1, 'random_state': 1}"")",DecisionTreeClassifier(random_state=1),0.8087486157253598,0.7124698108908636,0.7857142857142858,0.7288922841864018,0.8030788177339903,0.7389157281696622
205,"OS_('SDSMOTE', ""{'proportion': 1.0, 'n_neighbors': 5, 'n_jobs': 1, 'random_state': 1}"")",KNeighborsClassifier(),0.7669988925802879,0.6296747638326585,0.9,0.7248607532818059,0.8016009852216748,0.7444644780236171
206,"OS_('SDSMOTE', ""{'proportion': 1.0, 'n_neighbors': 5, 'n_jobs': 1, 'random_state': 1}"")",MLPClassifier(random_state=1),0.6880398671096346,0.5768897196465108,0.9142857142857143,0.6849626701800614,0.7466748768472906,0.7141706138132415
207,"OS_('SDSMOTE', ""{'proportion': 1.0, 'n_neighbors': 5, 'n_jobs': 1, 'random_state': 1}"")","Pipeline(steps=[('standardscaler', StandardScaler()),
                ('svc',
                 SVC(C=1, gamma='auto', kernel='linear', random_state=1))])",0.6828349944629014,0.5394169719169719,0.8571428571428571,0.6520670995670996,0.7279556650246305,0.674517459607521
208,"OS_('DSMOTE', ""{'proportion': 1.0, 'n_neighbors': 5, 'rate': 0.1, 'n_step': 50, 'n_jobs': 1, 'random_state': 1}"")",DecisionTreeClassifier(random_state=1),0.8178294573643411,0.742312834224599,0.7285714285714284,0.7221358111266948,0.7951970443349754,0.7287370126855975
209,"OS_('DSMOTE', ""{'proportion': 1.0, 'n_neighbors': 5, 'rate': 0.1, 'n_step': 50, 'n_jobs': 1, 'random_state': 1}"")",KNeighborsClassifier(),0.7760797342192691,0.6526817042606516,0.8,0.7044588744588746,0.7826354679802956,0.7153106467423298
210,"OS_('DSMOTE', ""{'proportion': 1.0, 'n_neighbors': 5, 'rate': 0.1, 'n_step': 50, 'n_jobs': 1, 'random_state': 1}"")",MLPClassifier(random_state=1),0.7337763012181617,0.6541569541569542,0.45714285714285713,0.5285197572154094,0.6629310344827586,0.5416307387152266
211,"OS_('DSMOTE', ""{'proportion': 1.0, 'n_neighbors': 5, 'rate': 0.1, 'n_step': 50, 'n_jobs': 1, 'random_state': 1}"")","Pipeline(steps=[('standardscaler', StandardScaler()),
                ('svc',
                 SVC(C=1, gamma='auto', kernel='linear', random_state=1))])",0.7384274640088594,0.6318648018648019,0.5428571428571428,0.5762990827818414,0.688423645320197,0.5817418858021586
212,"OS_('G_SMOTE', ""{'proportion': 1.0, 'n_neighbors': 5, 'method': 'linear', 'n_jobs': 1, 'random_state': 1}"")",DecisionTreeClassifier(random_state=1),0.836766334440753,0.7495320855614973,0.8142857142857144,0.770818858560794,0.8311576354679803,0.7763163778473547
213,"OS_('G_SMOTE', ""{'proportion': 1.0, 'n_neighbors': 5, 'method': 'linear', 'n_jobs': 1, 'random_state': 1}"")",KNeighborsClassifier(),0.7760797342192691,0.6293589743589744,0.9142857142857144,0.7309978566325316,0.8120689655172413,0.7510370981352213
214,"OS_('G_SMOTE', ""{'proportion': 1.0, 'n_neighbors': 5, 'method': 'linear', 'n_jobs': 1, 'random_state': 1}"")",MLPClassifier(random_state=1),0.6973421926910299,0.5852670626864175,0.9142857142857143,0.6909160756501181,0.7535714285714286,0.7192724311353969
215,"OS_('G_SMOTE', ""{'proportion': 1.0, 'n_neighbors': 5, 'method': 'linear', 'n_jobs': 1, 'random_state': 1}"")","Pipeline(steps=[('standardscaler', StandardScaler()),
                ('svc',
                 SVC(C=1, gamma='auto', kernel='linear', random_state=1))])",0.6594684385382059,0.5158263305322129,0.8142857142857144,0.6222820190562126,0.6995073891625616,0.6430619989830179
216,"OS_('NT_SMOTE', ""{'proportion': 1.0, 'n_jobs': 1, 'random_state': 1}"")",DecisionTreeClassifier(random_state=1),0.7900332225913622,0.7037831097351221,0.6857142857142857,0.6791291597602959,0.7634236453201971,0.6868754982620565
217,"OS_('NT_SMOTE', ""{'proportion': 1.0, 'n_jobs': 1, 'random_state': 1}"")",KNeighborsClassifier(),0.7854928017718715,0.6362742474916387,0.9285714285714286,0.7436241671535788,0.8226600985221675,0.7626794950904205
218,"OS_('NT_SMOTE', ""{'proportion': 1.0, 'n_jobs': 1, 'random_state': 1}"")",MLPClassifier(random_state=1),0.7019933554817277,0.585177553927554,0.8857142857142858,0.684912429093235,0.7496305418719211,0.7093692445652178
219,"OS_('NT_SMOTE', ""{'proportion': 1.0, 'n_jobs': 1, 'random_state': 1}"")","Pipeline(steps=[('standardscaler', StandardScaler()),
                ('svc',
                 SVC(C=1, gamma='auto', kernel='linear', random_state=1))])",0.701328903654485,0.5509629629629629,0.8428571428571429,0.6571539863276616,0.7380541871921182,0.6765649132174225
220,"OS_('Lee', ""{'proportion': 1.0, 'n_neighbors': 5, 'rejection_level': 0.5, 'n_jobs': 1, 'random_state': 1}"")",DecisionTreeClassifier(random_state=1),0.7897009966777409,0.701077694235589,0.6857142857142856,0.6652645564154517,0.763423645320197,0.6790604218552087
221,"OS_('Lee', ""{'proportion': 1.0, 'n_neighbors': 5, 'rejection_level': 0.5, 'n_jobs': 1, 'random_state': 1}"")",KNeighborsClassifier(),0.7854928017718715,0.6488181818181818,0.9142857142857144,0.7407414463761214,0.8190886699507389,0.7608047593080947
222,"OS_('Lee', ""{'proportion': 1.0, 'n_neighbors': 5, 'rejection_level': 0.5, 'n_jobs': 1, 'random_state': 1}"")",MLPClassifier(random_state=1),0.711295681063123,0.5927928657672817,0.8857142857142858,0.6914922480620155,0.7565270935960591,0.7146484472922954
223,"OS_('Lee', ""{'proportion': 1.0, 'n_neighbors': 5, 'rejection_level': 0.5, 'n_jobs': 1, 'random_state': 1}"")","Pipeline(steps=[('standardscaler', StandardScaler()),
                ('svc',
                 SVC(C=1, gamma='auto', kernel='linear', random_state=1))])",0.6971207087486158,0.5678876678876679,0.8142857142857143,0.6554880256196045,0.7275862068965517,0.672879360061477
224,"OS_('SPY', ""{'n_neighbors': 5, 'threshold': 0.5, 'n_jobs': 1}"")",DecisionTreeClassifier(random_state=1),0.775968992248062,0.6453667105841019,0.8142857142857143,0.6974487531009269,0.7863300492610837,0.7134257751415073
225,"OS_('SPY', ""{'n_neighbors': 5, 'threshold': 0.5, 'n_jobs': 1}"")",KNeighborsClassifier(),0.7578073089700996,0.614848732587863,0.9142857142857143,0.7218706511389438,0.7983990147783251,0.7427876621733581
226,"OS_('SPY', ""{'n_neighbors': 5, 'threshold': 0.5, 'n_jobs': 1}"")",MLPClassifier(random_state=1),0.6694352159468439,0.5649995837495838,0.9428571428571428,0.6807985235413931,0.7402709359605911,0.7157941118669469
227,"OS_('SPY', ""{'n_neighbors': 5, 'threshold': 0.5, 'n_jobs': 1}"")","Pipeline(steps=[('standardscaler', StandardScaler()),
                ('svc',
                 SVC(C=1, gamma='auto', kernel='linear', random_state=1))])",0.6828349944629014,0.5434158180862034,0.8857142857142858,0.6599031750672489,0.7353448275862069,0.6862909274395212
228,"OS_('SMOTE_PSOBAT', ""{'maxit': 50, 'c1': 0.3, 'c2': 0.1, 'c3': 0.1, 'alpha': 0.9, 'gamma': 0.9, 'method': 'bat', 'n_jobs': 1, 'random_state': 1}"")",DecisionTreeClassifier(random_state=1),0.8365448504983389,0.7599762329174095,0.7714285714285714,0.7540806451612904,0.8200738916256156,0.7598647345885002
229,"OS_('SMOTE_PSOBAT', ""{'maxit': 50, 'c1': 0.3, 'c2': 0.1, 'c3': 0.1, 'alpha': 0.9, 'gamma': 0.9, 'method': 'bat', 'n_jobs': 1, 'random_state': 1}"")",KNeighborsClassifier(),0.7714285714285715,0.6402013113592061,0.8857142857142858,0.7200740993423921,0.8013546798029557,0.7411127121606309
230,"OS_('SMOTE_PSOBAT', ""{'maxit': 50, 'c1': 0.3, 'c2': 0.1, 'c3': 0.1, 'alpha': 0.9, 'gamma': 0.9, 'method': 'bat', 'n_jobs': 1, 'random_state': 1}"")",MLPClassifier(random_state=1),0.6500553709856035,0.6008606336192543,0.7285714285714286,0.5733674722294219,0.6711822660098522,0.6162699207659553
231,"OS_('SMOTE_PSOBAT', ""{'maxit': 50, 'c1': 0.3, 'c2': 0.1, 'c3': 0.1, 'alpha': 0.9, 'gamma': 0.9, 'method': 'bat', 'n_jobs': 1, 'random_state': 1}"")","Pipeline(steps=[('standardscaler', StandardScaler()),
                ('svc',
                 SVC(C=1, gamma='auto', kernel='linear', random_state=1))])",0.6921373200442968,0.5886895014031446,0.7428571428571429,0.6269155022643395,0.7056650246305418,0.6458878537168669
232,"OS_('MDO', ""{'proportion': 1.0, 'K2': 5, 'K1_frac': 0.5, 'n_jobs': 1, 'random_state': 1}"")",DecisionTreeClassifier(random_state=1),0.7338870431893688,0.5999389104149223,0.7571428571428571,0.650423154051061,0.7402709359605911,0.6641392402674212
233,"OS_('MDO', ""{'proportion': 1.0, 'K2': 5, 'K1_frac': 0.5, 'n_jobs': 1, 'random_state': 1}"")",KNeighborsClassifier(),0.7387596899224806,0.5856958114349419,0.8714285714285716,0.6895262295262296,0.7732758620689657,0.7086769869244863
234,"OS_('MDO', ""{'proportion': 1.0, 'K2': 5, 'K1_frac': 0.5, 'n_jobs': 1, 'random_state': 1}"")",MLPClassifier(random_state=1),0.711295681063123,0.593734647418858,0.9285714285714285,0.703124131821589,0.7676108374384236,0.7311383778567115
235,"OS_('MDO', ""{'proportion': 1.0, 'K2': 5, 'K1_frac': 0.5, 'n_jobs': 1, 'random_state': 1}"")","Pipeline(steps=[('standardscaler', StandardScaler()),
                ('svc',
                 SVC(C=1, gamma='auto', kernel='linear', random_state=1))])",0.6925802879291252,0.5662427835855828,0.8428571428571429,0.6626570928446397,0.731527093596059,0.6830184254649759
236,"OS_('Random_SMOTE', ""{'proportion': 1.0, 'n_neighbors': 5, 'n_jobs': 1, 'random_state': 1}"")",DecisionTreeClassifier(random_state=1),0.7994462901439646,0.710865800865801,0.7571428571428571,0.7161904761904762,0.7887931034482759,0.7250234667282033
237,"OS_('Random_SMOTE', ""{'proportion': 1.0, 'n_neighbors': 5, 'n_jobs': 1, 'random_state': 1}"")",KNeighborsClassifier(),0.7529346622369878,0.6151949934123847,0.9142857142857144,0.7143057227267754,0.7949507389162562,0.73898620843633
238,"OS_('Random_SMOTE', ""{'proportion': 1.0, 'n_neighbors': 5, 'n_jobs': 1, 'random_state': 1}"")",MLPClassifier(random_state=1),0.683388704318937,0.56848635235732,0.9,0.6762210338680927,0.7395320197044335,0.7042518526048304
239,"OS_('Random_SMOTE', ""{'proportion': 1.0, 'n_neighbors': 5, 'n_jobs': 1, 'random_state': 1}"")","Pipeline(steps=[('standardscaler', StandardScaler()),
                ('svc',
                 SVC(C=1, gamma='auto', kernel='linear', random_state=1))])",0.6921373200442968,0.5443326947637293,0.8428571428571429,0.6528869998308306,0.7311576354679803,0.6727268031841527
240,"OS_('ISMOTE', ""{'n_neighbors': 5, 'minority_weight': 0.5, 'n_jobs': 1, 'random_state': 1}"")",DecisionTreeClassifier(random_state=1),0.8130675526024363,0.7050315181894129,0.7714285714285715,0.7298116883116884,0.8024630541871922,0.7340024364422744
241,"OS_('ISMOTE', ""{'n_neighbors': 5, 'minority_weight': 0.5, 'n_jobs': 1, 'random_state': 1}"")",KNeighborsClassifier(),0.7479512735326688,0.5966861598440545,0.8714285714285716,0.6941856602960582,0.7801724137931034,0.7137261737136836
242,"OS_('ISMOTE', ""{'n_neighbors': 5, 'minority_weight': 0.5, 'n_jobs': 1, 'random_state': 1}"")",MLPClassifier(random_state=1),0.7250276854928017,0.6033424784933736,0.8,0.6702094650481747,0.744704433497537,0.6856701503586137
243,"OS_('ISMOTE', ""{'n_neighbors': 5, 'minority_weight': 0.5, 'n_jobs': 1, 'random_state': 1}"")","Pipeline(steps=[('standardscaler', StandardScaler()),
                ('svc',
                 SVC(C=1, gamma='auto', kernel='linear', random_state=1))])",0.6724252491694351,0.5306794654620741,0.7285714285714285,0.6025557657136604,0.6868226600985222,0.6158966141363929
244,"OS_('GASMOTE', ""{'n_neighbors': 5, 'maxn': 7, 'n_pop': 10, 'popl3': 5, 'pm': 0.3, 'pr': 0.2, 'Ge': 10, 'n_jobs': 1, 'random_state': 1}"")",DecisionTreeClassifier(random_state=1),0.7899224806201551,0.692063492063492,0.8,0.716435235245304,0.7929802955665024,0.7310435717539452
245,"OS_('GASMOTE', ""{'n_neighbors': 5, 'maxn': 7, 'n_pop': 10, 'popl3': 5, 'pm': 0.3, 'pr': 0.2, 'Ge': 10, 'n_jobs': 1, 'random_state': 1}"")",KNeighborsClassifier(),0.7528239202657807,0.5991428571428571,0.9285714285714286,0.7170071105365222,0.7983990147783251,0.7398872568384449
246,"OS_('GASMOTE', ""{'n_neighbors': 5, 'maxn': 7, 'n_pop': 10, 'popl3': 5, 'pm': 0.3, 'pr': 0.2, 'Ge': 10, 'n_jobs': 1, 'random_state': 1}"")",MLPClassifier(random_state=1),0.6369878183831672,0.5447232947232947,0.9714285714285715,0.6715182072829131,0.7235221674876848,0.7125736566668621
247,"OS_('GASMOTE', ""{'n_neighbors': 5, 'maxn': 7, 'n_pop': 10, 'popl3': 5, 'pm': 0.3, 'pr': 0.2, 'Ge': 10, 'n_jobs': 1, 'random_state': 1}"")","Pipeline(steps=[('standardscaler', StandardScaler()),
                ('svc',
                 SVC(C=1, gamma='auto', kernel='linear', random_state=1))])",0.6224806201550388,0.5084576305628937,0.9571428571428571,0.6493215468005384,0.7088669950738916,0.689032235123096
248,"OS_('SMOTE_FRST_2T', ""{'n_neighbors': 5, 'gamma_S': 0.7, 'gamma_M': 0.03, 'n_jobs': 1, 'random_state': 1}"")",DecisionTreeClassifier(random_state=1),0.8321151716500553,0.743186274509804,0.7571428571428571,0.7422415219189413,0.8129310344827587,0.7461867509771658
249,"OS_('SMOTE_FRST_2T', ""{'n_neighbors': 5, 'gamma_S': 0.7, 'gamma_M': 0.03, 'n_jobs': 1, 'random_state': 1}"")",KNeighborsClassifier(),0.7856035437430786,0.6456666666666666,0.9285714285714286,0.7461935381440026,0.8227832512315271,0.7662876237670827
250,"OS_('SMOTE_FRST_2T', ""{'n_neighbors': 5, 'gamma_S': 0.7, 'gamma_M': 0.03, 'n_jobs': 1, 'random_state': 1}"")",MLPClassifier(random_state=1),0.683388704318937,0.5724228712464006,0.9428571428571428,0.6879704428515443,0.750615763546798,0.7213995877245395
251,"OS_('SMOTE_FRST_2T', ""{'n_neighbors': 5, 'gamma_S': 0.7, 'gamma_M': 0.03, 'n_jobs': 1, 'random_state': 1}"")","Pipeline(steps=[('standardscaler', StandardScaler()),
                ('svc',
                 SVC(C=1, gamma='auto', kernel='linear', random_state=1))])",0.6686600221483943,0.523100358422939,0.8428571428571429,0.6346318447634237,0.7137931034482758,0.658036480805147
252,"OS_('AND_SMOTE', ""{'proportion': 1.0, 'K': 15, 'n_jobs': 1, 'random_state': 1}"")",DecisionTreeClassifier(random_state=1),0.8180509413067553,0.732117459423961,0.7571428571428571,0.731505376344086,0.8025862068965518,0.7380346111045416
253,"OS_('AND_SMOTE', ""{'proportion': 1.0, 'K': 15, 'n_jobs': 1, 'random_state': 1}"")",KNeighborsClassifier(),0.7854928017718715,0.6491515151515153,0.9142857142857144,0.7410113519091848,0.8190886699507389,0.7610252041433972
254,"OS_('AND_SMOTE', ""{'proportion': 1.0, 'K': 15, 'n_jobs': 1, 'random_state': 1}"")",MLPClassifier(random_state=1),0.711295681063123,0.5928812576312577,0.8857142857142858,0.6914164941338854,0.7565270935960591,0.7146155203925322
255,"OS_('AND_SMOTE', ""{'proportion': 1.0, 'K': 15, 'n_jobs': 1, 'random_state': 1}"")","Pipeline(steps=[('standardscaler', StandardScaler()),
                ('svc',
                 SVC(C=1, gamma='auto', kernel='linear', random_state=1))])",0.6827242524916943,0.5322558554810076,0.8285714285714285,0.6413265487424488,0.7204433497536946,0.6604025497532792
256,"OS_('NRAS', ""{'proportion': 1.0, 'n_neighbors': 5, 't': 0.5, 'n_jobs': 1, 'random_state': 1}"")",DecisionTreeClassifier(random_state=1),0.803765227021041,0.7517330051082911,0.7,0.6950069437025959,0.7774630541871922,0.7102198479967539
257,"OS_('NRAS', ""{'proportion': 1.0, 'n_neighbors': 5, 't': 0.5, 'n_jobs': 1, 'random_state': 1}"")",KNeighborsClassifier(),0.7620155038759691,0.6292929292929292,0.8714285714285713,0.7046275108060005,0.7907635467980296,0.7271238588894738
258,"OS_('NRAS', ""{'proportion': 1.0, 'n_neighbors': 5, 't': 0.5, 'n_jobs': 1, 'random_state': 1}"")",MLPClassifier(random_state=1),0.7066445182724254,0.5864033795068277,0.8428571428571427,0.6762362218175425,0.7419950738916257,0.6949551318199279
259,"OS_('NRAS', ""{'proportion': 1.0, 'n_neighbors': 5, 't': 0.5, 'n_jobs': 1, 'random_state': 1}"")","Pipeline(steps=[('standardscaler', StandardScaler()),
                ('svc',
                 SVC(C=1, gamma='auto', kernel='linear', random_state=1))])",0.7249169435215947,0.5795989974937343,0.7571428571428571,0.6516217013121037,0.7333743842364532,0.6598988209913321
260,"OS_('AMSCO', ""{'n_pop': 5, 'n_iter': 15, 'omega': 0.1, 'r1': 0.1, 'r2': 0.1, 'n_jobs': 1, 'classifier': DecisionTreeClassifier(random_state=2), 'random_state': 1}"")",DecisionTreeClassifier(random_state=1),0.7663344407530455,0.6590510366826157,0.7,0.662977303398356,0.7495073891625617,0.6711472007262145
261,"OS_('AMSCO', ""{'n_pop': 5, 'n_iter': 15, 'omega': 0.1, 'r1': 0.1, 'r2': 0.1, 'n_jobs': 1, 'classifier': DecisionTreeClassifier(random_state=2), 'random_state': 1}"")",KNeighborsClassifier(),0.7623477297895903,0.625014245014245,0.9285714285714286,0.7290012139940404,0.8055418719211822,0.7523627284210558
262,"OS_('AMSCO', ""{'n_pop': 5, 'n_iter': 15, 'omega': 0.1, 'r1': 0.1, 'r2': 0.1, 'n_jobs': 1, 'classifier': DecisionTreeClassifier(random_state=2), 'random_state': 1}"")",MLPClassifier(random_state=1),0.683499446290144,0.5673044123099741,0.9428571428571428,0.6887359595000792,0.750615763546798,0.7206349826104004
263,"OS_('AMSCO', ""{'n_pop': 5, 'n_iter': 15, 'omega': 0.1, 'r1': 0.1, 'r2': 0.1, 'n_jobs': 1, 'classifier': DecisionTreeClassifier(random_state=2), 'random_state': 1}"")","Pipeline(steps=[('standardscaler', StandardScaler()),
                ('svc',
                 SVC(C=1, gamma='auto', kernel='linear', random_state=1))])",0.6689922480620155,0.5236352741436133,0.9142857142857143,0.6576235202705792,0.7322660098522167,0.6872278359579929
264,"OS_('SSO', ""{'proportion': 1.0, 'n_neighbors': 5, 'h': 10, 'n_iter': 5, 'n_jobs': 1, 'random_state': 1}"")",DecisionTreeClassifier(random_state=1),0.8039867109634551,0.7039348370927317,0.757142857142857,0.7156743256743258,0.7922413793103449,0.7230514748894059
265,"OS_('SSO', ""{'proportion': 1.0, 'n_neighbors': 5, 'h': 10, 'n_iter': 5, 'n_jobs': 1, 'random_state': 1}"")",KNeighborsClassifier(),0.7760797342192691,0.6433768115942029,0.8857142857142858,0.7239135658640302,0.8048029556650247,0.7439077444585486
266,"OS_('SSO', ""{'proportion': 1.0, 'n_neighbors': 5, 'h': 10, 'n_iter': 5, 'n_jobs': 1, 'random_state': 1}"")",MLPClassifier(random_state=1),0.7299003322259138,0.6067754801948351,0.9,0.7071070460704607,0.7740147783251231,0.729593543307893
267,"OS_('SSO', ""{'proportion': 1.0, 'n_neighbors': 5, 'h': 10, 'n_iter': 5, 'n_jobs': 1, 'random_state': 1}"")","Pipeline(steps=[('standardscaler', StandardScaler()),
                ('svc',
                 SVC(C=1, gamma='auto', kernel='linear', random_state=1))])",0.7064230343300111,0.5742307692307692,0.8428571428571429,0.6678433457380826,0.741871921182266,0.6876655160266024
268,"OS_('NDO_sampling', ""{'proportion': 1.0, 'n_neighbors': 5, 'T': 0.5, 'n_jobs': 1, 'random_state': 1}"")",DecisionTreeClassifier(random_state=1),0.7807308970099668,0.6903157894736842,0.7285714285714285,0.6862591431556948,0.7676108374384236,0.6976935345601719
269,"OS_('NDO_sampling', ""{'proportion': 1.0, 'n_neighbors': 5, 'T': 0.5, 'n_jobs': 1, 'random_state': 1}"")",KNeighborsClassifier(),0.7668881506090808,0.6324673046251993,0.8857142857142858,0.7192197276407801,0.7979064039408867,0.7388018042002813
270,"OS_('NDO_sampling', ""{'proportion': 1.0, 'n_neighbors': 5, 'T': 0.5, 'n_jobs': 1, 'random_state': 1}"")",MLPClassifier(random_state=1),0.7019933554817277,0.5878561253561253,0.9142857142857143,0.6931940025921998,0.7570197044334975,0.7210909183924734
271,"OS_('NDO_sampling', ""{'proportion': 1.0, 'n_neighbors': 5, 'T': 0.5, 'n_jobs': 1, 'random_state': 1}"")","Pipeline(steps=[('standardscaler', StandardScaler()),
                ('svc',
                 SVC(C=1, gamma='auto', kernel='linear', random_state=1))])",0.6781838316722038,0.5415750915750915,0.8,0.6319576719576719,0.7096059113300492,0.6508952990393014
272,"OS_('DSRBF', ""{'proportion': 1.0, 'n_neighbors': 5, 'm_min': 4, 'm_max': 10, 'Ib': 2, 'Ob': 2, 'n_pop': 500, 'n_init_pop': 5000, 'n_iter': 40, 'n_sampling_epoch': 5, 'n_jobs': 1, 'random_state': 1}"")",DecisionTreeClassifier(random_state=1),0.8225913621262458,0.7383605283605283,0.7428571428571428,0.7267745098039217,0.8023399014778325,0.7336486412783284
273,"OS_('DSRBF', ""{'proportion': 1.0, 'n_neighbors': 5, 'm_min': 4, 'm_max': 10, 'Ib': 2, 'Ob': 2, 'n_pop': 500, 'n_init_pop': 5000, 'n_iter': 40, 'n_sampling_epoch': 5, 'n_jobs': 1, 'random_state': 1}"")",KNeighborsClassifier(),0.7667774086378738,0.634,0.9000000000000001,0.7201206636500754,0.8016009852216749,0.7431171047803689
274,"OS_('DSRBF', ""{'proportion': 1.0, 'n_neighbors': 5, 'm_min': 4, 'm_max': 10, 'Ib': 2, 'Ob': 2, 'n_pop': 500, 'n_init_pop': 5000, 'n_iter': 40, 'n_sampling_epoch': 5, 'n_jobs': 1, 'random_state': 1}"")",MLPClassifier(random_state=1),0.7066445182724254,0.593097707847708,0.9142857142857143,0.697292887244321,0.7604679802955665,0.7244616878435901
275,"OS_('DSRBF', ""{'proportion': 1.0, 'n_neighbors': 5, 'm_min': 4, 'm_max': 10, 'Ib': 2, 'Ob': 2, 'n_pop': 500, 'n_init_pop': 5000, 'n_iter': 40, 'n_sampling_epoch': 5, 'n_jobs': 1, 'random_state': 1}"")","Pipeline(steps=[('standardscaler', StandardScaler()),
                ('svc',
                 SVC(C=1, gamma='auto', kernel='linear', random_state=1))])",0.6874861572535991,0.5431410256410256,0.8571428571428571,0.6553307464892831,0.7314039408866996,0.6771231571526263
276,"OS_('Gaussian_SMOTE', ""{'proportion': 1.0, 'n_neighbors': 5, 'sigma': 1.0, 'n_jobs': 1, 'random_state': 1}"")",DecisionTreeClassifier(random_state=1),0.7808416389811739,0.6484981489099136,0.8285714285714286,0.7178016726403823,0.7933497536945813,0.7280029018202001
277,"OS_('Gaussian_SMOTE', ""{'proportion': 1.0, 'n_neighbors': 5, 'sigma': 1.0, 'n_jobs': 1, 'random_state': 1}"")",KNeighborsClassifier(),0.7527131782945736,0.6100000000000001,0.8285714285714286,0.6886164430684555,0.7726600985221674,0.7037515134880057
278,"OS_('Gaussian_SMOTE', ""{'proportion': 1.0, 'n_neighbors': 5, 'sigma': 1.0, 'n_jobs': 1, 'random_state': 1}"")",MLPClassifier(random_state=1),0.6647840531561462,0.5570781527138264,0.9285714285714285,0.6723049645390071,0.7331280788177339,0.7061368979413812
279,"OS_('Gaussian_SMOTE', ""{'proportion': 1.0, 'n_neighbors': 5, 'sigma': 1.0, 'n_jobs': 1, 'random_state': 1}"")","Pipeline(steps=[('standardscaler', StandardScaler()),
                ('svc',
                 SVC(C=1, gamma='auto', kernel='linear', random_state=1))])",0.6414174972314507,0.5403225806451613,0.9428571428571428,0.6570436347278453,0.7195812807881773,0.6974256268511272
280,"OS_('kmeans_SMOTE', ""{'proportion': 1.0, 'n_neighbors': 5, 'n_clusters': 10, 'irt': 2.0, 'n_jobs': 1, 'random_state': 1}"")",DecisionTreeClassifier(random_state=1),0.7664451827242524,0.6597858282068809,0.7142857142857143,0.6570298982063688,0.7535714285714287,0.6717488239129986
281,"OS_('kmeans_SMOTE', ""{'proportion': 1.0, 'n_neighbors': 5, 'n_clusters': 10, 'irt': 2.0, 'n_jobs': 1, 'random_state': 1}"")",KNeighborsClassifier(),0.7761904761904762,0.6437259155794625,0.8428571428571429,0.7158535158535159,0.79371921182266,0.7294152311284892
282,"OS_('kmeans_SMOTE', ""{'proportion': 1.0, 'n_neighbors': 5, 'n_clusters': 10, 'irt': 2.0, 'n_jobs': 1, 'random_state': 1}"")",MLPClassifier(random_state=1),0.7388704318936877,0.6383732057416267,0.6571428571428571,0.6332379679144385,0.7181034482758621,0.6404531833192028
283,"OS_('kmeans_SMOTE', ""{'proportion': 1.0, 'n_neighbors': 5, 'n_clusters': 10, 'irt': 2.0, 'n_jobs': 1, 'random_state': 1}"")","Pipeline(steps=[('standardscaler', StandardScaler()),
                ('svc',
                 SVC(C=1, gamma='auto', kernel='linear', random_state=1))])",0.7200442967884829,0.5988540700561161,0.6714285714285714,0.6179119211377276,0.7078817733990148,0.6264307153276677
284,"OS_('Supervised_SMOTE', ""{'proportion': 1.0, 'th_lower': 0.5, 'th_upper': 1.0, 'classifier': RandomForestClassifier(n_estimators=50, n_jobs=1, random_state=5), 'n_jobs': 1, 'random_state': 1}"")",DecisionTreeClassifier(random_state=1),0.8086378737541529,0.7189473684210526,0.757142857142857,0.7196969696969696,0.7956896551724139,0.728812771036871
285,"OS_('Supervised_SMOTE', ""{'proportion': 1.0, 'th_lower': 0.5, 'th_upper': 1.0, 'classifier': RandomForestClassifier(n_estimators=50, n_jobs=1, random_state=5), 'n_jobs': 1, 'random_state': 1}"")",KNeighborsClassifier(),0.7575858250276856,0.6238181818181818,0.9142857142857144,0.7199455542066733,0.7983990147783251,0.7439566374212704
286,"OS_('Supervised_SMOTE', ""{'proportion': 1.0, 'th_lower': 0.5, 'th_upper': 1.0, 'classifier': RandomForestClassifier(n_estimators=50, n_jobs=1, random_state=5), 'n_jobs': 1, 'random_state': 1}"")",MLPClassifier(random_state=1),0.711295681063123,0.5929307968017646,0.9,0.6949242424242424,0.7602216748768473,0.7198734722887059
287,"OS_('Supervised_SMOTE', ""{'proportion': 1.0, 'th_lower': 0.5, 'th_upper': 1.0, 'classifier': RandomForestClassifier(n_estimators=50, n_jobs=1, random_state=5), 'n_jobs': 1, 'random_state': 1}"")","Pipeline(steps=[('standardscaler', StandardScaler()),
                ('svc',
                 SVC(C=1, gamma='auto', kernel='linear', random_state=1))])",0.6686600221483943,0.5172873422873423,0.8142857142857143,0.6244599303135888,0.7064039408866994,0.6446033629633022
288,"OS_('SN_SMOTE', ""{'proportion': 1.0, 'n_neighbors': 5, 'n_jobs': 1, 'random_state': 1}"")",DecisionTreeClassifier(random_state=1),0.7853820598006644,0.6978550207961972,0.7,0.67940938133084,0.7636699507389164,0.689067769056928
289,"OS_('SN_SMOTE', ""{'proportion': 1.0, 'n_neighbors': 5, 'n_jobs': 1, 'random_state': 1}"")",KNeighborsClassifier(),0.7669988925802879,0.6290370370370371,0.9285714285714286,0.7323470551447596,0.8089901477832513,0.7550731883811984
290,"OS_('SN_SMOTE', ""{'proportion': 1.0, 'n_neighbors': 5, 'n_jobs': 1, 'random_state': 1}"")",MLPClassifier(random_state=1),0.7019933554817277,0.5868225153454356,0.9,0.6908080808080809,0.7533251231527093,0.7162632529822174
291,"OS_('SN_SMOTE', ""{'proportion': 1.0, 'n_neighbors': 5, 'n_jobs': 1, 'random_state': 1}"")","Pipeline(steps=[('standardscaler', StandardScaler()),
                ('svc',
                 SVC(C=1, gamma='auto', kernel='linear', random_state=1))])",0.6874861572535991,0.5477311481621826,0.8428571428571429,0.6521040974529346,0.7277093596059113,0.673091591106998
292,"OS_('CCR', ""{'proportion': 1.0, 'energy': 1.0, 'scaling': 0.0, 'n_jobs': 1, 'random_state': 1}"")",DecisionTreeClassifier(random_state=1),0.7622369878183832,0.6357040035987405,0.7285714285714285,0.6730119825708061,0.7536945812807881,0.677547929627945
293,"OS_('CCR', ""{'proportion': 1.0, 'energy': 1.0, 'scaling': 0.0, 'n_jobs': 1, 'random_state': 1}"")",KNeighborsClassifier(),0.775968992248062,0.6363157894736842,0.8285714285714286,0.7077551990493167,0.7899014778325123,0.7199742208228022
294,"OS_('CCR', ""{'proportion': 1.0, 'energy': 1.0, 'scaling': 0.0, 'n_jobs': 1, 'random_state': 1}"")",MLPClassifier(random_state=1),0.6601328903654485,0.5649260543378191,0.9285714285714286,0.672173586890716,0.729679802955665,0.7076836528913875
295,"OS_('CCR', ""{'proportion': 1.0, 'energy': 1.0, 'scaling': 0.0, 'n_jobs': 1, 'random_state': 1}"")","Pipeline(steps=[('standardscaler', StandardScaler()),
                ('svc',
                 SVC(C=1, gamma='auto', kernel='linear', random_state=1))])",0.6321151716500554,0.5417341711459359,0.9428571428571428,0.6578751242432456,0.7125615763546798,0.6977692520652539
296,"OS_('ANS', ""{'proportion': 1.0, 'n_jobs': 1, 'random_state': 1}"")",DecisionTreeClassifier(random_state=1),0.8086378737541529,0.7277777777777777,0.7714285714285715,0.7244245524296675,0.799384236453202,0.7369016803248183
297,"OS_('ANS', ""{'proportion': 1.0, 'n_jobs': 1, 'random_state': 1}"")",KNeighborsClassifier(),0.7763012181616833,0.6373703703703704,0.9285714285714286,0.7391891604079175,0.8158866995073891,0.7606377882607441
298,"OS_('ANS', ""{'proportion': 1.0, 'n_jobs': 1, 'random_state': 1}"")",MLPClassifier(random_state=1),0.6926910299003323,0.5823179426500928,0.9285714285714285,0.6909181552634536,0.7538177339901477,0.7218965176974989
299,"OS_('ANS', ""{'proportion': 1.0, 'n_jobs': 1, 'random_state': 1}"")","Pipeline(steps=[('standardscaler', StandardScaler()),
                ('svc',
                 SVC(C=1, gamma='auto', kernel='linear', random_state=1))])",0.6827242524916943,0.5339622405991574,0.8285714285714286,0.6414790236020542,0.7204433497536946,0.660880441067882
300,"OS_('cluster_SMOTE', ""{'proportion': 1.0, 'n_neighbors': 3, 'n_clusters': 3, 'n_jobs': 1, 'random_state': 1}"")",DecisionTreeClassifier(random_state=1),0.8317829457364342,0.7608585858585859,0.7428571428571429,0.7389637681159421,0.8092364532019705,0.74535943361886
301,"OS_('cluster_SMOTE', ""{'proportion': 1.0, 'n_neighbors': 3, 'n_clusters': 3, 'n_jobs': 1, 'random_state': 1}"")",KNeighborsClassifier(),0.7668881506090808,0.6324929456508404,0.8857142857142858,0.7191387559808613,0.7979064039408867,0.7387611687293265
302,"OS_('cluster_SMOTE', ""{'proportion': 1.0, 'n_neighbors': 3, 'n_clusters': 3, 'n_jobs': 1, 'random_state': 1}"")",MLPClassifier(random_state=1),0.7299003322259136,0.6039645909645909,0.8571428571428571,0.6947023006233533,0.7629310344827586,0.7122377959649343
303,"OS_('cluster_SMOTE', ""{'proportion': 1.0, 'n_neighbors': 3, 'n_clusters': 3, 'n_jobs': 1, 'random_state': 1}"")","Pipeline(steps=[('standardscaler', StandardScaler()),
                ('svc',
                 SVC(C=1, gamma='auto', kernel='linear', random_state=1))])",0.6922480620155038,0.5434011348128995,0.8428571428571429,0.653968746307456,0.7311576354679803,0.6730967595286306
