,OS,Algorithm,ACC,Precision,recall,F1-Score,AUC,G-measure
0,train_STARM_star_nn_5_rj_0.5,DecisionTreeClassifier(random_state=1),0.9049999999999999,0.7066666666666667,0.8,0.6823057644110275,0.8583333333333334,0.7153693877285943
1,train_STARM_star_nn_5_rj_0.5,KNeighborsClassifier(),0.9400000000000001,0.7827272727272727,0.85,0.7677777777777777,0.9,0.790911332268398
2,train_STARM_star_nn_5_rj_0.5,MLPClassifier(random_state=1),0.885,0.6680952380952381,0.9,0.725111111111111,0.8916666666666668,0.7503366729443675
3,train_STARM_star_nn_5_rj_0.5,"Pipeline(steps=[('standardscaler', StandardScaler()),
                ('svc',
                 SVC(C=1, gamma='auto', kernel='linear', random_state=1))])",0.82,0.6849999999999999,0.75,0.6022222222222222,0.7888888888888889,0.6495961163186379
