,OS,Algorithm,ACC,Precision,recall,F1-Score,AUC,G-measure
0,train_STARM_star_nn_5_rj_0.5,DecisionTreeClassifier(random_state=1),0.9458333333333334,0.8083333333333332,0.7,0.698095238095238,0.8340909090909092,0.7254131265950341
1,train_STARM_star_nn_5_rj_0.5,KNeighborsClassifier(),0.9708333333333334,0.8133333333333332,0.85,0.8190476190476191,0.915909090909091,0.8253314491947623
2,train_STARM_star_nn_5_rj_0.5,MLPClassifier(random_state=1),0.9583333333333333,0.7276190476190476,0.9,0.787994227994228,0.9318181818181819,0.8007397029960943
3,train_STARM_star_nn_5_rj_0.5,"Pipeline(steps=[('standardscaler', StandardScaler()),
                ('svc',
                 SVC(C=1, gamma='auto', kernel='linear', random_state=1))])",0.9416666666666668,0.6633333333333333,0.8,0.7036507936507937,0.8772727272727272,0.717368472279734
