,OS,Algorithm,ACC,Precision,recall,F1-Score,AUC,G-measure
0,train_STARM_star_nn_5_rj_0.5,DecisionTreeClassifier(random_state=1),1.0,1.0,1.0,1.0,1.0,1.0
1,train_STARM_star_nn_5_rj_0.5,KNeighborsClassifier(),0.9923076923076923,1.0,0.9,0.9333333333333332,0.95,0.9414213562373096
2,train_STARM_star_nn_5_rj_0.5,MLPClassifier(random_state=1),0.9846153846153847,0.9,0.9,0.9,0.9458333333333332,0.9
3,train_STARM_star_nn_5_rj_0.5,"Pipeline(steps=[('standardscaler', StandardScaler()),
                ('svc',
                 SVC(C=1, gamma='auto', kernel='linear', random_state=1))])",0.9923076923076923,1.0,0.9,0.9333333333333332,0.95,0.9414213562373096
